ARM GAS  /var/folders/xf/tcndk8390ml5xdpfw93qkhpm0000gn/T//ccf7Jq5o.s 			page 1


   1              		.cpu cortex-m3
   2              		.arch armv7-m
   3              		.fpu softvfp
   4              		.eabi_attribute 20, 1
   5              		.eabi_attribute 21, 1
   6              		.eabi_attribute 23, 3
   7              		.eabi_attribute 24, 1
   8              		.eabi_attribute 25, 1
   9              		.eabi_attribute 26, 1
  10              		.eabi_attribute 30, 6
  11              		.eabi_attribute 34, 1
  12              		.eabi_attribute 18, 4
  13              		.file	"stm32f1xx_hal_flash.c"
  14              		.text
  15              	.Ltext0:
  16              		.cfi_sections	.debug_frame
  17              		.global	pFlash
  18              		.section	.bss.pFlash,"aw",%nobits
  19              		.align	3
  22              	pFlash:
  23 0000 00000000 		.space	32
  23      00000000 
  23      00000000 
  23      00000000 
  23      00000000 
  24              		.section	.text.HAL_FLASH_Program,"ax",%progbits
  25              		.align	1
  26              		.global	HAL_FLASH_Program
  27              		.syntax unified
  28              		.thumb
  29              		.thumb_func
  31              	HAL_FLASH_Program:
  32              	.LFB65:
  33              		.file 1 "Drivers/STM32F1xx_HAL_Driver/Src/stm32f1xx_hal_flash.c"
   1:Drivers/STM32F1xx_HAL_Driver/Src/stm32f1xx_hal_flash.c **** /**
   2:Drivers/STM32F1xx_HAL_Driver/Src/stm32f1xx_hal_flash.c ****   ******************************************************************************
   3:Drivers/STM32F1xx_HAL_Driver/Src/stm32f1xx_hal_flash.c ****   * @file    stm32f1xx_hal_flash.c
   4:Drivers/STM32F1xx_HAL_Driver/Src/stm32f1xx_hal_flash.c ****   * @author  MCD Application Team
   5:Drivers/STM32F1xx_HAL_Driver/Src/stm32f1xx_hal_flash.c ****   * @brief   FLASH HAL module driver.
   6:Drivers/STM32F1xx_HAL_Driver/Src/stm32f1xx_hal_flash.c ****   *          This file provides firmware functions to manage the following 
   7:Drivers/STM32F1xx_HAL_Driver/Src/stm32f1xx_hal_flash.c ****   *          functionalities of the internal FLASH memory:
   8:Drivers/STM32F1xx_HAL_Driver/Src/stm32f1xx_hal_flash.c ****   *           + Program operations functions
   9:Drivers/STM32F1xx_HAL_Driver/Src/stm32f1xx_hal_flash.c ****   *           + Memory Control functions 
  10:Drivers/STM32F1xx_HAL_Driver/Src/stm32f1xx_hal_flash.c ****   *           + Peripheral State functions
  11:Drivers/STM32F1xx_HAL_Driver/Src/stm32f1xx_hal_flash.c ****   *         
  12:Drivers/STM32F1xx_HAL_Driver/Src/stm32f1xx_hal_flash.c ****   @verbatim
  13:Drivers/STM32F1xx_HAL_Driver/Src/stm32f1xx_hal_flash.c ****   ==============================================================================
  14:Drivers/STM32F1xx_HAL_Driver/Src/stm32f1xx_hal_flash.c ****                         ##### FLASH peripheral features #####
  15:Drivers/STM32F1xx_HAL_Driver/Src/stm32f1xx_hal_flash.c ****   ==============================================================================
  16:Drivers/STM32F1xx_HAL_Driver/Src/stm32f1xx_hal_flash.c ****   [..] The Flash memory interface manages CPU AHB I-Code and D-Code accesses 
  17:Drivers/STM32F1xx_HAL_Driver/Src/stm32f1xx_hal_flash.c ****        to the Flash memory. It implements the erase and program Flash memory operations 
  18:Drivers/STM32F1xx_HAL_Driver/Src/stm32f1xx_hal_flash.c ****        and the read and write protection mechanisms.
  19:Drivers/STM32F1xx_HAL_Driver/Src/stm32f1xx_hal_flash.c **** 
  20:Drivers/STM32F1xx_HAL_Driver/Src/stm32f1xx_hal_flash.c ****   [..] The Flash memory interface accelerates code execution with a system of instruction
  21:Drivers/STM32F1xx_HAL_Driver/Src/stm32f1xx_hal_flash.c ****       prefetch. 
  22:Drivers/STM32F1xx_HAL_Driver/Src/stm32f1xx_hal_flash.c **** 
  23:Drivers/STM32F1xx_HAL_Driver/Src/stm32f1xx_hal_flash.c ****   [..] The FLASH main features are:
ARM GAS  /var/folders/xf/tcndk8390ml5xdpfw93qkhpm0000gn/T//ccf7Jq5o.s 			page 2


  24:Drivers/STM32F1xx_HAL_Driver/Src/stm32f1xx_hal_flash.c ****       (+) Flash memory read operations
  25:Drivers/STM32F1xx_HAL_Driver/Src/stm32f1xx_hal_flash.c ****       (+) Flash memory program/erase operations
  26:Drivers/STM32F1xx_HAL_Driver/Src/stm32f1xx_hal_flash.c ****       (+) Read / write protections
  27:Drivers/STM32F1xx_HAL_Driver/Src/stm32f1xx_hal_flash.c ****       (+) Prefetch on I-Code
  28:Drivers/STM32F1xx_HAL_Driver/Src/stm32f1xx_hal_flash.c ****       (+) Option Bytes programming
  29:Drivers/STM32F1xx_HAL_Driver/Src/stm32f1xx_hal_flash.c **** 
  30:Drivers/STM32F1xx_HAL_Driver/Src/stm32f1xx_hal_flash.c **** 
  31:Drivers/STM32F1xx_HAL_Driver/Src/stm32f1xx_hal_flash.c ****                      ##### How to use this driver #####
  32:Drivers/STM32F1xx_HAL_Driver/Src/stm32f1xx_hal_flash.c ****   ==============================================================================
  33:Drivers/STM32F1xx_HAL_Driver/Src/stm32f1xx_hal_flash.c ****   [..]                             
  34:Drivers/STM32F1xx_HAL_Driver/Src/stm32f1xx_hal_flash.c ****       This driver provides functions and macros to configure and program the FLASH 
  35:Drivers/STM32F1xx_HAL_Driver/Src/stm32f1xx_hal_flash.c ****       memory of all STM32F1xx devices.
  36:Drivers/STM32F1xx_HAL_Driver/Src/stm32f1xx_hal_flash.c ****     
  37:Drivers/STM32F1xx_HAL_Driver/Src/stm32f1xx_hal_flash.c ****       (#) FLASH Memory I/O Programming functions: this group includes all needed
  38:Drivers/STM32F1xx_HAL_Driver/Src/stm32f1xx_hal_flash.c ****           functions to erase and program the main memory:
  39:Drivers/STM32F1xx_HAL_Driver/Src/stm32f1xx_hal_flash.c ****         (++) Lock and Unlock the FLASH interface
  40:Drivers/STM32F1xx_HAL_Driver/Src/stm32f1xx_hal_flash.c ****         (++) Erase function: Erase page, erase all pages
  41:Drivers/STM32F1xx_HAL_Driver/Src/stm32f1xx_hal_flash.c ****         (++) Program functions: half word, word and doubleword
  42:Drivers/STM32F1xx_HAL_Driver/Src/stm32f1xx_hal_flash.c ****       (#) FLASH Option Bytes Programming functions: this group includes all needed
  43:Drivers/STM32F1xx_HAL_Driver/Src/stm32f1xx_hal_flash.c ****           functions to manage the Option Bytes:
  44:Drivers/STM32F1xx_HAL_Driver/Src/stm32f1xx_hal_flash.c ****         (++) Lock and Unlock the Option Bytes
  45:Drivers/STM32F1xx_HAL_Driver/Src/stm32f1xx_hal_flash.c ****         (++) Set/Reset the write protection
  46:Drivers/STM32F1xx_HAL_Driver/Src/stm32f1xx_hal_flash.c ****         (++) Set the Read protection Level
  47:Drivers/STM32F1xx_HAL_Driver/Src/stm32f1xx_hal_flash.c ****         (++) Program the user Option Bytes
  48:Drivers/STM32F1xx_HAL_Driver/Src/stm32f1xx_hal_flash.c ****         (++) Launch the Option Bytes loader
  49:Drivers/STM32F1xx_HAL_Driver/Src/stm32f1xx_hal_flash.c ****         (++) Erase Option Bytes
  50:Drivers/STM32F1xx_HAL_Driver/Src/stm32f1xx_hal_flash.c ****         (++) Program the data Option Bytes
  51:Drivers/STM32F1xx_HAL_Driver/Src/stm32f1xx_hal_flash.c ****         (++) Get the Write protection.
  52:Drivers/STM32F1xx_HAL_Driver/Src/stm32f1xx_hal_flash.c ****         (++) Get the user option bytes.
  53:Drivers/STM32F1xx_HAL_Driver/Src/stm32f1xx_hal_flash.c ****     
  54:Drivers/STM32F1xx_HAL_Driver/Src/stm32f1xx_hal_flash.c ****       (#) Interrupts and flags management functions : this group 
  55:Drivers/STM32F1xx_HAL_Driver/Src/stm32f1xx_hal_flash.c ****           includes all needed functions to:
  56:Drivers/STM32F1xx_HAL_Driver/Src/stm32f1xx_hal_flash.c ****         (++) Handle FLASH interrupts
  57:Drivers/STM32F1xx_HAL_Driver/Src/stm32f1xx_hal_flash.c ****         (++) Wait for last FLASH operation according to its status
  58:Drivers/STM32F1xx_HAL_Driver/Src/stm32f1xx_hal_flash.c ****         (++) Get error flag status
  59:Drivers/STM32F1xx_HAL_Driver/Src/stm32f1xx_hal_flash.c **** 
  60:Drivers/STM32F1xx_HAL_Driver/Src/stm32f1xx_hal_flash.c ****   [..] In addition to these function, this driver includes a set of macros allowing
  61:Drivers/STM32F1xx_HAL_Driver/Src/stm32f1xx_hal_flash.c ****        to handle the following operations:
  62:Drivers/STM32F1xx_HAL_Driver/Src/stm32f1xx_hal_flash.c ****       
  63:Drivers/STM32F1xx_HAL_Driver/Src/stm32f1xx_hal_flash.c ****       (+) Set/Get the latency
  64:Drivers/STM32F1xx_HAL_Driver/Src/stm32f1xx_hal_flash.c ****       (+) Enable/Disable the prefetch buffer
  65:Drivers/STM32F1xx_HAL_Driver/Src/stm32f1xx_hal_flash.c ****       (+) Enable/Disable the half cycle access
  66:Drivers/STM32F1xx_HAL_Driver/Src/stm32f1xx_hal_flash.c ****       (+) Enable/Disable the FLASH interrupts
  67:Drivers/STM32F1xx_HAL_Driver/Src/stm32f1xx_hal_flash.c ****       (+) Monitor the FLASH flags status
  68:Drivers/STM32F1xx_HAL_Driver/Src/stm32f1xx_hal_flash.c ****           
  69:Drivers/STM32F1xx_HAL_Driver/Src/stm32f1xx_hal_flash.c ****   @endverbatim
  70:Drivers/STM32F1xx_HAL_Driver/Src/stm32f1xx_hal_flash.c ****   ******************************************************************************
  71:Drivers/STM32F1xx_HAL_Driver/Src/stm32f1xx_hal_flash.c ****   * @attention
  72:Drivers/STM32F1xx_HAL_Driver/Src/stm32f1xx_hal_flash.c ****   *
  73:Drivers/STM32F1xx_HAL_Driver/Src/stm32f1xx_hal_flash.c ****   * Copyright (c) 2016 STMicroelectronics.
  74:Drivers/STM32F1xx_HAL_Driver/Src/stm32f1xx_hal_flash.c ****   * All rights reserved.
  75:Drivers/STM32F1xx_HAL_Driver/Src/stm32f1xx_hal_flash.c ****   *
  76:Drivers/STM32F1xx_HAL_Driver/Src/stm32f1xx_hal_flash.c ****   * This software is licensed under terms that can be found in the LICENSE file in
  77:Drivers/STM32F1xx_HAL_Driver/Src/stm32f1xx_hal_flash.c ****   * the root directory of this software component.
  78:Drivers/STM32F1xx_HAL_Driver/Src/stm32f1xx_hal_flash.c ****   * If no LICENSE file comes with this software, it is provided AS-IS.
  79:Drivers/STM32F1xx_HAL_Driver/Src/stm32f1xx_hal_flash.c ****   ******************************************************************************
  80:Drivers/STM32F1xx_HAL_Driver/Src/stm32f1xx_hal_flash.c ****   */
ARM GAS  /var/folders/xf/tcndk8390ml5xdpfw93qkhpm0000gn/T//ccf7Jq5o.s 			page 3


  81:Drivers/STM32F1xx_HAL_Driver/Src/stm32f1xx_hal_flash.c **** 
  82:Drivers/STM32F1xx_HAL_Driver/Src/stm32f1xx_hal_flash.c **** /* Includes ------------------------------------------------------------------*/
  83:Drivers/STM32F1xx_HAL_Driver/Src/stm32f1xx_hal_flash.c **** #include "stm32f1xx_hal.h"
  84:Drivers/STM32F1xx_HAL_Driver/Src/stm32f1xx_hal_flash.c **** 
  85:Drivers/STM32F1xx_HAL_Driver/Src/stm32f1xx_hal_flash.c **** /** @addtogroup STM32F1xx_HAL_Driver
  86:Drivers/STM32F1xx_HAL_Driver/Src/stm32f1xx_hal_flash.c ****   * @{
  87:Drivers/STM32F1xx_HAL_Driver/Src/stm32f1xx_hal_flash.c ****   */
  88:Drivers/STM32F1xx_HAL_Driver/Src/stm32f1xx_hal_flash.c **** 
  89:Drivers/STM32F1xx_HAL_Driver/Src/stm32f1xx_hal_flash.c **** #ifdef HAL_FLASH_MODULE_ENABLED
  90:Drivers/STM32F1xx_HAL_Driver/Src/stm32f1xx_hal_flash.c **** 
  91:Drivers/STM32F1xx_HAL_Driver/Src/stm32f1xx_hal_flash.c **** /** @defgroup FLASH FLASH
  92:Drivers/STM32F1xx_HAL_Driver/Src/stm32f1xx_hal_flash.c ****   * @brief FLASH HAL module driver
  93:Drivers/STM32F1xx_HAL_Driver/Src/stm32f1xx_hal_flash.c ****   * @{
  94:Drivers/STM32F1xx_HAL_Driver/Src/stm32f1xx_hal_flash.c ****   */
  95:Drivers/STM32F1xx_HAL_Driver/Src/stm32f1xx_hal_flash.c **** 
  96:Drivers/STM32F1xx_HAL_Driver/Src/stm32f1xx_hal_flash.c **** /* Private typedef -----------------------------------------------------------*/
  97:Drivers/STM32F1xx_HAL_Driver/Src/stm32f1xx_hal_flash.c **** /* Private define ------------------------------------------------------------*/
  98:Drivers/STM32F1xx_HAL_Driver/Src/stm32f1xx_hal_flash.c **** /** @defgroup FLASH_Private_Constants FLASH Private Constants
  99:Drivers/STM32F1xx_HAL_Driver/Src/stm32f1xx_hal_flash.c ****   * @{
 100:Drivers/STM32F1xx_HAL_Driver/Src/stm32f1xx_hal_flash.c ****   */
 101:Drivers/STM32F1xx_HAL_Driver/Src/stm32f1xx_hal_flash.c **** /**
 102:Drivers/STM32F1xx_HAL_Driver/Src/stm32f1xx_hal_flash.c ****   * @}
 103:Drivers/STM32F1xx_HAL_Driver/Src/stm32f1xx_hal_flash.c ****   */
 104:Drivers/STM32F1xx_HAL_Driver/Src/stm32f1xx_hal_flash.c **** 
 105:Drivers/STM32F1xx_HAL_Driver/Src/stm32f1xx_hal_flash.c **** /* Private macro ---------------------------- ---------------------------------*/
 106:Drivers/STM32F1xx_HAL_Driver/Src/stm32f1xx_hal_flash.c **** /** @defgroup FLASH_Private_Macros FLASH Private Macros
 107:Drivers/STM32F1xx_HAL_Driver/Src/stm32f1xx_hal_flash.c ****   * @{
 108:Drivers/STM32F1xx_HAL_Driver/Src/stm32f1xx_hal_flash.c ****   */
 109:Drivers/STM32F1xx_HAL_Driver/Src/stm32f1xx_hal_flash.c ****  
 110:Drivers/STM32F1xx_HAL_Driver/Src/stm32f1xx_hal_flash.c **** /**
 111:Drivers/STM32F1xx_HAL_Driver/Src/stm32f1xx_hal_flash.c ****   * @}
 112:Drivers/STM32F1xx_HAL_Driver/Src/stm32f1xx_hal_flash.c ****   */
 113:Drivers/STM32F1xx_HAL_Driver/Src/stm32f1xx_hal_flash.c **** 
 114:Drivers/STM32F1xx_HAL_Driver/Src/stm32f1xx_hal_flash.c **** /* Private variables ---------------------------------------------------------*/
 115:Drivers/STM32F1xx_HAL_Driver/Src/stm32f1xx_hal_flash.c **** /** @defgroup FLASH_Private_Variables FLASH Private Variables
 116:Drivers/STM32F1xx_HAL_Driver/Src/stm32f1xx_hal_flash.c ****   * @{
 117:Drivers/STM32F1xx_HAL_Driver/Src/stm32f1xx_hal_flash.c ****   */
 118:Drivers/STM32F1xx_HAL_Driver/Src/stm32f1xx_hal_flash.c **** /* Variables used for Erase pages under interruption*/
 119:Drivers/STM32F1xx_HAL_Driver/Src/stm32f1xx_hal_flash.c **** FLASH_ProcessTypeDef pFlash;
 120:Drivers/STM32F1xx_HAL_Driver/Src/stm32f1xx_hal_flash.c **** /**
 121:Drivers/STM32F1xx_HAL_Driver/Src/stm32f1xx_hal_flash.c ****   * @}
 122:Drivers/STM32F1xx_HAL_Driver/Src/stm32f1xx_hal_flash.c ****   */
 123:Drivers/STM32F1xx_HAL_Driver/Src/stm32f1xx_hal_flash.c **** 
 124:Drivers/STM32F1xx_HAL_Driver/Src/stm32f1xx_hal_flash.c **** /* Private function prototypes -----------------------------------------------*/
 125:Drivers/STM32F1xx_HAL_Driver/Src/stm32f1xx_hal_flash.c **** /** @defgroup FLASH_Private_Functions FLASH Private Functions
 126:Drivers/STM32F1xx_HAL_Driver/Src/stm32f1xx_hal_flash.c ****   * @{
 127:Drivers/STM32F1xx_HAL_Driver/Src/stm32f1xx_hal_flash.c ****   */
 128:Drivers/STM32F1xx_HAL_Driver/Src/stm32f1xx_hal_flash.c **** static  void   FLASH_Program_HalfWord(uint32_t Address, uint16_t Data);
 129:Drivers/STM32F1xx_HAL_Driver/Src/stm32f1xx_hal_flash.c **** static  void   FLASH_SetErrorCode(void);
 130:Drivers/STM32F1xx_HAL_Driver/Src/stm32f1xx_hal_flash.c **** extern void    FLASH_PageErase(uint32_t PageAddress);
 131:Drivers/STM32F1xx_HAL_Driver/Src/stm32f1xx_hal_flash.c **** /**
 132:Drivers/STM32F1xx_HAL_Driver/Src/stm32f1xx_hal_flash.c ****   * @}
 133:Drivers/STM32F1xx_HAL_Driver/Src/stm32f1xx_hal_flash.c ****   */
 134:Drivers/STM32F1xx_HAL_Driver/Src/stm32f1xx_hal_flash.c **** 
 135:Drivers/STM32F1xx_HAL_Driver/Src/stm32f1xx_hal_flash.c **** /* Exported functions ---------------------------------------------------------*/
 136:Drivers/STM32F1xx_HAL_Driver/Src/stm32f1xx_hal_flash.c **** /** @defgroup FLASH_Exported_Functions FLASH Exported Functions
 137:Drivers/STM32F1xx_HAL_Driver/Src/stm32f1xx_hal_flash.c ****   * @{
ARM GAS  /var/folders/xf/tcndk8390ml5xdpfw93qkhpm0000gn/T//ccf7Jq5o.s 			page 4


 138:Drivers/STM32F1xx_HAL_Driver/Src/stm32f1xx_hal_flash.c ****   */
 139:Drivers/STM32F1xx_HAL_Driver/Src/stm32f1xx_hal_flash.c ****   
 140:Drivers/STM32F1xx_HAL_Driver/Src/stm32f1xx_hal_flash.c **** /** @defgroup FLASH_Exported_Functions_Group1 Programming operation functions 
 141:Drivers/STM32F1xx_HAL_Driver/Src/stm32f1xx_hal_flash.c ****   *  @brief   Programming operation functions 
 142:Drivers/STM32F1xx_HAL_Driver/Src/stm32f1xx_hal_flash.c ****   *
 143:Drivers/STM32F1xx_HAL_Driver/Src/stm32f1xx_hal_flash.c **** @verbatim   
 144:Drivers/STM32F1xx_HAL_Driver/Src/stm32f1xx_hal_flash.c **** @endverbatim
 145:Drivers/STM32F1xx_HAL_Driver/Src/stm32f1xx_hal_flash.c ****   * @{
 146:Drivers/STM32F1xx_HAL_Driver/Src/stm32f1xx_hal_flash.c ****   */
 147:Drivers/STM32F1xx_HAL_Driver/Src/stm32f1xx_hal_flash.c **** 
 148:Drivers/STM32F1xx_HAL_Driver/Src/stm32f1xx_hal_flash.c **** /**
 149:Drivers/STM32F1xx_HAL_Driver/Src/stm32f1xx_hal_flash.c ****   * @brief  Program halfword, word or double word at a specified address
 150:Drivers/STM32F1xx_HAL_Driver/Src/stm32f1xx_hal_flash.c ****   * @note   The function HAL_FLASH_Unlock() should be called before to unlock the FLASH interface
 151:Drivers/STM32F1xx_HAL_Driver/Src/stm32f1xx_hal_flash.c ****   *         The function HAL_FLASH_Lock() should be called after to lock the FLASH interface
 152:Drivers/STM32F1xx_HAL_Driver/Src/stm32f1xx_hal_flash.c ****   *
 153:Drivers/STM32F1xx_HAL_Driver/Src/stm32f1xx_hal_flash.c ****   * @note   If an erase and a program operations are requested simultaneously,    
 154:Drivers/STM32F1xx_HAL_Driver/Src/stm32f1xx_hal_flash.c ****   *         the erase operation is performed before the program one.
 155:Drivers/STM32F1xx_HAL_Driver/Src/stm32f1xx_hal_flash.c ****   *  
 156:Drivers/STM32F1xx_HAL_Driver/Src/stm32f1xx_hal_flash.c ****   * @note   FLASH should be previously erased before new programmation (only exception to this 
 157:Drivers/STM32F1xx_HAL_Driver/Src/stm32f1xx_hal_flash.c ****   *         is when 0x0000 is programmed)
 158:Drivers/STM32F1xx_HAL_Driver/Src/stm32f1xx_hal_flash.c ****   *
 159:Drivers/STM32F1xx_HAL_Driver/Src/stm32f1xx_hal_flash.c ****   * @param  TypeProgram:  Indicate the way to program at a specified address.
 160:Drivers/STM32F1xx_HAL_Driver/Src/stm32f1xx_hal_flash.c ****   *                       This parameter can be a value of @ref FLASH_Type_Program
 161:Drivers/STM32F1xx_HAL_Driver/Src/stm32f1xx_hal_flash.c ****   * @param  Address:      Specifies the address to be programmed.
 162:Drivers/STM32F1xx_HAL_Driver/Src/stm32f1xx_hal_flash.c ****   * @param  Data:         Specifies the data to be programmed
 163:Drivers/STM32F1xx_HAL_Driver/Src/stm32f1xx_hal_flash.c ****   * 
 164:Drivers/STM32F1xx_HAL_Driver/Src/stm32f1xx_hal_flash.c ****   * @retval HAL_StatusTypeDef HAL Status
 165:Drivers/STM32F1xx_HAL_Driver/Src/stm32f1xx_hal_flash.c ****   */
 166:Drivers/STM32F1xx_HAL_Driver/Src/stm32f1xx_hal_flash.c **** HAL_StatusTypeDef HAL_FLASH_Program(uint32_t TypeProgram, uint32_t Address, uint64_t Data)
 167:Drivers/STM32F1xx_HAL_Driver/Src/stm32f1xx_hal_flash.c **** {
  34              		.loc 1 167 1
  35              		.cfi_startproc
  36              		@ args = 0, pretend = 0, frame = 24
  37              		@ frame_needed = 1, uses_anonymous_args = 0
  38 0000 F0B5     		push	{r4, r5, r6, r7, lr}
  39              	.LCFI0:
  40              		.cfi_def_cfa_offset 20
  41              		.cfi_offset 4, -20
  42              		.cfi_offset 5, -16
  43              		.cfi_offset 6, -12
  44              		.cfi_offset 7, -8
  45              		.cfi_offset 14, -4
  46 0002 87B0     		sub	sp, sp, #28
  47              	.LCFI1:
  48              		.cfi_def_cfa_offset 48
  49 0004 00AF     		add	r7, sp, #0
  50              	.LCFI2:
  51              		.cfi_def_cfa_register 7
  52 0006 F860     		str	r0, [r7, #12]
  53 0008 B960     		str	r1, [r7, #8]
  54 000a C7E90023 		strd	r2, [r7]
 168:Drivers/STM32F1xx_HAL_Driver/Src/stm32f1xx_hal_flash.c ****   HAL_StatusTypeDef status = HAL_ERROR;
  55              		.loc 1 168 21
  56 000e 0123     		movs	r3, #1
  57 0010 FB75     		strb	r3, [r7, #23]
 169:Drivers/STM32F1xx_HAL_Driver/Src/stm32f1xx_hal_flash.c ****   uint8_t index = 0;
  58              		.loc 1 169 11
ARM GAS  /var/folders/xf/tcndk8390ml5xdpfw93qkhpm0000gn/T//ccf7Jq5o.s 			page 5


  59 0012 0023     		movs	r3, #0
  60 0014 BB75     		strb	r3, [r7, #22]
 170:Drivers/STM32F1xx_HAL_Driver/Src/stm32f1xx_hal_flash.c ****   uint8_t nbiterations = 0;
  61              		.loc 1 170 11
  62 0016 0023     		movs	r3, #0
  63 0018 7B75     		strb	r3, [r7, #21]
 171:Drivers/STM32F1xx_HAL_Driver/Src/stm32f1xx_hal_flash.c ****   
 172:Drivers/STM32F1xx_HAL_Driver/Src/stm32f1xx_hal_flash.c ****   /* Process Locked */
 173:Drivers/STM32F1xx_HAL_Driver/Src/stm32f1xx_hal_flash.c ****   __HAL_LOCK(&pFlash);
  64              		.loc 1 173 3
  65 001a 2F4B     		ldr	r3, .L12
  66 001c 1B7E     		ldrb	r3, [r3, #24]	@ zero_extendqisi2
  67 001e 012B     		cmp	r3, #1
  68 0020 01D1     		bne	.L2
  69              		.loc 1 173 3 is_stmt 0 discriminator 1
  70 0022 0223     		movs	r3, #2
  71 0024 54E0     		b	.L3
  72              	.L2:
  73              		.loc 1 173 3 discriminator 2
  74 0026 2C4B     		ldr	r3, .L12
  75 0028 0122     		movs	r2, #1
  76 002a 1A76     		strb	r2, [r3, #24]
 174:Drivers/STM32F1xx_HAL_Driver/Src/stm32f1xx_hal_flash.c **** 
 175:Drivers/STM32F1xx_HAL_Driver/Src/stm32f1xx_hal_flash.c ****   /* Check the parameters */
 176:Drivers/STM32F1xx_HAL_Driver/Src/stm32f1xx_hal_flash.c ****   assert_param(IS_FLASH_TYPEPROGRAM(TypeProgram));
 177:Drivers/STM32F1xx_HAL_Driver/Src/stm32f1xx_hal_flash.c ****   assert_param(IS_FLASH_PROGRAM_ADDRESS(Address));
 178:Drivers/STM32F1xx_HAL_Driver/Src/stm32f1xx_hal_flash.c **** 
 179:Drivers/STM32F1xx_HAL_Driver/Src/stm32f1xx_hal_flash.c **** #if defined(FLASH_BANK2_END)
 180:Drivers/STM32F1xx_HAL_Driver/Src/stm32f1xx_hal_flash.c ****   if(Address <= FLASH_BANK1_END)
 181:Drivers/STM32F1xx_HAL_Driver/Src/stm32f1xx_hal_flash.c ****   {
 182:Drivers/STM32F1xx_HAL_Driver/Src/stm32f1xx_hal_flash.c **** #endif /* FLASH_BANK2_END */
 183:Drivers/STM32F1xx_HAL_Driver/Src/stm32f1xx_hal_flash.c ****     /* Wait for last operation to be completed */
 184:Drivers/STM32F1xx_HAL_Driver/Src/stm32f1xx_hal_flash.c ****     status = FLASH_WaitForLastOperation(FLASH_TIMEOUT_VALUE);
  77              		.loc 1 184 14 is_stmt 1 discriminator 2
  78 002c 4CF25030 		movw	r0, #50000
  79 0030 FFF7FEFF 		bl	FLASH_WaitForLastOperation
  80 0034 0346     		mov	r3, r0
  81 0036 FB75     		strb	r3, [r7, #23]
 185:Drivers/STM32F1xx_HAL_Driver/Src/stm32f1xx_hal_flash.c **** #if defined(FLASH_BANK2_END)
 186:Drivers/STM32F1xx_HAL_Driver/Src/stm32f1xx_hal_flash.c ****   }
 187:Drivers/STM32F1xx_HAL_Driver/Src/stm32f1xx_hal_flash.c ****   else
 188:Drivers/STM32F1xx_HAL_Driver/Src/stm32f1xx_hal_flash.c ****   {
 189:Drivers/STM32F1xx_HAL_Driver/Src/stm32f1xx_hal_flash.c ****     /* Wait for last operation to be completed */
 190:Drivers/STM32F1xx_HAL_Driver/Src/stm32f1xx_hal_flash.c ****     status = FLASH_WaitForLastOperationBank2(FLASH_TIMEOUT_VALUE);
 191:Drivers/STM32F1xx_HAL_Driver/Src/stm32f1xx_hal_flash.c ****   }
 192:Drivers/STM32F1xx_HAL_Driver/Src/stm32f1xx_hal_flash.c **** #endif /* FLASH_BANK2_END */
 193:Drivers/STM32F1xx_HAL_Driver/Src/stm32f1xx_hal_flash.c ****   
 194:Drivers/STM32F1xx_HAL_Driver/Src/stm32f1xx_hal_flash.c ****   if(status == HAL_OK)
  82              		.loc 1 194 5 discriminator 2
  83 0038 FB7D     		ldrb	r3, [r7, #23]	@ zero_extendqisi2
  84 003a 002B     		cmp	r3, #0
  85 003c 44D1     		bne	.L4
 195:Drivers/STM32F1xx_HAL_Driver/Src/stm32f1xx_hal_flash.c ****   {
 196:Drivers/STM32F1xx_HAL_Driver/Src/stm32f1xx_hal_flash.c ****     if(TypeProgram == FLASH_TYPEPROGRAM_HALFWORD)
  86              		.loc 1 196 7
  87 003e FB68     		ldr	r3, [r7, #12]
  88 0040 012B     		cmp	r3, #1
ARM GAS  /var/folders/xf/tcndk8390ml5xdpfw93qkhpm0000gn/T//ccf7Jq5o.s 			page 6


  89 0042 02D1     		bne	.L5
 197:Drivers/STM32F1xx_HAL_Driver/Src/stm32f1xx_hal_flash.c ****     {
 198:Drivers/STM32F1xx_HAL_Driver/Src/stm32f1xx_hal_flash.c ****       /* Program halfword (16-bit) at a specified address. */
 199:Drivers/STM32F1xx_HAL_Driver/Src/stm32f1xx_hal_flash.c ****       nbiterations = 1U;
  90              		.loc 1 199 20
  91 0044 0123     		movs	r3, #1
  92 0046 7B75     		strb	r3, [r7, #21]
  93 0048 07E0     		b	.L6
  94              	.L5:
 200:Drivers/STM32F1xx_HAL_Driver/Src/stm32f1xx_hal_flash.c ****     }
 201:Drivers/STM32F1xx_HAL_Driver/Src/stm32f1xx_hal_flash.c ****     else if(TypeProgram == FLASH_TYPEPROGRAM_WORD)
  95              		.loc 1 201 12
  96 004a FB68     		ldr	r3, [r7, #12]
  97 004c 022B     		cmp	r3, #2
  98 004e 02D1     		bne	.L7
 202:Drivers/STM32F1xx_HAL_Driver/Src/stm32f1xx_hal_flash.c ****     {
 203:Drivers/STM32F1xx_HAL_Driver/Src/stm32f1xx_hal_flash.c ****       /* Program word (32-bit = 2*16-bit) at a specified address. */
 204:Drivers/STM32F1xx_HAL_Driver/Src/stm32f1xx_hal_flash.c ****       nbiterations = 2U;
  99              		.loc 1 204 20
 100 0050 0223     		movs	r3, #2
 101 0052 7B75     		strb	r3, [r7, #21]
 102 0054 01E0     		b	.L6
 103              	.L7:
 205:Drivers/STM32F1xx_HAL_Driver/Src/stm32f1xx_hal_flash.c ****     }
 206:Drivers/STM32F1xx_HAL_Driver/Src/stm32f1xx_hal_flash.c ****     else
 207:Drivers/STM32F1xx_HAL_Driver/Src/stm32f1xx_hal_flash.c ****     {
 208:Drivers/STM32F1xx_HAL_Driver/Src/stm32f1xx_hal_flash.c ****       /* Program double word (64-bit = 4*16-bit) at a specified address. */
 209:Drivers/STM32F1xx_HAL_Driver/Src/stm32f1xx_hal_flash.c ****       nbiterations = 4U;
 104              		.loc 1 209 20
 105 0056 0423     		movs	r3, #4
 106 0058 7B75     		strb	r3, [r7, #21]
 107              	.L6:
 210:Drivers/STM32F1xx_HAL_Driver/Src/stm32f1xx_hal_flash.c ****     }
 211:Drivers/STM32F1xx_HAL_Driver/Src/stm32f1xx_hal_flash.c **** 
 212:Drivers/STM32F1xx_HAL_Driver/Src/stm32f1xx_hal_flash.c ****     for (index = 0U; index < nbiterations; index++)
 108              		.loc 1 212 16
 109 005a 0023     		movs	r3, #0
 110 005c BB75     		strb	r3, [r7, #22]
 111              		.loc 1 212 5
 112 005e 2DE0     		b	.L8
 113              	.L10:
 213:Drivers/STM32F1xx_HAL_Driver/Src/stm32f1xx_hal_flash.c ****     {
 214:Drivers/STM32F1xx_HAL_Driver/Src/stm32f1xx_hal_flash.c ****       FLASH_Program_HalfWord((Address + (2U*index)), (uint16_t)(Data >> (16U*index)));
 114              		.loc 1 214 44
 115 0060 BB7D     		ldrb	r3, [r7, #22]	@ zero_extendqisi2
 116 0062 5A00     		lsls	r2, r3, #1
 117              		.loc 1 214 7
 118 0064 BB68     		ldr	r3, [r7, #8]
 119 0066 02EB030C 		add	ip, r2, r3
 120              		.loc 1 214 77
 121 006a BB7D     		ldrb	r3, [r7, #22]	@ zero_extendqisi2
 122 006c 1901     		lsls	r1, r3, #4
 123              		.loc 1 214 70
 124 006e D7E90023 		ldrd	r2, [r7]
 125 0072 C1F12006 		rsb	r6, r1, #32
 126 0076 A1F12000 		sub	r0, r1, #32
 127 007a 22FA01F4 		lsr	r4, r2, r1
ARM GAS  /var/folders/xf/tcndk8390ml5xdpfw93qkhpm0000gn/T//ccf7Jq5o.s 			page 7


 128 007e 03FA06F6 		lsl	r6, r3, r6
 129 0082 3443     		orrs	r4, r4, r6
 130 0084 23FA00F0 		lsr	r0, r3, r0
 131 0088 0443     		orrs	r4, r4, r0
 132 008a 23FA01F5 		lsr	r5, r3, r1
 133              		.loc 1 214 7
 134 008e A3B2     		uxth	r3, r4
 135 0090 1946     		mov	r1, r3
 136 0092 6046     		mov	r0, ip
 137 0094 FFF7FEFF 		bl	FLASH_Program_HalfWord
 215:Drivers/STM32F1xx_HAL_Driver/Src/stm32f1xx_hal_flash.c **** 
 216:Drivers/STM32F1xx_HAL_Driver/Src/stm32f1xx_hal_flash.c **** #if defined(FLASH_BANK2_END)
 217:Drivers/STM32F1xx_HAL_Driver/Src/stm32f1xx_hal_flash.c ****       if(Address <= FLASH_BANK1_END)
 218:Drivers/STM32F1xx_HAL_Driver/Src/stm32f1xx_hal_flash.c ****       {
 219:Drivers/STM32F1xx_HAL_Driver/Src/stm32f1xx_hal_flash.c **** #endif /* FLASH_BANK2_END */
 220:Drivers/STM32F1xx_HAL_Driver/Src/stm32f1xx_hal_flash.c ****         /* Wait for last operation to be completed */
 221:Drivers/STM32F1xx_HAL_Driver/Src/stm32f1xx_hal_flash.c ****         status = FLASH_WaitForLastOperation(FLASH_TIMEOUT_VALUE);
 138              		.loc 1 221 18
 139 0098 4CF25030 		movw	r0, #50000
 140 009c FFF7FEFF 		bl	FLASH_WaitForLastOperation
 141 00a0 0346     		mov	r3, r0
 142 00a2 FB75     		strb	r3, [r7, #23]
 222:Drivers/STM32F1xx_HAL_Driver/Src/stm32f1xx_hal_flash.c ****     
 223:Drivers/STM32F1xx_HAL_Driver/Src/stm32f1xx_hal_flash.c ****         /* If the program operation is completed, disable the PG Bit */
 224:Drivers/STM32F1xx_HAL_Driver/Src/stm32f1xx_hal_flash.c ****         CLEAR_BIT(FLASH->CR, FLASH_CR_PG);
 143              		.loc 1 224 9
 144 00a4 0D4B     		ldr	r3, .L12+4
 145 00a6 1B69     		ldr	r3, [r3, #16]
 146 00a8 0C4A     		ldr	r2, .L12+4
 147 00aa 23F00103 		bic	r3, r3, #1
 148 00ae 1361     		str	r3, [r2, #16]
 225:Drivers/STM32F1xx_HAL_Driver/Src/stm32f1xx_hal_flash.c **** #if defined(FLASH_BANK2_END)
 226:Drivers/STM32F1xx_HAL_Driver/Src/stm32f1xx_hal_flash.c ****       }
 227:Drivers/STM32F1xx_HAL_Driver/Src/stm32f1xx_hal_flash.c ****       else
 228:Drivers/STM32F1xx_HAL_Driver/Src/stm32f1xx_hal_flash.c ****       {
 229:Drivers/STM32F1xx_HAL_Driver/Src/stm32f1xx_hal_flash.c ****         /* Wait for last operation to be completed */
 230:Drivers/STM32F1xx_HAL_Driver/Src/stm32f1xx_hal_flash.c ****         status = FLASH_WaitForLastOperationBank2(FLASH_TIMEOUT_VALUE);
 231:Drivers/STM32F1xx_HAL_Driver/Src/stm32f1xx_hal_flash.c ****         
 232:Drivers/STM32F1xx_HAL_Driver/Src/stm32f1xx_hal_flash.c ****         /* If the program operation is completed, disable the PG Bit */
 233:Drivers/STM32F1xx_HAL_Driver/Src/stm32f1xx_hal_flash.c ****         CLEAR_BIT(FLASH->CR2, FLASH_CR2_PG);
 234:Drivers/STM32F1xx_HAL_Driver/Src/stm32f1xx_hal_flash.c ****       }
 235:Drivers/STM32F1xx_HAL_Driver/Src/stm32f1xx_hal_flash.c **** #endif /* FLASH_BANK2_END */
 236:Drivers/STM32F1xx_HAL_Driver/Src/stm32f1xx_hal_flash.c ****       /* In case of error, stop programation procedure */
 237:Drivers/STM32F1xx_HAL_Driver/Src/stm32f1xx_hal_flash.c ****       if (status != HAL_OK)
 149              		.loc 1 237 10
 150 00b0 FB7D     		ldrb	r3, [r7, #23]	@ zero_extendqisi2
 151 00b2 002B     		cmp	r3, #0
 152 00b4 07D1     		bne	.L11
 212:Drivers/STM32F1xx_HAL_Driver/Src/stm32f1xx_hal_flash.c ****     {
 153              		.loc 1 212 49 discriminator 2
 154 00b6 BB7D     		ldrb	r3, [r7, #22]	@ zero_extendqisi2
 155 00b8 0133     		adds	r3, r3, #1
 156 00ba BB75     		strb	r3, [r7, #22]
 157              	.L8:
 212:Drivers/STM32F1xx_HAL_Driver/Src/stm32f1xx_hal_flash.c ****     {
 158              		.loc 1 212 5 discriminator 1
 159 00bc BA7D     		ldrb	r2, [r7, #22]	@ zero_extendqisi2
ARM GAS  /var/folders/xf/tcndk8390ml5xdpfw93qkhpm0000gn/T//ccf7Jq5o.s 			page 8


 160 00be 7B7D     		ldrb	r3, [r7, #21]	@ zero_extendqisi2
 161 00c0 9A42     		cmp	r2, r3
 162 00c2 CDD3     		bcc	.L10
 163 00c4 00E0     		b	.L4
 164              	.L11:
 238:Drivers/STM32F1xx_HAL_Driver/Src/stm32f1xx_hal_flash.c ****       {
 239:Drivers/STM32F1xx_HAL_Driver/Src/stm32f1xx_hal_flash.c ****         break;
 165              		.loc 1 239 9
 166 00c6 00BF     		nop
 167              	.L4:
 240:Drivers/STM32F1xx_HAL_Driver/Src/stm32f1xx_hal_flash.c ****       }
 241:Drivers/STM32F1xx_HAL_Driver/Src/stm32f1xx_hal_flash.c ****     }
 242:Drivers/STM32F1xx_HAL_Driver/Src/stm32f1xx_hal_flash.c ****   }
 243:Drivers/STM32F1xx_HAL_Driver/Src/stm32f1xx_hal_flash.c **** 
 244:Drivers/STM32F1xx_HAL_Driver/Src/stm32f1xx_hal_flash.c ****   /* Process Unlocked */
 245:Drivers/STM32F1xx_HAL_Driver/Src/stm32f1xx_hal_flash.c ****   __HAL_UNLOCK(&pFlash);
 168              		.loc 1 245 3
 169 00c8 034B     		ldr	r3, .L12
 170 00ca 0022     		movs	r2, #0
 171 00cc 1A76     		strb	r2, [r3, #24]
 246:Drivers/STM32F1xx_HAL_Driver/Src/stm32f1xx_hal_flash.c **** 
 247:Drivers/STM32F1xx_HAL_Driver/Src/stm32f1xx_hal_flash.c ****   return status;
 172              		.loc 1 247 10
 173 00ce FB7D     		ldrb	r3, [r7, #23]	@ zero_extendqisi2
 174              	.L3:
 248:Drivers/STM32F1xx_HAL_Driver/Src/stm32f1xx_hal_flash.c **** }
 175              		.loc 1 248 1
 176 00d0 1846     		mov	r0, r3
 177 00d2 1C37     		adds	r7, r7, #28
 178              	.LCFI3:
 179              		.cfi_def_cfa_offset 20
 180 00d4 BD46     		mov	sp, r7
 181              	.LCFI4:
 182              		.cfi_def_cfa_register 13
 183              		@ sp needed
 184 00d6 F0BD     		pop	{r4, r5, r6, r7, pc}
 185              	.L13:
 186              		.align	2
 187              	.L12:
 188 00d8 00000000 		.word	pFlash
 189 00dc 00200240 		.word	1073881088
 190              		.cfi_endproc
 191              	.LFE65:
 193              		.section	.text.HAL_FLASH_Program_IT,"ax",%progbits
 194              		.align	1
 195              		.global	HAL_FLASH_Program_IT
 196              		.syntax unified
 197              		.thumb
 198              		.thumb_func
 200              	HAL_FLASH_Program_IT:
 201              	.LFB66:
 249:Drivers/STM32F1xx_HAL_Driver/Src/stm32f1xx_hal_flash.c **** 
 250:Drivers/STM32F1xx_HAL_Driver/Src/stm32f1xx_hal_flash.c **** /**
 251:Drivers/STM32F1xx_HAL_Driver/Src/stm32f1xx_hal_flash.c ****   * @brief  Program halfword, word or double word at a specified address  with interrupt enabled.
 252:Drivers/STM32F1xx_HAL_Driver/Src/stm32f1xx_hal_flash.c ****   * @note   The function HAL_FLASH_Unlock() should be called before to unlock the FLASH interface
 253:Drivers/STM32F1xx_HAL_Driver/Src/stm32f1xx_hal_flash.c ****   *         The function HAL_FLASH_Lock() should be called after to lock the FLASH interface
 254:Drivers/STM32F1xx_HAL_Driver/Src/stm32f1xx_hal_flash.c ****   *
ARM GAS  /var/folders/xf/tcndk8390ml5xdpfw93qkhpm0000gn/T//ccf7Jq5o.s 			page 9


 255:Drivers/STM32F1xx_HAL_Driver/Src/stm32f1xx_hal_flash.c ****   * @note   If an erase and a program operations are requested simultaneously,    
 256:Drivers/STM32F1xx_HAL_Driver/Src/stm32f1xx_hal_flash.c ****   *         the erase operation is performed before the program one.
 257:Drivers/STM32F1xx_HAL_Driver/Src/stm32f1xx_hal_flash.c ****   *
 258:Drivers/STM32F1xx_HAL_Driver/Src/stm32f1xx_hal_flash.c ****   * @param  TypeProgram: Indicate the way to program at a specified address.
 259:Drivers/STM32F1xx_HAL_Driver/Src/stm32f1xx_hal_flash.c ****   *                      This parameter can be a value of @ref FLASH_Type_Program
 260:Drivers/STM32F1xx_HAL_Driver/Src/stm32f1xx_hal_flash.c ****   * @param  Address:     Specifies the address to be programmed.
 261:Drivers/STM32F1xx_HAL_Driver/Src/stm32f1xx_hal_flash.c ****   * @param  Data:        Specifies the data to be programmed
 262:Drivers/STM32F1xx_HAL_Driver/Src/stm32f1xx_hal_flash.c ****   * 
 263:Drivers/STM32F1xx_HAL_Driver/Src/stm32f1xx_hal_flash.c ****   * @retval HAL_StatusTypeDef HAL Status
 264:Drivers/STM32F1xx_HAL_Driver/Src/stm32f1xx_hal_flash.c ****   */
 265:Drivers/STM32F1xx_HAL_Driver/Src/stm32f1xx_hal_flash.c **** HAL_StatusTypeDef HAL_FLASH_Program_IT(uint32_t TypeProgram, uint32_t Address, uint64_t Data)
 266:Drivers/STM32F1xx_HAL_Driver/Src/stm32f1xx_hal_flash.c **** {
 202              		.loc 1 266 1
 203              		.cfi_startproc
 204              		@ args = 0, pretend = 0, frame = 24
 205              		@ frame_needed = 1, uses_anonymous_args = 0
 206 0000 80B5     		push	{r7, lr}
 207              	.LCFI5:
 208              		.cfi_def_cfa_offset 8
 209              		.cfi_offset 7, -8
 210              		.cfi_offset 14, -4
 211 0002 86B0     		sub	sp, sp, #24
 212              	.LCFI6:
 213              		.cfi_def_cfa_offset 32
 214 0004 00AF     		add	r7, sp, #0
 215              	.LCFI7:
 216              		.cfi_def_cfa_register 7
 217 0006 F860     		str	r0, [r7, #12]
 218 0008 B960     		str	r1, [r7, #8]
 219 000a C7E90023 		strd	r2, [r7]
 267:Drivers/STM32F1xx_HAL_Driver/Src/stm32f1xx_hal_flash.c ****   HAL_StatusTypeDef status = HAL_OK;
 220              		.loc 1 267 21
 221 000e 0023     		movs	r3, #0
 222 0010 FB75     		strb	r3, [r7, #23]
 268:Drivers/STM32F1xx_HAL_Driver/Src/stm32f1xx_hal_flash.c **** 
 269:Drivers/STM32F1xx_HAL_Driver/Src/stm32f1xx_hal_flash.c ****   /* Check the parameters */
 270:Drivers/STM32F1xx_HAL_Driver/Src/stm32f1xx_hal_flash.c ****   assert_param(IS_FLASH_TYPEPROGRAM(TypeProgram));
 271:Drivers/STM32F1xx_HAL_Driver/Src/stm32f1xx_hal_flash.c ****   assert_param(IS_FLASH_PROGRAM_ADDRESS(Address));
 272:Drivers/STM32F1xx_HAL_Driver/Src/stm32f1xx_hal_flash.c **** 
 273:Drivers/STM32F1xx_HAL_Driver/Src/stm32f1xx_hal_flash.c **** #if defined(FLASH_BANK2_END)
 274:Drivers/STM32F1xx_HAL_Driver/Src/stm32f1xx_hal_flash.c ****   /* If procedure already ongoing, reject the next one */
 275:Drivers/STM32F1xx_HAL_Driver/Src/stm32f1xx_hal_flash.c ****   if (pFlash.ProcedureOnGoing != FLASH_PROC_NONE)
 276:Drivers/STM32F1xx_HAL_Driver/Src/stm32f1xx_hal_flash.c ****   {
 277:Drivers/STM32F1xx_HAL_Driver/Src/stm32f1xx_hal_flash.c ****     return HAL_ERROR;
 278:Drivers/STM32F1xx_HAL_Driver/Src/stm32f1xx_hal_flash.c ****   }
 279:Drivers/STM32F1xx_HAL_Driver/Src/stm32f1xx_hal_flash.c ****   
 280:Drivers/STM32F1xx_HAL_Driver/Src/stm32f1xx_hal_flash.c ****   if(Address <= FLASH_BANK1_END)
 281:Drivers/STM32F1xx_HAL_Driver/Src/stm32f1xx_hal_flash.c ****   {
 282:Drivers/STM32F1xx_HAL_Driver/Src/stm32f1xx_hal_flash.c ****     /* Enable End of FLASH Operation and Error source interrupts */
 283:Drivers/STM32F1xx_HAL_Driver/Src/stm32f1xx_hal_flash.c ****     __HAL_FLASH_ENABLE_IT(FLASH_IT_EOP_BANK1 | FLASH_IT_ERR_BANK1);
 284:Drivers/STM32F1xx_HAL_Driver/Src/stm32f1xx_hal_flash.c **** 
 285:Drivers/STM32F1xx_HAL_Driver/Src/stm32f1xx_hal_flash.c ****   }else
 286:Drivers/STM32F1xx_HAL_Driver/Src/stm32f1xx_hal_flash.c ****   {
 287:Drivers/STM32F1xx_HAL_Driver/Src/stm32f1xx_hal_flash.c ****     /* Enable End of FLASH Operation and Error source interrupts */
 288:Drivers/STM32F1xx_HAL_Driver/Src/stm32f1xx_hal_flash.c ****     __HAL_FLASH_ENABLE_IT(FLASH_IT_EOP_BANK2 | FLASH_IT_ERR_BANK2);
 289:Drivers/STM32F1xx_HAL_Driver/Src/stm32f1xx_hal_flash.c ****   }
 290:Drivers/STM32F1xx_HAL_Driver/Src/stm32f1xx_hal_flash.c **** #else
ARM GAS  /var/folders/xf/tcndk8390ml5xdpfw93qkhpm0000gn/T//ccf7Jq5o.s 			page 10


 291:Drivers/STM32F1xx_HAL_Driver/Src/stm32f1xx_hal_flash.c ****   /* Enable End of FLASH Operation and Error source interrupts */
 292:Drivers/STM32F1xx_HAL_Driver/Src/stm32f1xx_hal_flash.c ****   __HAL_FLASH_ENABLE_IT(FLASH_IT_EOP | FLASH_IT_ERR);
 223              		.loc 1 292 3
 224 0012 194B     		ldr	r3, .L19
 225 0014 1B69     		ldr	r3, [r3, #16]
 226 0016 184A     		ldr	r2, .L19
 227 0018 43F4A053 		orr	r3, r3, #5120
 228 001c 1361     		str	r3, [r2, #16]
 293:Drivers/STM32F1xx_HAL_Driver/Src/stm32f1xx_hal_flash.c **** #endif /* FLASH_BANK2_END */
 294:Drivers/STM32F1xx_HAL_Driver/Src/stm32f1xx_hal_flash.c ****   
 295:Drivers/STM32F1xx_HAL_Driver/Src/stm32f1xx_hal_flash.c ****   pFlash.Address = Address;
 229              		.loc 1 295 18
 230 001e 174A     		ldr	r2, .L19+4
 231 0020 BB68     		ldr	r3, [r7, #8]
 232 0022 9360     		str	r3, [r2, #8]
 296:Drivers/STM32F1xx_HAL_Driver/Src/stm32f1xx_hal_flash.c ****   pFlash.Data = Data;
 233              		.loc 1 296 15
 234 0024 1549     		ldr	r1, .L19+4
 235 0026 D7E90023 		ldrd	r2, [r7]
 236 002a C1E90423 		strd	r2, [r1, #16]
 297:Drivers/STM32F1xx_HAL_Driver/Src/stm32f1xx_hal_flash.c **** 
 298:Drivers/STM32F1xx_HAL_Driver/Src/stm32f1xx_hal_flash.c ****   if(TypeProgram == FLASH_TYPEPROGRAM_HALFWORD)
 237              		.loc 1 298 5
 238 002e FB68     		ldr	r3, [r7, #12]
 239 0030 012B     		cmp	r3, #1
 240 0032 06D1     		bne	.L15
 299:Drivers/STM32F1xx_HAL_Driver/Src/stm32f1xx_hal_flash.c ****   {
 300:Drivers/STM32F1xx_HAL_Driver/Src/stm32f1xx_hal_flash.c ****     pFlash.ProcedureOnGoing = FLASH_PROC_PROGRAMHALFWORD;
 241              		.loc 1 300 29
 242 0034 114B     		ldr	r3, .L19+4
 243 0036 0322     		movs	r2, #3
 244 0038 1A70     		strb	r2, [r3]
 301:Drivers/STM32F1xx_HAL_Driver/Src/stm32f1xx_hal_flash.c ****     /* Program halfword (16-bit) at a specified address. */
 302:Drivers/STM32F1xx_HAL_Driver/Src/stm32f1xx_hal_flash.c ****     pFlash.DataRemaining = 1U;
 245              		.loc 1 302 26
 246 003a 104B     		ldr	r3, .L19+4
 247 003c 0122     		movs	r2, #1
 248 003e 5A60     		str	r2, [r3, #4]
 249 0040 0FE0     		b	.L16
 250              	.L15:
 303:Drivers/STM32F1xx_HAL_Driver/Src/stm32f1xx_hal_flash.c ****   }
 304:Drivers/STM32F1xx_HAL_Driver/Src/stm32f1xx_hal_flash.c ****   else if(TypeProgram == FLASH_TYPEPROGRAM_WORD)
 251              		.loc 1 304 10
 252 0042 FB68     		ldr	r3, [r7, #12]
 253 0044 022B     		cmp	r3, #2
 254 0046 06D1     		bne	.L17
 305:Drivers/STM32F1xx_HAL_Driver/Src/stm32f1xx_hal_flash.c ****   {
 306:Drivers/STM32F1xx_HAL_Driver/Src/stm32f1xx_hal_flash.c ****     pFlash.ProcedureOnGoing = FLASH_PROC_PROGRAMWORD;
 255              		.loc 1 306 29
 256 0048 0C4B     		ldr	r3, .L19+4
 257 004a 0422     		movs	r2, #4
 258 004c 1A70     		strb	r2, [r3]
 307:Drivers/STM32F1xx_HAL_Driver/Src/stm32f1xx_hal_flash.c ****     /* Program word (32-bit : 2*16-bit) at a specified address. */
 308:Drivers/STM32F1xx_HAL_Driver/Src/stm32f1xx_hal_flash.c ****     pFlash.DataRemaining = 2U;
 259              		.loc 1 308 26
 260 004e 0B4B     		ldr	r3, .L19+4
 261 0050 0222     		movs	r2, #2
ARM GAS  /var/folders/xf/tcndk8390ml5xdpfw93qkhpm0000gn/T//ccf7Jq5o.s 			page 11


 262 0052 5A60     		str	r2, [r3, #4]
 263 0054 05E0     		b	.L16
 264              	.L17:
 309:Drivers/STM32F1xx_HAL_Driver/Src/stm32f1xx_hal_flash.c ****   }
 310:Drivers/STM32F1xx_HAL_Driver/Src/stm32f1xx_hal_flash.c ****   else
 311:Drivers/STM32F1xx_HAL_Driver/Src/stm32f1xx_hal_flash.c ****   {
 312:Drivers/STM32F1xx_HAL_Driver/Src/stm32f1xx_hal_flash.c ****     pFlash.ProcedureOnGoing = FLASH_PROC_PROGRAMDOUBLEWORD;
 265              		.loc 1 312 29
 266 0056 094B     		ldr	r3, .L19+4
 267 0058 0522     		movs	r2, #5
 268 005a 1A70     		strb	r2, [r3]
 313:Drivers/STM32F1xx_HAL_Driver/Src/stm32f1xx_hal_flash.c ****     /* Program double word (64-bit : 4*16-bit) at a specified address. */
 314:Drivers/STM32F1xx_HAL_Driver/Src/stm32f1xx_hal_flash.c ****     pFlash.DataRemaining = 4U;
 269              		.loc 1 314 26
 270 005c 074B     		ldr	r3, .L19+4
 271 005e 0422     		movs	r2, #4
 272 0060 5A60     		str	r2, [r3, #4]
 273              	.L16:
 315:Drivers/STM32F1xx_HAL_Driver/Src/stm32f1xx_hal_flash.c ****   }
 316:Drivers/STM32F1xx_HAL_Driver/Src/stm32f1xx_hal_flash.c **** 
 317:Drivers/STM32F1xx_HAL_Driver/Src/stm32f1xx_hal_flash.c ****   /* Program halfword (16-bit) at a specified address. */
 318:Drivers/STM32F1xx_HAL_Driver/Src/stm32f1xx_hal_flash.c ****   FLASH_Program_HalfWord(Address, (uint16_t)Data);
 274              		.loc 1 318 3
 275 0062 3B88     		ldrh	r3, [r7]
 276 0064 1946     		mov	r1, r3
 277 0066 B868     		ldr	r0, [r7, #8]
 278 0068 FFF7FEFF 		bl	FLASH_Program_HalfWord
 319:Drivers/STM32F1xx_HAL_Driver/Src/stm32f1xx_hal_flash.c **** 
 320:Drivers/STM32F1xx_HAL_Driver/Src/stm32f1xx_hal_flash.c ****   return status;
 279              		.loc 1 320 10
 280 006c FB7D     		ldrb	r3, [r7, #23]	@ zero_extendqisi2
 321:Drivers/STM32F1xx_HAL_Driver/Src/stm32f1xx_hal_flash.c **** }
 281              		.loc 1 321 1
 282 006e 1846     		mov	r0, r3
 283 0070 1837     		adds	r7, r7, #24
 284              	.LCFI8:
 285              		.cfi_def_cfa_offset 8
 286 0072 BD46     		mov	sp, r7
 287              	.LCFI9:
 288              		.cfi_def_cfa_register 13
 289              		@ sp needed
 290 0074 80BD     		pop	{r7, pc}
 291              	.L20:
 292 0076 00BF     		.align	2
 293              	.L19:
 294 0078 00200240 		.word	1073881088
 295 007c 00000000 		.word	pFlash
 296              		.cfi_endproc
 297              	.LFE66:
 299              		.section	.text.HAL_FLASH_IRQHandler,"ax",%progbits
 300              		.align	1
 301              		.global	HAL_FLASH_IRQHandler
 302              		.syntax unified
 303              		.thumb
 304              		.thumb_func
 306              	HAL_FLASH_IRQHandler:
 307              	.LFB67:
ARM GAS  /var/folders/xf/tcndk8390ml5xdpfw93qkhpm0000gn/T//ccf7Jq5o.s 			page 12


 322:Drivers/STM32F1xx_HAL_Driver/Src/stm32f1xx_hal_flash.c **** 
 323:Drivers/STM32F1xx_HAL_Driver/Src/stm32f1xx_hal_flash.c **** /**
 324:Drivers/STM32F1xx_HAL_Driver/Src/stm32f1xx_hal_flash.c ****   * @brief This function handles FLASH interrupt request.
 325:Drivers/STM32F1xx_HAL_Driver/Src/stm32f1xx_hal_flash.c ****   * @retval None
 326:Drivers/STM32F1xx_HAL_Driver/Src/stm32f1xx_hal_flash.c ****   */
 327:Drivers/STM32F1xx_HAL_Driver/Src/stm32f1xx_hal_flash.c **** void HAL_FLASH_IRQHandler(void)
 328:Drivers/STM32F1xx_HAL_Driver/Src/stm32f1xx_hal_flash.c **** {
 308              		.loc 1 328 1
 309              		.cfi_startproc
 310              		@ args = 0, pretend = 0, frame = 8
 311              		@ frame_needed = 1, uses_anonymous_args = 0
 312 0000 80B5     		push	{r7, lr}
 313              	.LCFI10:
 314              		.cfi_def_cfa_offset 8
 315              		.cfi_offset 7, -8
 316              		.cfi_offset 14, -4
 317 0002 82B0     		sub	sp, sp, #8
 318              	.LCFI11:
 319              		.cfi_def_cfa_offset 16
 320 0004 00AF     		add	r7, sp, #0
 321              	.LCFI12:
 322              		.cfi_def_cfa_register 7
 329:Drivers/STM32F1xx_HAL_Driver/Src/stm32f1xx_hal_flash.c ****   uint32_t addresstmp = 0U;
 323              		.loc 1 329 12
 324 0006 0023     		movs	r3, #0
 325 0008 7B60     		str	r3, [r7, #4]
 330:Drivers/STM32F1xx_HAL_Driver/Src/stm32f1xx_hal_flash.c ****   
 331:Drivers/STM32F1xx_HAL_Driver/Src/stm32f1xx_hal_flash.c ****   /* Check FLASH operation error flags */
 332:Drivers/STM32F1xx_HAL_Driver/Src/stm32f1xx_hal_flash.c **** #if defined(FLASH_BANK2_END)
 333:Drivers/STM32F1xx_HAL_Driver/Src/stm32f1xx_hal_flash.c ****   if(__HAL_FLASH_GET_FLAG(FLASH_FLAG_WRPERR_BANK1) || __HAL_FLASH_GET_FLAG(FLASH_FLAG_PGERR_BANK1) 
 334:Drivers/STM32F1xx_HAL_Driver/Src/stm32f1xx_hal_flash.c ****     (__HAL_FLASH_GET_FLAG(FLASH_FLAG_WRPERR_BANK2) || __HAL_FLASH_GET_FLAG(FLASH_FLAG_PGERR_BANK2))
 335:Drivers/STM32F1xx_HAL_Driver/Src/stm32f1xx_hal_flash.c **** #else
 336:Drivers/STM32F1xx_HAL_Driver/Src/stm32f1xx_hal_flash.c ****   if(__HAL_FLASH_GET_FLAG(FLASH_FLAG_WRPERR) ||__HAL_FLASH_GET_FLAG(FLASH_FLAG_PGERR))
 326              		.loc 1 336 6
 327 000a 6B4B     		ldr	r3, .L34
 328 000c DB68     		ldr	r3, [r3, #12]
 329 000e 03F01003 		and	r3, r3, #16
 330              		.loc 1 336 5
 331 0012 002B     		cmp	r3, #0
 332 0014 05D1     		bne	.L22
 333              		.loc 1 336 48 discriminator 1
 334 0016 684B     		ldr	r3, .L34
 335 0018 DB68     		ldr	r3, [r3, #12]
 336 001a 03F00403 		and	r3, r3, #4
 337              		.loc 1 336 46 discriminator 1
 338 001e 002B     		cmp	r3, #0
 339 0020 0ED0     		beq	.L23
 340              	.L22:
 337:Drivers/STM32F1xx_HAL_Driver/Src/stm32f1xx_hal_flash.c **** #endif /* FLASH_BANK2_END */
 338:Drivers/STM32F1xx_HAL_Driver/Src/stm32f1xx_hal_flash.c ****   {
 339:Drivers/STM32F1xx_HAL_Driver/Src/stm32f1xx_hal_flash.c ****     /* Return the faulty address */
 340:Drivers/STM32F1xx_HAL_Driver/Src/stm32f1xx_hal_flash.c ****     addresstmp = pFlash.Address;
 341              		.loc 1 340 16
 342 0022 664B     		ldr	r3, .L34+4
 343 0024 9B68     		ldr	r3, [r3, #8]
 344 0026 7B60     		str	r3, [r7, #4]
 341:Drivers/STM32F1xx_HAL_Driver/Src/stm32f1xx_hal_flash.c ****     /* Reset address */
ARM GAS  /var/folders/xf/tcndk8390ml5xdpfw93qkhpm0000gn/T//ccf7Jq5o.s 			page 13


 342:Drivers/STM32F1xx_HAL_Driver/Src/stm32f1xx_hal_flash.c ****     pFlash.Address = 0xFFFFFFFFU;
 345              		.loc 1 342 20
 346 0028 644B     		ldr	r3, .L34+4
 347 002a 4FF0FF32 		mov	r2, #-1
 348 002e 9A60     		str	r2, [r3, #8]
 343:Drivers/STM32F1xx_HAL_Driver/Src/stm32f1xx_hal_flash.c ****   
 344:Drivers/STM32F1xx_HAL_Driver/Src/stm32f1xx_hal_flash.c ****     /* Save the Error code */
 345:Drivers/STM32F1xx_HAL_Driver/Src/stm32f1xx_hal_flash.c ****     FLASH_SetErrorCode();
 349              		.loc 1 345 5
 350 0030 FFF7FEFF 		bl	FLASH_SetErrorCode
 346:Drivers/STM32F1xx_HAL_Driver/Src/stm32f1xx_hal_flash.c ****     
 347:Drivers/STM32F1xx_HAL_Driver/Src/stm32f1xx_hal_flash.c ****     /* FLASH error interrupt user callback */
 348:Drivers/STM32F1xx_HAL_Driver/Src/stm32f1xx_hal_flash.c ****     HAL_FLASH_OperationErrorCallback(addresstmp);
 351              		.loc 1 348 5
 352 0034 7868     		ldr	r0, [r7, #4]
 353 0036 FFF7FEFF 		bl	HAL_FLASH_OperationErrorCallback
 349:Drivers/STM32F1xx_HAL_Driver/Src/stm32f1xx_hal_flash.c **** 
 350:Drivers/STM32F1xx_HAL_Driver/Src/stm32f1xx_hal_flash.c ****     /* Stop the procedure ongoing */
 351:Drivers/STM32F1xx_HAL_Driver/Src/stm32f1xx_hal_flash.c ****     pFlash.ProcedureOnGoing = FLASH_PROC_NONE;
 354              		.loc 1 351 29
 355 003a 604B     		ldr	r3, .L34+4
 356 003c 0022     		movs	r2, #0
 357 003e 1A70     		strb	r2, [r3]
 358              	.L23:
 352:Drivers/STM32F1xx_HAL_Driver/Src/stm32f1xx_hal_flash.c ****   }
 353:Drivers/STM32F1xx_HAL_Driver/Src/stm32f1xx_hal_flash.c **** 
 354:Drivers/STM32F1xx_HAL_Driver/Src/stm32f1xx_hal_flash.c ****   /* Check FLASH End of Operation flag  */
 355:Drivers/STM32F1xx_HAL_Driver/Src/stm32f1xx_hal_flash.c **** #if defined(FLASH_BANK2_END)
 356:Drivers/STM32F1xx_HAL_Driver/Src/stm32f1xx_hal_flash.c ****   if(__HAL_FLASH_GET_FLAG(FLASH_FLAG_EOP_BANK1))
 357:Drivers/STM32F1xx_HAL_Driver/Src/stm32f1xx_hal_flash.c ****   {
 358:Drivers/STM32F1xx_HAL_Driver/Src/stm32f1xx_hal_flash.c ****     /* Clear FLASH End of Operation pending bit */
 359:Drivers/STM32F1xx_HAL_Driver/Src/stm32f1xx_hal_flash.c ****     __HAL_FLASH_CLEAR_FLAG(FLASH_FLAG_EOP_BANK1);
 360:Drivers/STM32F1xx_HAL_Driver/Src/stm32f1xx_hal_flash.c **** #else
 361:Drivers/STM32F1xx_HAL_Driver/Src/stm32f1xx_hal_flash.c ****   if(__HAL_FLASH_GET_FLAG(FLASH_FLAG_EOP))
 359              		.loc 1 361 6
 360 0040 5D4B     		ldr	r3, .L34
 361 0042 DB68     		ldr	r3, [r3, #12]
 362 0044 03F02003 		and	r3, r3, #32
 363              		.loc 1 361 5
 364 0048 002B     		cmp	r3, #0
 365 004a 00F0A080 		beq	.L24
 362:Drivers/STM32F1xx_HAL_Driver/Src/stm32f1xx_hal_flash.c ****   {
 363:Drivers/STM32F1xx_HAL_Driver/Src/stm32f1xx_hal_flash.c ****     /* Clear FLASH End of Operation pending bit */
 364:Drivers/STM32F1xx_HAL_Driver/Src/stm32f1xx_hal_flash.c ****     __HAL_FLASH_CLEAR_FLAG(FLASH_FLAG_EOP);
 366              		.loc 1 364 5 discriminator 2
 367 004e 5A4B     		ldr	r3, .L34
 368 0050 2022     		movs	r2, #32
 369 0052 DA60     		str	r2, [r3, #12]
 365:Drivers/STM32F1xx_HAL_Driver/Src/stm32f1xx_hal_flash.c **** #endif /* FLASH_BANK2_END */
 366:Drivers/STM32F1xx_HAL_Driver/Src/stm32f1xx_hal_flash.c ****     
 367:Drivers/STM32F1xx_HAL_Driver/Src/stm32f1xx_hal_flash.c ****     /* Process can continue only if no error detected */
 368:Drivers/STM32F1xx_HAL_Driver/Src/stm32f1xx_hal_flash.c ****     if(pFlash.ProcedureOnGoing != FLASH_PROC_NONE)
 370              		.loc 1 368 14 discriminator 2
 371 0054 594B     		ldr	r3, .L34+4
 372 0056 1B78     		ldrb	r3, [r3]
 373 0058 DBB2     		uxtb	r3, r3
 374              		.loc 1 368 7 discriminator 2
ARM GAS  /var/folders/xf/tcndk8390ml5xdpfw93qkhpm0000gn/T//ccf7Jq5o.s 			page 14


 375 005a 002B     		cmp	r3, #0
 376 005c 00F09780 		beq	.L24
 369:Drivers/STM32F1xx_HAL_Driver/Src/stm32f1xx_hal_flash.c ****     {
 370:Drivers/STM32F1xx_HAL_Driver/Src/stm32f1xx_hal_flash.c ****       if(pFlash.ProcedureOnGoing == FLASH_PROC_PAGEERASE)
 377              		.loc 1 370 16
 378 0060 564B     		ldr	r3, .L34+4
 379 0062 1B78     		ldrb	r3, [r3]
 380 0064 DBB2     		uxtb	r3, r3
 381              		.loc 1 370 9
 382 0066 012B     		cmp	r3, #1
 383 0068 2DD1     		bne	.L25
 371:Drivers/STM32F1xx_HAL_Driver/Src/stm32f1xx_hal_flash.c ****       {
 372:Drivers/STM32F1xx_HAL_Driver/Src/stm32f1xx_hal_flash.c ****         /* Nb of pages to erased can be decreased */
 373:Drivers/STM32F1xx_HAL_Driver/Src/stm32f1xx_hal_flash.c ****         pFlash.DataRemaining--;
 384              		.loc 1 373 15
 385 006a 544B     		ldr	r3, .L34+4
 386 006c 5B68     		ldr	r3, [r3, #4]
 387              		.loc 1 373 29
 388 006e 013B     		subs	r3, r3, #1
 389 0070 524A     		ldr	r2, .L34+4
 390 0072 5360     		str	r3, [r2, #4]
 374:Drivers/STM32F1xx_HAL_Driver/Src/stm32f1xx_hal_flash.c **** 
 375:Drivers/STM32F1xx_HAL_Driver/Src/stm32f1xx_hal_flash.c ****         /* Check if there are still pages to erase */
 376:Drivers/STM32F1xx_HAL_Driver/Src/stm32f1xx_hal_flash.c ****         if(pFlash.DataRemaining != 0U)
 391              		.loc 1 376 18
 392 0074 514B     		ldr	r3, .L34+4
 393 0076 5B68     		ldr	r3, [r3, #4]
 394              		.loc 1 376 11
 395 0078 002B     		cmp	r3, #0
 396 007a 17D0     		beq	.L26
 377:Drivers/STM32F1xx_HAL_Driver/Src/stm32f1xx_hal_flash.c ****         {
 378:Drivers/STM32F1xx_HAL_Driver/Src/stm32f1xx_hal_flash.c ****           addresstmp = pFlash.Address;
 397              		.loc 1 378 22
 398 007c 4F4B     		ldr	r3, .L34+4
 399 007e 9B68     		ldr	r3, [r3, #8]
 400 0080 7B60     		str	r3, [r7, #4]
 379:Drivers/STM32F1xx_HAL_Driver/Src/stm32f1xx_hal_flash.c ****           /*Indicate user which sector has been erased */
 380:Drivers/STM32F1xx_HAL_Driver/Src/stm32f1xx_hal_flash.c ****           HAL_FLASH_EndOfOperationCallback(addresstmp);
 401              		.loc 1 380 11
 402 0082 7868     		ldr	r0, [r7, #4]
 403 0084 FFF7FEFF 		bl	HAL_FLASH_EndOfOperationCallback
 381:Drivers/STM32F1xx_HAL_Driver/Src/stm32f1xx_hal_flash.c **** 
 382:Drivers/STM32F1xx_HAL_Driver/Src/stm32f1xx_hal_flash.c ****           /*Increment sector number*/
 383:Drivers/STM32F1xx_HAL_Driver/Src/stm32f1xx_hal_flash.c ****           addresstmp = pFlash.Address + FLASH_PAGE_SIZE;
 404              		.loc 1 383 30
 405 0088 4C4B     		ldr	r3, .L34+4
 406 008a 9B68     		ldr	r3, [r3, #8]
 407              		.loc 1 383 22
 408 008c 03F58063 		add	r3, r3, #1024
 409 0090 7B60     		str	r3, [r7, #4]
 384:Drivers/STM32F1xx_HAL_Driver/Src/stm32f1xx_hal_flash.c ****           pFlash.Address = addresstmp;
 410              		.loc 1 384 26
 411 0092 4A4A     		ldr	r2, .L34+4
 412 0094 7B68     		ldr	r3, [r7, #4]
 413 0096 9360     		str	r3, [r2, #8]
 385:Drivers/STM32F1xx_HAL_Driver/Src/stm32f1xx_hal_flash.c **** 
 386:Drivers/STM32F1xx_HAL_Driver/Src/stm32f1xx_hal_flash.c ****           /* If the erase operation is completed, disable the PER Bit */
ARM GAS  /var/folders/xf/tcndk8390ml5xdpfw93qkhpm0000gn/T//ccf7Jq5o.s 			page 15


 387:Drivers/STM32F1xx_HAL_Driver/Src/stm32f1xx_hal_flash.c ****           CLEAR_BIT(FLASH->CR, FLASH_CR_PER);
 414              		.loc 1 387 11
 415 0098 474B     		ldr	r3, .L34
 416 009a 1B69     		ldr	r3, [r3, #16]
 417 009c 464A     		ldr	r2, .L34
 418 009e 23F00203 		bic	r3, r3, #2
 419 00a2 1361     		str	r3, [r2, #16]
 388:Drivers/STM32F1xx_HAL_Driver/Src/stm32f1xx_hal_flash.c **** 
 389:Drivers/STM32F1xx_HAL_Driver/Src/stm32f1xx_hal_flash.c ****           FLASH_PageErase(addresstmp);
 420              		.loc 1 389 11
 421 00a4 7868     		ldr	r0, [r7, #4]
 422 00a6 FFF7FEFF 		bl	FLASH_PageErase
 423 00aa 70E0     		b	.L24
 424              	.L26:
 390:Drivers/STM32F1xx_HAL_Driver/Src/stm32f1xx_hal_flash.c ****         }
 391:Drivers/STM32F1xx_HAL_Driver/Src/stm32f1xx_hal_flash.c ****         else
 392:Drivers/STM32F1xx_HAL_Driver/Src/stm32f1xx_hal_flash.c ****         {
 393:Drivers/STM32F1xx_HAL_Driver/Src/stm32f1xx_hal_flash.c ****           /* No more pages to Erase, user callback can be called. */
 394:Drivers/STM32F1xx_HAL_Driver/Src/stm32f1xx_hal_flash.c ****           /* Reset Sector and stop Erase pages procedure */
 395:Drivers/STM32F1xx_HAL_Driver/Src/stm32f1xx_hal_flash.c ****           pFlash.Address = addresstmp = 0xFFFFFFFFU;
 425              		.loc 1 395 39
 426 00ac 4FF0FF33 		mov	r3, #-1
 427 00b0 7B60     		str	r3, [r7, #4]
 428              		.loc 1 395 26
 429 00b2 424A     		ldr	r2, .L34+4
 430 00b4 7B68     		ldr	r3, [r7, #4]
 431 00b6 9360     		str	r3, [r2, #8]
 396:Drivers/STM32F1xx_HAL_Driver/Src/stm32f1xx_hal_flash.c ****           pFlash.ProcedureOnGoing = FLASH_PROC_NONE;
 432              		.loc 1 396 35
 433 00b8 404B     		ldr	r3, .L34+4
 434 00ba 0022     		movs	r2, #0
 435 00bc 1A70     		strb	r2, [r3]
 397:Drivers/STM32F1xx_HAL_Driver/Src/stm32f1xx_hal_flash.c ****           /* FLASH EOP interrupt user callback */
 398:Drivers/STM32F1xx_HAL_Driver/Src/stm32f1xx_hal_flash.c ****           HAL_FLASH_EndOfOperationCallback(addresstmp);
 436              		.loc 1 398 11
 437 00be 7868     		ldr	r0, [r7, #4]
 438 00c0 FFF7FEFF 		bl	HAL_FLASH_EndOfOperationCallback
 439 00c4 63E0     		b	.L24
 440              	.L25:
 399:Drivers/STM32F1xx_HAL_Driver/Src/stm32f1xx_hal_flash.c ****         }
 400:Drivers/STM32F1xx_HAL_Driver/Src/stm32f1xx_hal_flash.c ****       }
 401:Drivers/STM32F1xx_HAL_Driver/Src/stm32f1xx_hal_flash.c ****       else if(pFlash.ProcedureOnGoing == FLASH_PROC_MASSERASE)
 441              		.loc 1 401 21
 442 00c6 3D4B     		ldr	r3, .L34+4
 443 00c8 1B78     		ldrb	r3, [r3]
 444 00ca DBB2     		uxtb	r3, r3
 445              		.loc 1 401 14
 446 00cc 022B     		cmp	r3, #2
 447 00ce 0CD1     		bne	.L27
 402:Drivers/STM32F1xx_HAL_Driver/Src/stm32f1xx_hal_flash.c ****       {
 403:Drivers/STM32F1xx_HAL_Driver/Src/stm32f1xx_hal_flash.c ****         /* Operation is completed, disable the MER Bit */
 404:Drivers/STM32F1xx_HAL_Driver/Src/stm32f1xx_hal_flash.c ****         CLEAR_BIT(FLASH->CR, FLASH_CR_MER);
 448              		.loc 1 404 9
 449 00d0 394B     		ldr	r3, .L34
 450 00d2 1B69     		ldr	r3, [r3, #16]
 451 00d4 384A     		ldr	r2, .L34
 452 00d6 23F00403 		bic	r3, r3, #4
ARM GAS  /var/folders/xf/tcndk8390ml5xdpfw93qkhpm0000gn/T//ccf7Jq5o.s 			page 16


 453 00da 1361     		str	r3, [r2, #16]
 405:Drivers/STM32F1xx_HAL_Driver/Src/stm32f1xx_hal_flash.c **** 
 406:Drivers/STM32F1xx_HAL_Driver/Src/stm32f1xx_hal_flash.c **** #if defined(FLASH_BANK2_END)
 407:Drivers/STM32F1xx_HAL_Driver/Src/stm32f1xx_hal_flash.c ****         /* Stop Mass Erase procedure if no pending mass erase on other bank */
 408:Drivers/STM32F1xx_HAL_Driver/Src/stm32f1xx_hal_flash.c ****         if (HAL_IS_BIT_CLR(FLASH->CR2, FLASH_CR2_MER))
 409:Drivers/STM32F1xx_HAL_Driver/Src/stm32f1xx_hal_flash.c ****         {
 410:Drivers/STM32F1xx_HAL_Driver/Src/stm32f1xx_hal_flash.c **** #endif /* FLASH_BANK2_END */
 411:Drivers/STM32F1xx_HAL_Driver/Src/stm32f1xx_hal_flash.c ****           /* MassErase ended. Return the selected bank */
 412:Drivers/STM32F1xx_HAL_Driver/Src/stm32f1xx_hal_flash.c ****           /* FLASH EOP interrupt user callback */
 413:Drivers/STM32F1xx_HAL_Driver/Src/stm32f1xx_hal_flash.c ****           HAL_FLASH_EndOfOperationCallback(0U);
 454              		.loc 1 413 11
 455 00dc 0020     		movs	r0, #0
 456 00de FFF7FEFF 		bl	HAL_FLASH_EndOfOperationCallback
 414:Drivers/STM32F1xx_HAL_Driver/Src/stm32f1xx_hal_flash.c **** 
 415:Drivers/STM32F1xx_HAL_Driver/Src/stm32f1xx_hal_flash.c ****           /* Stop Mass Erase procedure*/
 416:Drivers/STM32F1xx_HAL_Driver/Src/stm32f1xx_hal_flash.c ****           pFlash.ProcedureOnGoing = FLASH_PROC_NONE;
 457              		.loc 1 416 35
 458 00e2 364B     		ldr	r3, .L34+4
 459 00e4 0022     		movs	r2, #0
 460 00e6 1A70     		strb	r2, [r3]
 461 00e8 51E0     		b	.L24
 462              	.L27:
 417:Drivers/STM32F1xx_HAL_Driver/Src/stm32f1xx_hal_flash.c ****         }
 418:Drivers/STM32F1xx_HAL_Driver/Src/stm32f1xx_hal_flash.c **** #if defined(FLASH_BANK2_END)
 419:Drivers/STM32F1xx_HAL_Driver/Src/stm32f1xx_hal_flash.c ****       }
 420:Drivers/STM32F1xx_HAL_Driver/Src/stm32f1xx_hal_flash.c **** #endif /* FLASH_BANK2_END */
 421:Drivers/STM32F1xx_HAL_Driver/Src/stm32f1xx_hal_flash.c ****       else
 422:Drivers/STM32F1xx_HAL_Driver/Src/stm32f1xx_hal_flash.c ****       {
 423:Drivers/STM32F1xx_HAL_Driver/Src/stm32f1xx_hal_flash.c ****         /* Nb of 16-bit data to program can be decreased */
 424:Drivers/STM32F1xx_HAL_Driver/Src/stm32f1xx_hal_flash.c ****         pFlash.DataRemaining--;
 463              		.loc 1 424 15
 464 00ea 344B     		ldr	r3, .L34+4
 465 00ec 5B68     		ldr	r3, [r3, #4]
 466              		.loc 1 424 29
 467 00ee 013B     		subs	r3, r3, #1
 468 00f0 324A     		ldr	r2, .L34+4
 469 00f2 5360     		str	r3, [r2, #4]
 425:Drivers/STM32F1xx_HAL_Driver/Src/stm32f1xx_hal_flash.c ****         
 426:Drivers/STM32F1xx_HAL_Driver/Src/stm32f1xx_hal_flash.c ****         /* Check if there are still 16-bit data to program */
 427:Drivers/STM32F1xx_HAL_Driver/Src/stm32f1xx_hal_flash.c ****         if(pFlash.DataRemaining != 0U)
 470              		.loc 1 427 18
 471 00f4 314B     		ldr	r3, .L34+4
 472 00f6 5B68     		ldr	r3, [r3, #4]
 473              		.loc 1 427 11
 474 00f8 002B     		cmp	r3, #0
 475 00fa 24D0     		beq	.L28
 428:Drivers/STM32F1xx_HAL_Driver/Src/stm32f1xx_hal_flash.c ****         {
 429:Drivers/STM32F1xx_HAL_Driver/Src/stm32f1xx_hal_flash.c ****           /* Increment address to 16-bit */
 430:Drivers/STM32F1xx_HAL_Driver/Src/stm32f1xx_hal_flash.c ****           pFlash.Address += 2U;
 476              		.loc 1 430 26
 477 00fc 2F4B     		ldr	r3, .L34+4
 478 00fe 9B68     		ldr	r3, [r3, #8]
 479 0100 0233     		adds	r3, r3, #2
 480 0102 2E4A     		ldr	r2, .L34+4
 481 0104 9360     		str	r3, [r2, #8]
 431:Drivers/STM32F1xx_HAL_Driver/Src/stm32f1xx_hal_flash.c ****           addresstmp = pFlash.Address;
 482              		.loc 1 431 22
ARM GAS  /var/folders/xf/tcndk8390ml5xdpfw93qkhpm0000gn/T//ccf7Jq5o.s 			page 17


 483 0106 2D4B     		ldr	r3, .L34+4
 484 0108 9B68     		ldr	r3, [r3, #8]
 485 010a 7B60     		str	r3, [r7, #4]
 432:Drivers/STM32F1xx_HAL_Driver/Src/stm32f1xx_hal_flash.c ****           
 433:Drivers/STM32F1xx_HAL_Driver/Src/stm32f1xx_hal_flash.c ****           /* Shift to have next 16-bit data */
 434:Drivers/STM32F1xx_HAL_Driver/Src/stm32f1xx_hal_flash.c ****           pFlash.Data = (pFlash.Data >> 16U);
 486              		.loc 1 434 32
 487 010c 2B4B     		ldr	r3, .L34+4
 488 010e D3E90401 		ldrd	r0, [r3, #16]
 489              		.loc 1 434 38
 490 0112 4FF00002 		mov	r2, #0
 491 0116 4FF00003 		mov	r3, #0
 492 011a 020C     		lsrs	r2, r0, #16
 493 011c 42EA0142 		orr	r2, r2, r1, lsl #16
 494 0120 0B0C     		lsrs	r3, r1, #16
 495              		.loc 1 434 23
 496 0122 2649     		ldr	r1, .L34+4
 497 0124 C1E90423 		strd	r2, [r1, #16]
 435:Drivers/STM32F1xx_HAL_Driver/Src/stm32f1xx_hal_flash.c ****           
 436:Drivers/STM32F1xx_HAL_Driver/Src/stm32f1xx_hal_flash.c ****           /* Operation is completed, disable the PG Bit */
 437:Drivers/STM32F1xx_HAL_Driver/Src/stm32f1xx_hal_flash.c ****           CLEAR_BIT(FLASH->CR, FLASH_CR_PG);
 498              		.loc 1 437 11
 499 0128 234B     		ldr	r3, .L34
 500 012a 1B69     		ldr	r3, [r3, #16]
 501 012c 224A     		ldr	r2, .L34
 502 012e 23F00103 		bic	r3, r3, #1
 503 0132 1361     		str	r3, [r2, #16]
 438:Drivers/STM32F1xx_HAL_Driver/Src/stm32f1xx_hal_flash.c **** 
 439:Drivers/STM32F1xx_HAL_Driver/Src/stm32f1xx_hal_flash.c ****           /*Program halfword (16-bit) at a specified address.*/
 440:Drivers/STM32F1xx_HAL_Driver/Src/stm32f1xx_hal_flash.c ****           FLASH_Program_HalfWord(addresstmp, (uint16_t)pFlash.Data);
 504              		.loc 1 440 62
 505 0134 214B     		ldr	r3, .L34+4
 506 0136 D3E90423 		ldrd	r2, [r3, #16]
 507              		.loc 1 440 11
 508 013a 93B2     		uxth	r3, r2
 509 013c 1946     		mov	r1, r3
 510 013e 7868     		ldr	r0, [r7, #4]
 511 0140 FFF7FEFF 		bl	FLASH_Program_HalfWord
 512 0144 23E0     		b	.L24
 513              	.L28:
 441:Drivers/STM32F1xx_HAL_Driver/Src/stm32f1xx_hal_flash.c ****         }
 442:Drivers/STM32F1xx_HAL_Driver/Src/stm32f1xx_hal_flash.c ****         else
 443:Drivers/STM32F1xx_HAL_Driver/Src/stm32f1xx_hal_flash.c ****         {
 444:Drivers/STM32F1xx_HAL_Driver/Src/stm32f1xx_hal_flash.c ****           /* Program ended. Return the selected address */
 445:Drivers/STM32F1xx_HAL_Driver/Src/stm32f1xx_hal_flash.c ****           /* FLASH EOP interrupt user callback */
 446:Drivers/STM32F1xx_HAL_Driver/Src/stm32f1xx_hal_flash.c ****           if (pFlash.ProcedureOnGoing == FLASH_PROC_PROGRAMHALFWORD)
 514              		.loc 1 446 21
 515 0146 1D4B     		ldr	r3, .L34+4
 516 0148 1B78     		ldrb	r3, [r3]
 517 014a DBB2     		uxtb	r3, r3
 518              		.loc 1 446 14
 519 014c 032B     		cmp	r3, #3
 520 014e 05D1     		bne	.L29
 447:Drivers/STM32F1xx_HAL_Driver/Src/stm32f1xx_hal_flash.c ****           {
 448:Drivers/STM32F1xx_HAL_Driver/Src/stm32f1xx_hal_flash.c ****             HAL_FLASH_EndOfOperationCallback(pFlash.Address);
 521              		.loc 1 448 13
 522 0150 1A4B     		ldr	r3, .L34+4
ARM GAS  /var/folders/xf/tcndk8390ml5xdpfw93qkhpm0000gn/T//ccf7Jq5o.s 			page 18


 523 0152 9B68     		ldr	r3, [r3, #8]
 524 0154 1846     		mov	r0, r3
 525 0156 FFF7FEFF 		bl	HAL_FLASH_EndOfOperationCallback
 526 015a 11E0     		b	.L30
 527              	.L29:
 449:Drivers/STM32F1xx_HAL_Driver/Src/stm32f1xx_hal_flash.c ****           }
 450:Drivers/STM32F1xx_HAL_Driver/Src/stm32f1xx_hal_flash.c ****           else if (pFlash.ProcedureOnGoing == FLASH_PROC_PROGRAMWORD)
 528              		.loc 1 450 26
 529 015c 174B     		ldr	r3, .L34+4
 530 015e 1B78     		ldrb	r3, [r3]
 531 0160 DBB2     		uxtb	r3, r3
 532              		.loc 1 450 19
 533 0162 042B     		cmp	r3, #4
 534 0164 06D1     		bne	.L31
 451:Drivers/STM32F1xx_HAL_Driver/Src/stm32f1xx_hal_flash.c ****           {
 452:Drivers/STM32F1xx_HAL_Driver/Src/stm32f1xx_hal_flash.c ****             HAL_FLASH_EndOfOperationCallback(pFlash.Address - 2U);
 535              		.loc 1 452 52
 536 0166 154B     		ldr	r3, .L34+4
 537 0168 9B68     		ldr	r3, [r3, #8]
 538              		.loc 1 452 13
 539 016a 023B     		subs	r3, r3, #2
 540 016c 1846     		mov	r0, r3
 541 016e FFF7FEFF 		bl	HAL_FLASH_EndOfOperationCallback
 542 0172 05E0     		b	.L30
 543              	.L31:
 453:Drivers/STM32F1xx_HAL_Driver/Src/stm32f1xx_hal_flash.c ****           }
 454:Drivers/STM32F1xx_HAL_Driver/Src/stm32f1xx_hal_flash.c ****           else 
 455:Drivers/STM32F1xx_HAL_Driver/Src/stm32f1xx_hal_flash.c ****           {
 456:Drivers/STM32F1xx_HAL_Driver/Src/stm32f1xx_hal_flash.c ****             HAL_FLASH_EndOfOperationCallback(pFlash.Address - 6U);
 544              		.loc 1 456 52
 545 0174 114B     		ldr	r3, .L34+4
 546 0176 9B68     		ldr	r3, [r3, #8]
 547              		.loc 1 456 13
 548 0178 063B     		subs	r3, r3, #6
 549 017a 1846     		mov	r0, r3
 550 017c FFF7FEFF 		bl	HAL_FLASH_EndOfOperationCallback
 551              	.L30:
 457:Drivers/STM32F1xx_HAL_Driver/Src/stm32f1xx_hal_flash.c ****           }
 458:Drivers/STM32F1xx_HAL_Driver/Src/stm32f1xx_hal_flash.c ****         
 459:Drivers/STM32F1xx_HAL_Driver/Src/stm32f1xx_hal_flash.c ****           /* Reset Address and stop Program procedure */
 460:Drivers/STM32F1xx_HAL_Driver/Src/stm32f1xx_hal_flash.c ****           pFlash.Address = 0xFFFFFFFFU;
 552              		.loc 1 460 26
 553 0180 0E4B     		ldr	r3, .L34+4
 554 0182 4FF0FF32 		mov	r2, #-1
 555 0186 9A60     		str	r2, [r3, #8]
 461:Drivers/STM32F1xx_HAL_Driver/Src/stm32f1xx_hal_flash.c ****           pFlash.ProcedureOnGoing = FLASH_PROC_NONE;
 556              		.loc 1 461 35
 557 0188 0C4B     		ldr	r3, .L34+4
 558 018a 0022     		movs	r2, #0
 559 018c 1A70     		strb	r2, [r3]
 560              	.L24:
 462:Drivers/STM32F1xx_HAL_Driver/Src/stm32f1xx_hal_flash.c ****         }
 463:Drivers/STM32F1xx_HAL_Driver/Src/stm32f1xx_hal_flash.c ****       }
 464:Drivers/STM32F1xx_HAL_Driver/Src/stm32f1xx_hal_flash.c ****     }
 465:Drivers/STM32F1xx_HAL_Driver/Src/stm32f1xx_hal_flash.c ****   }
 466:Drivers/STM32F1xx_HAL_Driver/Src/stm32f1xx_hal_flash.c ****   
 467:Drivers/STM32F1xx_HAL_Driver/Src/stm32f1xx_hal_flash.c **** #if defined(FLASH_BANK2_END)
ARM GAS  /var/folders/xf/tcndk8390ml5xdpfw93qkhpm0000gn/T//ccf7Jq5o.s 			page 19


 468:Drivers/STM32F1xx_HAL_Driver/Src/stm32f1xx_hal_flash.c ****   /* Check FLASH End of Operation flag  */
 469:Drivers/STM32F1xx_HAL_Driver/Src/stm32f1xx_hal_flash.c ****   if(__HAL_FLASH_GET_FLAG( FLASH_FLAG_EOP_BANK2))
 470:Drivers/STM32F1xx_HAL_Driver/Src/stm32f1xx_hal_flash.c ****   {
 471:Drivers/STM32F1xx_HAL_Driver/Src/stm32f1xx_hal_flash.c ****     /* Clear FLASH End of Operation pending bit */
 472:Drivers/STM32F1xx_HAL_Driver/Src/stm32f1xx_hal_flash.c ****     __HAL_FLASH_CLEAR_FLAG(FLASH_FLAG_EOP_BANK2);
 473:Drivers/STM32F1xx_HAL_Driver/Src/stm32f1xx_hal_flash.c ****     
 474:Drivers/STM32F1xx_HAL_Driver/Src/stm32f1xx_hal_flash.c ****     /* Process can continue only if no error detected */
 475:Drivers/STM32F1xx_HAL_Driver/Src/stm32f1xx_hal_flash.c ****     if(pFlash.ProcedureOnGoing != FLASH_PROC_NONE)
 476:Drivers/STM32F1xx_HAL_Driver/Src/stm32f1xx_hal_flash.c ****     {
 477:Drivers/STM32F1xx_HAL_Driver/Src/stm32f1xx_hal_flash.c ****       if(pFlash.ProcedureOnGoing == FLASH_PROC_PAGEERASE)
 478:Drivers/STM32F1xx_HAL_Driver/Src/stm32f1xx_hal_flash.c ****       {
 479:Drivers/STM32F1xx_HAL_Driver/Src/stm32f1xx_hal_flash.c ****         /* Nb of pages to erased can be decreased */
 480:Drivers/STM32F1xx_HAL_Driver/Src/stm32f1xx_hal_flash.c ****         pFlash.DataRemaining--;
 481:Drivers/STM32F1xx_HAL_Driver/Src/stm32f1xx_hal_flash.c ****         
 482:Drivers/STM32F1xx_HAL_Driver/Src/stm32f1xx_hal_flash.c ****         /* Check if there are still pages to erase*/
 483:Drivers/STM32F1xx_HAL_Driver/Src/stm32f1xx_hal_flash.c ****         if(pFlash.DataRemaining != 0U)
 484:Drivers/STM32F1xx_HAL_Driver/Src/stm32f1xx_hal_flash.c ****         {
 485:Drivers/STM32F1xx_HAL_Driver/Src/stm32f1xx_hal_flash.c ****           /* Indicate user which page address has been erased*/
 486:Drivers/STM32F1xx_HAL_Driver/Src/stm32f1xx_hal_flash.c ****           HAL_FLASH_EndOfOperationCallback(pFlash.Address);
 487:Drivers/STM32F1xx_HAL_Driver/Src/stm32f1xx_hal_flash.c ****         
 488:Drivers/STM32F1xx_HAL_Driver/Src/stm32f1xx_hal_flash.c ****           /* Increment page address to next page */
 489:Drivers/STM32F1xx_HAL_Driver/Src/stm32f1xx_hal_flash.c ****           pFlash.Address += FLASH_PAGE_SIZE;
 490:Drivers/STM32F1xx_HAL_Driver/Src/stm32f1xx_hal_flash.c ****           addresstmp = pFlash.Address;
 491:Drivers/STM32F1xx_HAL_Driver/Src/stm32f1xx_hal_flash.c **** 
 492:Drivers/STM32F1xx_HAL_Driver/Src/stm32f1xx_hal_flash.c ****           /* Operation is completed, disable the PER Bit */
 493:Drivers/STM32F1xx_HAL_Driver/Src/stm32f1xx_hal_flash.c ****           CLEAR_BIT(FLASH->CR2, FLASH_CR2_PER);
 494:Drivers/STM32F1xx_HAL_Driver/Src/stm32f1xx_hal_flash.c **** 
 495:Drivers/STM32F1xx_HAL_Driver/Src/stm32f1xx_hal_flash.c ****           FLASH_PageErase(addresstmp);
 496:Drivers/STM32F1xx_HAL_Driver/Src/stm32f1xx_hal_flash.c ****         }
 497:Drivers/STM32F1xx_HAL_Driver/Src/stm32f1xx_hal_flash.c ****         else
 498:Drivers/STM32F1xx_HAL_Driver/Src/stm32f1xx_hal_flash.c ****         {
 499:Drivers/STM32F1xx_HAL_Driver/Src/stm32f1xx_hal_flash.c ****           /*No more pages to Erase*/
 500:Drivers/STM32F1xx_HAL_Driver/Src/stm32f1xx_hal_flash.c ****           
 501:Drivers/STM32F1xx_HAL_Driver/Src/stm32f1xx_hal_flash.c ****           /*Reset Address and stop Erase pages procedure*/
 502:Drivers/STM32F1xx_HAL_Driver/Src/stm32f1xx_hal_flash.c ****           pFlash.Address = 0xFFFFFFFFU;
 503:Drivers/STM32F1xx_HAL_Driver/Src/stm32f1xx_hal_flash.c ****           pFlash.ProcedureOnGoing = FLASH_PROC_NONE;
 504:Drivers/STM32F1xx_HAL_Driver/Src/stm32f1xx_hal_flash.c **** 
 505:Drivers/STM32F1xx_HAL_Driver/Src/stm32f1xx_hal_flash.c ****           /* FLASH EOP interrupt user callback */
 506:Drivers/STM32F1xx_HAL_Driver/Src/stm32f1xx_hal_flash.c ****           HAL_FLASH_EndOfOperationCallback(pFlash.Address);
 507:Drivers/STM32F1xx_HAL_Driver/Src/stm32f1xx_hal_flash.c ****         }
 508:Drivers/STM32F1xx_HAL_Driver/Src/stm32f1xx_hal_flash.c ****       }
 509:Drivers/STM32F1xx_HAL_Driver/Src/stm32f1xx_hal_flash.c ****       else if(pFlash.ProcedureOnGoing == FLASH_PROC_MASSERASE)
 510:Drivers/STM32F1xx_HAL_Driver/Src/stm32f1xx_hal_flash.c ****       {
 511:Drivers/STM32F1xx_HAL_Driver/Src/stm32f1xx_hal_flash.c ****         /* Operation is completed, disable the MER Bit */
 512:Drivers/STM32F1xx_HAL_Driver/Src/stm32f1xx_hal_flash.c ****         CLEAR_BIT(FLASH->CR2, FLASH_CR2_MER);
 513:Drivers/STM32F1xx_HAL_Driver/Src/stm32f1xx_hal_flash.c **** 
 514:Drivers/STM32F1xx_HAL_Driver/Src/stm32f1xx_hal_flash.c ****         if (HAL_IS_BIT_CLR(FLASH->CR, FLASH_CR_MER))
 515:Drivers/STM32F1xx_HAL_Driver/Src/stm32f1xx_hal_flash.c ****         {
 516:Drivers/STM32F1xx_HAL_Driver/Src/stm32f1xx_hal_flash.c ****           /* MassErase ended. Return the selected bank*/
 517:Drivers/STM32F1xx_HAL_Driver/Src/stm32f1xx_hal_flash.c ****           /* FLASH EOP interrupt user callback */
 518:Drivers/STM32F1xx_HAL_Driver/Src/stm32f1xx_hal_flash.c ****           HAL_FLASH_EndOfOperationCallback(0U);
 519:Drivers/STM32F1xx_HAL_Driver/Src/stm32f1xx_hal_flash.c ****         
 520:Drivers/STM32F1xx_HAL_Driver/Src/stm32f1xx_hal_flash.c ****           pFlash.ProcedureOnGoing = FLASH_PROC_NONE;
 521:Drivers/STM32F1xx_HAL_Driver/Src/stm32f1xx_hal_flash.c ****         }
 522:Drivers/STM32F1xx_HAL_Driver/Src/stm32f1xx_hal_flash.c ****       }
 523:Drivers/STM32F1xx_HAL_Driver/Src/stm32f1xx_hal_flash.c ****       else
 524:Drivers/STM32F1xx_HAL_Driver/Src/stm32f1xx_hal_flash.c ****       {
ARM GAS  /var/folders/xf/tcndk8390ml5xdpfw93qkhpm0000gn/T//ccf7Jq5o.s 			page 20


 525:Drivers/STM32F1xx_HAL_Driver/Src/stm32f1xx_hal_flash.c ****         /* Nb of 16-bit data to program can be decreased */
 526:Drivers/STM32F1xx_HAL_Driver/Src/stm32f1xx_hal_flash.c ****         pFlash.DataRemaining--;
 527:Drivers/STM32F1xx_HAL_Driver/Src/stm32f1xx_hal_flash.c ****         
 528:Drivers/STM32F1xx_HAL_Driver/Src/stm32f1xx_hal_flash.c ****         /* Check if there are still 16-bit data to program */
 529:Drivers/STM32F1xx_HAL_Driver/Src/stm32f1xx_hal_flash.c ****         if(pFlash.DataRemaining != 0U)
 530:Drivers/STM32F1xx_HAL_Driver/Src/stm32f1xx_hal_flash.c ****         {
 531:Drivers/STM32F1xx_HAL_Driver/Src/stm32f1xx_hal_flash.c ****           /* Increment address to 16-bit */
 532:Drivers/STM32F1xx_HAL_Driver/Src/stm32f1xx_hal_flash.c ****           pFlash.Address += 2U;
 533:Drivers/STM32F1xx_HAL_Driver/Src/stm32f1xx_hal_flash.c ****           addresstmp = pFlash.Address;
 534:Drivers/STM32F1xx_HAL_Driver/Src/stm32f1xx_hal_flash.c ****           
 535:Drivers/STM32F1xx_HAL_Driver/Src/stm32f1xx_hal_flash.c ****           /* Shift to have next 16-bit data */
 536:Drivers/STM32F1xx_HAL_Driver/Src/stm32f1xx_hal_flash.c ****           pFlash.Data = (pFlash.Data >> 16U);
 537:Drivers/STM32F1xx_HAL_Driver/Src/stm32f1xx_hal_flash.c ****           
 538:Drivers/STM32F1xx_HAL_Driver/Src/stm32f1xx_hal_flash.c ****           /* Operation is completed, disable the PG Bit */
 539:Drivers/STM32F1xx_HAL_Driver/Src/stm32f1xx_hal_flash.c ****           CLEAR_BIT(FLASH->CR2, FLASH_CR2_PG);
 540:Drivers/STM32F1xx_HAL_Driver/Src/stm32f1xx_hal_flash.c **** 
 541:Drivers/STM32F1xx_HAL_Driver/Src/stm32f1xx_hal_flash.c ****           /*Program halfword (16-bit) at a specified address.*/
 542:Drivers/STM32F1xx_HAL_Driver/Src/stm32f1xx_hal_flash.c ****           FLASH_Program_HalfWord(addresstmp, (uint16_t)pFlash.Data);
 543:Drivers/STM32F1xx_HAL_Driver/Src/stm32f1xx_hal_flash.c ****         }
 544:Drivers/STM32F1xx_HAL_Driver/Src/stm32f1xx_hal_flash.c ****         else
 545:Drivers/STM32F1xx_HAL_Driver/Src/stm32f1xx_hal_flash.c ****         {
 546:Drivers/STM32F1xx_HAL_Driver/Src/stm32f1xx_hal_flash.c ****           /*Program ended. Return the selected address*/
 547:Drivers/STM32F1xx_HAL_Driver/Src/stm32f1xx_hal_flash.c ****           /* FLASH EOP interrupt user callback */
 548:Drivers/STM32F1xx_HAL_Driver/Src/stm32f1xx_hal_flash.c ****           if (pFlash.ProcedureOnGoing == FLASH_PROC_PROGRAMHALFWORD)
 549:Drivers/STM32F1xx_HAL_Driver/Src/stm32f1xx_hal_flash.c ****           {
 550:Drivers/STM32F1xx_HAL_Driver/Src/stm32f1xx_hal_flash.c ****             HAL_FLASH_EndOfOperationCallback(pFlash.Address);
 551:Drivers/STM32F1xx_HAL_Driver/Src/stm32f1xx_hal_flash.c ****           }
 552:Drivers/STM32F1xx_HAL_Driver/Src/stm32f1xx_hal_flash.c ****           else if (pFlash.ProcedureOnGoing == FLASH_PROC_PROGRAMWORD)
 553:Drivers/STM32F1xx_HAL_Driver/Src/stm32f1xx_hal_flash.c ****           {
 554:Drivers/STM32F1xx_HAL_Driver/Src/stm32f1xx_hal_flash.c ****             HAL_FLASH_EndOfOperationCallback(pFlash.Address-2U);
 555:Drivers/STM32F1xx_HAL_Driver/Src/stm32f1xx_hal_flash.c ****           }
 556:Drivers/STM32F1xx_HAL_Driver/Src/stm32f1xx_hal_flash.c ****           else 
 557:Drivers/STM32F1xx_HAL_Driver/Src/stm32f1xx_hal_flash.c ****           {
 558:Drivers/STM32F1xx_HAL_Driver/Src/stm32f1xx_hal_flash.c ****             HAL_FLASH_EndOfOperationCallback(pFlash.Address-6U);
 559:Drivers/STM32F1xx_HAL_Driver/Src/stm32f1xx_hal_flash.c ****           }
 560:Drivers/STM32F1xx_HAL_Driver/Src/stm32f1xx_hal_flash.c ****           
 561:Drivers/STM32F1xx_HAL_Driver/Src/stm32f1xx_hal_flash.c ****           /* Reset Address and stop Program procedure*/
 562:Drivers/STM32F1xx_HAL_Driver/Src/stm32f1xx_hal_flash.c ****           pFlash.Address = 0xFFFFFFFFU;
 563:Drivers/STM32F1xx_HAL_Driver/Src/stm32f1xx_hal_flash.c ****           pFlash.ProcedureOnGoing = FLASH_PROC_NONE;
 564:Drivers/STM32F1xx_HAL_Driver/Src/stm32f1xx_hal_flash.c ****         }
 565:Drivers/STM32F1xx_HAL_Driver/Src/stm32f1xx_hal_flash.c ****       }
 566:Drivers/STM32F1xx_HAL_Driver/Src/stm32f1xx_hal_flash.c ****     }
 567:Drivers/STM32F1xx_HAL_Driver/Src/stm32f1xx_hal_flash.c ****   }
 568:Drivers/STM32F1xx_HAL_Driver/Src/stm32f1xx_hal_flash.c **** #endif 
 569:Drivers/STM32F1xx_HAL_Driver/Src/stm32f1xx_hal_flash.c **** 
 570:Drivers/STM32F1xx_HAL_Driver/Src/stm32f1xx_hal_flash.c ****   if(pFlash.ProcedureOnGoing == FLASH_PROC_NONE)
 561              		.loc 1 570 12
 562 018e 0B4B     		ldr	r3, .L34+4
 563 0190 1B78     		ldrb	r3, [r3]
 564 0192 DBB2     		uxtb	r3, r3
 565              		.loc 1 570 5
 566 0194 002B     		cmp	r3, #0
 567 0196 0BD1     		bne	.L33
 571:Drivers/STM32F1xx_HAL_Driver/Src/stm32f1xx_hal_flash.c ****   {
 572:Drivers/STM32F1xx_HAL_Driver/Src/stm32f1xx_hal_flash.c **** #if defined(FLASH_BANK2_END)
 573:Drivers/STM32F1xx_HAL_Driver/Src/stm32f1xx_hal_flash.c ****     /* Operation is completed, disable the PG, PER and MER Bits for both bank */
 574:Drivers/STM32F1xx_HAL_Driver/Src/stm32f1xx_hal_flash.c ****     CLEAR_BIT(FLASH->CR, (FLASH_CR_PG | FLASH_CR_PER | FLASH_CR_MER));
ARM GAS  /var/folders/xf/tcndk8390ml5xdpfw93qkhpm0000gn/T//ccf7Jq5o.s 			page 21


 575:Drivers/STM32F1xx_HAL_Driver/Src/stm32f1xx_hal_flash.c ****     CLEAR_BIT(FLASH->CR2, (FLASH_CR2_PG | FLASH_CR2_PER | FLASH_CR2_MER));  
 576:Drivers/STM32F1xx_HAL_Driver/Src/stm32f1xx_hal_flash.c ****   
 577:Drivers/STM32F1xx_HAL_Driver/Src/stm32f1xx_hal_flash.c ****     /* Disable End of FLASH Operation and Error source interrupts for both banks */
 578:Drivers/STM32F1xx_HAL_Driver/Src/stm32f1xx_hal_flash.c ****     __HAL_FLASH_DISABLE_IT(FLASH_IT_EOP_BANK1 | FLASH_IT_ERR_BANK1 | FLASH_IT_EOP_BANK2 | FLASH_IT_
 579:Drivers/STM32F1xx_HAL_Driver/Src/stm32f1xx_hal_flash.c **** #else
 580:Drivers/STM32F1xx_HAL_Driver/Src/stm32f1xx_hal_flash.c ****     /* Operation is completed, disable the PG, PER and MER Bits */
 581:Drivers/STM32F1xx_HAL_Driver/Src/stm32f1xx_hal_flash.c ****     CLEAR_BIT(FLASH->CR, (FLASH_CR_PG | FLASH_CR_PER | FLASH_CR_MER));
 568              		.loc 1 581 5
 569 0198 074B     		ldr	r3, .L34
 570 019a 1B69     		ldr	r3, [r3, #16]
 571 019c 064A     		ldr	r2, .L34
 572 019e 23F00703 		bic	r3, r3, #7
 573 01a2 1361     		str	r3, [r2, #16]
 582:Drivers/STM32F1xx_HAL_Driver/Src/stm32f1xx_hal_flash.c **** 
 583:Drivers/STM32F1xx_HAL_Driver/Src/stm32f1xx_hal_flash.c ****     /* Disable End of FLASH Operation and Error source interrupts */
 584:Drivers/STM32F1xx_HAL_Driver/Src/stm32f1xx_hal_flash.c ****     __HAL_FLASH_DISABLE_IT(FLASH_IT_EOP | FLASH_IT_ERR);
 574              		.loc 1 584 5
 575 01a4 044B     		ldr	r3, .L34
 576 01a6 1B69     		ldr	r3, [r3, #16]
 577 01a8 034A     		ldr	r2, .L34
 578 01aa 23F4A053 		bic	r3, r3, #5120
 579 01ae 1361     		str	r3, [r2, #16]
 580              	.L33:
 585:Drivers/STM32F1xx_HAL_Driver/Src/stm32f1xx_hal_flash.c **** #endif /* FLASH_BANK2_END */
 586:Drivers/STM32F1xx_HAL_Driver/Src/stm32f1xx_hal_flash.c **** 
 587:Drivers/STM32F1xx_HAL_Driver/Src/stm32f1xx_hal_flash.c ****   }
 588:Drivers/STM32F1xx_HAL_Driver/Src/stm32f1xx_hal_flash.c **** }
 581              		.loc 1 588 1
 582 01b0 00BF     		nop
 583 01b2 0837     		adds	r7, r7, #8
 584              	.LCFI13:
 585              		.cfi_def_cfa_offset 8
 586 01b4 BD46     		mov	sp, r7
 587              	.LCFI14:
 588              		.cfi_def_cfa_register 13
 589              		@ sp needed
 590 01b6 80BD     		pop	{r7, pc}
 591              	.L35:
 592              		.align	2
 593              	.L34:
 594 01b8 00200240 		.word	1073881088
 595 01bc 00000000 		.word	pFlash
 596              		.cfi_endproc
 597              	.LFE67:
 599              		.section	.text.HAL_FLASH_EndOfOperationCallback,"ax",%progbits
 600              		.align	1
 601              		.weak	HAL_FLASH_EndOfOperationCallback
 602              		.syntax unified
 603              		.thumb
 604              		.thumb_func
 606              	HAL_FLASH_EndOfOperationCallback:
 607              	.LFB68:
 589:Drivers/STM32F1xx_HAL_Driver/Src/stm32f1xx_hal_flash.c **** 
 590:Drivers/STM32F1xx_HAL_Driver/Src/stm32f1xx_hal_flash.c **** /**
 591:Drivers/STM32F1xx_HAL_Driver/Src/stm32f1xx_hal_flash.c ****   * @brief  FLASH end of operation interrupt callback
 592:Drivers/STM32F1xx_HAL_Driver/Src/stm32f1xx_hal_flash.c ****   * @param  ReturnValue: The value saved in this parameter depends on the ongoing procedure
 593:Drivers/STM32F1xx_HAL_Driver/Src/stm32f1xx_hal_flash.c ****   *                 - Mass Erase: No return value expected
ARM GAS  /var/folders/xf/tcndk8390ml5xdpfw93qkhpm0000gn/T//ccf7Jq5o.s 			page 22


 594:Drivers/STM32F1xx_HAL_Driver/Src/stm32f1xx_hal_flash.c ****   *                 - Pages Erase: Address of the page which has been erased 
 595:Drivers/STM32F1xx_HAL_Driver/Src/stm32f1xx_hal_flash.c ****   *                    (if 0xFFFFFFFF, it means that all the selected pages have been erased)
 596:Drivers/STM32F1xx_HAL_Driver/Src/stm32f1xx_hal_flash.c ****   *                 - Program: Address which was selected for data program
 597:Drivers/STM32F1xx_HAL_Driver/Src/stm32f1xx_hal_flash.c ****   * @retval none
 598:Drivers/STM32F1xx_HAL_Driver/Src/stm32f1xx_hal_flash.c ****   */
 599:Drivers/STM32F1xx_HAL_Driver/Src/stm32f1xx_hal_flash.c **** __weak void HAL_FLASH_EndOfOperationCallback(uint32_t ReturnValue)
 600:Drivers/STM32F1xx_HAL_Driver/Src/stm32f1xx_hal_flash.c **** {
 608              		.loc 1 600 1
 609              		.cfi_startproc
 610              		@ args = 0, pretend = 0, frame = 8
 611              		@ frame_needed = 1, uses_anonymous_args = 0
 612              		@ link register save eliminated.
 613 0000 80B4     		push	{r7}
 614              	.LCFI15:
 615              		.cfi_def_cfa_offset 4
 616              		.cfi_offset 7, -4
 617 0002 83B0     		sub	sp, sp, #12
 618              	.LCFI16:
 619              		.cfi_def_cfa_offset 16
 620 0004 00AF     		add	r7, sp, #0
 621              	.LCFI17:
 622              		.cfi_def_cfa_register 7
 623 0006 7860     		str	r0, [r7, #4]
 601:Drivers/STM32F1xx_HAL_Driver/Src/stm32f1xx_hal_flash.c ****   /* Prevent unused argument(s) compilation warning */
 602:Drivers/STM32F1xx_HAL_Driver/Src/stm32f1xx_hal_flash.c ****   UNUSED(ReturnValue);
 603:Drivers/STM32F1xx_HAL_Driver/Src/stm32f1xx_hal_flash.c **** 
 604:Drivers/STM32F1xx_HAL_Driver/Src/stm32f1xx_hal_flash.c ****   /* NOTE : This function Should not be modified, when the callback is needed,
 605:Drivers/STM32F1xx_HAL_Driver/Src/stm32f1xx_hal_flash.c ****             the HAL_FLASH_EndOfOperationCallback could be implemented in the user file
 606:Drivers/STM32F1xx_HAL_Driver/Src/stm32f1xx_hal_flash.c ****    */ 
 607:Drivers/STM32F1xx_HAL_Driver/Src/stm32f1xx_hal_flash.c **** }
 624              		.loc 1 607 1
 625 0008 00BF     		nop
 626 000a 0C37     		adds	r7, r7, #12
 627              	.LCFI18:
 628              		.cfi_def_cfa_offset 4
 629 000c BD46     		mov	sp, r7
 630              	.LCFI19:
 631              		.cfi_def_cfa_register 13
 632              		@ sp needed
 633 000e 80BC     		pop	{r7}
 634              	.LCFI20:
 635              		.cfi_restore 7
 636              		.cfi_def_cfa_offset 0
 637 0010 7047     		bx	lr
 638              		.cfi_endproc
 639              	.LFE68:
 641              		.section	.text.HAL_FLASH_OperationErrorCallback,"ax",%progbits
 642              		.align	1
 643              		.weak	HAL_FLASH_OperationErrorCallback
 644              		.syntax unified
 645              		.thumb
 646              		.thumb_func
 648              	HAL_FLASH_OperationErrorCallback:
 649              	.LFB69:
 608:Drivers/STM32F1xx_HAL_Driver/Src/stm32f1xx_hal_flash.c **** 
 609:Drivers/STM32F1xx_HAL_Driver/Src/stm32f1xx_hal_flash.c **** /**
 610:Drivers/STM32F1xx_HAL_Driver/Src/stm32f1xx_hal_flash.c ****   * @brief  FLASH operation error interrupt callback
ARM GAS  /var/folders/xf/tcndk8390ml5xdpfw93qkhpm0000gn/T//ccf7Jq5o.s 			page 23


 611:Drivers/STM32F1xx_HAL_Driver/Src/stm32f1xx_hal_flash.c ****   * @param  ReturnValue: The value saved in this parameter depends on the ongoing procedure
 612:Drivers/STM32F1xx_HAL_Driver/Src/stm32f1xx_hal_flash.c ****   *                 - Mass Erase: No return value expected
 613:Drivers/STM32F1xx_HAL_Driver/Src/stm32f1xx_hal_flash.c ****   *                 - Pages Erase: Address of the page which returned an error
 614:Drivers/STM32F1xx_HAL_Driver/Src/stm32f1xx_hal_flash.c ****   *                 - Program: Address which was selected for data program
 615:Drivers/STM32F1xx_HAL_Driver/Src/stm32f1xx_hal_flash.c ****   * @retval none
 616:Drivers/STM32F1xx_HAL_Driver/Src/stm32f1xx_hal_flash.c ****   */
 617:Drivers/STM32F1xx_HAL_Driver/Src/stm32f1xx_hal_flash.c **** __weak void HAL_FLASH_OperationErrorCallback(uint32_t ReturnValue)
 618:Drivers/STM32F1xx_HAL_Driver/Src/stm32f1xx_hal_flash.c **** {
 650              		.loc 1 618 1
 651              		.cfi_startproc
 652              		@ args = 0, pretend = 0, frame = 8
 653              		@ frame_needed = 1, uses_anonymous_args = 0
 654              		@ link register save eliminated.
 655 0000 80B4     		push	{r7}
 656              	.LCFI21:
 657              		.cfi_def_cfa_offset 4
 658              		.cfi_offset 7, -4
 659 0002 83B0     		sub	sp, sp, #12
 660              	.LCFI22:
 661              		.cfi_def_cfa_offset 16
 662 0004 00AF     		add	r7, sp, #0
 663              	.LCFI23:
 664              		.cfi_def_cfa_register 7
 665 0006 7860     		str	r0, [r7, #4]
 619:Drivers/STM32F1xx_HAL_Driver/Src/stm32f1xx_hal_flash.c ****   /* Prevent unused argument(s) compilation warning */
 620:Drivers/STM32F1xx_HAL_Driver/Src/stm32f1xx_hal_flash.c ****   UNUSED(ReturnValue);
 621:Drivers/STM32F1xx_HAL_Driver/Src/stm32f1xx_hal_flash.c **** 
 622:Drivers/STM32F1xx_HAL_Driver/Src/stm32f1xx_hal_flash.c ****   /* NOTE : This function Should not be modified, when the callback is needed,
 623:Drivers/STM32F1xx_HAL_Driver/Src/stm32f1xx_hal_flash.c ****             the HAL_FLASH_OperationErrorCallback could be implemented in the user file
 624:Drivers/STM32F1xx_HAL_Driver/Src/stm32f1xx_hal_flash.c ****    */ 
 625:Drivers/STM32F1xx_HAL_Driver/Src/stm32f1xx_hal_flash.c **** }
 666              		.loc 1 625 1
 667 0008 00BF     		nop
 668 000a 0C37     		adds	r7, r7, #12
 669              	.LCFI24:
 670              		.cfi_def_cfa_offset 4
 671 000c BD46     		mov	sp, r7
 672              	.LCFI25:
 673              		.cfi_def_cfa_register 13
 674              		@ sp needed
 675 000e 80BC     		pop	{r7}
 676              	.LCFI26:
 677              		.cfi_restore 7
 678              		.cfi_def_cfa_offset 0
 679 0010 7047     		bx	lr
 680              		.cfi_endproc
 681              	.LFE69:
 683              		.section	.text.HAL_FLASH_Unlock,"ax",%progbits
 684              		.align	1
 685              		.global	HAL_FLASH_Unlock
 686              		.syntax unified
 687              		.thumb
 688              		.thumb_func
 690              	HAL_FLASH_Unlock:
 691              	.LFB70:
 626:Drivers/STM32F1xx_HAL_Driver/Src/stm32f1xx_hal_flash.c **** 
 627:Drivers/STM32F1xx_HAL_Driver/Src/stm32f1xx_hal_flash.c **** /**
ARM GAS  /var/folders/xf/tcndk8390ml5xdpfw93qkhpm0000gn/T//ccf7Jq5o.s 			page 24


 628:Drivers/STM32F1xx_HAL_Driver/Src/stm32f1xx_hal_flash.c ****   * @}
 629:Drivers/STM32F1xx_HAL_Driver/Src/stm32f1xx_hal_flash.c ****   */
 630:Drivers/STM32F1xx_HAL_Driver/Src/stm32f1xx_hal_flash.c **** 
 631:Drivers/STM32F1xx_HAL_Driver/Src/stm32f1xx_hal_flash.c **** /** @defgroup FLASH_Exported_Functions_Group2 Peripheral Control functions 
 632:Drivers/STM32F1xx_HAL_Driver/Src/stm32f1xx_hal_flash.c ****  *  @brief   management functions 
 633:Drivers/STM32F1xx_HAL_Driver/Src/stm32f1xx_hal_flash.c ****  *
 634:Drivers/STM32F1xx_HAL_Driver/Src/stm32f1xx_hal_flash.c **** @verbatim   
 635:Drivers/STM32F1xx_HAL_Driver/Src/stm32f1xx_hal_flash.c ****  ===============================================================================
 636:Drivers/STM32F1xx_HAL_Driver/Src/stm32f1xx_hal_flash.c ****                       ##### Peripheral Control functions #####
 637:Drivers/STM32F1xx_HAL_Driver/Src/stm32f1xx_hal_flash.c ****  ===============================================================================  
 638:Drivers/STM32F1xx_HAL_Driver/Src/stm32f1xx_hal_flash.c ****     [..]
 639:Drivers/STM32F1xx_HAL_Driver/Src/stm32f1xx_hal_flash.c ****     This subsection provides a set of functions allowing to control the FLASH 
 640:Drivers/STM32F1xx_HAL_Driver/Src/stm32f1xx_hal_flash.c ****     memory operations.
 641:Drivers/STM32F1xx_HAL_Driver/Src/stm32f1xx_hal_flash.c **** 
 642:Drivers/STM32F1xx_HAL_Driver/Src/stm32f1xx_hal_flash.c **** @endverbatim
 643:Drivers/STM32F1xx_HAL_Driver/Src/stm32f1xx_hal_flash.c ****   * @{
 644:Drivers/STM32F1xx_HAL_Driver/Src/stm32f1xx_hal_flash.c ****   */
 645:Drivers/STM32F1xx_HAL_Driver/Src/stm32f1xx_hal_flash.c **** 
 646:Drivers/STM32F1xx_HAL_Driver/Src/stm32f1xx_hal_flash.c **** /**
 647:Drivers/STM32F1xx_HAL_Driver/Src/stm32f1xx_hal_flash.c ****   * @brief  Unlock the FLASH control register access
 648:Drivers/STM32F1xx_HAL_Driver/Src/stm32f1xx_hal_flash.c ****   * @retval HAL Status
 649:Drivers/STM32F1xx_HAL_Driver/Src/stm32f1xx_hal_flash.c ****   */
 650:Drivers/STM32F1xx_HAL_Driver/Src/stm32f1xx_hal_flash.c **** HAL_StatusTypeDef HAL_FLASH_Unlock(void)
 651:Drivers/STM32F1xx_HAL_Driver/Src/stm32f1xx_hal_flash.c **** {
 692              		.loc 1 651 1
 693              		.cfi_startproc
 694              		@ args = 0, pretend = 0, frame = 8
 695              		@ frame_needed = 1, uses_anonymous_args = 0
 696              		@ link register save eliminated.
 697 0000 80B4     		push	{r7}
 698              	.LCFI27:
 699              		.cfi_def_cfa_offset 4
 700              		.cfi_offset 7, -4
 701 0002 83B0     		sub	sp, sp, #12
 702              	.LCFI28:
 703              		.cfi_def_cfa_offset 16
 704 0004 00AF     		add	r7, sp, #0
 705              	.LCFI29:
 706              		.cfi_def_cfa_register 7
 652:Drivers/STM32F1xx_HAL_Driver/Src/stm32f1xx_hal_flash.c ****   HAL_StatusTypeDef status = HAL_OK;
 707              		.loc 1 652 21
 708 0006 0023     		movs	r3, #0
 709 0008 FB71     		strb	r3, [r7, #7]
 653:Drivers/STM32F1xx_HAL_Driver/Src/stm32f1xx_hal_flash.c **** 
 654:Drivers/STM32F1xx_HAL_Driver/Src/stm32f1xx_hal_flash.c ****   if(READ_BIT(FLASH->CR, FLASH_CR_LOCK) != RESET)
 710              		.loc 1 654 6
 711 000a 0D4B     		ldr	r3, .L41
 712 000c 1B69     		ldr	r3, [r3, #16]
 713 000e 03F08003 		and	r3, r3, #128
 714              		.loc 1 654 5
 715 0012 002B     		cmp	r3, #0
 716 0014 0DD0     		beq	.L39
 655:Drivers/STM32F1xx_HAL_Driver/Src/stm32f1xx_hal_flash.c ****   {
 656:Drivers/STM32F1xx_HAL_Driver/Src/stm32f1xx_hal_flash.c ****     /* Authorize the FLASH Registers access */
 657:Drivers/STM32F1xx_HAL_Driver/Src/stm32f1xx_hal_flash.c ****     WRITE_REG(FLASH->KEYR, FLASH_KEY1);
 717              		.loc 1 657 5
 718 0016 0A4B     		ldr	r3, .L41
ARM GAS  /var/folders/xf/tcndk8390ml5xdpfw93qkhpm0000gn/T//ccf7Jq5o.s 			page 25


 719 0018 0A4A     		ldr	r2, .L41+4
 720 001a 5A60     		str	r2, [r3, #4]
 658:Drivers/STM32F1xx_HAL_Driver/Src/stm32f1xx_hal_flash.c ****     WRITE_REG(FLASH->KEYR, FLASH_KEY2);
 721              		.loc 1 658 5
 722 001c 084B     		ldr	r3, .L41
 723 001e 0A4A     		ldr	r2, .L41+8
 724 0020 5A60     		str	r2, [r3, #4]
 659:Drivers/STM32F1xx_HAL_Driver/Src/stm32f1xx_hal_flash.c **** 
 660:Drivers/STM32F1xx_HAL_Driver/Src/stm32f1xx_hal_flash.c ****     /* Verify Flash is unlocked */
 661:Drivers/STM32F1xx_HAL_Driver/Src/stm32f1xx_hal_flash.c ****     if(READ_BIT(FLASH->CR, FLASH_CR_LOCK) != RESET)
 725              		.loc 1 661 8
 726 0022 074B     		ldr	r3, .L41
 727 0024 1B69     		ldr	r3, [r3, #16]
 728 0026 03F08003 		and	r3, r3, #128
 729              		.loc 1 661 7
 730 002a 002B     		cmp	r3, #0
 731 002c 01D0     		beq	.L39
 662:Drivers/STM32F1xx_HAL_Driver/Src/stm32f1xx_hal_flash.c ****     {
 663:Drivers/STM32F1xx_HAL_Driver/Src/stm32f1xx_hal_flash.c ****       status = HAL_ERROR;
 732              		.loc 1 663 14
 733 002e 0123     		movs	r3, #1
 734 0030 FB71     		strb	r3, [r7, #7]
 735              	.L39:
 664:Drivers/STM32F1xx_HAL_Driver/Src/stm32f1xx_hal_flash.c ****     }
 665:Drivers/STM32F1xx_HAL_Driver/Src/stm32f1xx_hal_flash.c ****   }
 666:Drivers/STM32F1xx_HAL_Driver/Src/stm32f1xx_hal_flash.c **** #if defined(FLASH_BANK2_END)
 667:Drivers/STM32F1xx_HAL_Driver/Src/stm32f1xx_hal_flash.c ****   if(READ_BIT(FLASH->CR2, FLASH_CR2_LOCK) != RESET)
 668:Drivers/STM32F1xx_HAL_Driver/Src/stm32f1xx_hal_flash.c ****   {
 669:Drivers/STM32F1xx_HAL_Driver/Src/stm32f1xx_hal_flash.c ****     /* Authorize the FLASH BANK2 Registers access */
 670:Drivers/STM32F1xx_HAL_Driver/Src/stm32f1xx_hal_flash.c ****     WRITE_REG(FLASH->KEYR2, FLASH_KEY1);
 671:Drivers/STM32F1xx_HAL_Driver/Src/stm32f1xx_hal_flash.c ****     WRITE_REG(FLASH->KEYR2, FLASH_KEY2);
 672:Drivers/STM32F1xx_HAL_Driver/Src/stm32f1xx_hal_flash.c ****     
 673:Drivers/STM32F1xx_HAL_Driver/Src/stm32f1xx_hal_flash.c ****     /* Verify Flash BANK2 is unlocked */
 674:Drivers/STM32F1xx_HAL_Driver/Src/stm32f1xx_hal_flash.c ****     if(READ_BIT(FLASH->CR2, FLASH_CR2_LOCK) != RESET)
 675:Drivers/STM32F1xx_HAL_Driver/Src/stm32f1xx_hal_flash.c ****     {
 676:Drivers/STM32F1xx_HAL_Driver/Src/stm32f1xx_hal_flash.c ****       status = HAL_ERROR;
 677:Drivers/STM32F1xx_HAL_Driver/Src/stm32f1xx_hal_flash.c ****     }
 678:Drivers/STM32F1xx_HAL_Driver/Src/stm32f1xx_hal_flash.c ****   }
 679:Drivers/STM32F1xx_HAL_Driver/Src/stm32f1xx_hal_flash.c **** #endif /* FLASH_BANK2_END */
 680:Drivers/STM32F1xx_HAL_Driver/Src/stm32f1xx_hal_flash.c **** 
 681:Drivers/STM32F1xx_HAL_Driver/Src/stm32f1xx_hal_flash.c ****   return status;
 736              		.loc 1 681 10
 737 0032 FB79     		ldrb	r3, [r7, #7]	@ zero_extendqisi2
 682:Drivers/STM32F1xx_HAL_Driver/Src/stm32f1xx_hal_flash.c **** }
 738              		.loc 1 682 1
 739 0034 1846     		mov	r0, r3
 740 0036 0C37     		adds	r7, r7, #12
 741              	.LCFI30:
 742              		.cfi_def_cfa_offset 4
 743 0038 BD46     		mov	sp, r7
 744              	.LCFI31:
 745              		.cfi_def_cfa_register 13
 746              		@ sp needed
 747 003a 80BC     		pop	{r7}
 748              	.LCFI32:
 749              		.cfi_restore 7
 750              		.cfi_def_cfa_offset 0
ARM GAS  /var/folders/xf/tcndk8390ml5xdpfw93qkhpm0000gn/T//ccf7Jq5o.s 			page 26


 751 003c 7047     		bx	lr
 752              	.L42:
 753 003e 00BF     		.align	2
 754              	.L41:
 755 0040 00200240 		.word	1073881088
 756 0044 23016745 		.word	1164378403
 757 0048 AB89EFCD 		.word	-839939669
 758              		.cfi_endproc
 759              	.LFE70:
 761              		.section	.text.HAL_FLASH_Lock,"ax",%progbits
 762              		.align	1
 763              		.global	HAL_FLASH_Lock
 764              		.syntax unified
 765              		.thumb
 766              		.thumb_func
 768              	HAL_FLASH_Lock:
 769              	.LFB71:
 683:Drivers/STM32F1xx_HAL_Driver/Src/stm32f1xx_hal_flash.c **** 
 684:Drivers/STM32F1xx_HAL_Driver/Src/stm32f1xx_hal_flash.c **** /**
 685:Drivers/STM32F1xx_HAL_Driver/Src/stm32f1xx_hal_flash.c ****   * @brief  Locks the FLASH control register access
 686:Drivers/STM32F1xx_HAL_Driver/Src/stm32f1xx_hal_flash.c ****   * @retval HAL Status
 687:Drivers/STM32F1xx_HAL_Driver/Src/stm32f1xx_hal_flash.c ****   */
 688:Drivers/STM32F1xx_HAL_Driver/Src/stm32f1xx_hal_flash.c **** HAL_StatusTypeDef HAL_FLASH_Lock(void)
 689:Drivers/STM32F1xx_HAL_Driver/Src/stm32f1xx_hal_flash.c **** {
 770              		.loc 1 689 1
 771              		.cfi_startproc
 772              		@ args = 0, pretend = 0, frame = 0
 773              		@ frame_needed = 1, uses_anonymous_args = 0
 774              		@ link register save eliminated.
 775 0000 80B4     		push	{r7}
 776              	.LCFI33:
 777              		.cfi_def_cfa_offset 4
 778              		.cfi_offset 7, -4
 779 0002 00AF     		add	r7, sp, #0
 780              	.LCFI34:
 781              		.cfi_def_cfa_register 7
 690:Drivers/STM32F1xx_HAL_Driver/Src/stm32f1xx_hal_flash.c ****   /* Set the LOCK Bit to lock the FLASH Registers access */
 691:Drivers/STM32F1xx_HAL_Driver/Src/stm32f1xx_hal_flash.c ****   SET_BIT(FLASH->CR, FLASH_CR_LOCK);
 782              		.loc 1 691 3
 783 0004 054B     		ldr	r3, .L45
 784 0006 1B69     		ldr	r3, [r3, #16]
 785 0008 044A     		ldr	r2, .L45
 786 000a 43F08003 		orr	r3, r3, #128
 787 000e 1361     		str	r3, [r2, #16]
 692:Drivers/STM32F1xx_HAL_Driver/Src/stm32f1xx_hal_flash.c ****   
 693:Drivers/STM32F1xx_HAL_Driver/Src/stm32f1xx_hal_flash.c **** #if defined(FLASH_BANK2_END)
 694:Drivers/STM32F1xx_HAL_Driver/Src/stm32f1xx_hal_flash.c ****   /* Set the LOCK Bit to lock the FLASH BANK2 Registers access */
 695:Drivers/STM32F1xx_HAL_Driver/Src/stm32f1xx_hal_flash.c ****   SET_BIT(FLASH->CR2, FLASH_CR2_LOCK);
 696:Drivers/STM32F1xx_HAL_Driver/Src/stm32f1xx_hal_flash.c **** 
 697:Drivers/STM32F1xx_HAL_Driver/Src/stm32f1xx_hal_flash.c **** #endif /* FLASH_BANK2_END */
 698:Drivers/STM32F1xx_HAL_Driver/Src/stm32f1xx_hal_flash.c ****   return HAL_OK;  
 788              		.loc 1 698 10
 789 0010 0023     		movs	r3, #0
 699:Drivers/STM32F1xx_HAL_Driver/Src/stm32f1xx_hal_flash.c **** }
 790              		.loc 1 699 1
 791 0012 1846     		mov	r0, r3
 792 0014 BD46     		mov	sp, r7
ARM GAS  /var/folders/xf/tcndk8390ml5xdpfw93qkhpm0000gn/T//ccf7Jq5o.s 			page 27


 793              	.LCFI35:
 794              		.cfi_def_cfa_register 13
 795              		@ sp needed
 796 0016 80BC     		pop	{r7}
 797              	.LCFI36:
 798              		.cfi_restore 7
 799              		.cfi_def_cfa_offset 0
 800 0018 7047     		bx	lr
 801              	.L46:
 802 001a 00BF     		.align	2
 803              	.L45:
 804 001c 00200240 		.word	1073881088
 805              		.cfi_endproc
 806              	.LFE71:
 808              		.section	.text.HAL_FLASH_OB_Unlock,"ax",%progbits
 809              		.align	1
 810              		.global	HAL_FLASH_OB_Unlock
 811              		.syntax unified
 812              		.thumb
 813              		.thumb_func
 815              	HAL_FLASH_OB_Unlock:
 816              	.LFB72:
 700:Drivers/STM32F1xx_HAL_Driver/Src/stm32f1xx_hal_flash.c **** 
 701:Drivers/STM32F1xx_HAL_Driver/Src/stm32f1xx_hal_flash.c **** /**
 702:Drivers/STM32F1xx_HAL_Driver/Src/stm32f1xx_hal_flash.c ****   * @brief  Unlock the FLASH Option Control Registers access.
 703:Drivers/STM32F1xx_HAL_Driver/Src/stm32f1xx_hal_flash.c ****   * @retval HAL Status
 704:Drivers/STM32F1xx_HAL_Driver/Src/stm32f1xx_hal_flash.c ****   */
 705:Drivers/STM32F1xx_HAL_Driver/Src/stm32f1xx_hal_flash.c **** HAL_StatusTypeDef HAL_FLASH_OB_Unlock(void)
 706:Drivers/STM32F1xx_HAL_Driver/Src/stm32f1xx_hal_flash.c **** {
 817              		.loc 1 706 1
 818              		.cfi_startproc
 819              		@ args = 0, pretend = 0, frame = 0
 820              		@ frame_needed = 1, uses_anonymous_args = 0
 821              		@ link register save eliminated.
 822 0000 80B4     		push	{r7}
 823              	.LCFI37:
 824              		.cfi_def_cfa_offset 4
 825              		.cfi_offset 7, -4
 826 0002 00AF     		add	r7, sp, #0
 827              	.LCFI38:
 828              		.cfi_def_cfa_register 7
 707:Drivers/STM32F1xx_HAL_Driver/Src/stm32f1xx_hal_flash.c ****   if (HAL_IS_BIT_CLR(FLASH->CR, FLASH_CR_OPTWRE))
 829              		.loc 1 707 7
 830 0004 094B     		ldr	r3, .L51
 831 0006 1B69     		ldr	r3, [r3, #16]
 832 0008 03F40073 		and	r3, r3, #512
 833              		.loc 1 707 6
 834 000c 002B     		cmp	r3, #0
 835 000e 07D1     		bne	.L48
 708:Drivers/STM32F1xx_HAL_Driver/Src/stm32f1xx_hal_flash.c ****   {
 709:Drivers/STM32F1xx_HAL_Driver/Src/stm32f1xx_hal_flash.c ****     /* Authorizes the Option Byte register programming */
 710:Drivers/STM32F1xx_HAL_Driver/Src/stm32f1xx_hal_flash.c ****     WRITE_REG(FLASH->OPTKEYR, FLASH_OPTKEY1);
 836              		.loc 1 710 5
 837 0010 064B     		ldr	r3, .L51
 838 0012 074A     		ldr	r2, .L51+4
 839 0014 9A60     		str	r2, [r3, #8]
 711:Drivers/STM32F1xx_HAL_Driver/Src/stm32f1xx_hal_flash.c ****     WRITE_REG(FLASH->OPTKEYR, FLASH_OPTKEY2);
ARM GAS  /var/folders/xf/tcndk8390ml5xdpfw93qkhpm0000gn/T//ccf7Jq5o.s 			page 28


 840              		.loc 1 711 5
 841 0016 054B     		ldr	r3, .L51
 842 0018 064A     		ldr	r2, .L51+8
 843 001a 9A60     		str	r2, [r3, #8]
 712:Drivers/STM32F1xx_HAL_Driver/Src/stm32f1xx_hal_flash.c ****   }
 713:Drivers/STM32F1xx_HAL_Driver/Src/stm32f1xx_hal_flash.c ****   else
 714:Drivers/STM32F1xx_HAL_Driver/Src/stm32f1xx_hal_flash.c ****   {
 715:Drivers/STM32F1xx_HAL_Driver/Src/stm32f1xx_hal_flash.c ****     return HAL_ERROR;
 716:Drivers/STM32F1xx_HAL_Driver/Src/stm32f1xx_hal_flash.c ****   }  
 717:Drivers/STM32F1xx_HAL_Driver/Src/stm32f1xx_hal_flash.c ****   
 718:Drivers/STM32F1xx_HAL_Driver/Src/stm32f1xx_hal_flash.c ****   return HAL_OK;  
 844              		.loc 1 718 10
 845 001c 0023     		movs	r3, #0
 846 001e 00E0     		b	.L50
 847              	.L48:
 715:Drivers/STM32F1xx_HAL_Driver/Src/stm32f1xx_hal_flash.c ****   }  
 848              		.loc 1 715 12
 849 0020 0123     		movs	r3, #1
 850              	.L50:
 719:Drivers/STM32F1xx_HAL_Driver/Src/stm32f1xx_hal_flash.c **** }
 851              		.loc 1 719 1
 852 0022 1846     		mov	r0, r3
 853 0024 BD46     		mov	sp, r7
 854              	.LCFI39:
 855              		.cfi_def_cfa_register 13
 856              		@ sp needed
 857 0026 80BC     		pop	{r7}
 858              	.LCFI40:
 859              		.cfi_restore 7
 860              		.cfi_def_cfa_offset 0
 861 0028 7047     		bx	lr
 862              	.L52:
 863 002a 00BF     		.align	2
 864              	.L51:
 865 002c 00200240 		.word	1073881088
 866 0030 23016745 		.word	1164378403
 867 0034 AB89EFCD 		.word	-839939669
 868              		.cfi_endproc
 869              	.LFE72:
 871              		.section	.text.HAL_FLASH_OB_Lock,"ax",%progbits
 872              		.align	1
 873              		.global	HAL_FLASH_OB_Lock
 874              		.syntax unified
 875              		.thumb
 876              		.thumb_func
 878              	HAL_FLASH_OB_Lock:
 879              	.LFB73:
 720:Drivers/STM32F1xx_HAL_Driver/Src/stm32f1xx_hal_flash.c **** 
 721:Drivers/STM32F1xx_HAL_Driver/Src/stm32f1xx_hal_flash.c **** /**
 722:Drivers/STM32F1xx_HAL_Driver/Src/stm32f1xx_hal_flash.c ****   * @brief  Lock the FLASH Option Control Registers access.
 723:Drivers/STM32F1xx_HAL_Driver/Src/stm32f1xx_hal_flash.c ****   * @retval HAL Status 
 724:Drivers/STM32F1xx_HAL_Driver/Src/stm32f1xx_hal_flash.c ****   */
 725:Drivers/STM32F1xx_HAL_Driver/Src/stm32f1xx_hal_flash.c **** HAL_StatusTypeDef HAL_FLASH_OB_Lock(void)
 726:Drivers/STM32F1xx_HAL_Driver/Src/stm32f1xx_hal_flash.c **** {
 880              		.loc 1 726 1
 881              		.cfi_startproc
 882              		@ args = 0, pretend = 0, frame = 0
ARM GAS  /var/folders/xf/tcndk8390ml5xdpfw93qkhpm0000gn/T//ccf7Jq5o.s 			page 29


 883              		@ frame_needed = 1, uses_anonymous_args = 0
 884              		@ link register save eliminated.
 885 0000 80B4     		push	{r7}
 886              	.LCFI41:
 887              		.cfi_def_cfa_offset 4
 888              		.cfi_offset 7, -4
 889 0002 00AF     		add	r7, sp, #0
 890              	.LCFI42:
 891              		.cfi_def_cfa_register 7
 727:Drivers/STM32F1xx_HAL_Driver/Src/stm32f1xx_hal_flash.c ****   /* Clear the OPTWRE Bit to lock the FLASH Option Byte Registers access */
 728:Drivers/STM32F1xx_HAL_Driver/Src/stm32f1xx_hal_flash.c ****   CLEAR_BIT(FLASH->CR, FLASH_CR_OPTWRE);
 892              		.loc 1 728 3
 893 0004 054B     		ldr	r3, .L55
 894 0006 1B69     		ldr	r3, [r3, #16]
 895 0008 044A     		ldr	r2, .L55
 896 000a 23F40073 		bic	r3, r3, #512
 897 000e 1361     		str	r3, [r2, #16]
 729:Drivers/STM32F1xx_HAL_Driver/Src/stm32f1xx_hal_flash.c ****   
 730:Drivers/STM32F1xx_HAL_Driver/Src/stm32f1xx_hal_flash.c ****   return HAL_OK;  
 898              		.loc 1 730 10
 899 0010 0023     		movs	r3, #0
 731:Drivers/STM32F1xx_HAL_Driver/Src/stm32f1xx_hal_flash.c **** }
 900              		.loc 1 731 1
 901 0012 1846     		mov	r0, r3
 902 0014 BD46     		mov	sp, r7
 903              	.LCFI43:
 904              		.cfi_def_cfa_register 13
 905              		@ sp needed
 906 0016 80BC     		pop	{r7}
 907              	.LCFI44:
 908              		.cfi_restore 7
 909              		.cfi_def_cfa_offset 0
 910 0018 7047     		bx	lr
 911              	.L56:
 912 001a 00BF     		.align	2
 913              	.L55:
 914 001c 00200240 		.word	1073881088
 915              		.cfi_endproc
 916              	.LFE73:
 918              		.section	.text.HAL_FLASH_OB_Launch,"ax",%progbits
 919              		.align	1
 920              		.global	HAL_FLASH_OB_Launch
 921              		.syntax unified
 922              		.thumb
 923              		.thumb_func
 925              	HAL_FLASH_OB_Launch:
 926              	.LFB74:
 732:Drivers/STM32F1xx_HAL_Driver/Src/stm32f1xx_hal_flash.c ****   
 733:Drivers/STM32F1xx_HAL_Driver/Src/stm32f1xx_hal_flash.c **** /**
 734:Drivers/STM32F1xx_HAL_Driver/Src/stm32f1xx_hal_flash.c ****   * @brief  Launch the option byte loading.
 735:Drivers/STM32F1xx_HAL_Driver/Src/stm32f1xx_hal_flash.c ****   * @note   This function will reset automatically the MCU.
 736:Drivers/STM32F1xx_HAL_Driver/Src/stm32f1xx_hal_flash.c ****   * @retval None
 737:Drivers/STM32F1xx_HAL_Driver/Src/stm32f1xx_hal_flash.c ****   */
 738:Drivers/STM32F1xx_HAL_Driver/Src/stm32f1xx_hal_flash.c **** void HAL_FLASH_OB_Launch(void)
 739:Drivers/STM32F1xx_HAL_Driver/Src/stm32f1xx_hal_flash.c **** {
 927              		.loc 1 739 1
 928              		.cfi_startproc
ARM GAS  /var/folders/xf/tcndk8390ml5xdpfw93qkhpm0000gn/T//ccf7Jq5o.s 			page 30


 929              		@ args = 0, pretend = 0, frame = 0
 930              		@ frame_needed = 1, uses_anonymous_args = 0
 931 0000 80B5     		push	{r7, lr}
 932              	.LCFI45:
 933              		.cfi_def_cfa_offset 8
 934              		.cfi_offset 7, -8
 935              		.cfi_offset 14, -4
 936 0002 00AF     		add	r7, sp, #0
 937              	.LCFI46:
 938              		.cfi_def_cfa_register 7
 740:Drivers/STM32F1xx_HAL_Driver/Src/stm32f1xx_hal_flash.c ****   /* Initiates a system reset request to launch the option byte loading */
 741:Drivers/STM32F1xx_HAL_Driver/Src/stm32f1xx_hal_flash.c ****   HAL_NVIC_SystemReset();
 939              		.loc 1 741 3
 940 0004 FFF7FEFF 		bl	HAL_NVIC_SystemReset
 742:Drivers/STM32F1xx_HAL_Driver/Src/stm32f1xx_hal_flash.c **** }
 941              		.loc 1 742 1
 942 0008 00BF     		nop
 943 000a 80BD     		pop	{r7, pc}
 944              		.cfi_endproc
 945              	.LFE74:
 947              		.section	.text.HAL_FLASH_GetError,"ax",%progbits
 948              		.align	1
 949              		.global	HAL_FLASH_GetError
 950              		.syntax unified
 951              		.thumb
 952              		.thumb_func
 954              	HAL_FLASH_GetError:
 955              	.LFB75:
 743:Drivers/STM32F1xx_HAL_Driver/Src/stm32f1xx_hal_flash.c **** 
 744:Drivers/STM32F1xx_HAL_Driver/Src/stm32f1xx_hal_flash.c **** /**
 745:Drivers/STM32F1xx_HAL_Driver/Src/stm32f1xx_hal_flash.c ****   * @}
 746:Drivers/STM32F1xx_HAL_Driver/Src/stm32f1xx_hal_flash.c ****   */  
 747:Drivers/STM32F1xx_HAL_Driver/Src/stm32f1xx_hal_flash.c **** 
 748:Drivers/STM32F1xx_HAL_Driver/Src/stm32f1xx_hal_flash.c **** /** @defgroup FLASH_Exported_Functions_Group3 Peripheral errors functions 
 749:Drivers/STM32F1xx_HAL_Driver/Src/stm32f1xx_hal_flash.c ****  *  @brief    Peripheral errors functions 
 750:Drivers/STM32F1xx_HAL_Driver/Src/stm32f1xx_hal_flash.c ****  *
 751:Drivers/STM32F1xx_HAL_Driver/Src/stm32f1xx_hal_flash.c **** @verbatim   
 752:Drivers/STM32F1xx_HAL_Driver/Src/stm32f1xx_hal_flash.c ****  ===============================================================================
 753:Drivers/STM32F1xx_HAL_Driver/Src/stm32f1xx_hal_flash.c ****                       ##### Peripheral Errors functions #####
 754:Drivers/STM32F1xx_HAL_Driver/Src/stm32f1xx_hal_flash.c ****  ===============================================================================  
 755:Drivers/STM32F1xx_HAL_Driver/Src/stm32f1xx_hal_flash.c ****     [..]
 756:Drivers/STM32F1xx_HAL_Driver/Src/stm32f1xx_hal_flash.c ****     This subsection permit to get in run-time errors of  the FLASH peripheral.
 757:Drivers/STM32F1xx_HAL_Driver/Src/stm32f1xx_hal_flash.c **** 
 758:Drivers/STM32F1xx_HAL_Driver/Src/stm32f1xx_hal_flash.c **** @endverbatim
 759:Drivers/STM32F1xx_HAL_Driver/Src/stm32f1xx_hal_flash.c ****   * @{
 760:Drivers/STM32F1xx_HAL_Driver/Src/stm32f1xx_hal_flash.c ****   */
 761:Drivers/STM32F1xx_HAL_Driver/Src/stm32f1xx_hal_flash.c **** 
 762:Drivers/STM32F1xx_HAL_Driver/Src/stm32f1xx_hal_flash.c **** /**
 763:Drivers/STM32F1xx_HAL_Driver/Src/stm32f1xx_hal_flash.c ****   * @brief  Get the specific FLASH error flag.
 764:Drivers/STM32F1xx_HAL_Driver/Src/stm32f1xx_hal_flash.c ****   * @retval FLASH_ErrorCode The returned value can be:
 765:Drivers/STM32F1xx_HAL_Driver/Src/stm32f1xx_hal_flash.c ****   *            @ref FLASH_Error_Codes
 766:Drivers/STM32F1xx_HAL_Driver/Src/stm32f1xx_hal_flash.c ****   */
 767:Drivers/STM32F1xx_HAL_Driver/Src/stm32f1xx_hal_flash.c **** uint32_t HAL_FLASH_GetError(void)
 768:Drivers/STM32F1xx_HAL_Driver/Src/stm32f1xx_hal_flash.c **** {
 956              		.loc 1 768 1
 957              		.cfi_startproc
 958              		@ args = 0, pretend = 0, frame = 0
ARM GAS  /var/folders/xf/tcndk8390ml5xdpfw93qkhpm0000gn/T//ccf7Jq5o.s 			page 31


 959              		@ frame_needed = 1, uses_anonymous_args = 0
 960              		@ link register save eliminated.
 961 0000 80B4     		push	{r7}
 962              	.LCFI47:
 963              		.cfi_def_cfa_offset 4
 964              		.cfi_offset 7, -4
 965 0002 00AF     		add	r7, sp, #0
 966              	.LCFI48:
 967              		.cfi_def_cfa_register 7
 769:Drivers/STM32F1xx_HAL_Driver/Src/stm32f1xx_hal_flash.c ****    return pFlash.ErrorCode;
 968              		.loc 1 769 17
 969 0004 024B     		ldr	r3, .L60
 970 0006 DB69     		ldr	r3, [r3, #28]
 770:Drivers/STM32F1xx_HAL_Driver/Src/stm32f1xx_hal_flash.c **** }
 971              		.loc 1 770 1
 972 0008 1846     		mov	r0, r3
 973 000a BD46     		mov	sp, r7
 974              	.LCFI49:
 975              		.cfi_def_cfa_register 13
 976              		@ sp needed
 977 000c 80BC     		pop	{r7}
 978              	.LCFI50:
 979              		.cfi_restore 7
 980              		.cfi_def_cfa_offset 0
 981 000e 7047     		bx	lr
 982              	.L61:
 983              		.align	2
 984              	.L60:
 985 0010 00000000 		.word	pFlash
 986              		.cfi_endproc
 987              	.LFE75:
 989              		.section	.text.FLASH_Program_HalfWord,"ax",%progbits
 990              		.align	1
 991              		.syntax unified
 992              		.thumb
 993              		.thumb_func
 995              	FLASH_Program_HalfWord:
 996              	.LFB76:
 771:Drivers/STM32F1xx_HAL_Driver/Src/stm32f1xx_hal_flash.c **** 
 772:Drivers/STM32F1xx_HAL_Driver/Src/stm32f1xx_hal_flash.c **** /**
 773:Drivers/STM32F1xx_HAL_Driver/Src/stm32f1xx_hal_flash.c ****   * @}
 774:Drivers/STM32F1xx_HAL_Driver/Src/stm32f1xx_hal_flash.c ****   */
 775:Drivers/STM32F1xx_HAL_Driver/Src/stm32f1xx_hal_flash.c **** 
 776:Drivers/STM32F1xx_HAL_Driver/Src/stm32f1xx_hal_flash.c **** /**
 777:Drivers/STM32F1xx_HAL_Driver/Src/stm32f1xx_hal_flash.c ****   * @}
 778:Drivers/STM32F1xx_HAL_Driver/Src/stm32f1xx_hal_flash.c ****   */
 779:Drivers/STM32F1xx_HAL_Driver/Src/stm32f1xx_hal_flash.c **** 
 780:Drivers/STM32F1xx_HAL_Driver/Src/stm32f1xx_hal_flash.c **** /** @addtogroup FLASH_Private_Functions
 781:Drivers/STM32F1xx_HAL_Driver/Src/stm32f1xx_hal_flash.c ****  * @{
 782:Drivers/STM32F1xx_HAL_Driver/Src/stm32f1xx_hal_flash.c ****  */
 783:Drivers/STM32F1xx_HAL_Driver/Src/stm32f1xx_hal_flash.c **** 
 784:Drivers/STM32F1xx_HAL_Driver/Src/stm32f1xx_hal_flash.c **** /**
 785:Drivers/STM32F1xx_HAL_Driver/Src/stm32f1xx_hal_flash.c ****   * @brief  Program a half-word (16-bit) at a specified address.
 786:Drivers/STM32F1xx_HAL_Driver/Src/stm32f1xx_hal_flash.c ****   * @param  Address specify the address to be programmed.
 787:Drivers/STM32F1xx_HAL_Driver/Src/stm32f1xx_hal_flash.c ****   * @param  Data    specify the data to be programmed.
 788:Drivers/STM32F1xx_HAL_Driver/Src/stm32f1xx_hal_flash.c ****   * @retval None
 789:Drivers/STM32F1xx_HAL_Driver/Src/stm32f1xx_hal_flash.c ****   */
ARM GAS  /var/folders/xf/tcndk8390ml5xdpfw93qkhpm0000gn/T//ccf7Jq5o.s 			page 32


 790:Drivers/STM32F1xx_HAL_Driver/Src/stm32f1xx_hal_flash.c **** static void FLASH_Program_HalfWord(uint32_t Address, uint16_t Data)
 791:Drivers/STM32F1xx_HAL_Driver/Src/stm32f1xx_hal_flash.c **** {
 997              		.loc 1 791 1
 998              		.cfi_startproc
 999              		@ args = 0, pretend = 0, frame = 8
 1000              		@ frame_needed = 1, uses_anonymous_args = 0
 1001              		@ link register save eliminated.
 1002 0000 80B4     		push	{r7}
 1003              	.LCFI51:
 1004              		.cfi_def_cfa_offset 4
 1005              		.cfi_offset 7, -4
 1006 0002 83B0     		sub	sp, sp, #12
 1007              	.LCFI52:
 1008              		.cfi_def_cfa_offset 16
 1009 0004 00AF     		add	r7, sp, #0
 1010              	.LCFI53:
 1011              		.cfi_def_cfa_register 7
 1012 0006 7860     		str	r0, [r7, #4]
 1013 0008 0B46     		mov	r3, r1
 1014 000a 7B80     		strh	r3, [r7, #2]	@ movhi
 792:Drivers/STM32F1xx_HAL_Driver/Src/stm32f1xx_hal_flash.c ****   /* Clean the error context */
 793:Drivers/STM32F1xx_HAL_Driver/Src/stm32f1xx_hal_flash.c ****   pFlash.ErrorCode = HAL_FLASH_ERROR_NONE;
 1015              		.loc 1 793 20
 1016 000c 084B     		ldr	r3, .L63
 1017 000e 0022     		movs	r2, #0
 1018 0010 DA61     		str	r2, [r3, #28]
 794:Drivers/STM32F1xx_HAL_Driver/Src/stm32f1xx_hal_flash.c ****   
 795:Drivers/STM32F1xx_HAL_Driver/Src/stm32f1xx_hal_flash.c **** #if defined(FLASH_BANK2_END)
 796:Drivers/STM32F1xx_HAL_Driver/Src/stm32f1xx_hal_flash.c ****   if(Address <= FLASH_BANK1_END)
 797:Drivers/STM32F1xx_HAL_Driver/Src/stm32f1xx_hal_flash.c ****   {
 798:Drivers/STM32F1xx_HAL_Driver/Src/stm32f1xx_hal_flash.c **** #endif /* FLASH_BANK2_END */
 799:Drivers/STM32F1xx_HAL_Driver/Src/stm32f1xx_hal_flash.c ****     /* Proceed to program the new data */
 800:Drivers/STM32F1xx_HAL_Driver/Src/stm32f1xx_hal_flash.c ****     SET_BIT(FLASH->CR, FLASH_CR_PG);
 1019              		.loc 1 800 5
 1020 0012 084B     		ldr	r3, .L63+4
 1021 0014 1B69     		ldr	r3, [r3, #16]
 1022 0016 074A     		ldr	r2, .L63+4
 1023 0018 43F00103 		orr	r3, r3, #1
 1024 001c 1361     		str	r3, [r2, #16]
 801:Drivers/STM32F1xx_HAL_Driver/Src/stm32f1xx_hal_flash.c **** #if defined(FLASH_BANK2_END)
 802:Drivers/STM32F1xx_HAL_Driver/Src/stm32f1xx_hal_flash.c ****   }
 803:Drivers/STM32F1xx_HAL_Driver/Src/stm32f1xx_hal_flash.c ****   else
 804:Drivers/STM32F1xx_HAL_Driver/Src/stm32f1xx_hal_flash.c ****   {
 805:Drivers/STM32F1xx_HAL_Driver/Src/stm32f1xx_hal_flash.c ****     /* Proceed to program the new data */
 806:Drivers/STM32F1xx_HAL_Driver/Src/stm32f1xx_hal_flash.c ****     SET_BIT(FLASH->CR2, FLASH_CR2_PG);
 807:Drivers/STM32F1xx_HAL_Driver/Src/stm32f1xx_hal_flash.c ****   }
 808:Drivers/STM32F1xx_HAL_Driver/Src/stm32f1xx_hal_flash.c **** #endif /* FLASH_BANK2_END */
 809:Drivers/STM32F1xx_HAL_Driver/Src/stm32f1xx_hal_flash.c **** 
 810:Drivers/STM32F1xx_HAL_Driver/Src/stm32f1xx_hal_flash.c ****   /* Write data in the address */
 811:Drivers/STM32F1xx_HAL_Driver/Src/stm32f1xx_hal_flash.c ****   *(__IO uint16_t*)Address = Data;
 1025              		.loc 1 811 4
 1026 001e 7B68     		ldr	r3, [r7, #4]
 1027              		.loc 1 811 28
 1028 0020 7A88     		ldrh	r2, [r7, #2]	@ movhi
 1029 0022 1A80     		strh	r2, [r3]	@ movhi
 812:Drivers/STM32F1xx_HAL_Driver/Src/stm32f1xx_hal_flash.c **** }
 1030              		.loc 1 812 1
ARM GAS  /var/folders/xf/tcndk8390ml5xdpfw93qkhpm0000gn/T//ccf7Jq5o.s 			page 33


 1031 0024 00BF     		nop
 1032 0026 0C37     		adds	r7, r7, #12
 1033              	.LCFI54:
 1034              		.cfi_def_cfa_offset 4
 1035 0028 BD46     		mov	sp, r7
 1036              	.LCFI55:
 1037              		.cfi_def_cfa_register 13
 1038              		@ sp needed
 1039 002a 80BC     		pop	{r7}
 1040              	.LCFI56:
 1041              		.cfi_restore 7
 1042              		.cfi_def_cfa_offset 0
 1043 002c 7047     		bx	lr
 1044              	.L64:
 1045 002e 00BF     		.align	2
 1046              	.L63:
 1047 0030 00000000 		.word	pFlash
 1048 0034 00200240 		.word	1073881088
 1049              		.cfi_endproc
 1050              	.LFE76:
 1052              		.section	.text.FLASH_WaitForLastOperation,"ax",%progbits
 1053              		.align	1
 1054              		.global	FLASH_WaitForLastOperation
 1055              		.syntax unified
 1056              		.thumb
 1057              		.thumb_func
 1059              	FLASH_WaitForLastOperation:
 1060              	.LFB77:
 813:Drivers/STM32F1xx_HAL_Driver/Src/stm32f1xx_hal_flash.c **** 
 814:Drivers/STM32F1xx_HAL_Driver/Src/stm32f1xx_hal_flash.c **** /**
 815:Drivers/STM32F1xx_HAL_Driver/Src/stm32f1xx_hal_flash.c ****   * @brief  Wait for a FLASH operation to complete.
 816:Drivers/STM32F1xx_HAL_Driver/Src/stm32f1xx_hal_flash.c ****   * @param  Timeout  maximum flash operation timeout
 817:Drivers/STM32F1xx_HAL_Driver/Src/stm32f1xx_hal_flash.c ****   * @retval HAL Status
 818:Drivers/STM32F1xx_HAL_Driver/Src/stm32f1xx_hal_flash.c ****   */
 819:Drivers/STM32F1xx_HAL_Driver/Src/stm32f1xx_hal_flash.c **** HAL_StatusTypeDef FLASH_WaitForLastOperation(uint32_t Timeout)
 820:Drivers/STM32F1xx_HAL_Driver/Src/stm32f1xx_hal_flash.c **** {
 1061              		.loc 1 820 1
 1062              		.cfi_startproc
 1063              		@ args = 0, pretend = 0, frame = 16
 1064              		@ frame_needed = 1, uses_anonymous_args = 0
 1065 0000 80B5     		push	{r7, lr}
 1066              	.LCFI57:
 1067              		.cfi_def_cfa_offset 8
 1068              		.cfi_offset 7, -8
 1069              		.cfi_offset 14, -4
 1070 0002 84B0     		sub	sp, sp, #16
 1071              	.LCFI58:
 1072              		.cfi_def_cfa_offset 24
 1073 0004 00AF     		add	r7, sp, #0
 1074              	.LCFI59:
 1075              		.cfi_def_cfa_register 7
 1076 0006 7860     		str	r0, [r7, #4]
 821:Drivers/STM32F1xx_HAL_Driver/Src/stm32f1xx_hal_flash.c ****   /* Wait for the FLASH operation to complete by polling on BUSY flag to be reset.
 822:Drivers/STM32F1xx_HAL_Driver/Src/stm32f1xx_hal_flash.c ****      Even if the FLASH operation fails, the BUSY flag will be reset and an error
 823:Drivers/STM32F1xx_HAL_Driver/Src/stm32f1xx_hal_flash.c ****      flag will be set */
 824:Drivers/STM32F1xx_HAL_Driver/Src/stm32f1xx_hal_flash.c ****      
 825:Drivers/STM32F1xx_HAL_Driver/Src/stm32f1xx_hal_flash.c ****   uint32_t tickstart = HAL_GetTick();
ARM GAS  /var/folders/xf/tcndk8390ml5xdpfw93qkhpm0000gn/T//ccf7Jq5o.s 			page 34


 1077              		.loc 1 825 24
 1078 0008 FFF7FEFF 		bl	HAL_GetTick
 1079 000c F860     		str	r0, [r7, #12]
 826:Drivers/STM32F1xx_HAL_Driver/Src/stm32f1xx_hal_flash.c ****      
 827:Drivers/STM32F1xx_HAL_Driver/Src/stm32f1xx_hal_flash.c ****   while(__HAL_FLASH_GET_FLAG(FLASH_FLAG_BSY)) 
 1080              		.loc 1 827 8
 1081 000e 10E0     		b	.L66
 1082              	.L69:
 828:Drivers/STM32F1xx_HAL_Driver/Src/stm32f1xx_hal_flash.c ****   { 
 829:Drivers/STM32F1xx_HAL_Driver/Src/stm32f1xx_hal_flash.c ****     if (Timeout != HAL_MAX_DELAY)
 1083              		.loc 1 829 8
 1084 0010 7B68     		ldr	r3, [r7, #4]
 1085 0012 B3F1FF3F 		cmp	r3, #-1
 1086 0016 0CD0     		beq	.L66
 830:Drivers/STM32F1xx_HAL_Driver/Src/stm32f1xx_hal_flash.c ****     {
 831:Drivers/STM32F1xx_HAL_Driver/Src/stm32f1xx_hal_flash.c ****       if((Timeout == 0U) || ((HAL_GetTick()-tickstart) > Timeout))
 1087              		.loc 1 831 9
 1088 0018 7B68     		ldr	r3, [r7, #4]
 1089 001a 002B     		cmp	r3, #0
 1090 001c 07D0     		beq	.L67
 1091              		.loc 1 831 31 discriminator 1
 1092 001e FFF7FEFF 		bl	HAL_GetTick
 1093 0022 0246     		mov	r2, r0
 1094              		.loc 1 831 44 discriminator 1
 1095 0024 FB68     		ldr	r3, [r7, #12]
 1096 0026 D31A     		subs	r3, r2, r3
 1097              		.loc 1 831 26 discriminator 1
 1098 0028 7A68     		ldr	r2, [r7, #4]
 1099 002a 9A42     		cmp	r2, r3
 1100 002c 01D2     		bcs	.L66
 1101              	.L67:
 832:Drivers/STM32F1xx_HAL_Driver/Src/stm32f1xx_hal_flash.c ****       {
 833:Drivers/STM32F1xx_HAL_Driver/Src/stm32f1xx_hal_flash.c ****         return HAL_TIMEOUT;
 1102              		.loc 1 833 16
 1103 002e 0323     		movs	r3, #3
 1104 0030 25E0     		b	.L68
 1105              	.L66:
 827:Drivers/STM32F1xx_HAL_Driver/Src/stm32f1xx_hal_flash.c ****   { 
 1106              		.loc 1 827 9
 1107 0032 154B     		ldr	r3, .L73
 1108 0034 DB68     		ldr	r3, [r3, #12]
 1109 0036 03F00103 		and	r3, r3, #1
 827:Drivers/STM32F1xx_HAL_Driver/Src/stm32f1xx_hal_flash.c ****   { 
 1110              		.loc 1 827 8
 1111 003a 002B     		cmp	r3, #0
 1112 003c E8D1     		bne	.L69
 834:Drivers/STM32F1xx_HAL_Driver/Src/stm32f1xx_hal_flash.c ****       }
 835:Drivers/STM32F1xx_HAL_Driver/Src/stm32f1xx_hal_flash.c ****     }
 836:Drivers/STM32F1xx_HAL_Driver/Src/stm32f1xx_hal_flash.c ****   }
 837:Drivers/STM32F1xx_HAL_Driver/Src/stm32f1xx_hal_flash.c ****   
 838:Drivers/STM32F1xx_HAL_Driver/Src/stm32f1xx_hal_flash.c ****   /* Check FLASH End of Operation flag  */
 839:Drivers/STM32F1xx_HAL_Driver/Src/stm32f1xx_hal_flash.c ****   if (__HAL_FLASH_GET_FLAG(FLASH_FLAG_EOP))
 1113              		.loc 1 839 7
 1114 003e 124B     		ldr	r3, .L73
 1115 0040 DB68     		ldr	r3, [r3, #12]
 1116 0042 03F02003 		and	r3, r3, #32
 1117              		.loc 1 839 6
ARM GAS  /var/folders/xf/tcndk8390ml5xdpfw93qkhpm0000gn/T//ccf7Jq5o.s 			page 35


 1118 0046 002B     		cmp	r3, #0
 1119 0048 02D0     		beq	.L70
 840:Drivers/STM32F1xx_HAL_Driver/Src/stm32f1xx_hal_flash.c ****   {
 841:Drivers/STM32F1xx_HAL_Driver/Src/stm32f1xx_hal_flash.c ****     /* Clear FLASH End of Operation pending bit */
 842:Drivers/STM32F1xx_HAL_Driver/Src/stm32f1xx_hal_flash.c ****     __HAL_FLASH_CLEAR_FLAG(FLASH_FLAG_EOP);
 1120              		.loc 1 842 5 discriminator 2
 1121 004a 0F4B     		ldr	r3, .L73
 1122 004c 2022     		movs	r2, #32
 1123 004e DA60     		str	r2, [r3, #12]
 1124              	.L70:
 843:Drivers/STM32F1xx_HAL_Driver/Src/stm32f1xx_hal_flash.c ****   }
 844:Drivers/STM32F1xx_HAL_Driver/Src/stm32f1xx_hal_flash.c ****   
 845:Drivers/STM32F1xx_HAL_Driver/Src/stm32f1xx_hal_flash.c ****   if(__HAL_FLASH_GET_FLAG(FLASH_FLAG_WRPERR)  || 
 1125              		.loc 1 845 6
 1126 0050 0D4B     		ldr	r3, .L73
 1127 0052 DB68     		ldr	r3, [r3, #12]
 1128 0054 03F01003 		and	r3, r3, #16
 1129              		.loc 1 845 5
 1130 0058 002B     		cmp	r3, #0
 1131 005a 0BD1     		bne	.L71
 846:Drivers/STM32F1xx_HAL_Driver/Src/stm32f1xx_hal_flash.c ****      __HAL_FLASH_GET_FLAG(FLASH_FLAG_OPTVERR) || 
 1132              		.loc 1 846 6 discriminator 1
 1133 005c 0A4B     		ldr	r3, .L73
 1134 005e DB69     		ldr	r3, [r3, #28]
 1135 0060 03F00103 		and	r3, r3, #1
 845:Drivers/STM32F1xx_HAL_Driver/Src/stm32f1xx_hal_flash.c ****      __HAL_FLASH_GET_FLAG(FLASH_FLAG_OPTVERR) || 
 1136              		.loc 1 845 47 discriminator 1
 1137 0064 002B     		cmp	r3, #0
 1138 0066 05D1     		bne	.L71
 847:Drivers/STM32F1xx_HAL_Driver/Src/stm32f1xx_hal_flash.c ****      __HAL_FLASH_GET_FLAG(FLASH_FLAG_PGERR))
 1139              		.loc 1 847 6
 1140 0068 074B     		ldr	r3, .L73
 1141 006a DB68     		ldr	r3, [r3, #12]
 1142 006c 03F00403 		and	r3, r3, #4
 846:Drivers/STM32F1xx_HAL_Driver/Src/stm32f1xx_hal_flash.c ****      __HAL_FLASH_GET_FLAG(FLASH_FLAG_OPTVERR) || 
 1143              		.loc 1 846 47
 1144 0070 002B     		cmp	r3, #0
 1145 0072 03D0     		beq	.L72
 1146              	.L71:
 848:Drivers/STM32F1xx_HAL_Driver/Src/stm32f1xx_hal_flash.c ****   {
 849:Drivers/STM32F1xx_HAL_Driver/Src/stm32f1xx_hal_flash.c ****     /*Save the error code*/
 850:Drivers/STM32F1xx_HAL_Driver/Src/stm32f1xx_hal_flash.c ****     FLASH_SetErrorCode();
 1147              		.loc 1 850 5
 1148 0074 FFF7FEFF 		bl	FLASH_SetErrorCode
 851:Drivers/STM32F1xx_HAL_Driver/Src/stm32f1xx_hal_flash.c ****     return HAL_ERROR;
 1149              		.loc 1 851 12
 1150 0078 0123     		movs	r3, #1
 1151 007a 00E0     		b	.L68
 1152              	.L72:
 852:Drivers/STM32F1xx_HAL_Driver/Src/stm32f1xx_hal_flash.c ****   }
 853:Drivers/STM32F1xx_HAL_Driver/Src/stm32f1xx_hal_flash.c **** 
 854:Drivers/STM32F1xx_HAL_Driver/Src/stm32f1xx_hal_flash.c ****   /* There is no error flag set */
 855:Drivers/STM32F1xx_HAL_Driver/Src/stm32f1xx_hal_flash.c ****   return HAL_OK;
 1153              		.loc 1 855 10
 1154 007c 0023     		movs	r3, #0
 1155              	.L68:
 856:Drivers/STM32F1xx_HAL_Driver/Src/stm32f1xx_hal_flash.c **** }
ARM GAS  /var/folders/xf/tcndk8390ml5xdpfw93qkhpm0000gn/T//ccf7Jq5o.s 			page 36


 1156              		.loc 1 856 1
 1157 007e 1846     		mov	r0, r3
 1158 0080 1037     		adds	r7, r7, #16
 1159              	.LCFI60:
 1160              		.cfi_def_cfa_offset 8
 1161 0082 BD46     		mov	sp, r7
 1162              	.LCFI61:
 1163              		.cfi_def_cfa_register 13
 1164              		@ sp needed
 1165 0084 80BD     		pop	{r7, pc}
 1166              	.L74:
 1167 0086 00BF     		.align	2
 1168              	.L73:
 1169 0088 00200240 		.word	1073881088
 1170              		.cfi_endproc
 1171              	.LFE77:
 1173              		.section	.text.FLASH_SetErrorCode,"ax",%progbits
 1174              		.align	1
 1175              		.syntax unified
 1176              		.thumb
 1177              		.thumb_func
 1179              	FLASH_SetErrorCode:
 1180              	.LFB78:
 857:Drivers/STM32F1xx_HAL_Driver/Src/stm32f1xx_hal_flash.c **** 
 858:Drivers/STM32F1xx_HAL_Driver/Src/stm32f1xx_hal_flash.c **** #if defined(FLASH_BANK2_END)
 859:Drivers/STM32F1xx_HAL_Driver/Src/stm32f1xx_hal_flash.c **** /**
 860:Drivers/STM32F1xx_HAL_Driver/Src/stm32f1xx_hal_flash.c ****   * @brief  Wait for a FLASH BANK2 operation to complete.
 861:Drivers/STM32F1xx_HAL_Driver/Src/stm32f1xx_hal_flash.c ****   * @param  Timeout maximum flash operation timeout
 862:Drivers/STM32F1xx_HAL_Driver/Src/stm32f1xx_hal_flash.c ****   * @retval HAL_StatusTypeDef HAL Status
 863:Drivers/STM32F1xx_HAL_Driver/Src/stm32f1xx_hal_flash.c ****   */
 864:Drivers/STM32F1xx_HAL_Driver/Src/stm32f1xx_hal_flash.c **** HAL_StatusTypeDef FLASH_WaitForLastOperationBank2(uint32_t Timeout)
 865:Drivers/STM32F1xx_HAL_Driver/Src/stm32f1xx_hal_flash.c **** { 
 866:Drivers/STM32F1xx_HAL_Driver/Src/stm32f1xx_hal_flash.c ****   /* Wait for the FLASH BANK2 operation to complete by polling on BUSY flag to be reset.
 867:Drivers/STM32F1xx_HAL_Driver/Src/stm32f1xx_hal_flash.c ****      Even if the FLASH BANK2 operation fails, the BUSY flag will be reset and an error
 868:Drivers/STM32F1xx_HAL_Driver/Src/stm32f1xx_hal_flash.c ****      flag will be set */
 869:Drivers/STM32F1xx_HAL_Driver/Src/stm32f1xx_hal_flash.c ****      
 870:Drivers/STM32F1xx_HAL_Driver/Src/stm32f1xx_hal_flash.c ****   uint32_t tickstart = HAL_GetTick();
 871:Drivers/STM32F1xx_HAL_Driver/Src/stm32f1xx_hal_flash.c ****      
 872:Drivers/STM32F1xx_HAL_Driver/Src/stm32f1xx_hal_flash.c ****   while(__HAL_FLASH_GET_FLAG(FLASH_FLAG_BSY_BANK2)) 
 873:Drivers/STM32F1xx_HAL_Driver/Src/stm32f1xx_hal_flash.c ****   { 
 874:Drivers/STM32F1xx_HAL_Driver/Src/stm32f1xx_hal_flash.c ****     if (Timeout != HAL_MAX_DELAY)
 875:Drivers/STM32F1xx_HAL_Driver/Src/stm32f1xx_hal_flash.c ****     {
 876:Drivers/STM32F1xx_HAL_Driver/Src/stm32f1xx_hal_flash.c ****       if((Timeout == 0U) || ((HAL_GetTick()-tickstart) > Timeout))
 877:Drivers/STM32F1xx_HAL_Driver/Src/stm32f1xx_hal_flash.c ****       {
 878:Drivers/STM32F1xx_HAL_Driver/Src/stm32f1xx_hal_flash.c ****         return HAL_TIMEOUT;
 879:Drivers/STM32F1xx_HAL_Driver/Src/stm32f1xx_hal_flash.c ****       }
 880:Drivers/STM32F1xx_HAL_Driver/Src/stm32f1xx_hal_flash.c ****     }
 881:Drivers/STM32F1xx_HAL_Driver/Src/stm32f1xx_hal_flash.c ****   }
 882:Drivers/STM32F1xx_HAL_Driver/Src/stm32f1xx_hal_flash.c ****   
 883:Drivers/STM32F1xx_HAL_Driver/Src/stm32f1xx_hal_flash.c ****   /* Check FLASH End of Operation flag  */
 884:Drivers/STM32F1xx_HAL_Driver/Src/stm32f1xx_hal_flash.c ****   if (__HAL_FLASH_GET_FLAG(FLASH_FLAG_EOP_BANK2))
 885:Drivers/STM32F1xx_HAL_Driver/Src/stm32f1xx_hal_flash.c ****   {
 886:Drivers/STM32F1xx_HAL_Driver/Src/stm32f1xx_hal_flash.c ****     /* Clear FLASH End of Operation pending bit */
 887:Drivers/STM32F1xx_HAL_Driver/Src/stm32f1xx_hal_flash.c ****     __HAL_FLASH_CLEAR_FLAG(FLASH_FLAG_EOP_BANK2);
 888:Drivers/STM32F1xx_HAL_Driver/Src/stm32f1xx_hal_flash.c ****   }
 889:Drivers/STM32F1xx_HAL_Driver/Src/stm32f1xx_hal_flash.c **** 
 890:Drivers/STM32F1xx_HAL_Driver/Src/stm32f1xx_hal_flash.c ****   if(__HAL_FLASH_GET_FLAG(FLASH_FLAG_WRPERR_BANK2) || __HAL_FLASH_GET_FLAG(FLASH_FLAG_PGERR_BANK2))
ARM GAS  /var/folders/xf/tcndk8390ml5xdpfw93qkhpm0000gn/T//ccf7Jq5o.s 			page 37


 891:Drivers/STM32F1xx_HAL_Driver/Src/stm32f1xx_hal_flash.c ****   {
 892:Drivers/STM32F1xx_HAL_Driver/Src/stm32f1xx_hal_flash.c ****     /*Save the error code*/
 893:Drivers/STM32F1xx_HAL_Driver/Src/stm32f1xx_hal_flash.c ****     FLASH_SetErrorCode();
 894:Drivers/STM32F1xx_HAL_Driver/Src/stm32f1xx_hal_flash.c ****     return HAL_ERROR;
 895:Drivers/STM32F1xx_HAL_Driver/Src/stm32f1xx_hal_flash.c ****   }
 896:Drivers/STM32F1xx_HAL_Driver/Src/stm32f1xx_hal_flash.c **** 
 897:Drivers/STM32F1xx_HAL_Driver/Src/stm32f1xx_hal_flash.c ****   /* If there is an error flag set */
 898:Drivers/STM32F1xx_HAL_Driver/Src/stm32f1xx_hal_flash.c ****   return HAL_OK;
 899:Drivers/STM32F1xx_HAL_Driver/Src/stm32f1xx_hal_flash.c ****   
 900:Drivers/STM32F1xx_HAL_Driver/Src/stm32f1xx_hal_flash.c **** }
 901:Drivers/STM32F1xx_HAL_Driver/Src/stm32f1xx_hal_flash.c **** #endif /* FLASH_BANK2_END */
 902:Drivers/STM32F1xx_HAL_Driver/Src/stm32f1xx_hal_flash.c **** 
 903:Drivers/STM32F1xx_HAL_Driver/Src/stm32f1xx_hal_flash.c **** /**
 904:Drivers/STM32F1xx_HAL_Driver/Src/stm32f1xx_hal_flash.c ****   * @brief  Set the specific FLASH error flag.
 905:Drivers/STM32F1xx_HAL_Driver/Src/stm32f1xx_hal_flash.c ****   * @retval None
 906:Drivers/STM32F1xx_HAL_Driver/Src/stm32f1xx_hal_flash.c ****   */
 907:Drivers/STM32F1xx_HAL_Driver/Src/stm32f1xx_hal_flash.c **** static void FLASH_SetErrorCode(void)
 908:Drivers/STM32F1xx_HAL_Driver/Src/stm32f1xx_hal_flash.c **** {
 1181              		.loc 1 908 1
 1182              		.cfi_startproc
 1183              		@ args = 0, pretend = 0, frame = 8
 1184              		@ frame_needed = 1, uses_anonymous_args = 0
 1185              		@ link register save eliminated.
 1186 0000 80B4     		push	{r7}
 1187              	.LCFI62:
 1188              		.cfi_def_cfa_offset 4
 1189              		.cfi_offset 7, -4
 1190 0002 83B0     		sub	sp, sp, #12
 1191              	.LCFI63:
 1192              		.cfi_def_cfa_offset 16
 1193 0004 00AF     		add	r7, sp, #0
 1194              	.LCFI64:
 1195              		.cfi_def_cfa_register 7
 909:Drivers/STM32F1xx_HAL_Driver/Src/stm32f1xx_hal_flash.c ****   uint32_t flags = 0U;
 1196              		.loc 1 909 12
 1197 0006 0023     		movs	r3, #0
 1198 0008 7B60     		str	r3, [r7, #4]
 910:Drivers/STM32F1xx_HAL_Driver/Src/stm32f1xx_hal_flash.c ****   
 911:Drivers/STM32F1xx_HAL_Driver/Src/stm32f1xx_hal_flash.c **** #if defined(FLASH_BANK2_END)
 912:Drivers/STM32F1xx_HAL_Driver/Src/stm32f1xx_hal_flash.c ****   if(__HAL_FLASH_GET_FLAG(FLASH_FLAG_WRPERR) || __HAL_FLASH_GET_FLAG(FLASH_FLAG_WRPERR_BANK2))
 913:Drivers/STM32F1xx_HAL_Driver/Src/stm32f1xx_hal_flash.c **** #else
 914:Drivers/STM32F1xx_HAL_Driver/Src/stm32f1xx_hal_flash.c ****   if(__HAL_FLASH_GET_FLAG(FLASH_FLAG_WRPERR))
 1199              		.loc 1 914 6
 1200 000a 234B     		ldr	r3, .L82
 1201 000c DB68     		ldr	r3, [r3, #12]
 1202 000e 03F01003 		and	r3, r3, #16
 1203              		.loc 1 914 5
 1204 0012 002B     		cmp	r3, #0
 1205 0014 09D0     		beq	.L76
 915:Drivers/STM32F1xx_HAL_Driver/Src/stm32f1xx_hal_flash.c **** #endif /* FLASH_BANK2_END */
 916:Drivers/STM32F1xx_HAL_Driver/Src/stm32f1xx_hal_flash.c ****   {
 917:Drivers/STM32F1xx_HAL_Driver/Src/stm32f1xx_hal_flash.c ****     pFlash.ErrorCode |= HAL_FLASH_ERROR_WRP;
 1206              		.loc 1 917 22
 1207 0016 214B     		ldr	r3, .L82+4
 1208 0018 DB69     		ldr	r3, [r3, #28]
 1209 001a 43F00203 		orr	r3, r3, #2
 1210 001e 1F4A     		ldr	r2, .L82+4
ARM GAS  /var/folders/xf/tcndk8390ml5xdpfw93qkhpm0000gn/T//ccf7Jq5o.s 			page 38


 1211 0020 D361     		str	r3, [r2, #28]
 918:Drivers/STM32F1xx_HAL_Driver/Src/stm32f1xx_hal_flash.c **** #if defined(FLASH_BANK2_END)
 919:Drivers/STM32F1xx_HAL_Driver/Src/stm32f1xx_hal_flash.c ****     flags |= FLASH_FLAG_WRPERR | FLASH_FLAG_WRPERR_BANK2;
 920:Drivers/STM32F1xx_HAL_Driver/Src/stm32f1xx_hal_flash.c **** #else
 921:Drivers/STM32F1xx_HAL_Driver/Src/stm32f1xx_hal_flash.c ****     flags |= FLASH_FLAG_WRPERR;
 1212              		.loc 1 921 11
 1213 0022 7B68     		ldr	r3, [r7, #4]
 1214 0024 43F01003 		orr	r3, r3, #16
 1215 0028 7B60     		str	r3, [r7, #4]
 1216              	.L76:
 922:Drivers/STM32F1xx_HAL_Driver/Src/stm32f1xx_hal_flash.c **** #endif /* FLASH_BANK2_END */
 923:Drivers/STM32F1xx_HAL_Driver/Src/stm32f1xx_hal_flash.c ****   }
 924:Drivers/STM32F1xx_HAL_Driver/Src/stm32f1xx_hal_flash.c **** #if defined(FLASH_BANK2_END)
 925:Drivers/STM32F1xx_HAL_Driver/Src/stm32f1xx_hal_flash.c ****   if(__HAL_FLASH_GET_FLAG(FLASH_FLAG_PGERR) || __HAL_FLASH_GET_FLAG(FLASH_FLAG_PGERR_BANK2))
 926:Drivers/STM32F1xx_HAL_Driver/Src/stm32f1xx_hal_flash.c **** #else
 927:Drivers/STM32F1xx_HAL_Driver/Src/stm32f1xx_hal_flash.c ****   if(__HAL_FLASH_GET_FLAG(FLASH_FLAG_PGERR))
 1217              		.loc 1 927 6
 1218 002a 1B4B     		ldr	r3, .L82
 1219 002c DB68     		ldr	r3, [r3, #12]
 1220 002e 03F00403 		and	r3, r3, #4
 1221              		.loc 1 927 5
 1222 0032 002B     		cmp	r3, #0
 1223 0034 09D0     		beq	.L77
 928:Drivers/STM32F1xx_HAL_Driver/Src/stm32f1xx_hal_flash.c **** #endif /* FLASH_BANK2_END */
 929:Drivers/STM32F1xx_HAL_Driver/Src/stm32f1xx_hal_flash.c ****   {
 930:Drivers/STM32F1xx_HAL_Driver/Src/stm32f1xx_hal_flash.c ****     pFlash.ErrorCode |= HAL_FLASH_ERROR_PROG;
 1224              		.loc 1 930 22
 1225 0036 194B     		ldr	r3, .L82+4
 1226 0038 DB69     		ldr	r3, [r3, #28]
 1227 003a 43F00103 		orr	r3, r3, #1
 1228 003e 174A     		ldr	r2, .L82+4
 1229 0040 D361     		str	r3, [r2, #28]
 931:Drivers/STM32F1xx_HAL_Driver/Src/stm32f1xx_hal_flash.c **** #if defined(FLASH_BANK2_END)
 932:Drivers/STM32F1xx_HAL_Driver/Src/stm32f1xx_hal_flash.c ****     flags |= FLASH_FLAG_PGERR | FLASH_FLAG_PGERR_BANK2;
 933:Drivers/STM32F1xx_HAL_Driver/Src/stm32f1xx_hal_flash.c **** #else
 934:Drivers/STM32F1xx_HAL_Driver/Src/stm32f1xx_hal_flash.c ****     flags |= FLASH_FLAG_PGERR;
 1230              		.loc 1 934 11
 1231 0042 7B68     		ldr	r3, [r7, #4]
 1232 0044 43F00403 		orr	r3, r3, #4
 1233 0048 7B60     		str	r3, [r7, #4]
 1234              	.L77:
 935:Drivers/STM32F1xx_HAL_Driver/Src/stm32f1xx_hal_flash.c **** #endif /* FLASH_BANK2_END */
 936:Drivers/STM32F1xx_HAL_Driver/Src/stm32f1xx_hal_flash.c ****   }
 937:Drivers/STM32F1xx_HAL_Driver/Src/stm32f1xx_hal_flash.c ****   if(__HAL_FLASH_GET_FLAG(FLASH_FLAG_OPTVERR))
 1235              		.loc 1 937 6
 1236 004a 134B     		ldr	r3, .L82
 1237 004c DB69     		ldr	r3, [r3, #28]
 1238 004e 03F00103 		and	r3, r3, #1
 1239              		.loc 1 937 5
 1240 0052 002B     		cmp	r3, #0
 1241 0054 0BD0     		beq	.L78
 938:Drivers/STM32F1xx_HAL_Driver/Src/stm32f1xx_hal_flash.c ****   {
 939:Drivers/STM32F1xx_HAL_Driver/Src/stm32f1xx_hal_flash.c ****     pFlash.ErrorCode |= HAL_FLASH_ERROR_OPTV;
 1242              		.loc 1 939 22
 1243 0056 114B     		ldr	r3, .L82+4
 1244 0058 DB69     		ldr	r3, [r3, #28]
 1245 005a 43F00403 		orr	r3, r3, #4
ARM GAS  /var/folders/xf/tcndk8390ml5xdpfw93qkhpm0000gn/T//ccf7Jq5o.s 			page 39


 1246 005e 0F4A     		ldr	r2, .L82+4
 1247 0060 D361     		str	r3, [r2, #28]
 940:Drivers/STM32F1xx_HAL_Driver/Src/stm32f1xx_hal_flash.c ****   __HAL_FLASH_CLEAR_FLAG(FLASH_FLAG_OPTVERR);
 1248              		.loc 1 940 3
 1249 0062 0D4B     		ldr	r3, .L82
 1250 0064 DB69     		ldr	r3, [r3, #28]
 1251 0066 0C4A     		ldr	r2, .L82
 1252 0068 23F00103 		bic	r3, r3, #1
 1253 006c D361     		str	r3, [r2, #28]
 1254              	.L78:
 941:Drivers/STM32F1xx_HAL_Driver/Src/stm32f1xx_hal_flash.c ****   }
 942:Drivers/STM32F1xx_HAL_Driver/Src/stm32f1xx_hal_flash.c **** 
 943:Drivers/STM32F1xx_HAL_Driver/Src/stm32f1xx_hal_flash.c ****   /* Clear FLASH error pending bits */
 944:Drivers/STM32F1xx_HAL_Driver/Src/stm32f1xx_hal_flash.c ****   __HAL_FLASH_CLEAR_FLAG(flags);
 1255              		.loc 1 944 3
 1256 006e 7B68     		ldr	r3, [r7, #4]
 1257 0070 40F20112 		movw	r2, #257
 1258 0074 9342     		cmp	r3, r2
 1259 0076 06D1     		bne	.L79
 1260              		.loc 1 944 3 is_stmt 0 discriminator 1
 1261 0078 074B     		ldr	r3, .L82
 1262 007a DB69     		ldr	r3, [r3, #28]
 1263 007c 064A     		ldr	r2, .L82
 1264 007e 23F00103 		bic	r3, r3, #1
 1265 0082 D361     		str	r3, [r2, #28]
 945:Drivers/STM32F1xx_HAL_Driver/Src/stm32f1xx_hal_flash.c **** }  
 1266              		.loc 1 945 1 is_stmt 1 discriminator 1
 1267 0084 02E0     		b	.L81
 1268              	.L79:
 944:Drivers/STM32F1xx_HAL_Driver/Src/stm32f1xx_hal_flash.c **** }  
 1269              		.loc 1 944 3 discriminator 2
 1270 0086 044A     		ldr	r2, .L82
 1271 0088 7B68     		ldr	r3, [r7, #4]
 1272 008a D360     		str	r3, [r2, #12]
 1273              	.L81:
 1274              		.loc 1 945 1
 1275 008c 00BF     		nop
 1276 008e 0C37     		adds	r7, r7, #12
 1277              	.LCFI65:
 1278              		.cfi_def_cfa_offset 4
 1279 0090 BD46     		mov	sp, r7
 1280              	.LCFI66:
 1281              		.cfi_def_cfa_register 13
 1282              		@ sp needed
 1283 0092 80BC     		pop	{r7}
 1284              	.LCFI67:
 1285              		.cfi_restore 7
 1286              		.cfi_def_cfa_offset 0
 1287 0094 7047     		bx	lr
 1288              	.L83:
 1289 0096 00BF     		.align	2
 1290              	.L82:
 1291 0098 00200240 		.word	1073881088
 1292 009c 00000000 		.word	pFlash
 1293              		.cfi_endproc
 1294              	.LFE78:
 1296              		.text
ARM GAS  /var/folders/xf/tcndk8390ml5xdpfw93qkhpm0000gn/T//ccf7Jq5o.s 			page 40


 1297              	.Letext0:
 1298              		.file 2 "/Applications/ARM/arm-none-eabi/include/machine/_default_types.h"
 1299              		.file 3 "/Applications/ARM/arm-none-eabi/include/sys/_stdint.h"
 1300              		.file 4 "Drivers/CMSIS/Device/ST/STM32F1xx/Include/stm32f103xb.h"
 1301              		.file 5 "Drivers/CMSIS/Device/ST/STM32F1xx/Include/stm32f1xx.h"
 1302              		.file 6 "Drivers/STM32F1xx_HAL_Driver/Inc/stm32f1xx_hal_def.h"
 1303              		.file 7 "Drivers/STM32F1xx_HAL_Driver/Inc/stm32f1xx_hal_flash.h"
ARM GAS  /var/folders/xf/tcndk8390ml5xdpfw93qkhpm0000gn/T//ccf7Jq5o.s 			page 41


DEFINED SYMBOLS
                            *ABS*:0000000000000000 stm32f1xx_hal_flash.c
/var/folders/xf/tcndk8390ml5xdpfw93qkhpm0000gn/T//ccf7Jq5o.s:22     .bss.pFlash:0000000000000000 pFlash
/var/folders/xf/tcndk8390ml5xdpfw93qkhpm0000gn/T//ccf7Jq5o.s:19     .bss.pFlash:0000000000000000 $d
/var/folders/xf/tcndk8390ml5xdpfw93qkhpm0000gn/T//ccf7Jq5o.s:25     .text.HAL_FLASH_Program:0000000000000000 $t
/var/folders/xf/tcndk8390ml5xdpfw93qkhpm0000gn/T//ccf7Jq5o.s:31     .text.HAL_FLASH_Program:0000000000000000 HAL_FLASH_Program
/var/folders/xf/tcndk8390ml5xdpfw93qkhpm0000gn/T//ccf7Jq5o.s:1059   .text.FLASH_WaitForLastOperation:0000000000000000 FLASH_WaitForLastOperation
/var/folders/xf/tcndk8390ml5xdpfw93qkhpm0000gn/T//ccf7Jq5o.s:995    .text.FLASH_Program_HalfWord:0000000000000000 FLASH_Program_HalfWord
/var/folders/xf/tcndk8390ml5xdpfw93qkhpm0000gn/T//ccf7Jq5o.s:188    .text.HAL_FLASH_Program:00000000000000d8 $d
/var/folders/xf/tcndk8390ml5xdpfw93qkhpm0000gn/T//ccf7Jq5o.s:194    .text.HAL_FLASH_Program_IT:0000000000000000 $t
/var/folders/xf/tcndk8390ml5xdpfw93qkhpm0000gn/T//ccf7Jq5o.s:200    .text.HAL_FLASH_Program_IT:0000000000000000 HAL_FLASH_Program_IT
/var/folders/xf/tcndk8390ml5xdpfw93qkhpm0000gn/T//ccf7Jq5o.s:294    .text.HAL_FLASH_Program_IT:0000000000000078 $d
/var/folders/xf/tcndk8390ml5xdpfw93qkhpm0000gn/T//ccf7Jq5o.s:300    .text.HAL_FLASH_IRQHandler:0000000000000000 $t
/var/folders/xf/tcndk8390ml5xdpfw93qkhpm0000gn/T//ccf7Jq5o.s:306    .text.HAL_FLASH_IRQHandler:0000000000000000 HAL_FLASH_IRQHandler
/var/folders/xf/tcndk8390ml5xdpfw93qkhpm0000gn/T//ccf7Jq5o.s:1179   .text.FLASH_SetErrorCode:0000000000000000 FLASH_SetErrorCode
/var/folders/xf/tcndk8390ml5xdpfw93qkhpm0000gn/T//ccf7Jq5o.s:648    .text.HAL_FLASH_OperationErrorCallback:0000000000000000 HAL_FLASH_OperationErrorCallback
/var/folders/xf/tcndk8390ml5xdpfw93qkhpm0000gn/T//ccf7Jq5o.s:606    .text.HAL_FLASH_EndOfOperationCallback:0000000000000000 HAL_FLASH_EndOfOperationCallback
/var/folders/xf/tcndk8390ml5xdpfw93qkhpm0000gn/T//ccf7Jq5o.s:594    .text.HAL_FLASH_IRQHandler:00000000000001b8 $d
/var/folders/xf/tcndk8390ml5xdpfw93qkhpm0000gn/T//ccf7Jq5o.s:600    .text.HAL_FLASH_EndOfOperationCallback:0000000000000000 $t
/var/folders/xf/tcndk8390ml5xdpfw93qkhpm0000gn/T//ccf7Jq5o.s:642    .text.HAL_FLASH_OperationErrorCallback:0000000000000000 $t
/var/folders/xf/tcndk8390ml5xdpfw93qkhpm0000gn/T//ccf7Jq5o.s:684    .text.HAL_FLASH_Unlock:0000000000000000 $t
/var/folders/xf/tcndk8390ml5xdpfw93qkhpm0000gn/T//ccf7Jq5o.s:690    .text.HAL_FLASH_Unlock:0000000000000000 HAL_FLASH_Unlock
/var/folders/xf/tcndk8390ml5xdpfw93qkhpm0000gn/T//ccf7Jq5o.s:755    .text.HAL_FLASH_Unlock:0000000000000040 $d
/var/folders/xf/tcndk8390ml5xdpfw93qkhpm0000gn/T//ccf7Jq5o.s:762    .text.HAL_FLASH_Lock:0000000000000000 $t
/var/folders/xf/tcndk8390ml5xdpfw93qkhpm0000gn/T//ccf7Jq5o.s:768    .text.HAL_FLASH_Lock:0000000000000000 HAL_FLASH_Lock
/var/folders/xf/tcndk8390ml5xdpfw93qkhpm0000gn/T//ccf7Jq5o.s:804    .text.HAL_FLASH_Lock:000000000000001c $d
/var/folders/xf/tcndk8390ml5xdpfw93qkhpm0000gn/T//ccf7Jq5o.s:809    .text.HAL_FLASH_OB_Unlock:0000000000000000 $t
/var/folders/xf/tcndk8390ml5xdpfw93qkhpm0000gn/T//ccf7Jq5o.s:815    .text.HAL_FLASH_OB_Unlock:0000000000000000 HAL_FLASH_OB_Unlock
/var/folders/xf/tcndk8390ml5xdpfw93qkhpm0000gn/T//ccf7Jq5o.s:865    .text.HAL_FLASH_OB_Unlock:000000000000002c $d
/var/folders/xf/tcndk8390ml5xdpfw93qkhpm0000gn/T//ccf7Jq5o.s:872    .text.HAL_FLASH_OB_Lock:0000000000000000 $t
/var/folders/xf/tcndk8390ml5xdpfw93qkhpm0000gn/T//ccf7Jq5o.s:878    .text.HAL_FLASH_OB_Lock:0000000000000000 HAL_FLASH_OB_Lock
/var/folders/xf/tcndk8390ml5xdpfw93qkhpm0000gn/T//ccf7Jq5o.s:914    .text.HAL_FLASH_OB_Lock:000000000000001c $d
/var/folders/xf/tcndk8390ml5xdpfw93qkhpm0000gn/T//ccf7Jq5o.s:919    .text.HAL_FLASH_OB_Launch:0000000000000000 $t
/var/folders/xf/tcndk8390ml5xdpfw93qkhpm0000gn/T//ccf7Jq5o.s:925    .text.HAL_FLASH_OB_Launch:0000000000000000 HAL_FLASH_OB_Launch
/var/folders/xf/tcndk8390ml5xdpfw93qkhpm0000gn/T//ccf7Jq5o.s:948    .text.HAL_FLASH_GetError:0000000000000000 $t
/var/folders/xf/tcndk8390ml5xdpfw93qkhpm0000gn/T//ccf7Jq5o.s:954    .text.HAL_FLASH_GetError:0000000000000000 HAL_FLASH_GetError
/var/folders/xf/tcndk8390ml5xdpfw93qkhpm0000gn/T//ccf7Jq5o.s:985    .text.HAL_FLASH_GetError:0000000000000010 $d
/var/folders/xf/tcndk8390ml5xdpfw93qkhpm0000gn/T//ccf7Jq5o.s:990    .text.FLASH_Program_HalfWord:0000000000000000 $t
/var/folders/xf/tcndk8390ml5xdpfw93qkhpm0000gn/T//ccf7Jq5o.s:1047   .text.FLASH_Program_HalfWord:0000000000000030 $d
/var/folders/xf/tcndk8390ml5xdpfw93qkhpm0000gn/T//ccf7Jq5o.s:1053   .text.FLASH_WaitForLastOperation:0000000000000000 $t
/var/folders/xf/tcndk8390ml5xdpfw93qkhpm0000gn/T//ccf7Jq5o.s:1169   .text.FLASH_WaitForLastOperation:0000000000000088 $d
/var/folders/xf/tcndk8390ml5xdpfw93qkhpm0000gn/T//ccf7Jq5o.s:1174   .text.FLASH_SetErrorCode:0000000000000000 $t
/var/folders/xf/tcndk8390ml5xdpfw93qkhpm0000gn/T//ccf7Jq5o.s:1291   .text.FLASH_SetErrorCode:0000000000000098 $d

UNDEFINED SYMBOLS
FLASH_PageErase
HAL_NVIC_SystemReset
HAL_GetTick
