ARM GAS  /var/folders/g3/s0qwt8r95936n9ghz4hhpdwm0000gn/T//ccJNxob3.s 			page 1


   1              		.cpu cortex-m3
   2              		.arch armv7-m
   3              		.fpu softvfp
   4              		.eabi_attribute 20, 1
   5              		.eabi_attribute 21, 1
   6              		.eabi_attribute 23, 3
   7              		.eabi_attribute 24, 1
   8              		.eabi_attribute 25, 1
   9              		.eabi_attribute 26, 1
  10              		.eabi_attribute 30, 6
  11              		.eabi_attribute 34, 1
  12              		.eabi_attribute 18, 4
  13              		.file	"stm32f1xx_hal_can.c"
  14              		.text
  15              	.Ltext0:
  16              		.cfi_sections	.debug_frame
  17              		.section	.text.HAL_CAN_Init,"ax",%progbits
  18              		.align	1
  19              		.global	HAL_CAN_Init
  20              		.syntax unified
  21              		.thumb
  22              		.thumb_func
  24              	HAL_CAN_Init:
  25              	.LFB65:
  26              		.file 1 "Drivers/STM32F1xx_HAL_Driver/Src/stm32f1xx_hal_can.c"
   1:Drivers/STM32F1xx_HAL_Driver/Src/stm32f1xx_hal_can.c **** /**
   2:Drivers/STM32F1xx_HAL_Driver/Src/stm32f1xx_hal_can.c ****   ******************************************************************************
   3:Drivers/STM32F1xx_HAL_Driver/Src/stm32f1xx_hal_can.c ****   * @file    stm32f1xx_hal_can.c
   4:Drivers/STM32F1xx_HAL_Driver/Src/stm32f1xx_hal_can.c ****   * @author  MCD Application Team
   5:Drivers/STM32F1xx_HAL_Driver/Src/stm32f1xx_hal_can.c ****   * @brief   CAN HAL module driver.
   6:Drivers/STM32F1xx_HAL_Driver/Src/stm32f1xx_hal_can.c ****   *          This file provides firmware functions to manage the following
   7:Drivers/STM32F1xx_HAL_Driver/Src/stm32f1xx_hal_can.c ****   *          functionalities of the Controller Area Network (CAN) peripheral:
   8:Drivers/STM32F1xx_HAL_Driver/Src/stm32f1xx_hal_can.c ****   *           + Initialization and de-initialization functions
   9:Drivers/STM32F1xx_HAL_Driver/Src/stm32f1xx_hal_can.c ****   *           + Configuration functions
  10:Drivers/STM32F1xx_HAL_Driver/Src/stm32f1xx_hal_can.c ****   *           + Control functions
  11:Drivers/STM32F1xx_HAL_Driver/Src/stm32f1xx_hal_can.c ****   *           + Interrupts management
  12:Drivers/STM32F1xx_HAL_Driver/Src/stm32f1xx_hal_can.c ****   *           + Callbacks functions
  13:Drivers/STM32F1xx_HAL_Driver/Src/stm32f1xx_hal_can.c ****   *           + Peripheral State and Error functions
  14:Drivers/STM32F1xx_HAL_Driver/Src/stm32f1xx_hal_can.c ****   *
  15:Drivers/STM32F1xx_HAL_Driver/Src/stm32f1xx_hal_can.c ****   ******************************************************************************
  16:Drivers/STM32F1xx_HAL_Driver/Src/stm32f1xx_hal_can.c ****   * @attention
  17:Drivers/STM32F1xx_HAL_Driver/Src/stm32f1xx_hal_can.c ****   *
  18:Drivers/STM32F1xx_HAL_Driver/Src/stm32f1xx_hal_can.c ****   * Copyright (c) 2016 STMicroelectronics.
  19:Drivers/STM32F1xx_HAL_Driver/Src/stm32f1xx_hal_can.c ****   * All rights reserved.
  20:Drivers/STM32F1xx_HAL_Driver/Src/stm32f1xx_hal_can.c ****   *
  21:Drivers/STM32F1xx_HAL_Driver/Src/stm32f1xx_hal_can.c ****   * This software is licensed under terms that can be found in the LICENSE file
  22:Drivers/STM32F1xx_HAL_Driver/Src/stm32f1xx_hal_can.c ****   * in the root directory of this software component.
  23:Drivers/STM32F1xx_HAL_Driver/Src/stm32f1xx_hal_can.c ****   * If no LICENSE file comes with this software, it is provided AS-IS.
  24:Drivers/STM32F1xx_HAL_Driver/Src/stm32f1xx_hal_can.c ****   *
  25:Drivers/STM32F1xx_HAL_Driver/Src/stm32f1xx_hal_can.c ****   ******************************************************************************
  26:Drivers/STM32F1xx_HAL_Driver/Src/stm32f1xx_hal_can.c ****   @verbatim
  27:Drivers/STM32F1xx_HAL_Driver/Src/stm32f1xx_hal_can.c ****   ==============================================================================
  28:Drivers/STM32F1xx_HAL_Driver/Src/stm32f1xx_hal_can.c ****                         ##### How to use this driver #####
  29:Drivers/STM32F1xx_HAL_Driver/Src/stm32f1xx_hal_can.c ****   ==============================================================================
  30:Drivers/STM32F1xx_HAL_Driver/Src/stm32f1xx_hal_can.c ****     [..]
  31:Drivers/STM32F1xx_HAL_Driver/Src/stm32f1xx_hal_can.c ****       (#) Initialize the CAN low level resources by implementing the
  32:Drivers/STM32F1xx_HAL_Driver/Src/stm32f1xx_hal_can.c ****           HAL_CAN_MspInit():
ARM GAS  /var/folders/g3/s0qwt8r95936n9ghz4hhpdwm0000gn/T//ccJNxob3.s 			page 2


  33:Drivers/STM32F1xx_HAL_Driver/Src/stm32f1xx_hal_can.c ****          (++) Enable the CAN interface clock using __HAL_RCC_CANx_CLK_ENABLE()
  34:Drivers/STM32F1xx_HAL_Driver/Src/stm32f1xx_hal_can.c ****          (++) Configure CAN pins
  35:Drivers/STM32F1xx_HAL_Driver/Src/stm32f1xx_hal_can.c ****              (+++) Enable the clock for the CAN GPIOs
  36:Drivers/STM32F1xx_HAL_Driver/Src/stm32f1xx_hal_can.c ****              (+++) Configure CAN pins as alternate function
  37:Drivers/STM32F1xx_HAL_Driver/Src/stm32f1xx_hal_can.c ****          (++) In case of using interrupts (e.g. HAL_CAN_ActivateNotification())
  38:Drivers/STM32F1xx_HAL_Driver/Src/stm32f1xx_hal_can.c ****              (+++) Configure the CAN interrupt priority using
  39:Drivers/STM32F1xx_HAL_Driver/Src/stm32f1xx_hal_can.c ****                    HAL_NVIC_SetPriority()
  40:Drivers/STM32F1xx_HAL_Driver/Src/stm32f1xx_hal_can.c ****              (+++) Enable the CAN IRQ handler using HAL_NVIC_EnableIRQ()
  41:Drivers/STM32F1xx_HAL_Driver/Src/stm32f1xx_hal_can.c ****              (+++) In CAN IRQ handler, call HAL_CAN_IRQHandler()
  42:Drivers/STM32F1xx_HAL_Driver/Src/stm32f1xx_hal_can.c **** 
  43:Drivers/STM32F1xx_HAL_Driver/Src/stm32f1xx_hal_can.c ****       (#) Initialize the CAN peripheral using HAL_CAN_Init() function. This
  44:Drivers/STM32F1xx_HAL_Driver/Src/stm32f1xx_hal_can.c ****           function resorts to HAL_CAN_MspInit() for low-level initialization.
  45:Drivers/STM32F1xx_HAL_Driver/Src/stm32f1xx_hal_can.c **** 
  46:Drivers/STM32F1xx_HAL_Driver/Src/stm32f1xx_hal_can.c ****       (#) Configure the reception filters using the following configuration
  47:Drivers/STM32F1xx_HAL_Driver/Src/stm32f1xx_hal_can.c ****           functions:
  48:Drivers/STM32F1xx_HAL_Driver/Src/stm32f1xx_hal_can.c ****             (++) HAL_CAN_ConfigFilter()
  49:Drivers/STM32F1xx_HAL_Driver/Src/stm32f1xx_hal_can.c **** 
  50:Drivers/STM32F1xx_HAL_Driver/Src/stm32f1xx_hal_can.c ****       (#) Start the CAN module using HAL_CAN_Start() function. At this level
  51:Drivers/STM32F1xx_HAL_Driver/Src/stm32f1xx_hal_can.c ****           the node is active on the bus: it receive messages, and can send
  52:Drivers/STM32F1xx_HAL_Driver/Src/stm32f1xx_hal_can.c ****           messages.
  53:Drivers/STM32F1xx_HAL_Driver/Src/stm32f1xx_hal_can.c **** 
  54:Drivers/STM32F1xx_HAL_Driver/Src/stm32f1xx_hal_can.c ****       (#) To manage messages transmission, the following Tx control functions
  55:Drivers/STM32F1xx_HAL_Driver/Src/stm32f1xx_hal_can.c ****           can be used:
  56:Drivers/STM32F1xx_HAL_Driver/Src/stm32f1xx_hal_can.c ****             (++) HAL_CAN_AddTxMessage() to request transmission of a new
  57:Drivers/STM32F1xx_HAL_Driver/Src/stm32f1xx_hal_can.c ****                  message.
  58:Drivers/STM32F1xx_HAL_Driver/Src/stm32f1xx_hal_can.c ****             (++) HAL_CAN_AbortTxRequest() to abort transmission of a pending
  59:Drivers/STM32F1xx_HAL_Driver/Src/stm32f1xx_hal_can.c ****                  message.
  60:Drivers/STM32F1xx_HAL_Driver/Src/stm32f1xx_hal_can.c ****             (++) HAL_CAN_GetTxMailboxesFreeLevel() to get the number of free Tx
  61:Drivers/STM32F1xx_HAL_Driver/Src/stm32f1xx_hal_can.c ****                  mailboxes.
  62:Drivers/STM32F1xx_HAL_Driver/Src/stm32f1xx_hal_can.c ****             (++) HAL_CAN_IsTxMessagePending() to check if a message is pending
  63:Drivers/STM32F1xx_HAL_Driver/Src/stm32f1xx_hal_can.c ****                  in a Tx mailbox.
  64:Drivers/STM32F1xx_HAL_Driver/Src/stm32f1xx_hal_can.c ****             (++) HAL_CAN_GetTxTimestamp() to get the timestamp of Tx message
  65:Drivers/STM32F1xx_HAL_Driver/Src/stm32f1xx_hal_can.c ****                  sent, if time triggered communication mode is enabled.
  66:Drivers/STM32F1xx_HAL_Driver/Src/stm32f1xx_hal_can.c **** 
  67:Drivers/STM32F1xx_HAL_Driver/Src/stm32f1xx_hal_can.c ****       (#) When a message is received into the CAN Rx FIFOs, it can be retrieved
  68:Drivers/STM32F1xx_HAL_Driver/Src/stm32f1xx_hal_can.c ****           using the HAL_CAN_GetRxMessage() function. The function
  69:Drivers/STM32F1xx_HAL_Driver/Src/stm32f1xx_hal_can.c ****           HAL_CAN_GetRxFifoFillLevel() allows to know how many Rx message are
  70:Drivers/STM32F1xx_HAL_Driver/Src/stm32f1xx_hal_can.c ****           stored in the Rx Fifo.
  71:Drivers/STM32F1xx_HAL_Driver/Src/stm32f1xx_hal_can.c **** 
  72:Drivers/STM32F1xx_HAL_Driver/Src/stm32f1xx_hal_can.c ****       (#) Calling the HAL_CAN_Stop() function stops the CAN module.
  73:Drivers/STM32F1xx_HAL_Driver/Src/stm32f1xx_hal_can.c **** 
  74:Drivers/STM32F1xx_HAL_Driver/Src/stm32f1xx_hal_can.c ****       (#) The deinitialization is achieved with HAL_CAN_DeInit() function.
  75:Drivers/STM32F1xx_HAL_Driver/Src/stm32f1xx_hal_can.c **** 
  76:Drivers/STM32F1xx_HAL_Driver/Src/stm32f1xx_hal_can.c **** 
  77:Drivers/STM32F1xx_HAL_Driver/Src/stm32f1xx_hal_can.c ****       *** Polling mode operation ***
  78:Drivers/STM32F1xx_HAL_Driver/Src/stm32f1xx_hal_can.c ****       ==============================
  79:Drivers/STM32F1xx_HAL_Driver/Src/stm32f1xx_hal_can.c ****     [..]
  80:Drivers/STM32F1xx_HAL_Driver/Src/stm32f1xx_hal_can.c ****       (#) Reception:
  81:Drivers/STM32F1xx_HAL_Driver/Src/stm32f1xx_hal_can.c ****             (++) Monitor reception of message using HAL_CAN_GetRxFifoFillLevel()
  82:Drivers/STM32F1xx_HAL_Driver/Src/stm32f1xx_hal_can.c ****                  until at least one message is received.
  83:Drivers/STM32F1xx_HAL_Driver/Src/stm32f1xx_hal_can.c ****             (++) Then get the message using HAL_CAN_GetRxMessage().
  84:Drivers/STM32F1xx_HAL_Driver/Src/stm32f1xx_hal_can.c **** 
  85:Drivers/STM32F1xx_HAL_Driver/Src/stm32f1xx_hal_can.c ****       (#) Transmission:
  86:Drivers/STM32F1xx_HAL_Driver/Src/stm32f1xx_hal_can.c ****             (++) Monitor the Tx mailboxes availability until at least one Tx
  87:Drivers/STM32F1xx_HAL_Driver/Src/stm32f1xx_hal_can.c ****                  mailbox is free, using HAL_CAN_GetTxMailboxesFreeLevel().
  88:Drivers/STM32F1xx_HAL_Driver/Src/stm32f1xx_hal_can.c ****             (++) Then request transmission of a message using
  89:Drivers/STM32F1xx_HAL_Driver/Src/stm32f1xx_hal_can.c ****                  HAL_CAN_AddTxMessage().
ARM GAS  /var/folders/g3/s0qwt8r95936n9ghz4hhpdwm0000gn/T//ccJNxob3.s 			page 3


  90:Drivers/STM32F1xx_HAL_Driver/Src/stm32f1xx_hal_can.c **** 
  91:Drivers/STM32F1xx_HAL_Driver/Src/stm32f1xx_hal_can.c **** 
  92:Drivers/STM32F1xx_HAL_Driver/Src/stm32f1xx_hal_can.c ****       *** Interrupt mode operation ***
  93:Drivers/STM32F1xx_HAL_Driver/Src/stm32f1xx_hal_can.c ****       ================================
  94:Drivers/STM32F1xx_HAL_Driver/Src/stm32f1xx_hal_can.c ****     [..]
  95:Drivers/STM32F1xx_HAL_Driver/Src/stm32f1xx_hal_can.c ****       (#) Notifications are activated using HAL_CAN_ActivateNotification()
  96:Drivers/STM32F1xx_HAL_Driver/Src/stm32f1xx_hal_can.c ****           function. Then, the process can be controlled through the
  97:Drivers/STM32F1xx_HAL_Driver/Src/stm32f1xx_hal_can.c ****           available user callbacks: HAL_CAN_xxxCallback(), using same APIs
  98:Drivers/STM32F1xx_HAL_Driver/Src/stm32f1xx_hal_can.c ****           HAL_CAN_GetRxMessage() and HAL_CAN_AddTxMessage().
  99:Drivers/STM32F1xx_HAL_Driver/Src/stm32f1xx_hal_can.c **** 
 100:Drivers/STM32F1xx_HAL_Driver/Src/stm32f1xx_hal_can.c ****       (#) Notifications can be deactivated using
 101:Drivers/STM32F1xx_HAL_Driver/Src/stm32f1xx_hal_can.c ****           HAL_CAN_DeactivateNotification() function.
 102:Drivers/STM32F1xx_HAL_Driver/Src/stm32f1xx_hal_can.c **** 
 103:Drivers/STM32F1xx_HAL_Driver/Src/stm32f1xx_hal_can.c ****       (#) Special care should be taken for CAN_IT_RX_FIFO0_MSG_PENDING and
 104:Drivers/STM32F1xx_HAL_Driver/Src/stm32f1xx_hal_can.c ****           CAN_IT_RX_FIFO1_MSG_PENDING notifications. These notifications trig
 105:Drivers/STM32F1xx_HAL_Driver/Src/stm32f1xx_hal_can.c ****           the callbacks HAL_CAN_RxFIFO0MsgPendingCallback() and
 106:Drivers/STM32F1xx_HAL_Driver/Src/stm32f1xx_hal_can.c ****           HAL_CAN_RxFIFO1MsgPendingCallback(). User has two possible options
 107:Drivers/STM32F1xx_HAL_Driver/Src/stm32f1xx_hal_can.c ****           here.
 108:Drivers/STM32F1xx_HAL_Driver/Src/stm32f1xx_hal_can.c ****             (++) Directly get the Rx message in the callback, using
 109:Drivers/STM32F1xx_HAL_Driver/Src/stm32f1xx_hal_can.c ****                  HAL_CAN_GetRxMessage().
 110:Drivers/STM32F1xx_HAL_Driver/Src/stm32f1xx_hal_can.c ****             (++) Or deactivate the notification in the callback without
 111:Drivers/STM32F1xx_HAL_Driver/Src/stm32f1xx_hal_can.c ****                  getting the Rx message. The Rx message can then be got later
 112:Drivers/STM32F1xx_HAL_Driver/Src/stm32f1xx_hal_can.c ****                  using HAL_CAN_GetRxMessage(). Once the Rx message have been
 113:Drivers/STM32F1xx_HAL_Driver/Src/stm32f1xx_hal_can.c ****                  read, the notification can be activated again.
 114:Drivers/STM32F1xx_HAL_Driver/Src/stm32f1xx_hal_can.c **** 
 115:Drivers/STM32F1xx_HAL_Driver/Src/stm32f1xx_hal_can.c **** 
 116:Drivers/STM32F1xx_HAL_Driver/Src/stm32f1xx_hal_can.c ****       *** Sleep mode ***
 117:Drivers/STM32F1xx_HAL_Driver/Src/stm32f1xx_hal_can.c ****       ==================
 118:Drivers/STM32F1xx_HAL_Driver/Src/stm32f1xx_hal_can.c ****     [..]
 119:Drivers/STM32F1xx_HAL_Driver/Src/stm32f1xx_hal_can.c ****       (#) The CAN peripheral can be put in sleep mode (low power), using
 120:Drivers/STM32F1xx_HAL_Driver/Src/stm32f1xx_hal_can.c ****           HAL_CAN_RequestSleep(). The sleep mode will be entered as soon as the
 121:Drivers/STM32F1xx_HAL_Driver/Src/stm32f1xx_hal_can.c ****           current CAN activity (transmission or reception of a CAN frame) will
 122:Drivers/STM32F1xx_HAL_Driver/Src/stm32f1xx_hal_can.c ****           be completed.
 123:Drivers/STM32F1xx_HAL_Driver/Src/stm32f1xx_hal_can.c **** 
 124:Drivers/STM32F1xx_HAL_Driver/Src/stm32f1xx_hal_can.c ****       (#) A notification can be activated to be informed when the sleep mode
 125:Drivers/STM32F1xx_HAL_Driver/Src/stm32f1xx_hal_can.c ****           will be entered.
 126:Drivers/STM32F1xx_HAL_Driver/Src/stm32f1xx_hal_can.c **** 
 127:Drivers/STM32F1xx_HAL_Driver/Src/stm32f1xx_hal_can.c ****       (#) It can be checked if the sleep mode is entered using
 128:Drivers/STM32F1xx_HAL_Driver/Src/stm32f1xx_hal_can.c ****           HAL_CAN_IsSleepActive().
 129:Drivers/STM32F1xx_HAL_Driver/Src/stm32f1xx_hal_can.c ****           Note that the CAN state (accessible from the API HAL_CAN_GetState())
 130:Drivers/STM32F1xx_HAL_Driver/Src/stm32f1xx_hal_can.c ****           is HAL_CAN_STATE_SLEEP_PENDING as soon as the sleep mode request is
 131:Drivers/STM32F1xx_HAL_Driver/Src/stm32f1xx_hal_can.c ****           submitted (the sleep mode is not yet entered), and become
 132:Drivers/STM32F1xx_HAL_Driver/Src/stm32f1xx_hal_can.c ****           HAL_CAN_STATE_SLEEP_ACTIVE when the sleep mode is effective.
 133:Drivers/STM32F1xx_HAL_Driver/Src/stm32f1xx_hal_can.c **** 
 134:Drivers/STM32F1xx_HAL_Driver/Src/stm32f1xx_hal_can.c ****       (#) The wake-up from sleep mode can be triggered by two ways:
 135:Drivers/STM32F1xx_HAL_Driver/Src/stm32f1xx_hal_can.c ****             (++) Using HAL_CAN_WakeUp(). When returning from this function,
 136:Drivers/STM32F1xx_HAL_Driver/Src/stm32f1xx_hal_can.c ****                  the sleep mode is exited (if return status is HAL_OK).
 137:Drivers/STM32F1xx_HAL_Driver/Src/stm32f1xx_hal_can.c ****             (++) When a start of Rx CAN frame is detected by the CAN peripheral,
 138:Drivers/STM32F1xx_HAL_Driver/Src/stm32f1xx_hal_can.c ****                  if automatic wake up mode is enabled.
 139:Drivers/STM32F1xx_HAL_Driver/Src/stm32f1xx_hal_can.c **** 
 140:Drivers/STM32F1xx_HAL_Driver/Src/stm32f1xx_hal_can.c ****   *** Callback registration ***
 141:Drivers/STM32F1xx_HAL_Driver/Src/stm32f1xx_hal_can.c ****   =============================================
 142:Drivers/STM32F1xx_HAL_Driver/Src/stm32f1xx_hal_can.c **** 
 143:Drivers/STM32F1xx_HAL_Driver/Src/stm32f1xx_hal_can.c ****   The compilation define  USE_HAL_CAN_REGISTER_CALLBACKS when set to 1
 144:Drivers/STM32F1xx_HAL_Driver/Src/stm32f1xx_hal_can.c ****   allows the user to configure dynamically the driver callbacks.
 145:Drivers/STM32F1xx_HAL_Driver/Src/stm32f1xx_hal_can.c ****   Use Function HAL_CAN_RegisterCallback() to register an interrupt callback.
 146:Drivers/STM32F1xx_HAL_Driver/Src/stm32f1xx_hal_can.c **** 
ARM GAS  /var/folders/g3/s0qwt8r95936n9ghz4hhpdwm0000gn/T//ccJNxob3.s 			page 4


 147:Drivers/STM32F1xx_HAL_Driver/Src/stm32f1xx_hal_can.c ****   Function HAL_CAN_RegisterCallback() allows to register following callbacks:
 148:Drivers/STM32F1xx_HAL_Driver/Src/stm32f1xx_hal_can.c ****     (+) TxMailbox0CompleteCallback   : Tx Mailbox 0 Complete Callback.
 149:Drivers/STM32F1xx_HAL_Driver/Src/stm32f1xx_hal_can.c ****     (+) TxMailbox1CompleteCallback   : Tx Mailbox 1 Complete Callback.
 150:Drivers/STM32F1xx_HAL_Driver/Src/stm32f1xx_hal_can.c ****     (+) TxMailbox2CompleteCallback   : Tx Mailbox 2 Complete Callback.
 151:Drivers/STM32F1xx_HAL_Driver/Src/stm32f1xx_hal_can.c ****     (+) TxMailbox0AbortCallback      : Tx Mailbox 0 Abort Callback.
 152:Drivers/STM32F1xx_HAL_Driver/Src/stm32f1xx_hal_can.c ****     (+) TxMailbox1AbortCallback      : Tx Mailbox 1 Abort Callback.
 153:Drivers/STM32F1xx_HAL_Driver/Src/stm32f1xx_hal_can.c ****     (+) TxMailbox2AbortCallback      : Tx Mailbox 2 Abort Callback.
 154:Drivers/STM32F1xx_HAL_Driver/Src/stm32f1xx_hal_can.c ****     (+) RxFifo0MsgPendingCallback    : Rx Fifo 0 Message Pending Callback.
 155:Drivers/STM32F1xx_HAL_Driver/Src/stm32f1xx_hal_can.c ****     (+) RxFifo0FullCallback          : Rx Fifo 0 Full Callback.
 156:Drivers/STM32F1xx_HAL_Driver/Src/stm32f1xx_hal_can.c ****     (+) RxFifo1MsgPendingCallback    : Rx Fifo 1 Message Pending Callback.
 157:Drivers/STM32F1xx_HAL_Driver/Src/stm32f1xx_hal_can.c ****     (+) RxFifo1FullCallback          : Rx Fifo 1 Full Callback.
 158:Drivers/STM32F1xx_HAL_Driver/Src/stm32f1xx_hal_can.c ****     (+) SleepCallback                : Sleep Callback.
 159:Drivers/STM32F1xx_HAL_Driver/Src/stm32f1xx_hal_can.c ****     (+) WakeUpFromRxMsgCallback      : Wake Up From Rx Message Callback.
 160:Drivers/STM32F1xx_HAL_Driver/Src/stm32f1xx_hal_can.c ****     (+) ErrorCallback                : Error Callback.
 161:Drivers/STM32F1xx_HAL_Driver/Src/stm32f1xx_hal_can.c ****     (+) MspInitCallback              : CAN MspInit.
 162:Drivers/STM32F1xx_HAL_Driver/Src/stm32f1xx_hal_can.c ****     (+) MspDeInitCallback            : CAN MspDeInit.
 163:Drivers/STM32F1xx_HAL_Driver/Src/stm32f1xx_hal_can.c ****   This function takes as parameters the HAL peripheral handle, the Callback ID
 164:Drivers/STM32F1xx_HAL_Driver/Src/stm32f1xx_hal_can.c ****   and a pointer to the user callback function.
 165:Drivers/STM32F1xx_HAL_Driver/Src/stm32f1xx_hal_can.c **** 
 166:Drivers/STM32F1xx_HAL_Driver/Src/stm32f1xx_hal_can.c ****   Use function HAL_CAN_UnRegisterCallback() to reset a callback to the default
 167:Drivers/STM32F1xx_HAL_Driver/Src/stm32f1xx_hal_can.c ****   weak function.
 168:Drivers/STM32F1xx_HAL_Driver/Src/stm32f1xx_hal_can.c ****   HAL_CAN_UnRegisterCallback takes as parameters the HAL peripheral handle,
 169:Drivers/STM32F1xx_HAL_Driver/Src/stm32f1xx_hal_can.c ****   and the Callback ID.
 170:Drivers/STM32F1xx_HAL_Driver/Src/stm32f1xx_hal_can.c ****   This function allows to reset following callbacks:
 171:Drivers/STM32F1xx_HAL_Driver/Src/stm32f1xx_hal_can.c ****     (+) TxMailbox0CompleteCallback   : Tx Mailbox 0 Complete Callback.
 172:Drivers/STM32F1xx_HAL_Driver/Src/stm32f1xx_hal_can.c ****     (+) TxMailbox1CompleteCallback   : Tx Mailbox 1 Complete Callback.
 173:Drivers/STM32F1xx_HAL_Driver/Src/stm32f1xx_hal_can.c ****     (+) TxMailbox2CompleteCallback   : Tx Mailbox 2 Complete Callback.
 174:Drivers/STM32F1xx_HAL_Driver/Src/stm32f1xx_hal_can.c ****     (+) TxMailbox0AbortCallback      : Tx Mailbox 0 Abort Callback.
 175:Drivers/STM32F1xx_HAL_Driver/Src/stm32f1xx_hal_can.c ****     (+) TxMailbox1AbortCallback      : Tx Mailbox 1 Abort Callback.
 176:Drivers/STM32F1xx_HAL_Driver/Src/stm32f1xx_hal_can.c ****     (+) TxMailbox2AbortCallback      : Tx Mailbox 2 Abort Callback.
 177:Drivers/STM32F1xx_HAL_Driver/Src/stm32f1xx_hal_can.c ****     (+) RxFifo0MsgPendingCallback    : Rx Fifo 0 Message Pending Callback.
 178:Drivers/STM32F1xx_HAL_Driver/Src/stm32f1xx_hal_can.c ****     (+) RxFifo0FullCallback          : Rx Fifo 0 Full Callback.
 179:Drivers/STM32F1xx_HAL_Driver/Src/stm32f1xx_hal_can.c ****     (+) RxFifo1MsgPendingCallback    : Rx Fifo 1 Message Pending Callback.
 180:Drivers/STM32F1xx_HAL_Driver/Src/stm32f1xx_hal_can.c ****     (+) RxFifo1FullCallback          : Rx Fifo 1 Full Callback.
 181:Drivers/STM32F1xx_HAL_Driver/Src/stm32f1xx_hal_can.c ****     (+) SleepCallback                : Sleep Callback.
 182:Drivers/STM32F1xx_HAL_Driver/Src/stm32f1xx_hal_can.c ****     (+) WakeUpFromRxMsgCallback      : Wake Up From Rx Message Callback.
 183:Drivers/STM32F1xx_HAL_Driver/Src/stm32f1xx_hal_can.c ****     (+) ErrorCallback                : Error Callback.
 184:Drivers/STM32F1xx_HAL_Driver/Src/stm32f1xx_hal_can.c ****     (+) MspInitCallback              : CAN MspInit.
 185:Drivers/STM32F1xx_HAL_Driver/Src/stm32f1xx_hal_can.c ****     (+) MspDeInitCallback            : CAN MspDeInit.
 186:Drivers/STM32F1xx_HAL_Driver/Src/stm32f1xx_hal_can.c **** 
 187:Drivers/STM32F1xx_HAL_Driver/Src/stm32f1xx_hal_can.c ****   By default, after the HAL_CAN_Init() and when the state is HAL_CAN_STATE_RESET,
 188:Drivers/STM32F1xx_HAL_Driver/Src/stm32f1xx_hal_can.c ****   all callbacks are set to the corresponding weak functions:
 189:Drivers/STM32F1xx_HAL_Driver/Src/stm32f1xx_hal_can.c ****   example HAL_CAN_ErrorCallback().
 190:Drivers/STM32F1xx_HAL_Driver/Src/stm32f1xx_hal_can.c ****   Exception done for MspInit and MspDeInit functions that are
 191:Drivers/STM32F1xx_HAL_Driver/Src/stm32f1xx_hal_can.c ****   reset to the legacy weak function in the HAL_CAN_Init()/ HAL_CAN_DeInit() only when
 192:Drivers/STM32F1xx_HAL_Driver/Src/stm32f1xx_hal_can.c ****   these callbacks are null (not registered beforehand).
 193:Drivers/STM32F1xx_HAL_Driver/Src/stm32f1xx_hal_can.c ****   if not, MspInit or MspDeInit are not null, the HAL_CAN_Init()/ HAL_CAN_DeInit()
 194:Drivers/STM32F1xx_HAL_Driver/Src/stm32f1xx_hal_can.c ****   keep and use the user MspInit/MspDeInit callbacks (registered beforehand)
 195:Drivers/STM32F1xx_HAL_Driver/Src/stm32f1xx_hal_can.c **** 
 196:Drivers/STM32F1xx_HAL_Driver/Src/stm32f1xx_hal_can.c ****   Callbacks can be registered/unregistered in HAL_CAN_STATE_READY state only.
 197:Drivers/STM32F1xx_HAL_Driver/Src/stm32f1xx_hal_can.c ****   Exception done MspInit/MspDeInit that can be registered/unregistered
 198:Drivers/STM32F1xx_HAL_Driver/Src/stm32f1xx_hal_can.c ****   in HAL_CAN_STATE_READY or HAL_CAN_STATE_RESET state,
 199:Drivers/STM32F1xx_HAL_Driver/Src/stm32f1xx_hal_can.c ****   thus registered (user) MspInit/DeInit callbacks can be used during the Init/DeInit.
 200:Drivers/STM32F1xx_HAL_Driver/Src/stm32f1xx_hal_can.c ****   In that case first register the MspInit/MspDeInit user callbacks
 201:Drivers/STM32F1xx_HAL_Driver/Src/stm32f1xx_hal_can.c ****   using HAL_CAN_RegisterCallback() before calling HAL_CAN_DeInit()
 202:Drivers/STM32F1xx_HAL_Driver/Src/stm32f1xx_hal_can.c ****   or HAL_CAN_Init() function.
 203:Drivers/STM32F1xx_HAL_Driver/Src/stm32f1xx_hal_can.c **** 
ARM GAS  /var/folders/g3/s0qwt8r95936n9ghz4hhpdwm0000gn/T//ccJNxob3.s 			page 5


 204:Drivers/STM32F1xx_HAL_Driver/Src/stm32f1xx_hal_can.c ****   When The compilation define USE_HAL_CAN_REGISTER_CALLBACKS is set to 0 or
 205:Drivers/STM32F1xx_HAL_Driver/Src/stm32f1xx_hal_can.c ****   not defined, the callback registration feature is not available and all callbacks
 206:Drivers/STM32F1xx_HAL_Driver/Src/stm32f1xx_hal_can.c ****   are set to the corresponding weak functions.
 207:Drivers/STM32F1xx_HAL_Driver/Src/stm32f1xx_hal_can.c **** 
 208:Drivers/STM32F1xx_HAL_Driver/Src/stm32f1xx_hal_can.c ****   @endverbatim
 209:Drivers/STM32F1xx_HAL_Driver/Src/stm32f1xx_hal_can.c ****   ******************************************************************************
 210:Drivers/STM32F1xx_HAL_Driver/Src/stm32f1xx_hal_can.c ****   */
 211:Drivers/STM32F1xx_HAL_Driver/Src/stm32f1xx_hal_can.c **** 
 212:Drivers/STM32F1xx_HAL_Driver/Src/stm32f1xx_hal_can.c **** /* Includes ------------------------------------------------------------------*/
 213:Drivers/STM32F1xx_HAL_Driver/Src/stm32f1xx_hal_can.c **** #include "stm32f1xx_hal.h"
 214:Drivers/STM32F1xx_HAL_Driver/Src/stm32f1xx_hal_can.c **** 
 215:Drivers/STM32F1xx_HAL_Driver/Src/stm32f1xx_hal_can.c **** /** @addtogroup STM32F1xx_HAL_Driver
 216:Drivers/STM32F1xx_HAL_Driver/Src/stm32f1xx_hal_can.c ****   * @{
 217:Drivers/STM32F1xx_HAL_Driver/Src/stm32f1xx_hal_can.c ****   */
 218:Drivers/STM32F1xx_HAL_Driver/Src/stm32f1xx_hal_can.c **** 
 219:Drivers/STM32F1xx_HAL_Driver/Src/stm32f1xx_hal_can.c **** #if defined(CAN1)
 220:Drivers/STM32F1xx_HAL_Driver/Src/stm32f1xx_hal_can.c **** 
 221:Drivers/STM32F1xx_HAL_Driver/Src/stm32f1xx_hal_can.c **** /** @defgroup CAN CAN
 222:Drivers/STM32F1xx_HAL_Driver/Src/stm32f1xx_hal_can.c ****   * @brief CAN driver modules
 223:Drivers/STM32F1xx_HAL_Driver/Src/stm32f1xx_hal_can.c ****   * @{
 224:Drivers/STM32F1xx_HAL_Driver/Src/stm32f1xx_hal_can.c ****   */
 225:Drivers/STM32F1xx_HAL_Driver/Src/stm32f1xx_hal_can.c **** 
 226:Drivers/STM32F1xx_HAL_Driver/Src/stm32f1xx_hal_can.c **** #ifdef HAL_CAN_MODULE_ENABLED
 227:Drivers/STM32F1xx_HAL_Driver/Src/stm32f1xx_hal_can.c **** 
 228:Drivers/STM32F1xx_HAL_Driver/Src/stm32f1xx_hal_can.c **** #ifdef HAL_CAN_LEGACY_MODULE_ENABLED
 229:Drivers/STM32F1xx_HAL_Driver/Src/stm32f1xx_hal_can.c **** #error "The CAN driver cannot be used with its legacy, Please enable only one CAN module at once"
 230:Drivers/STM32F1xx_HAL_Driver/Src/stm32f1xx_hal_can.c **** #endif /* HAL_CAN_LEGACY_MODULE_ENABLED */
 231:Drivers/STM32F1xx_HAL_Driver/Src/stm32f1xx_hal_can.c **** 
 232:Drivers/STM32F1xx_HAL_Driver/Src/stm32f1xx_hal_can.c **** /* Private typedef -----------------------------------------------------------*/
 233:Drivers/STM32F1xx_HAL_Driver/Src/stm32f1xx_hal_can.c **** /* Private define ------------------------------------------------------------*/
 234:Drivers/STM32F1xx_HAL_Driver/Src/stm32f1xx_hal_can.c **** /** @defgroup CAN_Private_Constants CAN Private Constants
 235:Drivers/STM32F1xx_HAL_Driver/Src/stm32f1xx_hal_can.c ****   * @{
 236:Drivers/STM32F1xx_HAL_Driver/Src/stm32f1xx_hal_can.c ****   */
 237:Drivers/STM32F1xx_HAL_Driver/Src/stm32f1xx_hal_can.c **** #define CAN_TIMEOUT_VALUE 10U
 238:Drivers/STM32F1xx_HAL_Driver/Src/stm32f1xx_hal_can.c **** #define CAN_WAKEUP_TIMEOUT_COUNTER 1000000U
 239:Drivers/STM32F1xx_HAL_Driver/Src/stm32f1xx_hal_can.c **** /**
 240:Drivers/STM32F1xx_HAL_Driver/Src/stm32f1xx_hal_can.c ****   * @}
 241:Drivers/STM32F1xx_HAL_Driver/Src/stm32f1xx_hal_can.c ****   */
 242:Drivers/STM32F1xx_HAL_Driver/Src/stm32f1xx_hal_can.c **** /* Private macro -------------------------------------------------------------*/
 243:Drivers/STM32F1xx_HAL_Driver/Src/stm32f1xx_hal_can.c **** /* Private variables ---------------------------------------------------------*/
 244:Drivers/STM32F1xx_HAL_Driver/Src/stm32f1xx_hal_can.c **** /* Private function prototypes -----------------------------------------------*/
 245:Drivers/STM32F1xx_HAL_Driver/Src/stm32f1xx_hal_can.c **** /* Exported functions --------------------------------------------------------*/
 246:Drivers/STM32F1xx_HAL_Driver/Src/stm32f1xx_hal_can.c **** 
 247:Drivers/STM32F1xx_HAL_Driver/Src/stm32f1xx_hal_can.c **** /** @defgroup CAN_Exported_Functions CAN Exported Functions
 248:Drivers/STM32F1xx_HAL_Driver/Src/stm32f1xx_hal_can.c ****   * @{
 249:Drivers/STM32F1xx_HAL_Driver/Src/stm32f1xx_hal_can.c ****   */
 250:Drivers/STM32F1xx_HAL_Driver/Src/stm32f1xx_hal_can.c **** 
 251:Drivers/STM32F1xx_HAL_Driver/Src/stm32f1xx_hal_can.c **** /** @defgroup CAN_Exported_Functions_Group1 Initialization and de-initialization functions
 252:Drivers/STM32F1xx_HAL_Driver/Src/stm32f1xx_hal_can.c ****   * @brief    Initialization and Configuration functions
 253:Drivers/STM32F1xx_HAL_Driver/Src/stm32f1xx_hal_can.c ****   *
 254:Drivers/STM32F1xx_HAL_Driver/Src/stm32f1xx_hal_can.c **** @verbatim
 255:Drivers/STM32F1xx_HAL_Driver/Src/stm32f1xx_hal_can.c ****   ==============================================================================
 256:Drivers/STM32F1xx_HAL_Driver/Src/stm32f1xx_hal_can.c ****               ##### Initialization and de-initialization functions #####
 257:Drivers/STM32F1xx_HAL_Driver/Src/stm32f1xx_hal_can.c ****   ==============================================================================
 258:Drivers/STM32F1xx_HAL_Driver/Src/stm32f1xx_hal_can.c ****     [..]  This section provides functions allowing to:
 259:Drivers/STM32F1xx_HAL_Driver/Src/stm32f1xx_hal_can.c ****       (+) HAL_CAN_Init                       : Initialize and configure the CAN.
 260:Drivers/STM32F1xx_HAL_Driver/Src/stm32f1xx_hal_can.c ****       (+) HAL_CAN_DeInit                     : De-initialize the CAN.
ARM GAS  /var/folders/g3/s0qwt8r95936n9ghz4hhpdwm0000gn/T//ccJNxob3.s 			page 6


 261:Drivers/STM32F1xx_HAL_Driver/Src/stm32f1xx_hal_can.c ****       (+) HAL_CAN_MspInit                    : Initialize the CAN MSP.
 262:Drivers/STM32F1xx_HAL_Driver/Src/stm32f1xx_hal_can.c ****       (+) HAL_CAN_MspDeInit                  : DeInitialize the CAN MSP.
 263:Drivers/STM32F1xx_HAL_Driver/Src/stm32f1xx_hal_can.c **** 
 264:Drivers/STM32F1xx_HAL_Driver/Src/stm32f1xx_hal_can.c **** @endverbatim
 265:Drivers/STM32F1xx_HAL_Driver/Src/stm32f1xx_hal_can.c ****   * @{
 266:Drivers/STM32F1xx_HAL_Driver/Src/stm32f1xx_hal_can.c ****   */
 267:Drivers/STM32F1xx_HAL_Driver/Src/stm32f1xx_hal_can.c **** 
 268:Drivers/STM32F1xx_HAL_Driver/Src/stm32f1xx_hal_can.c **** /**
 269:Drivers/STM32F1xx_HAL_Driver/Src/stm32f1xx_hal_can.c ****   * @brief  Initializes the CAN peripheral according to the specified
 270:Drivers/STM32F1xx_HAL_Driver/Src/stm32f1xx_hal_can.c ****   *         parameters in the CAN_InitStruct.
 271:Drivers/STM32F1xx_HAL_Driver/Src/stm32f1xx_hal_can.c ****   * @param  hcan pointer to a CAN_HandleTypeDef structure that contains
 272:Drivers/STM32F1xx_HAL_Driver/Src/stm32f1xx_hal_can.c ****   *         the configuration information for the specified CAN.
 273:Drivers/STM32F1xx_HAL_Driver/Src/stm32f1xx_hal_can.c ****   * @retval HAL status
 274:Drivers/STM32F1xx_HAL_Driver/Src/stm32f1xx_hal_can.c ****   */
 275:Drivers/STM32F1xx_HAL_Driver/Src/stm32f1xx_hal_can.c **** HAL_StatusTypeDef HAL_CAN_Init(CAN_HandleTypeDef *hcan)
 276:Drivers/STM32F1xx_HAL_Driver/Src/stm32f1xx_hal_can.c **** {
  27              		.loc 1 276 1
  28              		.cfi_startproc
  29              		@ args = 0, pretend = 0, frame = 16
  30              		@ frame_needed = 1, uses_anonymous_args = 0
  31 0000 80B5     		push	{r7, lr}
  32              	.LCFI0:
  33              		.cfi_def_cfa_offset 8
  34              		.cfi_offset 7, -8
  35              		.cfi_offset 14, -4
  36 0002 84B0     		sub	sp, sp, #16
  37              	.LCFI1:
  38              		.cfi_def_cfa_offset 24
  39 0004 00AF     		add	r7, sp, #0
  40              	.LCFI2:
  41              		.cfi_def_cfa_register 7
  42 0006 7860     		str	r0, [r7, #4]
 277:Drivers/STM32F1xx_HAL_Driver/Src/stm32f1xx_hal_can.c ****   uint32_t tickstart;
 278:Drivers/STM32F1xx_HAL_Driver/Src/stm32f1xx_hal_can.c **** 
 279:Drivers/STM32F1xx_HAL_Driver/Src/stm32f1xx_hal_can.c ****   /* Check CAN handle */
 280:Drivers/STM32F1xx_HAL_Driver/Src/stm32f1xx_hal_can.c ****   if (hcan == NULL)
  43              		.loc 1 280 6
  44 0008 7B68     		ldr	r3, [r7, #4]
  45 000a 002B     		cmp	r3, #0
  46 000c 01D1     		bne	.L2
 281:Drivers/STM32F1xx_HAL_Driver/Src/stm32f1xx_hal_can.c ****   {
 282:Drivers/STM32F1xx_HAL_Driver/Src/stm32f1xx_hal_can.c ****     return HAL_ERROR;
  47              		.loc 1 282 12
  48 000e 0123     		movs	r3, #1
  49 0010 EDE0     		b	.L3
  50              	.L2:
 283:Drivers/STM32F1xx_HAL_Driver/Src/stm32f1xx_hal_can.c ****   }
 284:Drivers/STM32F1xx_HAL_Driver/Src/stm32f1xx_hal_can.c **** 
 285:Drivers/STM32F1xx_HAL_Driver/Src/stm32f1xx_hal_can.c ****   /* Check the parameters */
 286:Drivers/STM32F1xx_HAL_Driver/Src/stm32f1xx_hal_can.c ****   assert_param(IS_CAN_ALL_INSTANCE(hcan->Instance));
 287:Drivers/STM32F1xx_HAL_Driver/Src/stm32f1xx_hal_can.c ****   assert_param(IS_FUNCTIONAL_STATE(hcan->Init.TimeTriggeredMode));
 288:Drivers/STM32F1xx_HAL_Driver/Src/stm32f1xx_hal_can.c ****   assert_param(IS_FUNCTIONAL_STATE(hcan->Init.AutoBusOff));
 289:Drivers/STM32F1xx_HAL_Driver/Src/stm32f1xx_hal_can.c ****   assert_param(IS_FUNCTIONAL_STATE(hcan->Init.AutoWakeUp));
 290:Drivers/STM32F1xx_HAL_Driver/Src/stm32f1xx_hal_can.c ****   assert_param(IS_FUNCTIONAL_STATE(hcan->Init.AutoRetransmission));
 291:Drivers/STM32F1xx_HAL_Driver/Src/stm32f1xx_hal_can.c ****   assert_param(IS_FUNCTIONAL_STATE(hcan->Init.ReceiveFifoLocked));
 292:Drivers/STM32F1xx_HAL_Driver/Src/stm32f1xx_hal_can.c ****   assert_param(IS_FUNCTIONAL_STATE(hcan->Init.TransmitFifoPriority));
 293:Drivers/STM32F1xx_HAL_Driver/Src/stm32f1xx_hal_can.c ****   assert_param(IS_CAN_MODE(hcan->Init.Mode));
ARM GAS  /var/folders/g3/s0qwt8r95936n9ghz4hhpdwm0000gn/T//ccJNxob3.s 			page 7


 294:Drivers/STM32F1xx_HAL_Driver/Src/stm32f1xx_hal_can.c ****   assert_param(IS_CAN_SJW(hcan->Init.SyncJumpWidth));
 295:Drivers/STM32F1xx_HAL_Driver/Src/stm32f1xx_hal_can.c ****   assert_param(IS_CAN_BS1(hcan->Init.TimeSeg1));
 296:Drivers/STM32F1xx_HAL_Driver/Src/stm32f1xx_hal_can.c ****   assert_param(IS_CAN_BS2(hcan->Init.TimeSeg2));
 297:Drivers/STM32F1xx_HAL_Driver/Src/stm32f1xx_hal_can.c ****   assert_param(IS_CAN_PRESCALER(hcan->Init.Prescaler));
 298:Drivers/STM32F1xx_HAL_Driver/Src/stm32f1xx_hal_can.c **** 
 299:Drivers/STM32F1xx_HAL_Driver/Src/stm32f1xx_hal_can.c **** #if USE_HAL_CAN_REGISTER_CALLBACKS == 1
 300:Drivers/STM32F1xx_HAL_Driver/Src/stm32f1xx_hal_can.c ****   if (hcan->State == HAL_CAN_STATE_RESET)
 301:Drivers/STM32F1xx_HAL_Driver/Src/stm32f1xx_hal_can.c ****   {
 302:Drivers/STM32F1xx_HAL_Driver/Src/stm32f1xx_hal_can.c ****     /* Reset callbacks to legacy functions */
 303:Drivers/STM32F1xx_HAL_Driver/Src/stm32f1xx_hal_can.c ****     hcan->RxFifo0MsgPendingCallback  =  HAL_CAN_RxFifo0MsgPendingCallback;  /* Legacy weak RxFifo0M
 304:Drivers/STM32F1xx_HAL_Driver/Src/stm32f1xx_hal_can.c ****     hcan->RxFifo0FullCallback        =  HAL_CAN_RxFifo0FullCallback;        /* Legacy weak RxFifo0F
 305:Drivers/STM32F1xx_HAL_Driver/Src/stm32f1xx_hal_can.c ****     hcan->RxFifo1MsgPendingCallback  =  HAL_CAN_RxFifo1MsgPendingCallback;  /* Legacy weak RxFifo1M
 306:Drivers/STM32F1xx_HAL_Driver/Src/stm32f1xx_hal_can.c ****     hcan->RxFifo1FullCallback        =  HAL_CAN_RxFifo1FullCallback;        /* Legacy weak RxFifo1F
 307:Drivers/STM32F1xx_HAL_Driver/Src/stm32f1xx_hal_can.c ****     hcan->TxMailbox0CompleteCallback =  HAL_CAN_TxMailbox0CompleteCallback; /* Legacy weak TxMailbo
 308:Drivers/STM32F1xx_HAL_Driver/Src/stm32f1xx_hal_can.c ****     hcan->TxMailbox1CompleteCallback =  HAL_CAN_TxMailbox1CompleteCallback; /* Legacy weak TxMailbo
 309:Drivers/STM32F1xx_HAL_Driver/Src/stm32f1xx_hal_can.c ****     hcan->TxMailbox2CompleteCallback =  HAL_CAN_TxMailbox2CompleteCallback; /* Legacy weak TxMailbo
 310:Drivers/STM32F1xx_HAL_Driver/Src/stm32f1xx_hal_can.c ****     hcan->TxMailbox0AbortCallback    =  HAL_CAN_TxMailbox0AbortCallback;    /* Legacy weak TxMailbo
 311:Drivers/STM32F1xx_HAL_Driver/Src/stm32f1xx_hal_can.c ****     hcan->TxMailbox1AbortCallback    =  HAL_CAN_TxMailbox1AbortCallback;    /* Legacy weak TxMailbo
 312:Drivers/STM32F1xx_HAL_Driver/Src/stm32f1xx_hal_can.c ****     hcan->TxMailbox2AbortCallback    =  HAL_CAN_TxMailbox2AbortCallback;    /* Legacy weak TxMailbo
 313:Drivers/STM32F1xx_HAL_Driver/Src/stm32f1xx_hal_can.c ****     hcan->SleepCallback              =  HAL_CAN_SleepCallback;              /* Legacy weak SleepCal
 314:Drivers/STM32F1xx_HAL_Driver/Src/stm32f1xx_hal_can.c ****     hcan->WakeUpFromRxMsgCallback    =  HAL_CAN_WakeUpFromRxMsgCallback;    /* Legacy weak WakeUpFr
 315:Drivers/STM32F1xx_HAL_Driver/Src/stm32f1xx_hal_can.c ****     hcan->ErrorCallback              =  HAL_CAN_ErrorCallback;              /* Legacy weak ErrorCal
 316:Drivers/STM32F1xx_HAL_Driver/Src/stm32f1xx_hal_can.c **** 
 317:Drivers/STM32F1xx_HAL_Driver/Src/stm32f1xx_hal_can.c ****     if (hcan->MspInitCallback == NULL)
 318:Drivers/STM32F1xx_HAL_Driver/Src/stm32f1xx_hal_can.c ****     {
 319:Drivers/STM32F1xx_HAL_Driver/Src/stm32f1xx_hal_can.c ****       hcan->MspInitCallback = HAL_CAN_MspInit; /* Legacy weak MspInit */
 320:Drivers/STM32F1xx_HAL_Driver/Src/stm32f1xx_hal_can.c ****     }
 321:Drivers/STM32F1xx_HAL_Driver/Src/stm32f1xx_hal_can.c **** 
 322:Drivers/STM32F1xx_HAL_Driver/Src/stm32f1xx_hal_can.c ****     /* Init the low level hardware: CLOCK, NVIC */
 323:Drivers/STM32F1xx_HAL_Driver/Src/stm32f1xx_hal_can.c ****     hcan->MspInitCallback(hcan);
 324:Drivers/STM32F1xx_HAL_Driver/Src/stm32f1xx_hal_can.c ****   }
 325:Drivers/STM32F1xx_HAL_Driver/Src/stm32f1xx_hal_can.c **** 
 326:Drivers/STM32F1xx_HAL_Driver/Src/stm32f1xx_hal_can.c **** #else
 327:Drivers/STM32F1xx_HAL_Driver/Src/stm32f1xx_hal_can.c ****   if (hcan->State == HAL_CAN_STATE_RESET)
  51              		.loc 1 327 11
  52 0012 7B68     		ldr	r3, [r7, #4]
  53 0014 93F82030 		ldrb	r3, [r3, #32]
  54 0018 DBB2     		uxtb	r3, r3
  55              		.loc 1 327 6
  56 001a 002B     		cmp	r3, #0
  57 001c 02D1     		bne	.L4
 328:Drivers/STM32F1xx_HAL_Driver/Src/stm32f1xx_hal_can.c ****   {
 329:Drivers/STM32F1xx_HAL_Driver/Src/stm32f1xx_hal_can.c ****     /* Init the low level hardware: CLOCK, NVIC */
 330:Drivers/STM32F1xx_HAL_Driver/Src/stm32f1xx_hal_can.c ****     HAL_CAN_MspInit(hcan);
  58              		.loc 1 330 5
  59 001e 7868     		ldr	r0, [r7, #4]
  60 0020 FFF7FEFF 		bl	HAL_CAN_MspInit
  61              	.L4:
 331:Drivers/STM32F1xx_HAL_Driver/Src/stm32f1xx_hal_can.c ****   }
 332:Drivers/STM32F1xx_HAL_Driver/Src/stm32f1xx_hal_can.c **** #endif /* USE_HAL_CAN_REGISTER_CALLBACKS */
 333:Drivers/STM32F1xx_HAL_Driver/Src/stm32f1xx_hal_can.c **** 
 334:Drivers/STM32F1xx_HAL_Driver/Src/stm32f1xx_hal_can.c ****   /* Request initialisation */
 335:Drivers/STM32F1xx_HAL_Driver/Src/stm32f1xx_hal_can.c ****   SET_BIT(hcan->Instance->MCR, CAN_MCR_INRQ);
  62              		.loc 1 335 3
  63 0024 7B68     		ldr	r3, [r7, #4]
  64 0026 1B68     		ldr	r3, [r3]
  65 0028 1A68     		ldr	r2, [r3]
ARM GAS  /var/folders/g3/s0qwt8r95936n9ghz4hhpdwm0000gn/T//ccJNxob3.s 			page 8


  66 002a 7B68     		ldr	r3, [r7, #4]
  67 002c 1B68     		ldr	r3, [r3]
  68 002e 42F00102 		orr	r2, r2, #1
  69 0032 1A60     		str	r2, [r3]
 336:Drivers/STM32F1xx_HAL_Driver/Src/stm32f1xx_hal_can.c **** 
 337:Drivers/STM32F1xx_HAL_Driver/Src/stm32f1xx_hal_can.c ****   /* Get tick */
 338:Drivers/STM32F1xx_HAL_Driver/Src/stm32f1xx_hal_can.c ****   tickstart = HAL_GetTick();
  70              		.loc 1 338 15
  71 0034 FFF7FEFF 		bl	HAL_GetTick
  72 0038 F860     		str	r0, [r7, #12]
 339:Drivers/STM32F1xx_HAL_Driver/Src/stm32f1xx_hal_can.c **** 
 340:Drivers/STM32F1xx_HAL_Driver/Src/stm32f1xx_hal_can.c ****   /* Wait initialisation acknowledge */
 341:Drivers/STM32F1xx_HAL_Driver/Src/stm32f1xx_hal_can.c ****   while ((hcan->Instance->MSR & CAN_MSR_INAK) == 0U)
  73              		.loc 1 341 9
  74 003a 12E0     		b	.L5
  75              	.L6:
 342:Drivers/STM32F1xx_HAL_Driver/Src/stm32f1xx_hal_can.c ****   {
 343:Drivers/STM32F1xx_HAL_Driver/Src/stm32f1xx_hal_can.c ****     if ((HAL_GetTick() - tickstart) > CAN_TIMEOUT_VALUE)
  76              		.loc 1 343 10
  77 003c FFF7FEFF 		bl	HAL_GetTick
  78 0040 0246     		mov	r2, r0
  79              		.loc 1 343 24
  80 0042 FB68     		ldr	r3, [r7, #12]
  81 0044 D31A     		subs	r3, r2, r3
  82              		.loc 1 343 8
  83 0046 0A2B     		cmp	r3, #10
  84 0048 0BD9     		bls	.L5
 344:Drivers/STM32F1xx_HAL_Driver/Src/stm32f1xx_hal_can.c ****     {
 345:Drivers/STM32F1xx_HAL_Driver/Src/stm32f1xx_hal_can.c ****       /* Update error code */
 346:Drivers/STM32F1xx_HAL_Driver/Src/stm32f1xx_hal_can.c ****       hcan->ErrorCode |= HAL_CAN_ERROR_TIMEOUT;
  85              		.loc 1 346 23
  86 004a 7B68     		ldr	r3, [r7, #4]
  87 004c 5B6A     		ldr	r3, [r3, #36]
  88 004e 43F40032 		orr	r2, r3, #131072
  89 0052 7B68     		ldr	r3, [r7, #4]
  90 0054 5A62     		str	r2, [r3, #36]
 347:Drivers/STM32F1xx_HAL_Driver/Src/stm32f1xx_hal_can.c **** 
 348:Drivers/STM32F1xx_HAL_Driver/Src/stm32f1xx_hal_can.c ****       /* Change CAN state */
 349:Drivers/STM32F1xx_HAL_Driver/Src/stm32f1xx_hal_can.c ****       hcan->State = HAL_CAN_STATE_ERROR;
  91              		.loc 1 349 19
  92 0056 7B68     		ldr	r3, [r7, #4]
  93 0058 0522     		movs	r2, #5
  94 005a 83F82020 		strb	r2, [r3, #32]
 350:Drivers/STM32F1xx_HAL_Driver/Src/stm32f1xx_hal_can.c **** 
 351:Drivers/STM32F1xx_HAL_Driver/Src/stm32f1xx_hal_can.c ****       return HAL_ERROR;
  95              		.loc 1 351 14
  96 005e 0123     		movs	r3, #1
  97 0060 C5E0     		b	.L3
  98              	.L5:
 341:Drivers/STM32F1xx_HAL_Driver/Src/stm32f1xx_hal_can.c ****   {
  99              		.loc 1 341 15
 100 0062 7B68     		ldr	r3, [r7, #4]
 101 0064 1B68     		ldr	r3, [r3]
 341:Drivers/STM32F1xx_HAL_Driver/Src/stm32f1xx_hal_can.c ****   {
 102              		.loc 1 341 25
 103 0066 5B68     		ldr	r3, [r3, #4]
 341:Drivers/STM32F1xx_HAL_Driver/Src/stm32f1xx_hal_can.c ****   {
ARM GAS  /var/folders/g3/s0qwt8r95936n9ghz4hhpdwm0000gn/T//ccJNxob3.s 			page 9


 104              		.loc 1 341 31
 105 0068 03F00103 		and	r3, r3, #1
 341:Drivers/STM32F1xx_HAL_Driver/Src/stm32f1xx_hal_can.c ****   {
 106              		.loc 1 341 9
 107 006c 002B     		cmp	r3, #0
 108 006e E5D0     		beq	.L6
 352:Drivers/STM32F1xx_HAL_Driver/Src/stm32f1xx_hal_can.c ****     }
 353:Drivers/STM32F1xx_HAL_Driver/Src/stm32f1xx_hal_can.c ****   }
 354:Drivers/STM32F1xx_HAL_Driver/Src/stm32f1xx_hal_can.c **** 
 355:Drivers/STM32F1xx_HAL_Driver/Src/stm32f1xx_hal_can.c ****   /* Exit from sleep mode */
 356:Drivers/STM32F1xx_HAL_Driver/Src/stm32f1xx_hal_can.c ****   CLEAR_BIT(hcan->Instance->MCR, CAN_MCR_SLEEP);
 109              		.loc 1 356 3
 110 0070 7B68     		ldr	r3, [r7, #4]
 111 0072 1B68     		ldr	r3, [r3]
 112 0074 1A68     		ldr	r2, [r3]
 113 0076 7B68     		ldr	r3, [r7, #4]
 114 0078 1B68     		ldr	r3, [r3]
 115 007a 22F00202 		bic	r2, r2, #2
 116 007e 1A60     		str	r2, [r3]
 357:Drivers/STM32F1xx_HAL_Driver/Src/stm32f1xx_hal_can.c **** 
 358:Drivers/STM32F1xx_HAL_Driver/Src/stm32f1xx_hal_can.c ****   /* Get tick */
 359:Drivers/STM32F1xx_HAL_Driver/Src/stm32f1xx_hal_can.c ****   tickstart = HAL_GetTick();
 117              		.loc 1 359 15
 118 0080 FFF7FEFF 		bl	HAL_GetTick
 119 0084 F860     		str	r0, [r7, #12]
 360:Drivers/STM32F1xx_HAL_Driver/Src/stm32f1xx_hal_can.c **** 
 361:Drivers/STM32F1xx_HAL_Driver/Src/stm32f1xx_hal_can.c ****   /* Check Sleep mode leave acknowledge */
 362:Drivers/STM32F1xx_HAL_Driver/Src/stm32f1xx_hal_can.c ****   while ((hcan->Instance->MSR & CAN_MSR_SLAK) != 0U)
 120              		.loc 1 362 9
 121 0086 12E0     		b	.L7
 122              	.L8:
 363:Drivers/STM32F1xx_HAL_Driver/Src/stm32f1xx_hal_can.c ****   {
 364:Drivers/STM32F1xx_HAL_Driver/Src/stm32f1xx_hal_can.c ****     if ((HAL_GetTick() - tickstart) > CAN_TIMEOUT_VALUE)
 123              		.loc 1 364 10
 124 0088 FFF7FEFF 		bl	HAL_GetTick
 125 008c 0246     		mov	r2, r0
 126              		.loc 1 364 24
 127 008e FB68     		ldr	r3, [r7, #12]
 128 0090 D31A     		subs	r3, r2, r3
 129              		.loc 1 364 8
 130 0092 0A2B     		cmp	r3, #10
 131 0094 0BD9     		bls	.L7
 365:Drivers/STM32F1xx_HAL_Driver/Src/stm32f1xx_hal_can.c ****     {
 366:Drivers/STM32F1xx_HAL_Driver/Src/stm32f1xx_hal_can.c ****       /* Update error code */
 367:Drivers/STM32F1xx_HAL_Driver/Src/stm32f1xx_hal_can.c ****       hcan->ErrorCode |= HAL_CAN_ERROR_TIMEOUT;
 132              		.loc 1 367 23
 133 0096 7B68     		ldr	r3, [r7, #4]
 134 0098 5B6A     		ldr	r3, [r3, #36]
 135 009a 43F40032 		orr	r2, r3, #131072
 136 009e 7B68     		ldr	r3, [r7, #4]
 137 00a0 5A62     		str	r2, [r3, #36]
 368:Drivers/STM32F1xx_HAL_Driver/Src/stm32f1xx_hal_can.c **** 
 369:Drivers/STM32F1xx_HAL_Driver/Src/stm32f1xx_hal_can.c ****       /* Change CAN state */
 370:Drivers/STM32F1xx_HAL_Driver/Src/stm32f1xx_hal_can.c ****       hcan->State = HAL_CAN_STATE_ERROR;
 138              		.loc 1 370 19
 139 00a2 7B68     		ldr	r3, [r7, #4]
 140 00a4 0522     		movs	r2, #5
ARM GAS  /var/folders/g3/s0qwt8r95936n9ghz4hhpdwm0000gn/T//ccJNxob3.s 			page 10


 141 00a6 83F82020 		strb	r2, [r3, #32]
 371:Drivers/STM32F1xx_HAL_Driver/Src/stm32f1xx_hal_can.c **** 
 372:Drivers/STM32F1xx_HAL_Driver/Src/stm32f1xx_hal_can.c ****       return HAL_ERROR;
 142              		.loc 1 372 14
 143 00aa 0123     		movs	r3, #1
 144 00ac 9FE0     		b	.L3
 145              	.L7:
 362:Drivers/STM32F1xx_HAL_Driver/Src/stm32f1xx_hal_can.c ****   {
 146              		.loc 1 362 15
 147 00ae 7B68     		ldr	r3, [r7, #4]
 148 00b0 1B68     		ldr	r3, [r3]
 362:Drivers/STM32F1xx_HAL_Driver/Src/stm32f1xx_hal_can.c ****   {
 149              		.loc 1 362 25
 150 00b2 5B68     		ldr	r3, [r3, #4]
 362:Drivers/STM32F1xx_HAL_Driver/Src/stm32f1xx_hal_can.c ****   {
 151              		.loc 1 362 31
 152 00b4 03F00203 		and	r3, r3, #2
 362:Drivers/STM32F1xx_HAL_Driver/Src/stm32f1xx_hal_can.c ****   {
 153              		.loc 1 362 9
 154 00b8 002B     		cmp	r3, #0
 155 00ba E5D1     		bne	.L8
 373:Drivers/STM32F1xx_HAL_Driver/Src/stm32f1xx_hal_can.c ****     }
 374:Drivers/STM32F1xx_HAL_Driver/Src/stm32f1xx_hal_can.c ****   }
 375:Drivers/STM32F1xx_HAL_Driver/Src/stm32f1xx_hal_can.c **** 
 376:Drivers/STM32F1xx_HAL_Driver/Src/stm32f1xx_hal_can.c ****   /* Set the time triggered communication mode */
 377:Drivers/STM32F1xx_HAL_Driver/Src/stm32f1xx_hal_can.c ****   if (hcan->Init.TimeTriggeredMode == ENABLE)
 156              		.loc 1 377 17
 157 00bc 7B68     		ldr	r3, [r7, #4]
 158 00be 1B7E     		ldrb	r3, [r3, #24]	@ zero_extendqisi2
 159              		.loc 1 377 6
 160 00c0 012B     		cmp	r3, #1
 161 00c2 08D1     		bne	.L9
 378:Drivers/STM32F1xx_HAL_Driver/Src/stm32f1xx_hal_can.c ****   {
 379:Drivers/STM32F1xx_HAL_Driver/Src/stm32f1xx_hal_can.c ****     SET_BIT(hcan->Instance->MCR, CAN_MCR_TTCM);
 162              		.loc 1 379 5
 163 00c4 7B68     		ldr	r3, [r7, #4]
 164 00c6 1B68     		ldr	r3, [r3]
 165 00c8 1A68     		ldr	r2, [r3]
 166 00ca 7B68     		ldr	r3, [r7, #4]
 167 00cc 1B68     		ldr	r3, [r3]
 168 00ce 42F08002 		orr	r2, r2, #128
 169 00d2 1A60     		str	r2, [r3]
 170 00d4 07E0     		b	.L10
 171              	.L9:
 380:Drivers/STM32F1xx_HAL_Driver/Src/stm32f1xx_hal_can.c ****   }
 381:Drivers/STM32F1xx_HAL_Driver/Src/stm32f1xx_hal_can.c ****   else
 382:Drivers/STM32F1xx_HAL_Driver/Src/stm32f1xx_hal_can.c ****   {
 383:Drivers/STM32F1xx_HAL_Driver/Src/stm32f1xx_hal_can.c ****     CLEAR_BIT(hcan->Instance->MCR, CAN_MCR_TTCM);
 172              		.loc 1 383 5
 173 00d6 7B68     		ldr	r3, [r7, #4]
 174 00d8 1B68     		ldr	r3, [r3]
 175 00da 1A68     		ldr	r2, [r3]
 176 00dc 7B68     		ldr	r3, [r7, #4]
 177 00de 1B68     		ldr	r3, [r3]
 178 00e0 22F08002 		bic	r2, r2, #128
 179 00e4 1A60     		str	r2, [r3]
 180              	.L10:
ARM GAS  /var/folders/g3/s0qwt8r95936n9ghz4hhpdwm0000gn/T//ccJNxob3.s 			page 11


 384:Drivers/STM32F1xx_HAL_Driver/Src/stm32f1xx_hal_can.c ****   }
 385:Drivers/STM32F1xx_HAL_Driver/Src/stm32f1xx_hal_can.c **** 
 386:Drivers/STM32F1xx_HAL_Driver/Src/stm32f1xx_hal_can.c ****   /* Set the automatic bus-off management */
 387:Drivers/STM32F1xx_HAL_Driver/Src/stm32f1xx_hal_can.c ****   if (hcan->Init.AutoBusOff == ENABLE)
 181              		.loc 1 387 17
 182 00e6 7B68     		ldr	r3, [r7, #4]
 183 00e8 5B7E     		ldrb	r3, [r3, #25]	@ zero_extendqisi2
 184              		.loc 1 387 6
 185 00ea 012B     		cmp	r3, #1
 186 00ec 08D1     		bne	.L11
 388:Drivers/STM32F1xx_HAL_Driver/Src/stm32f1xx_hal_can.c ****   {
 389:Drivers/STM32F1xx_HAL_Driver/Src/stm32f1xx_hal_can.c ****     SET_BIT(hcan->Instance->MCR, CAN_MCR_ABOM);
 187              		.loc 1 389 5
 188 00ee 7B68     		ldr	r3, [r7, #4]
 189 00f0 1B68     		ldr	r3, [r3]
 190 00f2 1A68     		ldr	r2, [r3]
 191 00f4 7B68     		ldr	r3, [r7, #4]
 192 00f6 1B68     		ldr	r3, [r3]
 193 00f8 42F04002 		orr	r2, r2, #64
 194 00fc 1A60     		str	r2, [r3]
 195 00fe 07E0     		b	.L12
 196              	.L11:
 390:Drivers/STM32F1xx_HAL_Driver/Src/stm32f1xx_hal_can.c ****   }
 391:Drivers/STM32F1xx_HAL_Driver/Src/stm32f1xx_hal_can.c ****   else
 392:Drivers/STM32F1xx_HAL_Driver/Src/stm32f1xx_hal_can.c ****   {
 393:Drivers/STM32F1xx_HAL_Driver/Src/stm32f1xx_hal_can.c ****     CLEAR_BIT(hcan->Instance->MCR, CAN_MCR_ABOM);
 197              		.loc 1 393 5
 198 0100 7B68     		ldr	r3, [r7, #4]
 199 0102 1B68     		ldr	r3, [r3]
 200 0104 1A68     		ldr	r2, [r3]
 201 0106 7B68     		ldr	r3, [r7, #4]
 202 0108 1B68     		ldr	r3, [r3]
 203 010a 22F04002 		bic	r2, r2, #64
 204 010e 1A60     		str	r2, [r3]
 205              	.L12:
 394:Drivers/STM32F1xx_HAL_Driver/Src/stm32f1xx_hal_can.c ****   }
 395:Drivers/STM32F1xx_HAL_Driver/Src/stm32f1xx_hal_can.c **** 
 396:Drivers/STM32F1xx_HAL_Driver/Src/stm32f1xx_hal_can.c ****   /* Set the automatic wake-up mode */
 397:Drivers/STM32F1xx_HAL_Driver/Src/stm32f1xx_hal_can.c ****   if (hcan->Init.AutoWakeUp == ENABLE)
 206              		.loc 1 397 17
 207 0110 7B68     		ldr	r3, [r7, #4]
 208 0112 9B7E     		ldrb	r3, [r3, #26]	@ zero_extendqisi2
 209              		.loc 1 397 6
 210 0114 012B     		cmp	r3, #1
 211 0116 08D1     		bne	.L13
 398:Drivers/STM32F1xx_HAL_Driver/Src/stm32f1xx_hal_can.c ****   {
 399:Drivers/STM32F1xx_HAL_Driver/Src/stm32f1xx_hal_can.c ****     SET_BIT(hcan->Instance->MCR, CAN_MCR_AWUM);
 212              		.loc 1 399 5
 213 0118 7B68     		ldr	r3, [r7, #4]
 214 011a 1B68     		ldr	r3, [r3]
 215 011c 1A68     		ldr	r2, [r3]
 216 011e 7B68     		ldr	r3, [r7, #4]
 217 0120 1B68     		ldr	r3, [r3]
 218 0122 42F02002 		orr	r2, r2, #32
 219 0126 1A60     		str	r2, [r3]
 220 0128 07E0     		b	.L14
 221              	.L13:
ARM GAS  /var/folders/g3/s0qwt8r95936n9ghz4hhpdwm0000gn/T//ccJNxob3.s 			page 12


 400:Drivers/STM32F1xx_HAL_Driver/Src/stm32f1xx_hal_can.c ****   }
 401:Drivers/STM32F1xx_HAL_Driver/Src/stm32f1xx_hal_can.c ****   else
 402:Drivers/STM32F1xx_HAL_Driver/Src/stm32f1xx_hal_can.c ****   {
 403:Drivers/STM32F1xx_HAL_Driver/Src/stm32f1xx_hal_can.c ****     CLEAR_BIT(hcan->Instance->MCR, CAN_MCR_AWUM);
 222              		.loc 1 403 5
 223 012a 7B68     		ldr	r3, [r7, #4]
 224 012c 1B68     		ldr	r3, [r3]
 225 012e 1A68     		ldr	r2, [r3]
 226 0130 7B68     		ldr	r3, [r7, #4]
 227 0132 1B68     		ldr	r3, [r3]
 228 0134 22F02002 		bic	r2, r2, #32
 229 0138 1A60     		str	r2, [r3]
 230              	.L14:
 404:Drivers/STM32F1xx_HAL_Driver/Src/stm32f1xx_hal_can.c ****   }
 405:Drivers/STM32F1xx_HAL_Driver/Src/stm32f1xx_hal_can.c **** 
 406:Drivers/STM32F1xx_HAL_Driver/Src/stm32f1xx_hal_can.c ****   /* Set the automatic retransmission */
 407:Drivers/STM32F1xx_HAL_Driver/Src/stm32f1xx_hal_can.c ****   if (hcan->Init.AutoRetransmission == ENABLE)
 231              		.loc 1 407 17
 232 013a 7B68     		ldr	r3, [r7, #4]
 233 013c DB7E     		ldrb	r3, [r3, #27]	@ zero_extendqisi2
 234              		.loc 1 407 6
 235 013e 012B     		cmp	r3, #1
 236 0140 08D1     		bne	.L15
 408:Drivers/STM32F1xx_HAL_Driver/Src/stm32f1xx_hal_can.c ****   {
 409:Drivers/STM32F1xx_HAL_Driver/Src/stm32f1xx_hal_can.c ****     CLEAR_BIT(hcan->Instance->MCR, CAN_MCR_NART);
 237              		.loc 1 409 5
 238 0142 7B68     		ldr	r3, [r7, #4]
 239 0144 1B68     		ldr	r3, [r3]
 240 0146 1A68     		ldr	r2, [r3]
 241 0148 7B68     		ldr	r3, [r7, #4]
 242 014a 1B68     		ldr	r3, [r3]
 243 014c 22F01002 		bic	r2, r2, #16
 244 0150 1A60     		str	r2, [r3]
 245 0152 07E0     		b	.L16
 246              	.L15:
 410:Drivers/STM32F1xx_HAL_Driver/Src/stm32f1xx_hal_can.c ****   }
 411:Drivers/STM32F1xx_HAL_Driver/Src/stm32f1xx_hal_can.c ****   else
 412:Drivers/STM32F1xx_HAL_Driver/Src/stm32f1xx_hal_can.c ****   {
 413:Drivers/STM32F1xx_HAL_Driver/Src/stm32f1xx_hal_can.c ****     SET_BIT(hcan->Instance->MCR, CAN_MCR_NART);
 247              		.loc 1 413 5
 248 0154 7B68     		ldr	r3, [r7, #4]
 249 0156 1B68     		ldr	r3, [r3]
 250 0158 1A68     		ldr	r2, [r3]
 251 015a 7B68     		ldr	r3, [r7, #4]
 252 015c 1B68     		ldr	r3, [r3]
 253 015e 42F01002 		orr	r2, r2, #16
 254 0162 1A60     		str	r2, [r3]
 255              	.L16:
 414:Drivers/STM32F1xx_HAL_Driver/Src/stm32f1xx_hal_can.c ****   }
 415:Drivers/STM32F1xx_HAL_Driver/Src/stm32f1xx_hal_can.c **** 
 416:Drivers/STM32F1xx_HAL_Driver/Src/stm32f1xx_hal_can.c ****   /* Set the receive FIFO locked mode */
 417:Drivers/STM32F1xx_HAL_Driver/Src/stm32f1xx_hal_can.c ****   if (hcan->Init.ReceiveFifoLocked == ENABLE)
 256              		.loc 1 417 17
 257 0164 7B68     		ldr	r3, [r7, #4]
 258 0166 1B7F     		ldrb	r3, [r3, #28]	@ zero_extendqisi2
 259              		.loc 1 417 6
 260 0168 012B     		cmp	r3, #1
ARM GAS  /var/folders/g3/s0qwt8r95936n9ghz4hhpdwm0000gn/T//ccJNxob3.s 			page 13


 261 016a 08D1     		bne	.L17
 418:Drivers/STM32F1xx_HAL_Driver/Src/stm32f1xx_hal_can.c ****   {
 419:Drivers/STM32F1xx_HAL_Driver/Src/stm32f1xx_hal_can.c ****     SET_BIT(hcan->Instance->MCR, CAN_MCR_RFLM);
 262              		.loc 1 419 5
 263 016c 7B68     		ldr	r3, [r7, #4]
 264 016e 1B68     		ldr	r3, [r3]
 265 0170 1A68     		ldr	r2, [r3]
 266 0172 7B68     		ldr	r3, [r7, #4]
 267 0174 1B68     		ldr	r3, [r3]
 268 0176 42F00802 		orr	r2, r2, #8
 269 017a 1A60     		str	r2, [r3]
 270 017c 07E0     		b	.L18
 271              	.L17:
 420:Drivers/STM32F1xx_HAL_Driver/Src/stm32f1xx_hal_can.c ****   }
 421:Drivers/STM32F1xx_HAL_Driver/Src/stm32f1xx_hal_can.c ****   else
 422:Drivers/STM32F1xx_HAL_Driver/Src/stm32f1xx_hal_can.c ****   {
 423:Drivers/STM32F1xx_HAL_Driver/Src/stm32f1xx_hal_can.c ****     CLEAR_BIT(hcan->Instance->MCR, CAN_MCR_RFLM);
 272              		.loc 1 423 5
 273 017e 7B68     		ldr	r3, [r7, #4]
 274 0180 1B68     		ldr	r3, [r3]
 275 0182 1A68     		ldr	r2, [r3]
 276 0184 7B68     		ldr	r3, [r7, #4]
 277 0186 1B68     		ldr	r3, [r3]
 278 0188 22F00802 		bic	r2, r2, #8
 279 018c 1A60     		str	r2, [r3]
 280              	.L18:
 424:Drivers/STM32F1xx_HAL_Driver/Src/stm32f1xx_hal_can.c ****   }
 425:Drivers/STM32F1xx_HAL_Driver/Src/stm32f1xx_hal_can.c **** 
 426:Drivers/STM32F1xx_HAL_Driver/Src/stm32f1xx_hal_can.c ****   /* Set the transmit FIFO priority */
 427:Drivers/STM32F1xx_HAL_Driver/Src/stm32f1xx_hal_can.c ****   if (hcan->Init.TransmitFifoPriority == ENABLE)
 281              		.loc 1 427 17
 282 018e 7B68     		ldr	r3, [r7, #4]
 283 0190 5B7F     		ldrb	r3, [r3, #29]	@ zero_extendqisi2
 284              		.loc 1 427 6
 285 0192 012B     		cmp	r3, #1
 286 0194 08D1     		bne	.L19
 428:Drivers/STM32F1xx_HAL_Driver/Src/stm32f1xx_hal_can.c ****   {
 429:Drivers/STM32F1xx_HAL_Driver/Src/stm32f1xx_hal_can.c ****     SET_BIT(hcan->Instance->MCR, CAN_MCR_TXFP);
 287              		.loc 1 429 5
 288 0196 7B68     		ldr	r3, [r7, #4]
 289 0198 1B68     		ldr	r3, [r3]
 290 019a 1A68     		ldr	r2, [r3]
 291 019c 7B68     		ldr	r3, [r7, #4]
 292 019e 1B68     		ldr	r3, [r3]
 293 01a0 42F00402 		orr	r2, r2, #4
 294 01a4 1A60     		str	r2, [r3]
 295 01a6 07E0     		b	.L20
 296              	.L19:
 430:Drivers/STM32F1xx_HAL_Driver/Src/stm32f1xx_hal_can.c ****   }
 431:Drivers/STM32F1xx_HAL_Driver/Src/stm32f1xx_hal_can.c ****   else
 432:Drivers/STM32F1xx_HAL_Driver/Src/stm32f1xx_hal_can.c ****   {
 433:Drivers/STM32F1xx_HAL_Driver/Src/stm32f1xx_hal_can.c ****     CLEAR_BIT(hcan->Instance->MCR, CAN_MCR_TXFP);
 297              		.loc 1 433 5
 298 01a8 7B68     		ldr	r3, [r7, #4]
 299 01aa 1B68     		ldr	r3, [r3]
 300 01ac 1A68     		ldr	r2, [r3]
 301 01ae 7B68     		ldr	r3, [r7, #4]
ARM GAS  /var/folders/g3/s0qwt8r95936n9ghz4hhpdwm0000gn/T//ccJNxob3.s 			page 14


 302 01b0 1B68     		ldr	r3, [r3]
 303 01b2 22F00402 		bic	r2, r2, #4
 304 01b6 1A60     		str	r2, [r3]
 305              	.L20:
 434:Drivers/STM32F1xx_HAL_Driver/Src/stm32f1xx_hal_can.c ****   }
 435:Drivers/STM32F1xx_HAL_Driver/Src/stm32f1xx_hal_can.c **** 
 436:Drivers/STM32F1xx_HAL_Driver/Src/stm32f1xx_hal_can.c ****   /* Set the bit timing register */
 437:Drivers/STM32F1xx_HAL_Driver/Src/stm32f1xx_hal_can.c ****   WRITE_REG(hcan->Instance->BTR, (uint32_t)(hcan->Init.Mode           |
 306              		.loc 1 437 3
 307 01b8 7B68     		ldr	r3, [r7, #4]
 308 01ba 9A68     		ldr	r2, [r3, #8]
 309 01bc 7B68     		ldr	r3, [r7, #4]
 310 01be DB68     		ldr	r3, [r3, #12]
 311 01c0 1A43     		orrs	r2, r2, r3
 312 01c2 7B68     		ldr	r3, [r7, #4]
 313 01c4 1B69     		ldr	r3, [r3, #16]
 314 01c6 1A43     		orrs	r2, r2, r3
 315 01c8 7B68     		ldr	r3, [r7, #4]
 316 01ca 5B69     		ldr	r3, [r3, #20]
 317 01cc 42EA0301 		orr	r1, r2, r3
 318 01d0 7B68     		ldr	r3, [r7, #4]
 319 01d2 5B68     		ldr	r3, [r3, #4]
 320 01d4 5A1E     		subs	r2, r3, #1
 321 01d6 7B68     		ldr	r3, [r7, #4]
 322 01d8 1B68     		ldr	r3, [r3]
 323 01da 0A43     		orrs	r2, r2, r1
 324 01dc DA61     		str	r2, [r3, #28]
 438:Drivers/STM32F1xx_HAL_Driver/Src/stm32f1xx_hal_can.c ****                                             hcan->Init.SyncJumpWidth  |
 439:Drivers/STM32F1xx_HAL_Driver/Src/stm32f1xx_hal_can.c ****                                             hcan->Init.TimeSeg1       |
 440:Drivers/STM32F1xx_HAL_Driver/Src/stm32f1xx_hal_can.c ****                                             hcan->Init.TimeSeg2       |
 441:Drivers/STM32F1xx_HAL_Driver/Src/stm32f1xx_hal_can.c ****                                             (hcan->Init.Prescaler - 1U)));
 442:Drivers/STM32F1xx_HAL_Driver/Src/stm32f1xx_hal_can.c **** 
 443:Drivers/STM32F1xx_HAL_Driver/Src/stm32f1xx_hal_can.c ****   /* Initialize the error code */
 444:Drivers/STM32F1xx_HAL_Driver/Src/stm32f1xx_hal_can.c ****   hcan->ErrorCode = HAL_CAN_ERROR_NONE;
 325              		.loc 1 444 19
 326 01de 7B68     		ldr	r3, [r7, #4]
 327 01e0 0022     		movs	r2, #0
 328 01e2 5A62     		str	r2, [r3, #36]
 445:Drivers/STM32F1xx_HAL_Driver/Src/stm32f1xx_hal_can.c **** 
 446:Drivers/STM32F1xx_HAL_Driver/Src/stm32f1xx_hal_can.c ****   /* Initialize the CAN state */
 447:Drivers/STM32F1xx_HAL_Driver/Src/stm32f1xx_hal_can.c ****   hcan->State = HAL_CAN_STATE_READY;
 329              		.loc 1 447 15
 330 01e4 7B68     		ldr	r3, [r7, #4]
 331 01e6 0122     		movs	r2, #1
 332 01e8 83F82020 		strb	r2, [r3, #32]
 448:Drivers/STM32F1xx_HAL_Driver/Src/stm32f1xx_hal_can.c **** 
 449:Drivers/STM32F1xx_HAL_Driver/Src/stm32f1xx_hal_can.c ****   /* Return function status */
 450:Drivers/STM32F1xx_HAL_Driver/Src/stm32f1xx_hal_can.c ****   return HAL_OK;
 333              		.loc 1 450 10
 334 01ec 0023     		movs	r3, #0
 335              	.L3:
 451:Drivers/STM32F1xx_HAL_Driver/Src/stm32f1xx_hal_can.c **** }
 336              		.loc 1 451 1
 337 01ee 1846     		mov	r0, r3
 338 01f0 1037     		adds	r7, r7, #16
 339              	.LCFI3:
 340              		.cfi_def_cfa_offset 8
ARM GAS  /var/folders/g3/s0qwt8r95936n9ghz4hhpdwm0000gn/T//ccJNxob3.s 			page 15


 341 01f2 BD46     		mov	sp, r7
 342              	.LCFI4:
 343              		.cfi_def_cfa_register 13
 344              		@ sp needed
 345 01f4 80BD     		pop	{r7, pc}
 346              		.cfi_endproc
 347              	.LFE65:
 349              		.section	.text.HAL_CAN_DeInit,"ax",%progbits
 350              		.align	1
 351              		.global	HAL_CAN_DeInit
 352              		.syntax unified
 353              		.thumb
 354              		.thumb_func
 356              	HAL_CAN_DeInit:
 357              	.LFB66:
 452:Drivers/STM32F1xx_HAL_Driver/Src/stm32f1xx_hal_can.c **** 
 453:Drivers/STM32F1xx_HAL_Driver/Src/stm32f1xx_hal_can.c **** /**
 454:Drivers/STM32F1xx_HAL_Driver/Src/stm32f1xx_hal_can.c ****   * @brief  Deinitializes the CAN peripheral registers to their default
 455:Drivers/STM32F1xx_HAL_Driver/Src/stm32f1xx_hal_can.c ****   *         reset values.
 456:Drivers/STM32F1xx_HAL_Driver/Src/stm32f1xx_hal_can.c ****   * @param  hcan pointer to a CAN_HandleTypeDef structure that contains
 457:Drivers/STM32F1xx_HAL_Driver/Src/stm32f1xx_hal_can.c ****   *         the configuration information for the specified CAN.
 458:Drivers/STM32F1xx_HAL_Driver/Src/stm32f1xx_hal_can.c ****   * @retval HAL status
 459:Drivers/STM32F1xx_HAL_Driver/Src/stm32f1xx_hal_can.c ****   */
 460:Drivers/STM32F1xx_HAL_Driver/Src/stm32f1xx_hal_can.c **** HAL_StatusTypeDef HAL_CAN_DeInit(CAN_HandleTypeDef *hcan)
 461:Drivers/STM32F1xx_HAL_Driver/Src/stm32f1xx_hal_can.c **** {
 358              		.loc 1 461 1
 359              		.cfi_startproc
 360              		@ args = 0, pretend = 0, frame = 8
 361              		@ frame_needed = 1, uses_anonymous_args = 0
 362 0000 80B5     		push	{r7, lr}
 363              	.LCFI5:
 364              		.cfi_def_cfa_offset 8
 365              		.cfi_offset 7, -8
 366              		.cfi_offset 14, -4
 367 0002 82B0     		sub	sp, sp, #8
 368              	.LCFI6:
 369              		.cfi_def_cfa_offset 16
 370 0004 00AF     		add	r7, sp, #0
 371              	.LCFI7:
 372              		.cfi_def_cfa_register 7
 373 0006 7860     		str	r0, [r7, #4]
 462:Drivers/STM32F1xx_HAL_Driver/Src/stm32f1xx_hal_can.c ****   /* Check CAN handle */
 463:Drivers/STM32F1xx_HAL_Driver/Src/stm32f1xx_hal_can.c ****   if (hcan == NULL)
 374              		.loc 1 463 6
 375 0008 7B68     		ldr	r3, [r7, #4]
 376 000a 002B     		cmp	r3, #0
 377 000c 01D1     		bne	.L22
 464:Drivers/STM32F1xx_HAL_Driver/Src/stm32f1xx_hal_can.c ****   {
 465:Drivers/STM32F1xx_HAL_Driver/Src/stm32f1xx_hal_can.c ****     return HAL_ERROR;
 378              		.loc 1 465 12
 379 000e 0123     		movs	r3, #1
 380 0010 15E0     		b	.L23
 381              	.L22:
 466:Drivers/STM32F1xx_HAL_Driver/Src/stm32f1xx_hal_can.c ****   }
 467:Drivers/STM32F1xx_HAL_Driver/Src/stm32f1xx_hal_can.c **** 
 468:Drivers/STM32F1xx_HAL_Driver/Src/stm32f1xx_hal_can.c ****   /* Check the parameters */
 469:Drivers/STM32F1xx_HAL_Driver/Src/stm32f1xx_hal_can.c ****   assert_param(IS_CAN_ALL_INSTANCE(hcan->Instance));
ARM GAS  /var/folders/g3/s0qwt8r95936n9ghz4hhpdwm0000gn/T//ccJNxob3.s 			page 16


 470:Drivers/STM32F1xx_HAL_Driver/Src/stm32f1xx_hal_can.c **** 
 471:Drivers/STM32F1xx_HAL_Driver/Src/stm32f1xx_hal_can.c ****   /* Stop the CAN module */
 472:Drivers/STM32F1xx_HAL_Driver/Src/stm32f1xx_hal_can.c ****   (void)HAL_CAN_Stop(hcan);
 382              		.loc 1 472 9
 383 0012 7868     		ldr	r0, [r7, #4]
 384 0014 FFF7FEFF 		bl	HAL_CAN_Stop
 473:Drivers/STM32F1xx_HAL_Driver/Src/stm32f1xx_hal_can.c **** 
 474:Drivers/STM32F1xx_HAL_Driver/Src/stm32f1xx_hal_can.c **** #if USE_HAL_CAN_REGISTER_CALLBACKS == 1
 475:Drivers/STM32F1xx_HAL_Driver/Src/stm32f1xx_hal_can.c ****   if (hcan->MspDeInitCallback == NULL)
 476:Drivers/STM32F1xx_HAL_Driver/Src/stm32f1xx_hal_can.c ****   {
 477:Drivers/STM32F1xx_HAL_Driver/Src/stm32f1xx_hal_can.c ****     hcan->MspDeInitCallback = HAL_CAN_MspDeInit; /* Legacy weak MspDeInit */
 478:Drivers/STM32F1xx_HAL_Driver/Src/stm32f1xx_hal_can.c ****   }
 479:Drivers/STM32F1xx_HAL_Driver/Src/stm32f1xx_hal_can.c **** 
 480:Drivers/STM32F1xx_HAL_Driver/Src/stm32f1xx_hal_can.c ****   /* DeInit the low level hardware: CLOCK, NVIC */
 481:Drivers/STM32F1xx_HAL_Driver/Src/stm32f1xx_hal_can.c ****   hcan->MspDeInitCallback(hcan);
 482:Drivers/STM32F1xx_HAL_Driver/Src/stm32f1xx_hal_can.c **** 
 483:Drivers/STM32F1xx_HAL_Driver/Src/stm32f1xx_hal_can.c **** #else
 484:Drivers/STM32F1xx_HAL_Driver/Src/stm32f1xx_hal_can.c ****   /* DeInit the low level hardware: CLOCK, NVIC */
 485:Drivers/STM32F1xx_HAL_Driver/Src/stm32f1xx_hal_can.c ****   HAL_CAN_MspDeInit(hcan);
 385              		.loc 1 485 3
 386 0018 7868     		ldr	r0, [r7, #4]
 387 001a FFF7FEFF 		bl	HAL_CAN_MspDeInit
 486:Drivers/STM32F1xx_HAL_Driver/Src/stm32f1xx_hal_can.c **** #endif /* USE_HAL_CAN_REGISTER_CALLBACKS */
 487:Drivers/STM32F1xx_HAL_Driver/Src/stm32f1xx_hal_can.c **** 
 488:Drivers/STM32F1xx_HAL_Driver/Src/stm32f1xx_hal_can.c ****   /* Reset the CAN peripheral */
 489:Drivers/STM32F1xx_HAL_Driver/Src/stm32f1xx_hal_can.c ****   SET_BIT(hcan->Instance->MCR, CAN_MCR_RESET);
 388              		.loc 1 489 3
 389 001e 7B68     		ldr	r3, [r7, #4]
 390 0020 1B68     		ldr	r3, [r3]
 391 0022 1A68     		ldr	r2, [r3]
 392 0024 7B68     		ldr	r3, [r7, #4]
 393 0026 1B68     		ldr	r3, [r3]
 394 0028 42F40042 		orr	r2, r2, #32768
 395 002c 1A60     		str	r2, [r3]
 490:Drivers/STM32F1xx_HAL_Driver/Src/stm32f1xx_hal_can.c **** 
 491:Drivers/STM32F1xx_HAL_Driver/Src/stm32f1xx_hal_can.c ****   /* Reset the CAN ErrorCode */
 492:Drivers/STM32F1xx_HAL_Driver/Src/stm32f1xx_hal_can.c ****   hcan->ErrorCode = HAL_CAN_ERROR_NONE;
 396              		.loc 1 492 19
 397 002e 7B68     		ldr	r3, [r7, #4]
 398 0030 0022     		movs	r2, #0
 399 0032 5A62     		str	r2, [r3, #36]
 493:Drivers/STM32F1xx_HAL_Driver/Src/stm32f1xx_hal_can.c **** 
 494:Drivers/STM32F1xx_HAL_Driver/Src/stm32f1xx_hal_can.c ****   /* Change CAN state */
 495:Drivers/STM32F1xx_HAL_Driver/Src/stm32f1xx_hal_can.c ****   hcan->State = HAL_CAN_STATE_RESET;
 400              		.loc 1 495 15
 401 0034 7B68     		ldr	r3, [r7, #4]
 402 0036 0022     		movs	r2, #0
 403 0038 83F82020 		strb	r2, [r3, #32]
 496:Drivers/STM32F1xx_HAL_Driver/Src/stm32f1xx_hal_can.c **** 
 497:Drivers/STM32F1xx_HAL_Driver/Src/stm32f1xx_hal_can.c ****   /* Return function status */
 498:Drivers/STM32F1xx_HAL_Driver/Src/stm32f1xx_hal_can.c ****   return HAL_OK;
 404              		.loc 1 498 10
 405 003c 0023     		movs	r3, #0
 406              	.L23:
 499:Drivers/STM32F1xx_HAL_Driver/Src/stm32f1xx_hal_can.c **** }
 407              		.loc 1 499 1
 408 003e 1846     		mov	r0, r3
ARM GAS  /var/folders/g3/s0qwt8r95936n9ghz4hhpdwm0000gn/T//ccJNxob3.s 			page 17


 409 0040 0837     		adds	r7, r7, #8
 410              	.LCFI8:
 411              		.cfi_def_cfa_offset 8
 412 0042 BD46     		mov	sp, r7
 413              	.LCFI9:
 414              		.cfi_def_cfa_register 13
 415              		@ sp needed
 416 0044 80BD     		pop	{r7, pc}
 417              		.cfi_endproc
 418              	.LFE66:
 420              		.section	.text.HAL_CAN_MspInit,"ax",%progbits
 421              		.align	1
 422              		.weak	HAL_CAN_MspInit
 423              		.syntax unified
 424              		.thumb
 425              		.thumb_func
 427              	HAL_CAN_MspInit:
 428              	.LFB67:
 500:Drivers/STM32F1xx_HAL_Driver/Src/stm32f1xx_hal_can.c **** 
 501:Drivers/STM32F1xx_HAL_Driver/Src/stm32f1xx_hal_can.c **** /**
 502:Drivers/STM32F1xx_HAL_Driver/Src/stm32f1xx_hal_can.c ****   * @brief  Initializes the CAN MSP.
 503:Drivers/STM32F1xx_HAL_Driver/Src/stm32f1xx_hal_can.c ****   * @param  hcan pointer to a CAN_HandleTypeDef structure that contains
 504:Drivers/STM32F1xx_HAL_Driver/Src/stm32f1xx_hal_can.c ****   *         the configuration information for the specified CAN.
 505:Drivers/STM32F1xx_HAL_Driver/Src/stm32f1xx_hal_can.c ****   * @retval None
 506:Drivers/STM32F1xx_HAL_Driver/Src/stm32f1xx_hal_can.c ****   */
 507:Drivers/STM32F1xx_HAL_Driver/Src/stm32f1xx_hal_can.c **** __weak void HAL_CAN_MspInit(CAN_HandleTypeDef *hcan)
 508:Drivers/STM32F1xx_HAL_Driver/Src/stm32f1xx_hal_can.c **** {
 429              		.loc 1 508 1
 430              		.cfi_startproc
 431              		@ args = 0, pretend = 0, frame = 8
 432              		@ frame_needed = 1, uses_anonymous_args = 0
 433              		@ link register save eliminated.
 434 0000 80B4     		push	{r7}
 435              	.LCFI10:
 436              		.cfi_def_cfa_offset 4
 437              		.cfi_offset 7, -4
 438 0002 83B0     		sub	sp, sp, #12
 439              	.LCFI11:
 440              		.cfi_def_cfa_offset 16
 441 0004 00AF     		add	r7, sp, #0
 442              	.LCFI12:
 443              		.cfi_def_cfa_register 7
 444 0006 7860     		str	r0, [r7, #4]
 509:Drivers/STM32F1xx_HAL_Driver/Src/stm32f1xx_hal_can.c ****   /* Prevent unused argument(s) compilation warning */
 510:Drivers/STM32F1xx_HAL_Driver/Src/stm32f1xx_hal_can.c ****   UNUSED(hcan);
 511:Drivers/STM32F1xx_HAL_Driver/Src/stm32f1xx_hal_can.c **** 
 512:Drivers/STM32F1xx_HAL_Driver/Src/stm32f1xx_hal_can.c ****   /* NOTE : This function Should not be modified, when the callback is needed,
 513:Drivers/STM32F1xx_HAL_Driver/Src/stm32f1xx_hal_can.c ****             the HAL_CAN_MspInit could be implemented in the user file
 514:Drivers/STM32F1xx_HAL_Driver/Src/stm32f1xx_hal_can.c ****    */
 515:Drivers/STM32F1xx_HAL_Driver/Src/stm32f1xx_hal_can.c **** }
 445              		.loc 1 515 1
 446 0008 00BF     		nop
 447 000a 0C37     		adds	r7, r7, #12
 448              	.LCFI13:
 449              		.cfi_def_cfa_offset 4
 450 000c BD46     		mov	sp, r7
 451              	.LCFI14:
ARM GAS  /var/folders/g3/s0qwt8r95936n9ghz4hhpdwm0000gn/T//ccJNxob3.s 			page 18


 452              		.cfi_def_cfa_register 13
 453              		@ sp needed
 454 000e 80BC     		pop	{r7}
 455              	.LCFI15:
 456              		.cfi_restore 7
 457              		.cfi_def_cfa_offset 0
 458 0010 7047     		bx	lr
 459              		.cfi_endproc
 460              	.LFE67:
 462              		.section	.text.HAL_CAN_MspDeInit,"ax",%progbits
 463              		.align	1
 464              		.weak	HAL_CAN_MspDeInit
 465              		.syntax unified
 466              		.thumb
 467              		.thumb_func
 469              	HAL_CAN_MspDeInit:
 470              	.LFB68:
 516:Drivers/STM32F1xx_HAL_Driver/Src/stm32f1xx_hal_can.c **** 
 517:Drivers/STM32F1xx_HAL_Driver/Src/stm32f1xx_hal_can.c **** /**
 518:Drivers/STM32F1xx_HAL_Driver/Src/stm32f1xx_hal_can.c ****   * @brief  DeInitializes the CAN MSP.
 519:Drivers/STM32F1xx_HAL_Driver/Src/stm32f1xx_hal_can.c ****   * @param  hcan pointer to a CAN_HandleTypeDef structure that contains
 520:Drivers/STM32F1xx_HAL_Driver/Src/stm32f1xx_hal_can.c ****   *         the configuration information for the specified CAN.
 521:Drivers/STM32F1xx_HAL_Driver/Src/stm32f1xx_hal_can.c ****   * @retval None
 522:Drivers/STM32F1xx_HAL_Driver/Src/stm32f1xx_hal_can.c ****   */
 523:Drivers/STM32F1xx_HAL_Driver/Src/stm32f1xx_hal_can.c **** __weak void HAL_CAN_MspDeInit(CAN_HandleTypeDef *hcan)
 524:Drivers/STM32F1xx_HAL_Driver/Src/stm32f1xx_hal_can.c **** {
 471              		.loc 1 524 1
 472              		.cfi_startproc
 473              		@ args = 0, pretend = 0, frame = 8
 474              		@ frame_needed = 1, uses_anonymous_args = 0
 475              		@ link register save eliminated.
 476 0000 80B4     		push	{r7}
 477              	.LCFI16:
 478              		.cfi_def_cfa_offset 4
 479              		.cfi_offset 7, -4
 480 0002 83B0     		sub	sp, sp, #12
 481              	.LCFI17:
 482              		.cfi_def_cfa_offset 16
 483 0004 00AF     		add	r7, sp, #0
 484              	.LCFI18:
 485              		.cfi_def_cfa_register 7
 486 0006 7860     		str	r0, [r7, #4]
 525:Drivers/STM32F1xx_HAL_Driver/Src/stm32f1xx_hal_can.c ****   /* Prevent unused argument(s) compilation warning */
 526:Drivers/STM32F1xx_HAL_Driver/Src/stm32f1xx_hal_can.c ****   UNUSED(hcan);
 527:Drivers/STM32F1xx_HAL_Driver/Src/stm32f1xx_hal_can.c **** 
 528:Drivers/STM32F1xx_HAL_Driver/Src/stm32f1xx_hal_can.c ****   /* NOTE : This function Should not be modified, when the callback is needed,
 529:Drivers/STM32F1xx_HAL_Driver/Src/stm32f1xx_hal_can.c ****             the HAL_CAN_MspDeInit could be implemented in the user file
 530:Drivers/STM32F1xx_HAL_Driver/Src/stm32f1xx_hal_can.c ****    */
 531:Drivers/STM32F1xx_HAL_Driver/Src/stm32f1xx_hal_can.c **** }
 487              		.loc 1 531 1
 488 0008 00BF     		nop
 489 000a 0C37     		adds	r7, r7, #12
 490              	.LCFI19:
 491              		.cfi_def_cfa_offset 4
 492 000c BD46     		mov	sp, r7
 493              	.LCFI20:
 494              		.cfi_def_cfa_register 13
ARM GAS  /var/folders/g3/s0qwt8r95936n9ghz4hhpdwm0000gn/T//ccJNxob3.s 			page 19


 495              		@ sp needed
 496 000e 80BC     		pop	{r7}
 497              	.LCFI21:
 498              		.cfi_restore 7
 499              		.cfi_def_cfa_offset 0
 500 0010 7047     		bx	lr
 501              		.cfi_endproc
 502              	.LFE68:
 504              		.section	.text.HAL_CAN_ConfigFilter,"ax",%progbits
 505              		.align	1
 506              		.global	HAL_CAN_ConfigFilter
 507              		.syntax unified
 508              		.thumb
 509              		.thumb_func
 511              	HAL_CAN_ConfigFilter:
 512              	.LFB69:
 532:Drivers/STM32F1xx_HAL_Driver/Src/stm32f1xx_hal_can.c **** 
 533:Drivers/STM32F1xx_HAL_Driver/Src/stm32f1xx_hal_can.c **** #if USE_HAL_CAN_REGISTER_CALLBACKS == 1
 534:Drivers/STM32F1xx_HAL_Driver/Src/stm32f1xx_hal_can.c **** /**
 535:Drivers/STM32F1xx_HAL_Driver/Src/stm32f1xx_hal_can.c ****   * @brief  Register a CAN CallBack.
 536:Drivers/STM32F1xx_HAL_Driver/Src/stm32f1xx_hal_can.c ****   *         To be used instead of the weak predefined callback
 537:Drivers/STM32F1xx_HAL_Driver/Src/stm32f1xx_hal_can.c ****   * @param  hcan pointer to a CAN_HandleTypeDef structure that contains
 538:Drivers/STM32F1xx_HAL_Driver/Src/stm32f1xx_hal_can.c ****   *         the configuration information for CAN module
 539:Drivers/STM32F1xx_HAL_Driver/Src/stm32f1xx_hal_can.c ****   * @param  CallbackID ID of the callback to be registered
 540:Drivers/STM32F1xx_HAL_Driver/Src/stm32f1xx_hal_can.c ****   *         This parameter can be one of the following values:
 541:Drivers/STM32F1xx_HAL_Driver/Src/stm32f1xx_hal_can.c ****   *           @arg @ref HAL_CAN_TX_MAILBOX0_COMPLETE_CB_ID Tx Mailbox 0 Complete callback ID
 542:Drivers/STM32F1xx_HAL_Driver/Src/stm32f1xx_hal_can.c ****   *           @arg @ref HAL_CAN_TX_MAILBOX1_COMPLETE_CB_ID Tx Mailbox 1 Complete callback ID
 543:Drivers/STM32F1xx_HAL_Driver/Src/stm32f1xx_hal_can.c ****   *           @arg @ref HAL_CAN_TX_MAILBOX2_COMPLETE_CB_ID Tx Mailbox 2 Complete callback ID
 544:Drivers/STM32F1xx_HAL_Driver/Src/stm32f1xx_hal_can.c ****   *           @arg @ref HAL_CAN_TX_MAILBOX0_ABORT_CB_ID Tx Mailbox 0 Abort callback ID
 545:Drivers/STM32F1xx_HAL_Driver/Src/stm32f1xx_hal_can.c ****   *           @arg @ref HAL_CAN_TX_MAILBOX1_ABORT_CB_ID Tx Mailbox 1 Abort callback ID
 546:Drivers/STM32F1xx_HAL_Driver/Src/stm32f1xx_hal_can.c ****   *           @arg @ref HAL_CAN_TX_MAILBOX2_ABORT_CB_ID Tx Mailbox 2 Abort callback ID
 547:Drivers/STM32F1xx_HAL_Driver/Src/stm32f1xx_hal_can.c ****   *           @arg @ref HAL_CAN_RX_FIFO0_MSG_PENDING_CB_ID Rx Fifo 0 message pending callback ID
 548:Drivers/STM32F1xx_HAL_Driver/Src/stm32f1xx_hal_can.c ****   *           @arg @ref HAL_CAN_RX_FIFO0_FULL_CB_ID Rx Fifo 0 full callback ID
 549:Drivers/STM32F1xx_HAL_Driver/Src/stm32f1xx_hal_can.c ****   *           @arg @ref HAL_CAN_RX_FIFO1_MSG_PENDING_CB_ID Rx Fifo 1 message pending callback ID
 550:Drivers/STM32F1xx_HAL_Driver/Src/stm32f1xx_hal_can.c ****   *           @arg @ref HAL_CAN_RX_FIFO1_FULL_CB_ID Rx Fifo 1 full callback ID
 551:Drivers/STM32F1xx_HAL_Driver/Src/stm32f1xx_hal_can.c ****   *           @arg @ref HAL_CAN_SLEEP_CB_ID Sleep callback ID
 552:Drivers/STM32F1xx_HAL_Driver/Src/stm32f1xx_hal_can.c ****   *           @arg @ref HAL_CAN_WAKEUP_FROM_RX_MSG_CB_ID Wake Up from Rx message callback ID
 553:Drivers/STM32F1xx_HAL_Driver/Src/stm32f1xx_hal_can.c ****   *           @arg @ref HAL_CAN_ERROR_CB_ID Error callback ID
 554:Drivers/STM32F1xx_HAL_Driver/Src/stm32f1xx_hal_can.c ****   *           @arg @ref HAL_CAN_MSPINIT_CB_ID MspInit callback ID
 555:Drivers/STM32F1xx_HAL_Driver/Src/stm32f1xx_hal_can.c ****   *           @arg @ref HAL_CAN_MSPDEINIT_CB_ID MspDeInit callback ID
 556:Drivers/STM32F1xx_HAL_Driver/Src/stm32f1xx_hal_can.c ****   * @param  pCallback pointer to the Callback function
 557:Drivers/STM32F1xx_HAL_Driver/Src/stm32f1xx_hal_can.c ****   * @retval HAL status
 558:Drivers/STM32F1xx_HAL_Driver/Src/stm32f1xx_hal_can.c ****   */
 559:Drivers/STM32F1xx_HAL_Driver/Src/stm32f1xx_hal_can.c **** HAL_StatusTypeDef HAL_CAN_RegisterCallback(CAN_HandleTypeDef *hcan, HAL_CAN_CallbackIDTypeDef Callb
 560:Drivers/STM32F1xx_HAL_Driver/Src/stm32f1xx_hal_can.c ****                                            void (* pCallback)(CAN_HandleTypeDef *_hcan))
 561:Drivers/STM32F1xx_HAL_Driver/Src/stm32f1xx_hal_can.c **** {
 562:Drivers/STM32F1xx_HAL_Driver/Src/stm32f1xx_hal_can.c ****   HAL_StatusTypeDef status = HAL_OK;
 563:Drivers/STM32F1xx_HAL_Driver/Src/stm32f1xx_hal_can.c **** 
 564:Drivers/STM32F1xx_HAL_Driver/Src/stm32f1xx_hal_can.c ****   if (pCallback == NULL)
 565:Drivers/STM32F1xx_HAL_Driver/Src/stm32f1xx_hal_can.c ****   {
 566:Drivers/STM32F1xx_HAL_Driver/Src/stm32f1xx_hal_can.c ****     /* Update the error code */
 567:Drivers/STM32F1xx_HAL_Driver/Src/stm32f1xx_hal_can.c ****     hcan->ErrorCode |= HAL_CAN_ERROR_INVALID_CALLBACK;
 568:Drivers/STM32F1xx_HAL_Driver/Src/stm32f1xx_hal_can.c **** 
 569:Drivers/STM32F1xx_HAL_Driver/Src/stm32f1xx_hal_can.c ****     return HAL_ERROR;
 570:Drivers/STM32F1xx_HAL_Driver/Src/stm32f1xx_hal_can.c ****   }
 571:Drivers/STM32F1xx_HAL_Driver/Src/stm32f1xx_hal_can.c **** 
 572:Drivers/STM32F1xx_HAL_Driver/Src/stm32f1xx_hal_can.c ****   if (hcan->State == HAL_CAN_STATE_READY)
ARM GAS  /var/folders/g3/s0qwt8r95936n9ghz4hhpdwm0000gn/T//ccJNxob3.s 			page 20


 573:Drivers/STM32F1xx_HAL_Driver/Src/stm32f1xx_hal_can.c ****   {
 574:Drivers/STM32F1xx_HAL_Driver/Src/stm32f1xx_hal_can.c ****     switch (CallbackID)
 575:Drivers/STM32F1xx_HAL_Driver/Src/stm32f1xx_hal_can.c ****     {
 576:Drivers/STM32F1xx_HAL_Driver/Src/stm32f1xx_hal_can.c ****       case HAL_CAN_TX_MAILBOX0_COMPLETE_CB_ID :
 577:Drivers/STM32F1xx_HAL_Driver/Src/stm32f1xx_hal_can.c ****         hcan->TxMailbox0CompleteCallback = pCallback;
 578:Drivers/STM32F1xx_HAL_Driver/Src/stm32f1xx_hal_can.c ****         break;
 579:Drivers/STM32F1xx_HAL_Driver/Src/stm32f1xx_hal_can.c **** 
 580:Drivers/STM32F1xx_HAL_Driver/Src/stm32f1xx_hal_can.c ****       case HAL_CAN_TX_MAILBOX1_COMPLETE_CB_ID :
 581:Drivers/STM32F1xx_HAL_Driver/Src/stm32f1xx_hal_can.c ****         hcan->TxMailbox1CompleteCallback = pCallback;
 582:Drivers/STM32F1xx_HAL_Driver/Src/stm32f1xx_hal_can.c ****         break;
 583:Drivers/STM32F1xx_HAL_Driver/Src/stm32f1xx_hal_can.c **** 
 584:Drivers/STM32F1xx_HAL_Driver/Src/stm32f1xx_hal_can.c ****       case HAL_CAN_TX_MAILBOX2_COMPLETE_CB_ID :
 585:Drivers/STM32F1xx_HAL_Driver/Src/stm32f1xx_hal_can.c ****         hcan->TxMailbox2CompleteCallback = pCallback;
 586:Drivers/STM32F1xx_HAL_Driver/Src/stm32f1xx_hal_can.c ****         break;
 587:Drivers/STM32F1xx_HAL_Driver/Src/stm32f1xx_hal_can.c **** 
 588:Drivers/STM32F1xx_HAL_Driver/Src/stm32f1xx_hal_can.c ****       case HAL_CAN_TX_MAILBOX0_ABORT_CB_ID :
 589:Drivers/STM32F1xx_HAL_Driver/Src/stm32f1xx_hal_can.c ****         hcan->TxMailbox0AbortCallback = pCallback;
 590:Drivers/STM32F1xx_HAL_Driver/Src/stm32f1xx_hal_can.c ****         break;
 591:Drivers/STM32F1xx_HAL_Driver/Src/stm32f1xx_hal_can.c **** 
 592:Drivers/STM32F1xx_HAL_Driver/Src/stm32f1xx_hal_can.c ****       case HAL_CAN_TX_MAILBOX1_ABORT_CB_ID :
 593:Drivers/STM32F1xx_HAL_Driver/Src/stm32f1xx_hal_can.c ****         hcan->TxMailbox1AbortCallback = pCallback;
 594:Drivers/STM32F1xx_HAL_Driver/Src/stm32f1xx_hal_can.c ****         break;
 595:Drivers/STM32F1xx_HAL_Driver/Src/stm32f1xx_hal_can.c **** 
 596:Drivers/STM32F1xx_HAL_Driver/Src/stm32f1xx_hal_can.c ****       case HAL_CAN_TX_MAILBOX2_ABORT_CB_ID :
 597:Drivers/STM32F1xx_HAL_Driver/Src/stm32f1xx_hal_can.c ****         hcan->TxMailbox2AbortCallback = pCallback;
 598:Drivers/STM32F1xx_HAL_Driver/Src/stm32f1xx_hal_can.c ****         break;
 599:Drivers/STM32F1xx_HAL_Driver/Src/stm32f1xx_hal_can.c **** 
 600:Drivers/STM32F1xx_HAL_Driver/Src/stm32f1xx_hal_can.c ****       case HAL_CAN_RX_FIFO0_MSG_PENDING_CB_ID :
 601:Drivers/STM32F1xx_HAL_Driver/Src/stm32f1xx_hal_can.c ****         hcan->RxFifo0MsgPendingCallback = pCallback;
 602:Drivers/STM32F1xx_HAL_Driver/Src/stm32f1xx_hal_can.c ****         break;
 603:Drivers/STM32F1xx_HAL_Driver/Src/stm32f1xx_hal_can.c **** 
 604:Drivers/STM32F1xx_HAL_Driver/Src/stm32f1xx_hal_can.c ****       case HAL_CAN_RX_FIFO0_FULL_CB_ID :
 605:Drivers/STM32F1xx_HAL_Driver/Src/stm32f1xx_hal_can.c ****         hcan->RxFifo0FullCallback = pCallback;
 606:Drivers/STM32F1xx_HAL_Driver/Src/stm32f1xx_hal_can.c ****         break;
 607:Drivers/STM32F1xx_HAL_Driver/Src/stm32f1xx_hal_can.c **** 
 608:Drivers/STM32F1xx_HAL_Driver/Src/stm32f1xx_hal_can.c ****       case HAL_CAN_RX_FIFO1_MSG_PENDING_CB_ID :
 609:Drivers/STM32F1xx_HAL_Driver/Src/stm32f1xx_hal_can.c ****         hcan->RxFifo1MsgPendingCallback = pCallback;
 610:Drivers/STM32F1xx_HAL_Driver/Src/stm32f1xx_hal_can.c ****         break;
 611:Drivers/STM32F1xx_HAL_Driver/Src/stm32f1xx_hal_can.c **** 
 612:Drivers/STM32F1xx_HAL_Driver/Src/stm32f1xx_hal_can.c ****       case HAL_CAN_RX_FIFO1_FULL_CB_ID :
 613:Drivers/STM32F1xx_HAL_Driver/Src/stm32f1xx_hal_can.c ****         hcan->RxFifo1FullCallback = pCallback;
 614:Drivers/STM32F1xx_HAL_Driver/Src/stm32f1xx_hal_can.c ****         break;
 615:Drivers/STM32F1xx_HAL_Driver/Src/stm32f1xx_hal_can.c **** 
 616:Drivers/STM32F1xx_HAL_Driver/Src/stm32f1xx_hal_can.c ****       case HAL_CAN_SLEEP_CB_ID :
 617:Drivers/STM32F1xx_HAL_Driver/Src/stm32f1xx_hal_can.c ****         hcan->SleepCallback = pCallback;
 618:Drivers/STM32F1xx_HAL_Driver/Src/stm32f1xx_hal_can.c ****         break;
 619:Drivers/STM32F1xx_HAL_Driver/Src/stm32f1xx_hal_can.c **** 
 620:Drivers/STM32F1xx_HAL_Driver/Src/stm32f1xx_hal_can.c ****       case HAL_CAN_WAKEUP_FROM_RX_MSG_CB_ID :
 621:Drivers/STM32F1xx_HAL_Driver/Src/stm32f1xx_hal_can.c ****         hcan->WakeUpFromRxMsgCallback = pCallback;
 622:Drivers/STM32F1xx_HAL_Driver/Src/stm32f1xx_hal_can.c ****         break;
 623:Drivers/STM32F1xx_HAL_Driver/Src/stm32f1xx_hal_can.c **** 
 624:Drivers/STM32F1xx_HAL_Driver/Src/stm32f1xx_hal_can.c ****       case HAL_CAN_ERROR_CB_ID :
 625:Drivers/STM32F1xx_HAL_Driver/Src/stm32f1xx_hal_can.c ****         hcan->ErrorCallback = pCallback;
 626:Drivers/STM32F1xx_HAL_Driver/Src/stm32f1xx_hal_can.c ****         break;
 627:Drivers/STM32F1xx_HAL_Driver/Src/stm32f1xx_hal_can.c **** 
 628:Drivers/STM32F1xx_HAL_Driver/Src/stm32f1xx_hal_can.c ****       case HAL_CAN_MSPINIT_CB_ID :
 629:Drivers/STM32F1xx_HAL_Driver/Src/stm32f1xx_hal_can.c ****         hcan->MspInitCallback = pCallback;
ARM GAS  /var/folders/g3/s0qwt8r95936n9ghz4hhpdwm0000gn/T//ccJNxob3.s 			page 21


 630:Drivers/STM32F1xx_HAL_Driver/Src/stm32f1xx_hal_can.c ****         break;
 631:Drivers/STM32F1xx_HAL_Driver/Src/stm32f1xx_hal_can.c **** 
 632:Drivers/STM32F1xx_HAL_Driver/Src/stm32f1xx_hal_can.c ****       case HAL_CAN_MSPDEINIT_CB_ID :
 633:Drivers/STM32F1xx_HAL_Driver/Src/stm32f1xx_hal_can.c ****         hcan->MspDeInitCallback = pCallback;
 634:Drivers/STM32F1xx_HAL_Driver/Src/stm32f1xx_hal_can.c ****         break;
 635:Drivers/STM32F1xx_HAL_Driver/Src/stm32f1xx_hal_can.c **** 
 636:Drivers/STM32F1xx_HAL_Driver/Src/stm32f1xx_hal_can.c ****       default :
 637:Drivers/STM32F1xx_HAL_Driver/Src/stm32f1xx_hal_can.c ****         /* Update the error code */
 638:Drivers/STM32F1xx_HAL_Driver/Src/stm32f1xx_hal_can.c ****         hcan->ErrorCode |= HAL_CAN_ERROR_INVALID_CALLBACK;
 639:Drivers/STM32F1xx_HAL_Driver/Src/stm32f1xx_hal_can.c **** 
 640:Drivers/STM32F1xx_HAL_Driver/Src/stm32f1xx_hal_can.c ****         /* Return error status */
 641:Drivers/STM32F1xx_HAL_Driver/Src/stm32f1xx_hal_can.c ****         status =  HAL_ERROR;
 642:Drivers/STM32F1xx_HAL_Driver/Src/stm32f1xx_hal_can.c ****         break;
 643:Drivers/STM32F1xx_HAL_Driver/Src/stm32f1xx_hal_can.c ****     }
 644:Drivers/STM32F1xx_HAL_Driver/Src/stm32f1xx_hal_can.c ****   }
 645:Drivers/STM32F1xx_HAL_Driver/Src/stm32f1xx_hal_can.c ****   else if (hcan->State == HAL_CAN_STATE_RESET)
 646:Drivers/STM32F1xx_HAL_Driver/Src/stm32f1xx_hal_can.c ****   {
 647:Drivers/STM32F1xx_HAL_Driver/Src/stm32f1xx_hal_can.c ****     switch (CallbackID)
 648:Drivers/STM32F1xx_HAL_Driver/Src/stm32f1xx_hal_can.c ****     {
 649:Drivers/STM32F1xx_HAL_Driver/Src/stm32f1xx_hal_can.c ****       case HAL_CAN_MSPINIT_CB_ID :
 650:Drivers/STM32F1xx_HAL_Driver/Src/stm32f1xx_hal_can.c ****         hcan->MspInitCallback = pCallback;
 651:Drivers/STM32F1xx_HAL_Driver/Src/stm32f1xx_hal_can.c ****         break;
 652:Drivers/STM32F1xx_HAL_Driver/Src/stm32f1xx_hal_can.c **** 
 653:Drivers/STM32F1xx_HAL_Driver/Src/stm32f1xx_hal_can.c ****       case HAL_CAN_MSPDEINIT_CB_ID :
 654:Drivers/STM32F1xx_HAL_Driver/Src/stm32f1xx_hal_can.c ****         hcan->MspDeInitCallback = pCallback;
 655:Drivers/STM32F1xx_HAL_Driver/Src/stm32f1xx_hal_can.c ****         break;
 656:Drivers/STM32F1xx_HAL_Driver/Src/stm32f1xx_hal_can.c **** 
 657:Drivers/STM32F1xx_HAL_Driver/Src/stm32f1xx_hal_can.c ****       default :
 658:Drivers/STM32F1xx_HAL_Driver/Src/stm32f1xx_hal_can.c ****         /* Update the error code */
 659:Drivers/STM32F1xx_HAL_Driver/Src/stm32f1xx_hal_can.c ****         hcan->ErrorCode |= HAL_CAN_ERROR_INVALID_CALLBACK;
 660:Drivers/STM32F1xx_HAL_Driver/Src/stm32f1xx_hal_can.c **** 
 661:Drivers/STM32F1xx_HAL_Driver/Src/stm32f1xx_hal_can.c ****         /* Return error status */
 662:Drivers/STM32F1xx_HAL_Driver/Src/stm32f1xx_hal_can.c ****         status =  HAL_ERROR;
 663:Drivers/STM32F1xx_HAL_Driver/Src/stm32f1xx_hal_can.c ****         break;
 664:Drivers/STM32F1xx_HAL_Driver/Src/stm32f1xx_hal_can.c ****     }
 665:Drivers/STM32F1xx_HAL_Driver/Src/stm32f1xx_hal_can.c ****   }
 666:Drivers/STM32F1xx_HAL_Driver/Src/stm32f1xx_hal_can.c ****   else
 667:Drivers/STM32F1xx_HAL_Driver/Src/stm32f1xx_hal_can.c ****   {
 668:Drivers/STM32F1xx_HAL_Driver/Src/stm32f1xx_hal_can.c ****     /* Update the error code */
 669:Drivers/STM32F1xx_HAL_Driver/Src/stm32f1xx_hal_can.c ****     hcan->ErrorCode |= HAL_CAN_ERROR_INVALID_CALLBACK;
 670:Drivers/STM32F1xx_HAL_Driver/Src/stm32f1xx_hal_can.c **** 
 671:Drivers/STM32F1xx_HAL_Driver/Src/stm32f1xx_hal_can.c ****     /* Return error status */
 672:Drivers/STM32F1xx_HAL_Driver/Src/stm32f1xx_hal_can.c ****     status =  HAL_ERROR;
 673:Drivers/STM32F1xx_HAL_Driver/Src/stm32f1xx_hal_can.c ****   }
 674:Drivers/STM32F1xx_HAL_Driver/Src/stm32f1xx_hal_can.c **** 
 675:Drivers/STM32F1xx_HAL_Driver/Src/stm32f1xx_hal_can.c ****   return status;
 676:Drivers/STM32F1xx_HAL_Driver/Src/stm32f1xx_hal_can.c **** }
 677:Drivers/STM32F1xx_HAL_Driver/Src/stm32f1xx_hal_can.c **** 
 678:Drivers/STM32F1xx_HAL_Driver/Src/stm32f1xx_hal_can.c **** /**
 679:Drivers/STM32F1xx_HAL_Driver/Src/stm32f1xx_hal_can.c ****   * @brief  Unregister a CAN CallBack.
 680:Drivers/STM32F1xx_HAL_Driver/Src/stm32f1xx_hal_can.c ****   *         CAN callback is redirected to the weak predefined callback
 681:Drivers/STM32F1xx_HAL_Driver/Src/stm32f1xx_hal_can.c ****   * @param  hcan pointer to a CAN_HandleTypeDef structure that contains
 682:Drivers/STM32F1xx_HAL_Driver/Src/stm32f1xx_hal_can.c ****   *         the configuration information for CAN module
 683:Drivers/STM32F1xx_HAL_Driver/Src/stm32f1xx_hal_can.c ****   * @param  CallbackID ID of the callback to be unregistered
 684:Drivers/STM32F1xx_HAL_Driver/Src/stm32f1xx_hal_can.c ****   *         This parameter can be one of the following values:
 685:Drivers/STM32F1xx_HAL_Driver/Src/stm32f1xx_hal_can.c ****   *           @arg @ref HAL_CAN_TX_MAILBOX0_COMPLETE_CB_ID Tx Mailbox 0 Complete callback ID
 686:Drivers/STM32F1xx_HAL_Driver/Src/stm32f1xx_hal_can.c ****   *           @arg @ref HAL_CAN_TX_MAILBOX1_COMPLETE_CB_ID Tx Mailbox 1 Complete callback ID
ARM GAS  /var/folders/g3/s0qwt8r95936n9ghz4hhpdwm0000gn/T//ccJNxob3.s 			page 22


 687:Drivers/STM32F1xx_HAL_Driver/Src/stm32f1xx_hal_can.c ****   *           @arg @ref HAL_CAN_TX_MAILBOX2_COMPLETE_CB_ID Tx Mailbox 2 Complete callback ID
 688:Drivers/STM32F1xx_HAL_Driver/Src/stm32f1xx_hal_can.c ****   *           @arg @ref HAL_CAN_TX_MAILBOX0_ABORT_CB_ID Tx Mailbox 0 Abort callback ID
 689:Drivers/STM32F1xx_HAL_Driver/Src/stm32f1xx_hal_can.c ****   *           @arg @ref HAL_CAN_TX_MAILBOX1_ABORT_CB_ID Tx Mailbox 1 Abort callback ID
 690:Drivers/STM32F1xx_HAL_Driver/Src/stm32f1xx_hal_can.c ****   *           @arg @ref HAL_CAN_TX_MAILBOX2_ABORT_CB_ID Tx Mailbox 2 Abort callback ID
 691:Drivers/STM32F1xx_HAL_Driver/Src/stm32f1xx_hal_can.c ****   *           @arg @ref HAL_CAN_RX_FIFO0_MSG_PENDING_CB_ID Rx Fifo 0 message pending callback ID
 692:Drivers/STM32F1xx_HAL_Driver/Src/stm32f1xx_hal_can.c ****   *           @arg @ref HAL_CAN_RX_FIFO0_FULL_CB_ID Rx Fifo 0 full callback ID
 693:Drivers/STM32F1xx_HAL_Driver/Src/stm32f1xx_hal_can.c ****   *           @arg @ref HAL_CAN_RX_FIFO1_MSG_PENDING_CB_ID Rx Fifo 1 message pending callback ID
 694:Drivers/STM32F1xx_HAL_Driver/Src/stm32f1xx_hal_can.c ****   *           @arg @ref HAL_CAN_RX_FIFO1_FULL_CB_ID Rx Fifo 1 full callback ID
 695:Drivers/STM32F1xx_HAL_Driver/Src/stm32f1xx_hal_can.c ****   *           @arg @ref HAL_CAN_SLEEP_CB_ID Sleep callback ID
 696:Drivers/STM32F1xx_HAL_Driver/Src/stm32f1xx_hal_can.c ****   *           @arg @ref HAL_CAN_WAKEUP_FROM_RX_MSG_CB_ID Wake Up from Rx message callback ID
 697:Drivers/STM32F1xx_HAL_Driver/Src/stm32f1xx_hal_can.c ****   *           @arg @ref HAL_CAN_ERROR_CB_ID Error callback ID
 698:Drivers/STM32F1xx_HAL_Driver/Src/stm32f1xx_hal_can.c ****   *           @arg @ref HAL_CAN_MSPINIT_CB_ID MspInit callback ID
 699:Drivers/STM32F1xx_HAL_Driver/Src/stm32f1xx_hal_can.c ****   *           @arg @ref HAL_CAN_MSPDEINIT_CB_ID MspDeInit callback ID
 700:Drivers/STM32F1xx_HAL_Driver/Src/stm32f1xx_hal_can.c ****   * @retval HAL status
 701:Drivers/STM32F1xx_HAL_Driver/Src/stm32f1xx_hal_can.c ****   */
 702:Drivers/STM32F1xx_HAL_Driver/Src/stm32f1xx_hal_can.c **** HAL_StatusTypeDef HAL_CAN_UnRegisterCallback(CAN_HandleTypeDef *hcan, HAL_CAN_CallbackIDTypeDef Cal
 703:Drivers/STM32F1xx_HAL_Driver/Src/stm32f1xx_hal_can.c **** {
 704:Drivers/STM32F1xx_HAL_Driver/Src/stm32f1xx_hal_can.c ****   HAL_StatusTypeDef status = HAL_OK;
 705:Drivers/STM32F1xx_HAL_Driver/Src/stm32f1xx_hal_can.c **** 
 706:Drivers/STM32F1xx_HAL_Driver/Src/stm32f1xx_hal_can.c ****   if (hcan->State == HAL_CAN_STATE_READY)
 707:Drivers/STM32F1xx_HAL_Driver/Src/stm32f1xx_hal_can.c ****   {
 708:Drivers/STM32F1xx_HAL_Driver/Src/stm32f1xx_hal_can.c ****     switch (CallbackID)
 709:Drivers/STM32F1xx_HAL_Driver/Src/stm32f1xx_hal_can.c ****     {
 710:Drivers/STM32F1xx_HAL_Driver/Src/stm32f1xx_hal_can.c ****       case HAL_CAN_TX_MAILBOX0_COMPLETE_CB_ID :
 711:Drivers/STM32F1xx_HAL_Driver/Src/stm32f1xx_hal_can.c ****         hcan->TxMailbox0CompleteCallback = HAL_CAN_TxMailbox0CompleteCallback;
 712:Drivers/STM32F1xx_HAL_Driver/Src/stm32f1xx_hal_can.c ****         break;
 713:Drivers/STM32F1xx_HAL_Driver/Src/stm32f1xx_hal_can.c **** 
 714:Drivers/STM32F1xx_HAL_Driver/Src/stm32f1xx_hal_can.c ****       case HAL_CAN_TX_MAILBOX1_COMPLETE_CB_ID :
 715:Drivers/STM32F1xx_HAL_Driver/Src/stm32f1xx_hal_can.c ****         hcan->TxMailbox1CompleteCallback = HAL_CAN_TxMailbox1CompleteCallback;
 716:Drivers/STM32F1xx_HAL_Driver/Src/stm32f1xx_hal_can.c ****         break;
 717:Drivers/STM32F1xx_HAL_Driver/Src/stm32f1xx_hal_can.c **** 
 718:Drivers/STM32F1xx_HAL_Driver/Src/stm32f1xx_hal_can.c ****       case HAL_CAN_TX_MAILBOX2_COMPLETE_CB_ID :
 719:Drivers/STM32F1xx_HAL_Driver/Src/stm32f1xx_hal_can.c ****         hcan->TxMailbox2CompleteCallback = HAL_CAN_TxMailbox2CompleteCallback;
 720:Drivers/STM32F1xx_HAL_Driver/Src/stm32f1xx_hal_can.c ****         break;
 721:Drivers/STM32F1xx_HAL_Driver/Src/stm32f1xx_hal_can.c **** 
 722:Drivers/STM32F1xx_HAL_Driver/Src/stm32f1xx_hal_can.c ****       case HAL_CAN_TX_MAILBOX0_ABORT_CB_ID :
 723:Drivers/STM32F1xx_HAL_Driver/Src/stm32f1xx_hal_can.c ****         hcan->TxMailbox0AbortCallback = HAL_CAN_TxMailbox0AbortCallback;
 724:Drivers/STM32F1xx_HAL_Driver/Src/stm32f1xx_hal_can.c ****         break;
 725:Drivers/STM32F1xx_HAL_Driver/Src/stm32f1xx_hal_can.c **** 
 726:Drivers/STM32F1xx_HAL_Driver/Src/stm32f1xx_hal_can.c ****       case HAL_CAN_TX_MAILBOX1_ABORT_CB_ID :
 727:Drivers/STM32F1xx_HAL_Driver/Src/stm32f1xx_hal_can.c ****         hcan->TxMailbox1AbortCallback = HAL_CAN_TxMailbox1AbortCallback;
 728:Drivers/STM32F1xx_HAL_Driver/Src/stm32f1xx_hal_can.c ****         break;
 729:Drivers/STM32F1xx_HAL_Driver/Src/stm32f1xx_hal_can.c **** 
 730:Drivers/STM32F1xx_HAL_Driver/Src/stm32f1xx_hal_can.c ****       case HAL_CAN_TX_MAILBOX2_ABORT_CB_ID :
 731:Drivers/STM32F1xx_HAL_Driver/Src/stm32f1xx_hal_can.c ****         hcan->TxMailbox2AbortCallback = HAL_CAN_TxMailbox2AbortCallback;
 732:Drivers/STM32F1xx_HAL_Driver/Src/stm32f1xx_hal_can.c ****         break;
 733:Drivers/STM32F1xx_HAL_Driver/Src/stm32f1xx_hal_can.c **** 
 734:Drivers/STM32F1xx_HAL_Driver/Src/stm32f1xx_hal_can.c ****       case HAL_CAN_RX_FIFO0_MSG_PENDING_CB_ID :
 735:Drivers/STM32F1xx_HAL_Driver/Src/stm32f1xx_hal_can.c ****         hcan->RxFifo0MsgPendingCallback = HAL_CAN_RxFifo0MsgPendingCallback;
 736:Drivers/STM32F1xx_HAL_Driver/Src/stm32f1xx_hal_can.c ****         break;
 737:Drivers/STM32F1xx_HAL_Driver/Src/stm32f1xx_hal_can.c **** 
 738:Drivers/STM32F1xx_HAL_Driver/Src/stm32f1xx_hal_can.c ****       case HAL_CAN_RX_FIFO0_FULL_CB_ID :
 739:Drivers/STM32F1xx_HAL_Driver/Src/stm32f1xx_hal_can.c ****         hcan->RxFifo0FullCallback = HAL_CAN_RxFifo0FullCallback;
 740:Drivers/STM32F1xx_HAL_Driver/Src/stm32f1xx_hal_can.c ****         break;
 741:Drivers/STM32F1xx_HAL_Driver/Src/stm32f1xx_hal_can.c **** 
 742:Drivers/STM32F1xx_HAL_Driver/Src/stm32f1xx_hal_can.c ****       case HAL_CAN_RX_FIFO1_MSG_PENDING_CB_ID :
 743:Drivers/STM32F1xx_HAL_Driver/Src/stm32f1xx_hal_can.c ****         hcan->RxFifo1MsgPendingCallback = HAL_CAN_RxFifo1MsgPendingCallback;
ARM GAS  /var/folders/g3/s0qwt8r95936n9ghz4hhpdwm0000gn/T//ccJNxob3.s 			page 23


 744:Drivers/STM32F1xx_HAL_Driver/Src/stm32f1xx_hal_can.c ****         break;
 745:Drivers/STM32F1xx_HAL_Driver/Src/stm32f1xx_hal_can.c **** 
 746:Drivers/STM32F1xx_HAL_Driver/Src/stm32f1xx_hal_can.c ****       case HAL_CAN_RX_FIFO1_FULL_CB_ID :
 747:Drivers/STM32F1xx_HAL_Driver/Src/stm32f1xx_hal_can.c ****         hcan->RxFifo1FullCallback = HAL_CAN_RxFifo1FullCallback;
 748:Drivers/STM32F1xx_HAL_Driver/Src/stm32f1xx_hal_can.c ****         break;
 749:Drivers/STM32F1xx_HAL_Driver/Src/stm32f1xx_hal_can.c **** 
 750:Drivers/STM32F1xx_HAL_Driver/Src/stm32f1xx_hal_can.c ****       case HAL_CAN_SLEEP_CB_ID :
 751:Drivers/STM32F1xx_HAL_Driver/Src/stm32f1xx_hal_can.c ****         hcan->SleepCallback = HAL_CAN_SleepCallback;
 752:Drivers/STM32F1xx_HAL_Driver/Src/stm32f1xx_hal_can.c ****         break;
 753:Drivers/STM32F1xx_HAL_Driver/Src/stm32f1xx_hal_can.c **** 
 754:Drivers/STM32F1xx_HAL_Driver/Src/stm32f1xx_hal_can.c ****       case HAL_CAN_WAKEUP_FROM_RX_MSG_CB_ID :
 755:Drivers/STM32F1xx_HAL_Driver/Src/stm32f1xx_hal_can.c ****         hcan->WakeUpFromRxMsgCallback = HAL_CAN_WakeUpFromRxMsgCallback;
 756:Drivers/STM32F1xx_HAL_Driver/Src/stm32f1xx_hal_can.c ****         break;
 757:Drivers/STM32F1xx_HAL_Driver/Src/stm32f1xx_hal_can.c **** 
 758:Drivers/STM32F1xx_HAL_Driver/Src/stm32f1xx_hal_can.c ****       case HAL_CAN_ERROR_CB_ID :
 759:Drivers/STM32F1xx_HAL_Driver/Src/stm32f1xx_hal_can.c ****         hcan->ErrorCallback = HAL_CAN_ErrorCallback;
 760:Drivers/STM32F1xx_HAL_Driver/Src/stm32f1xx_hal_can.c ****         break;
 761:Drivers/STM32F1xx_HAL_Driver/Src/stm32f1xx_hal_can.c **** 
 762:Drivers/STM32F1xx_HAL_Driver/Src/stm32f1xx_hal_can.c ****       case HAL_CAN_MSPINIT_CB_ID :
 763:Drivers/STM32F1xx_HAL_Driver/Src/stm32f1xx_hal_can.c ****         hcan->MspInitCallback = HAL_CAN_MspInit;
 764:Drivers/STM32F1xx_HAL_Driver/Src/stm32f1xx_hal_can.c ****         break;
 765:Drivers/STM32F1xx_HAL_Driver/Src/stm32f1xx_hal_can.c **** 
 766:Drivers/STM32F1xx_HAL_Driver/Src/stm32f1xx_hal_can.c ****       case HAL_CAN_MSPDEINIT_CB_ID :
 767:Drivers/STM32F1xx_HAL_Driver/Src/stm32f1xx_hal_can.c ****         hcan->MspDeInitCallback = HAL_CAN_MspDeInit;
 768:Drivers/STM32F1xx_HAL_Driver/Src/stm32f1xx_hal_can.c ****         break;
 769:Drivers/STM32F1xx_HAL_Driver/Src/stm32f1xx_hal_can.c **** 
 770:Drivers/STM32F1xx_HAL_Driver/Src/stm32f1xx_hal_can.c ****       default :
 771:Drivers/STM32F1xx_HAL_Driver/Src/stm32f1xx_hal_can.c ****         /* Update the error code */
 772:Drivers/STM32F1xx_HAL_Driver/Src/stm32f1xx_hal_can.c ****         hcan->ErrorCode |= HAL_CAN_ERROR_INVALID_CALLBACK;
 773:Drivers/STM32F1xx_HAL_Driver/Src/stm32f1xx_hal_can.c **** 
 774:Drivers/STM32F1xx_HAL_Driver/Src/stm32f1xx_hal_can.c ****         /* Return error status */
 775:Drivers/STM32F1xx_HAL_Driver/Src/stm32f1xx_hal_can.c ****         status =  HAL_ERROR;
 776:Drivers/STM32F1xx_HAL_Driver/Src/stm32f1xx_hal_can.c ****         break;
 777:Drivers/STM32F1xx_HAL_Driver/Src/stm32f1xx_hal_can.c ****     }
 778:Drivers/STM32F1xx_HAL_Driver/Src/stm32f1xx_hal_can.c ****   }
 779:Drivers/STM32F1xx_HAL_Driver/Src/stm32f1xx_hal_can.c ****   else if (hcan->State == HAL_CAN_STATE_RESET)
 780:Drivers/STM32F1xx_HAL_Driver/Src/stm32f1xx_hal_can.c ****   {
 781:Drivers/STM32F1xx_HAL_Driver/Src/stm32f1xx_hal_can.c ****     switch (CallbackID)
 782:Drivers/STM32F1xx_HAL_Driver/Src/stm32f1xx_hal_can.c ****     {
 783:Drivers/STM32F1xx_HAL_Driver/Src/stm32f1xx_hal_can.c ****       case HAL_CAN_MSPINIT_CB_ID :
 784:Drivers/STM32F1xx_HAL_Driver/Src/stm32f1xx_hal_can.c ****         hcan->MspInitCallback = HAL_CAN_MspInit;
 785:Drivers/STM32F1xx_HAL_Driver/Src/stm32f1xx_hal_can.c ****         break;
 786:Drivers/STM32F1xx_HAL_Driver/Src/stm32f1xx_hal_can.c **** 
 787:Drivers/STM32F1xx_HAL_Driver/Src/stm32f1xx_hal_can.c ****       case HAL_CAN_MSPDEINIT_CB_ID :
 788:Drivers/STM32F1xx_HAL_Driver/Src/stm32f1xx_hal_can.c ****         hcan->MspDeInitCallback = HAL_CAN_MspDeInit;
 789:Drivers/STM32F1xx_HAL_Driver/Src/stm32f1xx_hal_can.c ****         break;
 790:Drivers/STM32F1xx_HAL_Driver/Src/stm32f1xx_hal_can.c **** 
 791:Drivers/STM32F1xx_HAL_Driver/Src/stm32f1xx_hal_can.c ****       default :
 792:Drivers/STM32F1xx_HAL_Driver/Src/stm32f1xx_hal_can.c ****         /* Update the error code */
 793:Drivers/STM32F1xx_HAL_Driver/Src/stm32f1xx_hal_can.c ****         hcan->ErrorCode |= HAL_CAN_ERROR_INVALID_CALLBACK;
 794:Drivers/STM32F1xx_HAL_Driver/Src/stm32f1xx_hal_can.c **** 
 795:Drivers/STM32F1xx_HAL_Driver/Src/stm32f1xx_hal_can.c ****         /* Return error status */
 796:Drivers/STM32F1xx_HAL_Driver/Src/stm32f1xx_hal_can.c ****         status =  HAL_ERROR;
 797:Drivers/STM32F1xx_HAL_Driver/Src/stm32f1xx_hal_can.c ****         break;
 798:Drivers/STM32F1xx_HAL_Driver/Src/stm32f1xx_hal_can.c ****     }
 799:Drivers/STM32F1xx_HAL_Driver/Src/stm32f1xx_hal_can.c ****   }
 800:Drivers/STM32F1xx_HAL_Driver/Src/stm32f1xx_hal_can.c ****   else
ARM GAS  /var/folders/g3/s0qwt8r95936n9ghz4hhpdwm0000gn/T//ccJNxob3.s 			page 24


 801:Drivers/STM32F1xx_HAL_Driver/Src/stm32f1xx_hal_can.c ****   {
 802:Drivers/STM32F1xx_HAL_Driver/Src/stm32f1xx_hal_can.c ****     /* Update the error code */
 803:Drivers/STM32F1xx_HAL_Driver/Src/stm32f1xx_hal_can.c ****     hcan->ErrorCode |= HAL_CAN_ERROR_INVALID_CALLBACK;
 804:Drivers/STM32F1xx_HAL_Driver/Src/stm32f1xx_hal_can.c **** 
 805:Drivers/STM32F1xx_HAL_Driver/Src/stm32f1xx_hal_can.c ****     /* Return error status */
 806:Drivers/STM32F1xx_HAL_Driver/Src/stm32f1xx_hal_can.c ****     status =  HAL_ERROR;
 807:Drivers/STM32F1xx_HAL_Driver/Src/stm32f1xx_hal_can.c ****   }
 808:Drivers/STM32F1xx_HAL_Driver/Src/stm32f1xx_hal_can.c **** 
 809:Drivers/STM32F1xx_HAL_Driver/Src/stm32f1xx_hal_can.c ****   return status;
 810:Drivers/STM32F1xx_HAL_Driver/Src/stm32f1xx_hal_can.c **** }
 811:Drivers/STM32F1xx_HAL_Driver/Src/stm32f1xx_hal_can.c **** #endif /* USE_HAL_CAN_REGISTER_CALLBACKS */
 812:Drivers/STM32F1xx_HAL_Driver/Src/stm32f1xx_hal_can.c **** 
 813:Drivers/STM32F1xx_HAL_Driver/Src/stm32f1xx_hal_can.c **** /**
 814:Drivers/STM32F1xx_HAL_Driver/Src/stm32f1xx_hal_can.c ****   * @}
 815:Drivers/STM32F1xx_HAL_Driver/Src/stm32f1xx_hal_can.c ****   */
 816:Drivers/STM32F1xx_HAL_Driver/Src/stm32f1xx_hal_can.c **** 
 817:Drivers/STM32F1xx_HAL_Driver/Src/stm32f1xx_hal_can.c **** /** @defgroup CAN_Exported_Functions_Group2 Configuration functions
 818:Drivers/STM32F1xx_HAL_Driver/Src/stm32f1xx_hal_can.c ****   * @brief    Configuration functions.
 819:Drivers/STM32F1xx_HAL_Driver/Src/stm32f1xx_hal_can.c ****   *
 820:Drivers/STM32F1xx_HAL_Driver/Src/stm32f1xx_hal_can.c **** @verbatim
 821:Drivers/STM32F1xx_HAL_Driver/Src/stm32f1xx_hal_can.c ****   ==============================================================================
 822:Drivers/STM32F1xx_HAL_Driver/Src/stm32f1xx_hal_can.c ****               ##### Configuration functions #####
 823:Drivers/STM32F1xx_HAL_Driver/Src/stm32f1xx_hal_can.c ****   ==============================================================================
 824:Drivers/STM32F1xx_HAL_Driver/Src/stm32f1xx_hal_can.c ****     [..]  This section provides functions allowing to:
 825:Drivers/STM32F1xx_HAL_Driver/Src/stm32f1xx_hal_can.c ****       (+) HAL_CAN_ConfigFilter            : Configure the CAN reception filters
 826:Drivers/STM32F1xx_HAL_Driver/Src/stm32f1xx_hal_can.c **** 
 827:Drivers/STM32F1xx_HAL_Driver/Src/stm32f1xx_hal_can.c **** @endverbatim
 828:Drivers/STM32F1xx_HAL_Driver/Src/stm32f1xx_hal_can.c ****   * @{
 829:Drivers/STM32F1xx_HAL_Driver/Src/stm32f1xx_hal_can.c ****   */
 830:Drivers/STM32F1xx_HAL_Driver/Src/stm32f1xx_hal_can.c **** 
 831:Drivers/STM32F1xx_HAL_Driver/Src/stm32f1xx_hal_can.c **** /**
 832:Drivers/STM32F1xx_HAL_Driver/Src/stm32f1xx_hal_can.c ****   * @brief  Configures the CAN reception filter according to the specified
 833:Drivers/STM32F1xx_HAL_Driver/Src/stm32f1xx_hal_can.c ****   *         parameters in the CAN_FilterInitStruct.
 834:Drivers/STM32F1xx_HAL_Driver/Src/stm32f1xx_hal_can.c ****   * @param  hcan pointer to a CAN_HandleTypeDef structure that contains
 835:Drivers/STM32F1xx_HAL_Driver/Src/stm32f1xx_hal_can.c ****   *         the configuration information for the specified CAN.
 836:Drivers/STM32F1xx_HAL_Driver/Src/stm32f1xx_hal_can.c ****   * @param  sFilterConfig pointer to a CAN_FilterTypeDef structure that
 837:Drivers/STM32F1xx_HAL_Driver/Src/stm32f1xx_hal_can.c ****   *         contains the filter configuration information.
 838:Drivers/STM32F1xx_HAL_Driver/Src/stm32f1xx_hal_can.c ****   * @retval None
 839:Drivers/STM32F1xx_HAL_Driver/Src/stm32f1xx_hal_can.c ****   */
 840:Drivers/STM32F1xx_HAL_Driver/Src/stm32f1xx_hal_can.c **** HAL_StatusTypeDef HAL_CAN_ConfigFilter(CAN_HandleTypeDef *hcan, const CAN_FilterTypeDef *sFilterCon
 841:Drivers/STM32F1xx_HAL_Driver/Src/stm32f1xx_hal_can.c **** {
 513              		.loc 1 841 1
 514              		.cfi_startproc
 515              		@ args = 0, pretend = 0, frame = 24
 516              		@ frame_needed = 1, uses_anonymous_args = 0
 517              		@ link register save eliminated.
 518 0000 80B4     		push	{r7}
 519              	.LCFI22:
 520              		.cfi_def_cfa_offset 4
 521              		.cfi_offset 7, -4
 522 0002 87B0     		sub	sp, sp, #28
 523              	.LCFI23:
 524              		.cfi_def_cfa_offset 32
 525 0004 00AF     		add	r7, sp, #0
 526              	.LCFI24:
 527              		.cfi_def_cfa_register 7
 528 0006 7860     		str	r0, [r7, #4]
ARM GAS  /var/folders/g3/s0qwt8r95936n9ghz4hhpdwm0000gn/T//ccJNxob3.s 			page 25


 529 0008 3960     		str	r1, [r7]
 842:Drivers/STM32F1xx_HAL_Driver/Src/stm32f1xx_hal_can.c ****   uint32_t filternbrbitpos;
 843:Drivers/STM32F1xx_HAL_Driver/Src/stm32f1xx_hal_can.c ****   CAN_TypeDef *can_ip = hcan->Instance;
 530              		.loc 1 843 16
 531 000a 7B68     		ldr	r3, [r7, #4]
 532 000c 1B68     		ldr	r3, [r3]
 533 000e 7B61     		str	r3, [r7, #20]
 844:Drivers/STM32F1xx_HAL_Driver/Src/stm32f1xx_hal_can.c ****   HAL_CAN_StateTypeDef state = hcan->State;
 534              		.loc 1 844 24
 535 0010 7B68     		ldr	r3, [r7, #4]
 536 0012 93F82030 		ldrb	r3, [r3, #32]
 537 0016 FB74     		strb	r3, [r7, #19]
 845:Drivers/STM32F1xx_HAL_Driver/Src/stm32f1xx_hal_can.c **** 
 846:Drivers/STM32F1xx_HAL_Driver/Src/stm32f1xx_hal_can.c ****   if ((state == HAL_CAN_STATE_READY) ||
 538              		.loc 1 846 6
 539 0018 FB7C     		ldrb	r3, [r7, #19]	@ zero_extendqisi2
 540 001a 012B     		cmp	r3, #1
 541 001c 03D0     		beq	.L27
 542              		.loc 1 846 38 discriminator 1
 543 001e FB7C     		ldrb	r3, [r7, #19]	@ zero_extendqisi2
 544 0020 022B     		cmp	r3, #2
 545 0022 40F0AA80 		bne	.L28
 546              	.L27:
 847:Drivers/STM32F1xx_HAL_Driver/Src/stm32f1xx_hal_can.c ****       (state == HAL_CAN_STATE_LISTENING))
 848:Drivers/STM32F1xx_HAL_Driver/Src/stm32f1xx_hal_can.c ****   {
 849:Drivers/STM32F1xx_HAL_Driver/Src/stm32f1xx_hal_can.c ****     /* Check the parameters */
 850:Drivers/STM32F1xx_HAL_Driver/Src/stm32f1xx_hal_can.c ****     assert_param(IS_CAN_FILTER_ID_HALFWORD(sFilterConfig->FilterIdHigh));
 851:Drivers/STM32F1xx_HAL_Driver/Src/stm32f1xx_hal_can.c ****     assert_param(IS_CAN_FILTER_ID_HALFWORD(sFilterConfig->FilterIdLow));
 852:Drivers/STM32F1xx_HAL_Driver/Src/stm32f1xx_hal_can.c ****     assert_param(IS_CAN_FILTER_ID_HALFWORD(sFilterConfig->FilterMaskIdHigh));
 853:Drivers/STM32F1xx_HAL_Driver/Src/stm32f1xx_hal_can.c ****     assert_param(IS_CAN_FILTER_ID_HALFWORD(sFilterConfig->FilterMaskIdLow));
 854:Drivers/STM32F1xx_HAL_Driver/Src/stm32f1xx_hal_can.c ****     assert_param(IS_CAN_FILTER_MODE(sFilterConfig->FilterMode));
 855:Drivers/STM32F1xx_HAL_Driver/Src/stm32f1xx_hal_can.c ****     assert_param(IS_CAN_FILTER_SCALE(sFilterConfig->FilterScale));
 856:Drivers/STM32F1xx_HAL_Driver/Src/stm32f1xx_hal_can.c ****     assert_param(IS_CAN_FILTER_FIFO(sFilterConfig->FilterFIFOAssignment));
 857:Drivers/STM32F1xx_HAL_Driver/Src/stm32f1xx_hal_can.c ****     assert_param(IS_CAN_FILTER_ACTIVATION(sFilterConfig->FilterActivation));
 858:Drivers/STM32F1xx_HAL_Driver/Src/stm32f1xx_hal_can.c **** 
 859:Drivers/STM32F1xx_HAL_Driver/Src/stm32f1xx_hal_can.c **** #if   defined(CAN2)
 860:Drivers/STM32F1xx_HAL_Driver/Src/stm32f1xx_hal_can.c ****     /* CAN1 and CAN2 are dual instances with 28 common filters banks */
 861:Drivers/STM32F1xx_HAL_Driver/Src/stm32f1xx_hal_can.c ****     /* Select master instance to access the filter banks */
 862:Drivers/STM32F1xx_HAL_Driver/Src/stm32f1xx_hal_can.c ****     can_ip = CAN1;
 863:Drivers/STM32F1xx_HAL_Driver/Src/stm32f1xx_hal_can.c **** 
 864:Drivers/STM32F1xx_HAL_Driver/Src/stm32f1xx_hal_can.c ****     /* Check the parameters */
 865:Drivers/STM32F1xx_HAL_Driver/Src/stm32f1xx_hal_can.c ****     assert_param(IS_CAN_FILTER_BANK_DUAL(sFilterConfig->FilterBank));
 866:Drivers/STM32F1xx_HAL_Driver/Src/stm32f1xx_hal_can.c ****     assert_param(IS_CAN_FILTER_BANK_DUAL(sFilterConfig->SlaveStartFilterBank));
 867:Drivers/STM32F1xx_HAL_Driver/Src/stm32f1xx_hal_can.c **** #else
 868:Drivers/STM32F1xx_HAL_Driver/Src/stm32f1xx_hal_can.c ****     /* CAN1 is single instance with 14 dedicated filters banks */
 869:Drivers/STM32F1xx_HAL_Driver/Src/stm32f1xx_hal_can.c **** 
 870:Drivers/STM32F1xx_HAL_Driver/Src/stm32f1xx_hal_can.c ****     /* Check the parameters */
 871:Drivers/STM32F1xx_HAL_Driver/Src/stm32f1xx_hal_can.c ****     assert_param(IS_CAN_FILTER_BANK_SINGLE(sFilterConfig->FilterBank));
 872:Drivers/STM32F1xx_HAL_Driver/Src/stm32f1xx_hal_can.c **** #endif /* CAN3 */
 873:Drivers/STM32F1xx_HAL_Driver/Src/stm32f1xx_hal_can.c **** 
 874:Drivers/STM32F1xx_HAL_Driver/Src/stm32f1xx_hal_can.c ****     /* Initialisation mode for the filter */
 875:Drivers/STM32F1xx_HAL_Driver/Src/stm32f1xx_hal_can.c ****     SET_BIT(can_ip->FMR, CAN_FMR_FINIT);
 547              		.loc 1 875 5
 548 0026 7B69     		ldr	r3, [r7, #20]
 549 0028 D3F80032 		ldr	r3, [r3, #512]
 550 002c 43F00102 		orr	r2, r3, #1
 551 0030 7B69     		ldr	r3, [r7, #20]
ARM GAS  /var/folders/g3/s0qwt8r95936n9ghz4hhpdwm0000gn/T//ccJNxob3.s 			page 26


 552 0032 C3F80022 		str	r2, [r3, #512]
 876:Drivers/STM32F1xx_HAL_Driver/Src/stm32f1xx_hal_can.c **** 
 877:Drivers/STM32F1xx_HAL_Driver/Src/stm32f1xx_hal_can.c **** #if   defined(CAN2)
 878:Drivers/STM32F1xx_HAL_Driver/Src/stm32f1xx_hal_can.c ****     /* Select the start filter number of CAN2 slave instance */
 879:Drivers/STM32F1xx_HAL_Driver/Src/stm32f1xx_hal_can.c ****     CLEAR_BIT(can_ip->FMR, CAN_FMR_CAN2SB);
 880:Drivers/STM32F1xx_HAL_Driver/Src/stm32f1xx_hal_can.c ****     SET_BIT(can_ip->FMR, sFilterConfig->SlaveStartFilterBank << CAN_FMR_CAN2SB_Pos);
 881:Drivers/STM32F1xx_HAL_Driver/Src/stm32f1xx_hal_can.c **** 
 882:Drivers/STM32F1xx_HAL_Driver/Src/stm32f1xx_hal_can.c **** #endif /* CAN3 */
 883:Drivers/STM32F1xx_HAL_Driver/Src/stm32f1xx_hal_can.c ****     /* Convert filter number into bit position */
 884:Drivers/STM32F1xx_HAL_Driver/Src/stm32f1xx_hal_can.c ****     filternbrbitpos = (uint32_t)1 << (sFilterConfig->FilterBank & 0x1FU);
 553              		.loc 1 884 52
 554 0036 3B68     		ldr	r3, [r7]
 555 0038 5B69     		ldr	r3, [r3, #20]
 556              		.loc 1 884 65
 557 003a 03F01F03 		and	r3, r3, #31
 558              		.loc 1 884 21
 559 003e 0122     		movs	r2, #1
 560 0040 02FA03F3 		lsl	r3, r2, r3
 561 0044 FB60     		str	r3, [r7, #12]
 885:Drivers/STM32F1xx_HAL_Driver/Src/stm32f1xx_hal_can.c **** 
 886:Drivers/STM32F1xx_HAL_Driver/Src/stm32f1xx_hal_can.c ****     /* Filter Deactivation */
 887:Drivers/STM32F1xx_HAL_Driver/Src/stm32f1xx_hal_can.c ****     CLEAR_BIT(can_ip->FA1R, filternbrbitpos);
 562              		.loc 1 887 5
 563 0046 7B69     		ldr	r3, [r7, #20]
 564 0048 D3F81C22 		ldr	r2, [r3, #540]
 565 004c FB68     		ldr	r3, [r7, #12]
 566 004e DB43     		mvns	r3, r3
 567 0050 1A40     		ands	r2, r2, r3
 568 0052 7B69     		ldr	r3, [r7, #20]
 569 0054 C3F81C22 		str	r2, [r3, #540]
 888:Drivers/STM32F1xx_HAL_Driver/Src/stm32f1xx_hal_can.c **** 
 889:Drivers/STM32F1xx_HAL_Driver/Src/stm32f1xx_hal_can.c ****     /* Filter Scale */
 890:Drivers/STM32F1xx_HAL_Driver/Src/stm32f1xx_hal_can.c ****     if (sFilterConfig->FilterScale == CAN_FILTERSCALE_16BIT)
 570              		.loc 1 890 22
 571 0058 3B68     		ldr	r3, [r7]
 572 005a DB69     		ldr	r3, [r3, #28]
 573              		.loc 1 890 8
 574 005c 002B     		cmp	r3, #0
 575 005e 23D1     		bne	.L29
 891:Drivers/STM32F1xx_HAL_Driver/Src/stm32f1xx_hal_can.c ****     {
 892:Drivers/STM32F1xx_HAL_Driver/Src/stm32f1xx_hal_can.c ****       /* 16-bit scale for the filter */
 893:Drivers/STM32F1xx_HAL_Driver/Src/stm32f1xx_hal_can.c ****       CLEAR_BIT(can_ip->FS1R, filternbrbitpos);
 576              		.loc 1 893 7
 577 0060 7B69     		ldr	r3, [r7, #20]
 578 0062 D3F80C22 		ldr	r2, [r3, #524]
 579 0066 FB68     		ldr	r3, [r7, #12]
 580 0068 DB43     		mvns	r3, r3
 581 006a 1A40     		ands	r2, r2, r3
 582 006c 7B69     		ldr	r3, [r7, #20]
 583 006e C3F80C22 		str	r2, [r3, #524]
 894:Drivers/STM32F1xx_HAL_Driver/Src/stm32f1xx_hal_can.c **** 
 895:Drivers/STM32F1xx_HAL_Driver/Src/stm32f1xx_hal_can.c ****       /* First 16-bit identifier and First 16-bit mask */
 896:Drivers/STM32F1xx_HAL_Driver/Src/stm32f1xx_hal_can.c ****       /* Or First 16-bit identifier and Second 16-bit identifier */
 897:Drivers/STM32F1xx_HAL_Driver/Src/stm32f1xx_hal_can.c ****       can_ip->sFilterRegister[sFilterConfig->FilterBank].FR1 =
 898:Drivers/STM32F1xx_HAL_Driver/Src/stm32f1xx_hal_can.c ****         ((0x0000FFFFU & (uint32_t)sFilterConfig->FilterMaskIdLow) << 16U) |
 584              		.loc 1 898 48
 585 0072 3B68     		ldr	r3, [r7]
ARM GAS  /var/folders/g3/s0qwt8r95936n9ghz4hhpdwm0000gn/T//ccJNxob3.s 			page 27


 586 0074 DB68     		ldr	r3, [r3, #12]
 587              		.loc 1 898 67
 588 0076 1904     		lsls	r1, r3, #16
 899:Drivers/STM32F1xx_HAL_Driver/Src/stm32f1xx_hal_can.c ****         (0x0000FFFFU & (uint32_t)sFilterConfig->FilterIdLow);
 589              		.loc 1 899 47
 590 0078 3B68     		ldr	r3, [r7]
 591 007a 5B68     		ldr	r3, [r3, #4]
 592              		.loc 1 899 22
 593 007c 9BB2     		uxth	r3, r3
 897:Drivers/STM32F1xx_HAL_Driver/Src/stm32f1xx_hal_can.c ****         ((0x0000FFFFU & (uint32_t)sFilterConfig->FilterMaskIdLow) << 16U) |
 594              		.loc 1 897 44
 595 007e 3A68     		ldr	r2, [r7]
 596 0080 5269     		ldr	r2, [r2, #20]
 898:Drivers/STM32F1xx_HAL_Driver/Src/stm32f1xx_hal_can.c ****         (0x0000FFFFU & (uint32_t)sFilterConfig->FilterIdLow);
 597              		.loc 1 898 75
 598 0082 1943     		orrs	r1, r1, r3
 897:Drivers/STM32F1xx_HAL_Driver/Src/stm32f1xx_hal_can.c ****         ((0x0000FFFFU & (uint32_t)sFilterConfig->FilterMaskIdLow) << 16U) |
 599              		.loc 1 897 62
 600 0084 7B69     		ldr	r3, [r7, #20]
 601 0086 4832     		adds	r2, r2, #72
 602 0088 43F83210 		str	r1, [r3, r2, lsl #3]
 900:Drivers/STM32F1xx_HAL_Driver/Src/stm32f1xx_hal_can.c **** 
 901:Drivers/STM32F1xx_HAL_Driver/Src/stm32f1xx_hal_can.c ****       /* Second 16-bit identifier and Second 16-bit mask */
 902:Drivers/STM32F1xx_HAL_Driver/Src/stm32f1xx_hal_can.c ****       /* Or Third 16-bit identifier and Fourth 16-bit identifier */
 903:Drivers/STM32F1xx_HAL_Driver/Src/stm32f1xx_hal_can.c ****       can_ip->sFilterRegister[sFilterConfig->FilterBank].FR2 =
 904:Drivers/STM32F1xx_HAL_Driver/Src/stm32f1xx_hal_can.c ****         ((0x0000FFFFU & (uint32_t)sFilterConfig->FilterMaskIdHigh) << 16U) |
 603              		.loc 1 904 48
 604 008c 3B68     		ldr	r3, [r7]
 605 008e 9B68     		ldr	r3, [r3, #8]
 606              		.loc 1 904 68
 607 0090 1904     		lsls	r1, r3, #16
 905:Drivers/STM32F1xx_HAL_Driver/Src/stm32f1xx_hal_can.c ****         (0x0000FFFFU & (uint32_t)sFilterConfig->FilterIdHigh);
 608              		.loc 1 905 47
 609 0092 3B68     		ldr	r3, [r7]
 610 0094 1B68     		ldr	r3, [r3]
 611              		.loc 1 905 22
 612 0096 9AB2     		uxth	r2, r3
 903:Drivers/STM32F1xx_HAL_Driver/Src/stm32f1xx_hal_can.c ****         ((0x0000FFFFU & (uint32_t)sFilterConfig->FilterMaskIdHigh) << 16U) |
 613              		.loc 1 903 44
 614 0098 3B68     		ldr	r3, [r7]
 615 009a 5B69     		ldr	r3, [r3, #20]
 904:Drivers/STM32F1xx_HAL_Driver/Src/stm32f1xx_hal_can.c ****         (0x0000FFFFU & (uint32_t)sFilterConfig->FilterIdHigh);
 616              		.loc 1 904 76
 617 009c 0A43     		orrs	r2, r2, r1
 903:Drivers/STM32F1xx_HAL_Driver/Src/stm32f1xx_hal_can.c ****         ((0x0000FFFFU & (uint32_t)sFilterConfig->FilterMaskIdHigh) << 16U) |
 618              		.loc 1 903 62
 619 009e 7969     		ldr	r1, [r7, #20]
 620 00a0 4833     		adds	r3, r3, #72
 621 00a2 DB00     		lsls	r3, r3, #3
 622 00a4 0B44     		add	r3, r3, r1
 623 00a6 5A60     		str	r2, [r3, #4]
 624              	.L29:
 906:Drivers/STM32F1xx_HAL_Driver/Src/stm32f1xx_hal_can.c ****     }
 907:Drivers/STM32F1xx_HAL_Driver/Src/stm32f1xx_hal_can.c **** 
 908:Drivers/STM32F1xx_HAL_Driver/Src/stm32f1xx_hal_can.c ****     if (sFilterConfig->FilterScale == CAN_FILTERSCALE_32BIT)
 625              		.loc 1 908 22
 626 00a8 3B68     		ldr	r3, [r7]
ARM GAS  /var/folders/g3/s0qwt8r95936n9ghz4hhpdwm0000gn/T//ccJNxob3.s 			page 28


 627 00aa DB69     		ldr	r3, [r3, #28]
 628              		.loc 1 908 8
 629 00ac 012B     		cmp	r3, #1
 630 00ae 22D1     		bne	.L30
 909:Drivers/STM32F1xx_HAL_Driver/Src/stm32f1xx_hal_can.c ****     {
 910:Drivers/STM32F1xx_HAL_Driver/Src/stm32f1xx_hal_can.c ****       /* 32-bit scale for the filter */
 911:Drivers/STM32F1xx_HAL_Driver/Src/stm32f1xx_hal_can.c ****       SET_BIT(can_ip->FS1R, filternbrbitpos);
 631              		.loc 1 911 7
 632 00b0 7B69     		ldr	r3, [r7, #20]
 633 00b2 D3F80C22 		ldr	r2, [r3, #524]
 634 00b6 FB68     		ldr	r3, [r7, #12]
 635 00b8 1A43     		orrs	r2, r2, r3
 636 00ba 7B69     		ldr	r3, [r7, #20]
 637 00bc C3F80C22 		str	r2, [r3, #524]
 912:Drivers/STM32F1xx_HAL_Driver/Src/stm32f1xx_hal_can.c **** 
 913:Drivers/STM32F1xx_HAL_Driver/Src/stm32f1xx_hal_can.c ****       /* 32-bit identifier or First 32-bit identifier */
 914:Drivers/STM32F1xx_HAL_Driver/Src/stm32f1xx_hal_can.c ****       can_ip->sFilterRegister[sFilterConfig->FilterBank].FR1 =
 915:Drivers/STM32F1xx_HAL_Driver/Src/stm32f1xx_hal_can.c ****         ((0x0000FFFFU & (uint32_t)sFilterConfig->FilterIdHigh) << 16U) |
 638              		.loc 1 915 48
 639 00c0 3B68     		ldr	r3, [r7]
 640 00c2 1B68     		ldr	r3, [r3]
 641              		.loc 1 915 64
 642 00c4 1904     		lsls	r1, r3, #16
 916:Drivers/STM32F1xx_HAL_Driver/Src/stm32f1xx_hal_can.c ****         (0x0000FFFFU & (uint32_t)sFilterConfig->FilterIdLow);
 643              		.loc 1 916 47
 644 00c6 3B68     		ldr	r3, [r7]
 645 00c8 5B68     		ldr	r3, [r3, #4]
 646              		.loc 1 916 22
 647 00ca 9BB2     		uxth	r3, r3
 914:Drivers/STM32F1xx_HAL_Driver/Src/stm32f1xx_hal_can.c ****         ((0x0000FFFFU & (uint32_t)sFilterConfig->FilterIdHigh) << 16U) |
 648              		.loc 1 914 44
 649 00cc 3A68     		ldr	r2, [r7]
 650 00ce 5269     		ldr	r2, [r2, #20]
 915:Drivers/STM32F1xx_HAL_Driver/Src/stm32f1xx_hal_can.c ****         (0x0000FFFFU & (uint32_t)sFilterConfig->FilterIdLow);
 651              		.loc 1 915 72
 652 00d0 1943     		orrs	r1, r1, r3
 914:Drivers/STM32F1xx_HAL_Driver/Src/stm32f1xx_hal_can.c ****         ((0x0000FFFFU & (uint32_t)sFilterConfig->FilterIdHigh) << 16U) |
 653              		.loc 1 914 62
 654 00d2 7B69     		ldr	r3, [r7, #20]
 655 00d4 4832     		adds	r2, r2, #72
 656 00d6 43F83210 		str	r1, [r3, r2, lsl #3]
 917:Drivers/STM32F1xx_HAL_Driver/Src/stm32f1xx_hal_can.c **** 
 918:Drivers/STM32F1xx_HAL_Driver/Src/stm32f1xx_hal_can.c ****       /* 32-bit mask or Second 32-bit identifier */
 919:Drivers/STM32F1xx_HAL_Driver/Src/stm32f1xx_hal_can.c ****       can_ip->sFilterRegister[sFilterConfig->FilterBank].FR2 =
 920:Drivers/STM32F1xx_HAL_Driver/Src/stm32f1xx_hal_can.c ****         ((0x0000FFFFU & (uint32_t)sFilterConfig->FilterMaskIdHigh) << 16U) |
 657              		.loc 1 920 48
 658 00da 3B68     		ldr	r3, [r7]
 659 00dc 9B68     		ldr	r3, [r3, #8]
 660              		.loc 1 920 68
 661 00de 1904     		lsls	r1, r3, #16
 921:Drivers/STM32F1xx_HAL_Driver/Src/stm32f1xx_hal_can.c ****         (0x0000FFFFU & (uint32_t)sFilterConfig->FilterMaskIdLow);
 662              		.loc 1 921 47
 663 00e0 3B68     		ldr	r3, [r7]
 664 00e2 DB68     		ldr	r3, [r3, #12]
 665              		.loc 1 921 22
 666 00e4 9AB2     		uxth	r2, r3
 919:Drivers/STM32F1xx_HAL_Driver/Src/stm32f1xx_hal_can.c ****         ((0x0000FFFFU & (uint32_t)sFilterConfig->FilterMaskIdHigh) << 16U) |
ARM GAS  /var/folders/g3/s0qwt8r95936n9ghz4hhpdwm0000gn/T//ccJNxob3.s 			page 29


 667              		.loc 1 919 44
 668 00e6 3B68     		ldr	r3, [r7]
 669 00e8 5B69     		ldr	r3, [r3, #20]
 920:Drivers/STM32F1xx_HAL_Driver/Src/stm32f1xx_hal_can.c ****         (0x0000FFFFU & (uint32_t)sFilterConfig->FilterMaskIdLow);
 670              		.loc 1 920 76
 671 00ea 0A43     		orrs	r2, r2, r1
 919:Drivers/STM32F1xx_HAL_Driver/Src/stm32f1xx_hal_can.c ****         ((0x0000FFFFU & (uint32_t)sFilterConfig->FilterMaskIdHigh) << 16U) |
 672              		.loc 1 919 62
 673 00ec 7969     		ldr	r1, [r7, #20]
 674 00ee 4833     		adds	r3, r3, #72
 675 00f0 DB00     		lsls	r3, r3, #3
 676 00f2 0B44     		add	r3, r3, r1
 677 00f4 5A60     		str	r2, [r3, #4]
 678              	.L30:
 922:Drivers/STM32F1xx_HAL_Driver/Src/stm32f1xx_hal_can.c ****     }
 923:Drivers/STM32F1xx_HAL_Driver/Src/stm32f1xx_hal_can.c **** 
 924:Drivers/STM32F1xx_HAL_Driver/Src/stm32f1xx_hal_can.c ****     /* Filter Mode */
 925:Drivers/STM32F1xx_HAL_Driver/Src/stm32f1xx_hal_can.c ****     if (sFilterConfig->FilterMode == CAN_FILTERMODE_IDMASK)
 679              		.loc 1 925 22
 680 00f6 3B68     		ldr	r3, [r7]
 681 00f8 9B69     		ldr	r3, [r3, #24]
 682              		.loc 1 925 8
 683 00fa 002B     		cmp	r3, #0
 684 00fc 09D1     		bne	.L31
 926:Drivers/STM32F1xx_HAL_Driver/Src/stm32f1xx_hal_can.c ****     {
 927:Drivers/STM32F1xx_HAL_Driver/Src/stm32f1xx_hal_can.c ****       /* Id/Mask mode for the filter*/
 928:Drivers/STM32F1xx_HAL_Driver/Src/stm32f1xx_hal_can.c ****       CLEAR_BIT(can_ip->FM1R, filternbrbitpos);
 685              		.loc 1 928 7
 686 00fe 7B69     		ldr	r3, [r7, #20]
 687 0100 D3F80422 		ldr	r2, [r3, #516]
 688 0104 FB68     		ldr	r3, [r7, #12]
 689 0106 DB43     		mvns	r3, r3
 690 0108 1A40     		ands	r2, r2, r3
 691 010a 7B69     		ldr	r3, [r7, #20]
 692 010c C3F80422 		str	r2, [r3, #516]
 693 0110 07E0     		b	.L32
 694              	.L31:
 929:Drivers/STM32F1xx_HAL_Driver/Src/stm32f1xx_hal_can.c ****     }
 930:Drivers/STM32F1xx_HAL_Driver/Src/stm32f1xx_hal_can.c ****     else /* CAN_FilterInitStruct->CAN_FilterMode == CAN_FilterMode_IdList */
 931:Drivers/STM32F1xx_HAL_Driver/Src/stm32f1xx_hal_can.c ****     {
 932:Drivers/STM32F1xx_HAL_Driver/Src/stm32f1xx_hal_can.c ****       /* Identifier list mode for the filter*/
 933:Drivers/STM32F1xx_HAL_Driver/Src/stm32f1xx_hal_can.c ****       SET_BIT(can_ip->FM1R, filternbrbitpos);
 695              		.loc 1 933 7
 696 0112 7B69     		ldr	r3, [r7, #20]
 697 0114 D3F80422 		ldr	r2, [r3, #516]
 698 0118 FB68     		ldr	r3, [r7, #12]
 699 011a 1A43     		orrs	r2, r2, r3
 700 011c 7B69     		ldr	r3, [r7, #20]
 701 011e C3F80422 		str	r2, [r3, #516]
 702              	.L32:
 934:Drivers/STM32F1xx_HAL_Driver/Src/stm32f1xx_hal_can.c ****     }
 935:Drivers/STM32F1xx_HAL_Driver/Src/stm32f1xx_hal_can.c **** 
 936:Drivers/STM32F1xx_HAL_Driver/Src/stm32f1xx_hal_can.c ****     /* Filter FIFO assignment */
 937:Drivers/STM32F1xx_HAL_Driver/Src/stm32f1xx_hal_can.c ****     if (sFilterConfig->FilterFIFOAssignment == CAN_FILTER_FIFO0)
 703              		.loc 1 937 22
 704 0122 3B68     		ldr	r3, [r7]
 705 0124 1B69     		ldr	r3, [r3, #16]
ARM GAS  /var/folders/g3/s0qwt8r95936n9ghz4hhpdwm0000gn/T//ccJNxob3.s 			page 30


 706              		.loc 1 937 8
 707 0126 002B     		cmp	r3, #0
 708 0128 09D1     		bne	.L33
 938:Drivers/STM32F1xx_HAL_Driver/Src/stm32f1xx_hal_can.c ****     {
 939:Drivers/STM32F1xx_HAL_Driver/Src/stm32f1xx_hal_can.c ****       /* FIFO 0 assignation for the filter */
 940:Drivers/STM32F1xx_HAL_Driver/Src/stm32f1xx_hal_can.c ****       CLEAR_BIT(can_ip->FFA1R, filternbrbitpos);
 709              		.loc 1 940 7
 710 012a 7B69     		ldr	r3, [r7, #20]
 711 012c D3F81422 		ldr	r2, [r3, #532]
 712 0130 FB68     		ldr	r3, [r7, #12]
 713 0132 DB43     		mvns	r3, r3
 714 0134 1A40     		ands	r2, r2, r3
 715 0136 7B69     		ldr	r3, [r7, #20]
 716 0138 C3F81422 		str	r2, [r3, #532]
 717 013c 07E0     		b	.L34
 718              	.L33:
 941:Drivers/STM32F1xx_HAL_Driver/Src/stm32f1xx_hal_can.c ****     }
 942:Drivers/STM32F1xx_HAL_Driver/Src/stm32f1xx_hal_can.c ****     else
 943:Drivers/STM32F1xx_HAL_Driver/Src/stm32f1xx_hal_can.c ****     {
 944:Drivers/STM32F1xx_HAL_Driver/Src/stm32f1xx_hal_can.c ****       /* FIFO 1 assignation for the filter */
 945:Drivers/STM32F1xx_HAL_Driver/Src/stm32f1xx_hal_can.c ****       SET_BIT(can_ip->FFA1R, filternbrbitpos);
 719              		.loc 1 945 7
 720 013e 7B69     		ldr	r3, [r7, #20]
 721 0140 D3F81422 		ldr	r2, [r3, #532]
 722 0144 FB68     		ldr	r3, [r7, #12]
 723 0146 1A43     		orrs	r2, r2, r3
 724 0148 7B69     		ldr	r3, [r7, #20]
 725 014a C3F81422 		str	r2, [r3, #532]
 726              	.L34:
 946:Drivers/STM32F1xx_HAL_Driver/Src/stm32f1xx_hal_can.c ****     }
 947:Drivers/STM32F1xx_HAL_Driver/Src/stm32f1xx_hal_can.c **** 
 948:Drivers/STM32F1xx_HAL_Driver/Src/stm32f1xx_hal_can.c ****     /* Filter activation */
 949:Drivers/STM32F1xx_HAL_Driver/Src/stm32f1xx_hal_can.c ****     if (sFilterConfig->FilterActivation == CAN_FILTER_ENABLE)
 727              		.loc 1 949 22
 728 014e 3B68     		ldr	r3, [r7]
 729 0150 1B6A     		ldr	r3, [r3, #32]
 730              		.loc 1 949 8
 731 0152 012B     		cmp	r3, #1
 732 0154 07D1     		bne	.L35
 950:Drivers/STM32F1xx_HAL_Driver/Src/stm32f1xx_hal_can.c ****     {
 951:Drivers/STM32F1xx_HAL_Driver/Src/stm32f1xx_hal_can.c ****       SET_BIT(can_ip->FA1R, filternbrbitpos);
 733              		.loc 1 951 7
 734 0156 7B69     		ldr	r3, [r7, #20]
 735 0158 D3F81C22 		ldr	r2, [r3, #540]
 736 015c FB68     		ldr	r3, [r7, #12]
 737 015e 1A43     		orrs	r2, r2, r3
 738 0160 7B69     		ldr	r3, [r7, #20]
 739 0162 C3F81C22 		str	r2, [r3, #540]
 740              	.L35:
 952:Drivers/STM32F1xx_HAL_Driver/Src/stm32f1xx_hal_can.c ****     }
 953:Drivers/STM32F1xx_HAL_Driver/Src/stm32f1xx_hal_can.c **** 
 954:Drivers/STM32F1xx_HAL_Driver/Src/stm32f1xx_hal_can.c ****     /* Leave the initialisation mode for the filter */
 955:Drivers/STM32F1xx_HAL_Driver/Src/stm32f1xx_hal_can.c ****     CLEAR_BIT(can_ip->FMR, CAN_FMR_FINIT);
 741              		.loc 1 955 5
 742 0166 7B69     		ldr	r3, [r7, #20]
 743 0168 D3F80032 		ldr	r3, [r3, #512]
 744 016c 23F00102 		bic	r2, r3, #1
ARM GAS  /var/folders/g3/s0qwt8r95936n9ghz4hhpdwm0000gn/T//ccJNxob3.s 			page 31


 745 0170 7B69     		ldr	r3, [r7, #20]
 746 0172 C3F80022 		str	r2, [r3, #512]
 956:Drivers/STM32F1xx_HAL_Driver/Src/stm32f1xx_hal_can.c **** 
 957:Drivers/STM32F1xx_HAL_Driver/Src/stm32f1xx_hal_can.c ****     /* Return function status */
 958:Drivers/STM32F1xx_HAL_Driver/Src/stm32f1xx_hal_can.c ****     return HAL_OK;
 747              		.loc 1 958 12
 748 0176 0023     		movs	r3, #0
 749 0178 06E0     		b	.L36
 750              	.L28:
 959:Drivers/STM32F1xx_HAL_Driver/Src/stm32f1xx_hal_can.c ****   }
 960:Drivers/STM32F1xx_HAL_Driver/Src/stm32f1xx_hal_can.c ****   else
 961:Drivers/STM32F1xx_HAL_Driver/Src/stm32f1xx_hal_can.c ****   {
 962:Drivers/STM32F1xx_HAL_Driver/Src/stm32f1xx_hal_can.c ****     /* Update error code */
 963:Drivers/STM32F1xx_HAL_Driver/Src/stm32f1xx_hal_can.c ****     hcan->ErrorCode |= HAL_CAN_ERROR_NOT_INITIALIZED;
 751              		.loc 1 963 21
 752 017a 7B68     		ldr	r3, [r7, #4]
 753 017c 5B6A     		ldr	r3, [r3, #36]
 754 017e 43F48022 		orr	r2, r3, #262144
 755 0182 7B68     		ldr	r3, [r7, #4]
 756 0184 5A62     		str	r2, [r3, #36]
 964:Drivers/STM32F1xx_HAL_Driver/Src/stm32f1xx_hal_can.c **** 
 965:Drivers/STM32F1xx_HAL_Driver/Src/stm32f1xx_hal_can.c ****     return HAL_ERROR;
 757              		.loc 1 965 12
 758 0186 0123     		movs	r3, #1
 759              	.L36:
 966:Drivers/STM32F1xx_HAL_Driver/Src/stm32f1xx_hal_can.c ****   }
 967:Drivers/STM32F1xx_HAL_Driver/Src/stm32f1xx_hal_can.c **** }
 760              		.loc 1 967 1
 761 0188 1846     		mov	r0, r3
 762 018a 1C37     		adds	r7, r7, #28
 763              	.LCFI25:
 764              		.cfi_def_cfa_offset 4
 765 018c BD46     		mov	sp, r7
 766              	.LCFI26:
 767              		.cfi_def_cfa_register 13
 768              		@ sp needed
 769 018e 80BC     		pop	{r7}
 770              	.LCFI27:
 771              		.cfi_restore 7
 772              		.cfi_def_cfa_offset 0
 773 0190 7047     		bx	lr
 774              		.cfi_endproc
 775              	.LFE69:
 777              		.section	.text.HAL_CAN_Start,"ax",%progbits
 778              		.align	1
 779              		.global	HAL_CAN_Start
 780              		.syntax unified
 781              		.thumb
 782              		.thumb_func
 784              	HAL_CAN_Start:
 785              	.LFB70:
 968:Drivers/STM32F1xx_HAL_Driver/Src/stm32f1xx_hal_can.c **** 
 969:Drivers/STM32F1xx_HAL_Driver/Src/stm32f1xx_hal_can.c **** /**
 970:Drivers/STM32F1xx_HAL_Driver/Src/stm32f1xx_hal_can.c ****   * @}
 971:Drivers/STM32F1xx_HAL_Driver/Src/stm32f1xx_hal_can.c ****   */
 972:Drivers/STM32F1xx_HAL_Driver/Src/stm32f1xx_hal_can.c **** 
 973:Drivers/STM32F1xx_HAL_Driver/Src/stm32f1xx_hal_can.c **** /** @defgroup CAN_Exported_Functions_Group3 Control functions
ARM GAS  /var/folders/g3/s0qwt8r95936n9ghz4hhpdwm0000gn/T//ccJNxob3.s 			page 32


 974:Drivers/STM32F1xx_HAL_Driver/Src/stm32f1xx_hal_can.c ****   * @brief    Control functions
 975:Drivers/STM32F1xx_HAL_Driver/Src/stm32f1xx_hal_can.c ****   *
 976:Drivers/STM32F1xx_HAL_Driver/Src/stm32f1xx_hal_can.c **** @verbatim
 977:Drivers/STM32F1xx_HAL_Driver/Src/stm32f1xx_hal_can.c ****   ==============================================================================
 978:Drivers/STM32F1xx_HAL_Driver/Src/stm32f1xx_hal_can.c ****                       ##### Control functions #####
 979:Drivers/STM32F1xx_HAL_Driver/Src/stm32f1xx_hal_can.c ****   ==============================================================================
 980:Drivers/STM32F1xx_HAL_Driver/Src/stm32f1xx_hal_can.c ****     [..]  This section provides functions allowing to:
 981:Drivers/STM32F1xx_HAL_Driver/Src/stm32f1xx_hal_can.c ****       (+) HAL_CAN_Start                    : Start the CAN module
 982:Drivers/STM32F1xx_HAL_Driver/Src/stm32f1xx_hal_can.c ****       (+) HAL_CAN_Stop                     : Stop the CAN module
 983:Drivers/STM32F1xx_HAL_Driver/Src/stm32f1xx_hal_can.c ****       (+) HAL_CAN_RequestSleep             : Request sleep mode entry.
 984:Drivers/STM32F1xx_HAL_Driver/Src/stm32f1xx_hal_can.c ****       (+) HAL_CAN_WakeUp                   : Wake up from sleep mode.
 985:Drivers/STM32F1xx_HAL_Driver/Src/stm32f1xx_hal_can.c ****       (+) HAL_CAN_IsSleepActive            : Check is sleep mode is active.
 986:Drivers/STM32F1xx_HAL_Driver/Src/stm32f1xx_hal_can.c ****       (+) HAL_CAN_AddTxMessage             : Add a message to the Tx mailboxes
 987:Drivers/STM32F1xx_HAL_Driver/Src/stm32f1xx_hal_can.c ****                                              and activate the corresponding
 988:Drivers/STM32F1xx_HAL_Driver/Src/stm32f1xx_hal_can.c ****                                              transmission request
 989:Drivers/STM32F1xx_HAL_Driver/Src/stm32f1xx_hal_can.c ****       (+) HAL_CAN_AbortTxRequest           : Abort transmission request
 990:Drivers/STM32F1xx_HAL_Driver/Src/stm32f1xx_hal_can.c ****       (+) HAL_CAN_GetTxMailboxesFreeLevel  : Return Tx mailboxes free level
 991:Drivers/STM32F1xx_HAL_Driver/Src/stm32f1xx_hal_can.c ****       (+) HAL_CAN_IsTxMessagePending       : Check if a transmission request is
 992:Drivers/STM32F1xx_HAL_Driver/Src/stm32f1xx_hal_can.c ****                                              pending on the selected Tx mailbox
 993:Drivers/STM32F1xx_HAL_Driver/Src/stm32f1xx_hal_can.c ****       (+) HAL_CAN_GetRxMessage             : Get a CAN frame from the Rx FIFO
 994:Drivers/STM32F1xx_HAL_Driver/Src/stm32f1xx_hal_can.c ****       (+) HAL_CAN_GetRxFifoFillLevel       : Return Rx FIFO fill level
 995:Drivers/STM32F1xx_HAL_Driver/Src/stm32f1xx_hal_can.c **** 
 996:Drivers/STM32F1xx_HAL_Driver/Src/stm32f1xx_hal_can.c **** @endverbatim
 997:Drivers/STM32F1xx_HAL_Driver/Src/stm32f1xx_hal_can.c ****   * @{
 998:Drivers/STM32F1xx_HAL_Driver/Src/stm32f1xx_hal_can.c ****   */
 999:Drivers/STM32F1xx_HAL_Driver/Src/stm32f1xx_hal_can.c **** 
1000:Drivers/STM32F1xx_HAL_Driver/Src/stm32f1xx_hal_can.c **** /**
1001:Drivers/STM32F1xx_HAL_Driver/Src/stm32f1xx_hal_can.c ****   * @brief  Start the CAN module.
1002:Drivers/STM32F1xx_HAL_Driver/Src/stm32f1xx_hal_can.c ****   * @param  hcan pointer to an CAN_HandleTypeDef structure that contains
1003:Drivers/STM32F1xx_HAL_Driver/Src/stm32f1xx_hal_can.c ****   *         the configuration information for the specified CAN.
1004:Drivers/STM32F1xx_HAL_Driver/Src/stm32f1xx_hal_can.c ****   * @retval HAL status
1005:Drivers/STM32F1xx_HAL_Driver/Src/stm32f1xx_hal_can.c ****   */
1006:Drivers/STM32F1xx_HAL_Driver/Src/stm32f1xx_hal_can.c **** HAL_StatusTypeDef HAL_CAN_Start(CAN_HandleTypeDef *hcan)
1007:Drivers/STM32F1xx_HAL_Driver/Src/stm32f1xx_hal_can.c **** {
 786              		.loc 1 1007 1
 787              		.cfi_startproc
 788              		@ args = 0, pretend = 0, frame = 16
 789              		@ frame_needed = 1, uses_anonymous_args = 0
 790 0000 80B5     		push	{r7, lr}
 791              	.LCFI28:
 792              		.cfi_def_cfa_offset 8
 793              		.cfi_offset 7, -8
 794              		.cfi_offset 14, -4
 795 0002 84B0     		sub	sp, sp, #16
 796              	.LCFI29:
 797              		.cfi_def_cfa_offset 24
 798 0004 00AF     		add	r7, sp, #0
 799              	.LCFI30:
 800              		.cfi_def_cfa_register 7
 801 0006 7860     		str	r0, [r7, #4]
1008:Drivers/STM32F1xx_HAL_Driver/Src/stm32f1xx_hal_can.c ****   uint32_t tickstart;
1009:Drivers/STM32F1xx_HAL_Driver/Src/stm32f1xx_hal_can.c **** 
1010:Drivers/STM32F1xx_HAL_Driver/Src/stm32f1xx_hal_can.c ****   if (hcan->State == HAL_CAN_STATE_READY)
 802              		.loc 1 1010 11
 803 0008 7B68     		ldr	r3, [r7, #4]
 804 000a 93F82030 		ldrb	r3, [r3, #32]
 805 000e DBB2     		uxtb	r3, r3
ARM GAS  /var/folders/g3/s0qwt8r95936n9ghz4hhpdwm0000gn/T//ccJNxob3.s 			page 33


 806              		.loc 1 1010 6
 807 0010 012B     		cmp	r3, #1
 808 0012 2ED1     		bne	.L38
1011:Drivers/STM32F1xx_HAL_Driver/Src/stm32f1xx_hal_can.c ****   {
1012:Drivers/STM32F1xx_HAL_Driver/Src/stm32f1xx_hal_can.c ****     /* Change CAN peripheral state */
1013:Drivers/STM32F1xx_HAL_Driver/Src/stm32f1xx_hal_can.c ****     hcan->State = HAL_CAN_STATE_LISTENING;
 809              		.loc 1 1013 17
 810 0014 7B68     		ldr	r3, [r7, #4]
 811 0016 0222     		movs	r2, #2
 812 0018 83F82020 		strb	r2, [r3, #32]
1014:Drivers/STM32F1xx_HAL_Driver/Src/stm32f1xx_hal_can.c **** 
1015:Drivers/STM32F1xx_HAL_Driver/Src/stm32f1xx_hal_can.c ****     /* Request leave initialisation */
1016:Drivers/STM32F1xx_HAL_Driver/Src/stm32f1xx_hal_can.c ****     CLEAR_BIT(hcan->Instance->MCR, CAN_MCR_INRQ);
 813              		.loc 1 1016 5
 814 001c 7B68     		ldr	r3, [r7, #4]
 815 001e 1B68     		ldr	r3, [r3]
 816 0020 1A68     		ldr	r2, [r3]
 817 0022 7B68     		ldr	r3, [r7, #4]
 818 0024 1B68     		ldr	r3, [r3]
 819 0026 22F00102 		bic	r2, r2, #1
 820 002a 1A60     		str	r2, [r3]
1017:Drivers/STM32F1xx_HAL_Driver/Src/stm32f1xx_hal_can.c **** 
1018:Drivers/STM32F1xx_HAL_Driver/Src/stm32f1xx_hal_can.c ****     /* Get tick */
1019:Drivers/STM32F1xx_HAL_Driver/Src/stm32f1xx_hal_can.c ****     tickstart = HAL_GetTick();
 821              		.loc 1 1019 17
 822 002c FFF7FEFF 		bl	HAL_GetTick
 823 0030 F860     		str	r0, [r7, #12]
1020:Drivers/STM32F1xx_HAL_Driver/Src/stm32f1xx_hal_can.c **** 
1021:Drivers/STM32F1xx_HAL_Driver/Src/stm32f1xx_hal_can.c ****     /* Wait the acknowledge */
1022:Drivers/STM32F1xx_HAL_Driver/Src/stm32f1xx_hal_can.c ****     while ((hcan->Instance->MSR & CAN_MSR_INAK) != 0U)
 824              		.loc 1 1022 11
 825 0032 12E0     		b	.L39
 826              	.L41:
1023:Drivers/STM32F1xx_HAL_Driver/Src/stm32f1xx_hal_can.c ****     {
1024:Drivers/STM32F1xx_HAL_Driver/Src/stm32f1xx_hal_can.c ****       /* Check for the Timeout */
1025:Drivers/STM32F1xx_HAL_Driver/Src/stm32f1xx_hal_can.c ****       if ((HAL_GetTick() - tickstart) > CAN_TIMEOUT_VALUE)
 827              		.loc 1 1025 12
 828 0034 FFF7FEFF 		bl	HAL_GetTick
 829 0038 0246     		mov	r2, r0
 830              		.loc 1 1025 26
 831 003a FB68     		ldr	r3, [r7, #12]
 832 003c D31A     		subs	r3, r2, r3
 833              		.loc 1 1025 10
 834 003e 0A2B     		cmp	r3, #10
 835 0040 0BD9     		bls	.L39
1026:Drivers/STM32F1xx_HAL_Driver/Src/stm32f1xx_hal_can.c ****       {
1027:Drivers/STM32F1xx_HAL_Driver/Src/stm32f1xx_hal_can.c ****         /* Update error code */
1028:Drivers/STM32F1xx_HAL_Driver/Src/stm32f1xx_hal_can.c ****         hcan->ErrorCode |= HAL_CAN_ERROR_TIMEOUT;
 836              		.loc 1 1028 25
 837 0042 7B68     		ldr	r3, [r7, #4]
 838 0044 5B6A     		ldr	r3, [r3, #36]
 839 0046 43F40032 		orr	r2, r3, #131072
 840 004a 7B68     		ldr	r3, [r7, #4]
 841 004c 5A62     		str	r2, [r3, #36]
1029:Drivers/STM32F1xx_HAL_Driver/Src/stm32f1xx_hal_can.c **** 
1030:Drivers/STM32F1xx_HAL_Driver/Src/stm32f1xx_hal_can.c ****         /* Change CAN state */
1031:Drivers/STM32F1xx_HAL_Driver/Src/stm32f1xx_hal_can.c ****         hcan->State = HAL_CAN_STATE_ERROR;
ARM GAS  /var/folders/g3/s0qwt8r95936n9ghz4hhpdwm0000gn/T//ccJNxob3.s 			page 34


 842              		.loc 1 1031 21
 843 004e 7B68     		ldr	r3, [r7, #4]
 844 0050 0522     		movs	r2, #5
 845 0052 83F82020 		strb	r2, [r3, #32]
1032:Drivers/STM32F1xx_HAL_Driver/Src/stm32f1xx_hal_can.c **** 
1033:Drivers/STM32F1xx_HAL_Driver/Src/stm32f1xx_hal_can.c ****         return HAL_ERROR;
 846              		.loc 1 1033 16
 847 0056 0123     		movs	r3, #1
 848 0058 12E0     		b	.L40
 849              	.L39:
1022:Drivers/STM32F1xx_HAL_Driver/Src/stm32f1xx_hal_can.c ****     {
 850              		.loc 1 1022 17
 851 005a 7B68     		ldr	r3, [r7, #4]
 852 005c 1B68     		ldr	r3, [r3]
1022:Drivers/STM32F1xx_HAL_Driver/Src/stm32f1xx_hal_can.c ****     {
 853              		.loc 1 1022 27
 854 005e 5B68     		ldr	r3, [r3, #4]
1022:Drivers/STM32F1xx_HAL_Driver/Src/stm32f1xx_hal_can.c ****     {
 855              		.loc 1 1022 33
 856 0060 03F00103 		and	r3, r3, #1
1022:Drivers/STM32F1xx_HAL_Driver/Src/stm32f1xx_hal_can.c ****     {
 857              		.loc 1 1022 11
 858 0064 002B     		cmp	r3, #0
 859 0066 E5D1     		bne	.L41
1034:Drivers/STM32F1xx_HAL_Driver/Src/stm32f1xx_hal_can.c ****       }
1035:Drivers/STM32F1xx_HAL_Driver/Src/stm32f1xx_hal_can.c ****     }
1036:Drivers/STM32F1xx_HAL_Driver/Src/stm32f1xx_hal_can.c **** 
1037:Drivers/STM32F1xx_HAL_Driver/Src/stm32f1xx_hal_can.c ****     /* Reset the CAN ErrorCode */
1038:Drivers/STM32F1xx_HAL_Driver/Src/stm32f1xx_hal_can.c ****     hcan->ErrorCode = HAL_CAN_ERROR_NONE;
 860              		.loc 1 1038 21
 861 0068 7B68     		ldr	r3, [r7, #4]
 862 006a 0022     		movs	r2, #0
 863 006c 5A62     		str	r2, [r3, #36]
1039:Drivers/STM32F1xx_HAL_Driver/Src/stm32f1xx_hal_can.c **** 
1040:Drivers/STM32F1xx_HAL_Driver/Src/stm32f1xx_hal_can.c ****     /* Return function status */
1041:Drivers/STM32F1xx_HAL_Driver/Src/stm32f1xx_hal_can.c ****     return HAL_OK;
 864              		.loc 1 1041 12
 865 006e 0023     		movs	r3, #0
 866 0070 06E0     		b	.L40
 867              	.L38:
1042:Drivers/STM32F1xx_HAL_Driver/Src/stm32f1xx_hal_can.c ****   }
1043:Drivers/STM32F1xx_HAL_Driver/Src/stm32f1xx_hal_can.c ****   else
1044:Drivers/STM32F1xx_HAL_Driver/Src/stm32f1xx_hal_can.c ****   {
1045:Drivers/STM32F1xx_HAL_Driver/Src/stm32f1xx_hal_can.c ****     /* Update error code */
1046:Drivers/STM32F1xx_HAL_Driver/Src/stm32f1xx_hal_can.c ****     hcan->ErrorCode |= HAL_CAN_ERROR_NOT_READY;
 868              		.loc 1 1046 21
 869 0072 7B68     		ldr	r3, [r7, #4]
 870 0074 5B6A     		ldr	r3, [r3, #36]
 871 0076 43F40022 		orr	r2, r3, #524288
 872 007a 7B68     		ldr	r3, [r7, #4]
 873 007c 5A62     		str	r2, [r3, #36]
1047:Drivers/STM32F1xx_HAL_Driver/Src/stm32f1xx_hal_can.c **** 
1048:Drivers/STM32F1xx_HAL_Driver/Src/stm32f1xx_hal_can.c ****     return HAL_ERROR;
 874              		.loc 1 1048 12
 875 007e 0123     		movs	r3, #1
 876              	.L40:
1049:Drivers/STM32F1xx_HAL_Driver/Src/stm32f1xx_hal_can.c ****   }
ARM GAS  /var/folders/g3/s0qwt8r95936n9ghz4hhpdwm0000gn/T//ccJNxob3.s 			page 35


1050:Drivers/STM32F1xx_HAL_Driver/Src/stm32f1xx_hal_can.c **** }
 877              		.loc 1 1050 1
 878 0080 1846     		mov	r0, r3
 879 0082 1037     		adds	r7, r7, #16
 880              	.LCFI31:
 881              		.cfi_def_cfa_offset 8
 882 0084 BD46     		mov	sp, r7
 883              	.LCFI32:
 884              		.cfi_def_cfa_register 13
 885              		@ sp needed
 886 0086 80BD     		pop	{r7, pc}
 887              		.cfi_endproc
 888              	.LFE70:
 890              		.section	.text.HAL_CAN_Stop,"ax",%progbits
 891              		.align	1
 892              		.global	HAL_CAN_Stop
 893              		.syntax unified
 894              		.thumb
 895              		.thumb_func
 897              	HAL_CAN_Stop:
 898              	.LFB71:
1051:Drivers/STM32F1xx_HAL_Driver/Src/stm32f1xx_hal_can.c **** 
1052:Drivers/STM32F1xx_HAL_Driver/Src/stm32f1xx_hal_can.c **** /**
1053:Drivers/STM32F1xx_HAL_Driver/Src/stm32f1xx_hal_can.c ****   * @brief  Stop the CAN module and enable access to configuration registers.
1054:Drivers/STM32F1xx_HAL_Driver/Src/stm32f1xx_hal_can.c ****   * @param  hcan pointer to an CAN_HandleTypeDef structure that contains
1055:Drivers/STM32F1xx_HAL_Driver/Src/stm32f1xx_hal_can.c ****   *         the configuration information for the specified CAN.
1056:Drivers/STM32F1xx_HAL_Driver/Src/stm32f1xx_hal_can.c ****   * @retval HAL status
1057:Drivers/STM32F1xx_HAL_Driver/Src/stm32f1xx_hal_can.c ****   */
1058:Drivers/STM32F1xx_HAL_Driver/Src/stm32f1xx_hal_can.c **** HAL_StatusTypeDef HAL_CAN_Stop(CAN_HandleTypeDef *hcan)
1059:Drivers/STM32F1xx_HAL_Driver/Src/stm32f1xx_hal_can.c **** {
 899              		.loc 1 1059 1
 900              		.cfi_startproc
 901              		@ args = 0, pretend = 0, frame = 16
 902              		@ frame_needed = 1, uses_anonymous_args = 0
 903 0000 80B5     		push	{r7, lr}
 904              	.LCFI33:
 905              		.cfi_def_cfa_offset 8
 906              		.cfi_offset 7, -8
 907              		.cfi_offset 14, -4
 908 0002 84B0     		sub	sp, sp, #16
 909              	.LCFI34:
 910              		.cfi_def_cfa_offset 24
 911 0004 00AF     		add	r7, sp, #0
 912              	.LCFI35:
 913              		.cfi_def_cfa_register 7
 914 0006 7860     		str	r0, [r7, #4]
1060:Drivers/STM32F1xx_HAL_Driver/Src/stm32f1xx_hal_can.c ****   uint32_t tickstart;
1061:Drivers/STM32F1xx_HAL_Driver/Src/stm32f1xx_hal_can.c **** 
1062:Drivers/STM32F1xx_HAL_Driver/Src/stm32f1xx_hal_can.c ****   if (hcan->State == HAL_CAN_STATE_LISTENING)
 915              		.loc 1 1062 11
 916 0008 7B68     		ldr	r3, [r7, #4]
 917 000a 93F82030 		ldrb	r3, [r3, #32]
 918 000e DBB2     		uxtb	r3, r3
 919              		.loc 1 1062 6
 920 0010 022B     		cmp	r3, #2
 921 0012 33D1     		bne	.L43
1063:Drivers/STM32F1xx_HAL_Driver/Src/stm32f1xx_hal_can.c ****   {
ARM GAS  /var/folders/g3/s0qwt8r95936n9ghz4hhpdwm0000gn/T//ccJNxob3.s 			page 36


1064:Drivers/STM32F1xx_HAL_Driver/Src/stm32f1xx_hal_can.c ****     /* Request initialisation */
1065:Drivers/STM32F1xx_HAL_Driver/Src/stm32f1xx_hal_can.c ****     SET_BIT(hcan->Instance->MCR, CAN_MCR_INRQ);
 922              		.loc 1 1065 5
 923 0014 7B68     		ldr	r3, [r7, #4]
 924 0016 1B68     		ldr	r3, [r3]
 925 0018 1A68     		ldr	r2, [r3]
 926 001a 7B68     		ldr	r3, [r7, #4]
 927 001c 1B68     		ldr	r3, [r3]
 928 001e 42F00102 		orr	r2, r2, #1
 929 0022 1A60     		str	r2, [r3]
1066:Drivers/STM32F1xx_HAL_Driver/Src/stm32f1xx_hal_can.c **** 
1067:Drivers/STM32F1xx_HAL_Driver/Src/stm32f1xx_hal_can.c ****     /* Get tick */
1068:Drivers/STM32F1xx_HAL_Driver/Src/stm32f1xx_hal_can.c ****     tickstart = HAL_GetTick();
 930              		.loc 1 1068 17
 931 0024 FFF7FEFF 		bl	HAL_GetTick
 932 0028 F860     		str	r0, [r7, #12]
1069:Drivers/STM32F1xx_HAL_Driver/Src/stm32f1xx_hal_can.c **** 
1070:Drivers/STM32F1xx_HAL_Driver/Src/stm32f1xx_hal_can.c ****     /* Wait the acknowledge */
1071:Drivers/STM32F1xx_HAL_Driver/Src/stm32f1xx_hal_can.c ****     while ((hcan->Instance->MSR & CAN_MSR_INAK) == 0U)
 933              		.loc 1 1071 11
 934 002a 12E0     		b	.L44
 935              	.L46:
1072:Drivers/STM32F1xx_HAL_Driver/Src/stm32f1xx_hal_can.c ****     {
1073:Drivers/STM32F1xx_HAL_Driver/Src/stm32f1xx_hal_can.c ****       /* Check for the Timeout */
1074:Drivers/STM32F1xx_HAL_Driver/Src/stm32f1xx_hal_can.c ****       if ((HAL_GetTick() - tickstart) > CAN_TIMEOUT_VALUE)
 936              		.loc 1 1074 12
 937 002c FFF7FEFF 		bl	HAL_GetTick
 938 0030 0246     		mov	r2, r0
 939              		.loc 1 1074 26
 940 0032 FB68     		ldr	r3, [r7, #12]
 941 0034 D31A     		subs	r3, r2, r3
 942              		.loc 1 1074 10
 943 0036 0A2B     		cmp	r3, #10
 944 0038 0BD9     		bls	.L44
1075:Drivers/STM32F1xx_HAL_Driver/Src/stm32f1xx_hal_can.c ****       {
1076:Drivers/STM32F1xx_HAL_Driver/Src/stm32f1xx_hal_can.c ****         /* Update error code */
1077:Drivers/STM32F1xx_HAL_Driver/Src/stm32f1xx_hal_can.c ****         hcan->ErrorCode |= HAL_CAN_ERROR_TIMEOUT;
 945              		.loc 1 1077 25
 946 003a 7B68     		ldr	r3, [r7, #4]
 947 003c 5B6A     		ldr	r3, [r3, #36]
 948 003e 43F40032 		orr	r2, r3, #131072
 949 0042 7B68     		ldr	r3, [r7, #4]
 950 0044 5A62     		str	r2, [r3, #36]
1078:Drivers/STM32F1xx_HAL_Driver/Src/stm32f1xx_hal_can.c **** 
1079:Drivers/STM32F1xx_HAL_Driver/Src/stm32f1xx_hal_can.c ****         /* Change CAN state */
1080:Drivers/STM32F1xx_HAL_Driver/Src/stm32f1xx_hal_can.c ****         hcan->State = HAL_CAN_STATE_ERROR;
 951              		.loc 1 1080 21
 952 0046 7B68     		ldr	r3, [r7, #4]
 953 0048 0522     		movs	r2, #5
 954 004a 83F82020 		strb	r2, [r3, #32]
1081:Drivers/STM32F1xx_HAL_Driver/Src/stm32f1xx_hal_can.c **** 
1082:Drivers/STM32F1xx_HAL_Driver/Src/stm32f1xx_hal_can.c ****         return HAL_ERROR;
 955              		.loc 1 1082 16
 956 004e 0123     		movs	r3, #1
 957 0050 1BE0     		b	.L45
 958              	.L44:
1071:Drivers/STM32F1xx_HAL_Driver/Src/stm32f1xx_hal_can.c ****     {
ARM GAS  /var/folders/g3/s0qwt8r95936n9ghz4hhpdwm0000gn/T//ccJNxob3.s 			page 37


 959              		.loc 1 1071 17
 960 0052 7B68     		ldr	r3, [r7, #4]
 961 0054 1B68     		ldr	r3, [r3]
1071:Drivers/STM32F1xx_HAL_Driver/Src/stm32f1xx_hal_can.c ****     {
 962              		.loc 1 1071 27
 963 0056 5B68     		ldr	r3, [r3, #4]
1071:Drivers/STM32F1xx_HAL_Driver/Src/stm32f1xx_hal_can.c ****     {
 964              		.loc 1 1071 33
 965 0058 03F00103 		and	r3, r3, #1
1071:Drivers/STM32F1xx_HAL_Driver/Src/stm32f1xx_hal_can.c ****     {
 966              		.loc 1 1071 11
 967 005c 002B     		cmp	r3, #0
 968 005e E5D0     		beq	.L46
1083:Drivers/STM32F1xx_HAL_Driver/Src/stm32f1xx_hal_can.c ****       }
1084:Drivers/STM32F1xx_HAL_Driver/Src/stm32f1xx_hal_can.c ****     }
1085:Drivers/STM32F1xx_HAL_Driver/Src/stm32f1xx_hal_can.c **** 
1086:Drivers/STM32F1xx_HAL_Driver/Src/stm32f1xx_hal_can.c ****     /* Exit from sleep mode */
1087:Drivers/STM32F1xx_HAL_Driver/Src/stm32f1xx_hal_can.c ****     CLEAR_BIT(hcan->Instance->MCR, CAN_MCR_SLEEP);
 969              		.loc 1 1087 5
 970 0060 7B68     		ldr	r3, [r7, #4]
 971 0062 1B68     		ldr	r3, [r3]
 972 0064 1A68     		ldr	r2, [r3]
 973 0066 7B68     		ldr	r3, [r7, #4]
 974 0068 1B68     		ldr	r3, [r3]
 975 006a 22F00202 		bic	r2, r2, #2
 976 006e 1A60     		str	r2, [r3]
1088:Drivers/STM32F1xx_HAL_Driver/Src/stm32f1xx_hal_can.c **** 
1089:Drivers/STM32F1xx_HAL_Driver/Src/stm32f1xx_hal_can.c ****     /* Change CAN peripheral state */
1090:Drivers/STM32F1xx_HAL_Driver/Src/stm32f1xx_hal_can.c ****     hcan->State = HAL_CAN_STATE_READY;
 977              		.loc 1 1090 17
 978 0070 7B68     		ldr	r3, [r7, #4]
 979 0072 0122     		movs	r2, #1
 980 0074 83F82020 		strb	r2, [r3, #32]
1091:Drivers/STM32F1xx_HAL_Driver/Src/stm32f1xx_hal_can.c **** 
1092:Drivers/STM32F1xx_HAL_Driver/Src/stm32f1xx_hal_can.c ****     /* Return function status */
1093:Drivers/STM32F1xx_HAL_Driver/Src/stm32f1xx_hal_can.c ****     return HAL_OK;
 981              		.loc 1 1093 12
 982 0078 0023     		movs	r3, #0
 983 007a 06E0     		b	.L45
 984              	.L43:
1094:Drivers/STM32F1xx_HAL_Driver/Src/stm32f1xx_hal_can.c ****   }
1095:Drivers/STM32F1xx_HAL_Driver/Src/stm32f1xx_hal_can.c ****   else
1096:Drivers/STM32F1xx_HAL_Driver/Src/stm32f1xx_hal_can.c ****   {
1097:Drivers/STM32F1xx_HAL_Driver/Src/stm32f1xx_hal_can.c ****     /* Update error code */
1098:Drivers/STM32F1xx_HAL_Driver/Src/stm32f1xx_hal_can.c ****     hcan->ErrorCode |= HAL_CAN_ERROR_NOT_STARTED;
 985              		.loc 1 1098 21
 986 007c 7B68     		ldr	r3, [r7, #4]
 987 007e 5B6A     		ldr	r3, [r3, #36]
 988 0080 43F48012 		orr	r2, r3, #1048576
 989 0084 7B68     		ldr	r3, [r7, #4]
 990 0086 5A62     		str	r2, [r3, #36]
1099:Drivers/STM32F1xx_HAL_Driver/Src/stm32f1xx_hal_can.c **** 
1100:Drivers/STM32F1xx_HAL_Driver/Src/stm32f1xx_hal_can.c ****     return HAL_ERROR;
 991              		.loc 1 1100 12
 992 0088 0123     		movs	r3, #1
 993              	.L45:
1101:Drivers/STM32F1xx_HAL_Driver/Src/stm32f1xx_hal_can.c ****   }
ARM GAS  /var/folders/g3/s0qwt8r95936n9ghz4hhpdwm0000gn/T//ccJNxob3.s 			page 38


1102:Drivers/STM32F1xx_HAL_Driver/Src/stm32f1xx_hal_can.c **** }
 994              		.loc 1 1102 1
 995 008a 1846     		mov	r0, r3
 996 008c 1037     		adds	r7, r7, #16
 997              	.LCFI36:
 998              		.cfi_def_cfa_offset 8
 999 008e BD46     		mov	sp, r7
 1000              	.LCFI37:
 1001              		.cfi_def_cfa_register 13
 1002              		@ sp needed
 1003 0090 80BD     		pop	{r7, pc}
 1004              		.cfi_endproc
 1005              	.LFE71:
 1007              		.section	.text.HAL_CAN_RequestSleep,"ax",%progbits
 1008              		.align	1
 1009              		.global	HAL_CAN_RequestSleep
 1010              		.syntax unified
 1011              		.thumb
 1012              		.thumb_func
 1014              	HAL_CAN_RequestSleep:
 1015              	.LFB72:
1103:Drivers/STM32F1xx_HAL_Driver/Src/stm32f1xx_hal_can.c **** 
1104:Drivers/STM32F1xx_HAL_Driver/Src/stm32f1xx_hal_can.c **** /**
1105:Drivers/STM32F1xx_HAL_Driver/Src/stm32f1xx_hal_can.c ****   * @brief  Request the sleep mode (low power) entry.
1106:Drivers/STM32F1xx_HAL_Driver/Src/stm32f1xx_hal_can.c ****   *         When returning from this function, Sleep mode will be entered
1107:Drivers/STM32F1xx_HAL_Driver/Src/stm32f1xx_hal_can.c ****   *         as soon as the current CAN activity (transmission or reception
1108:Drivers/STM32F1xx_HAL_Driver/Src/stm32f1xx_hal_can.c ****   *         of a CAN frame) has been completed.
1109:Drivers/STM32F1xx_HAL_Driver/Src/stm32f1xx_hal_can.c ****   * @param  hcan pointer to a CAN_HandleTypeDef structure that contains
1110:Drivers/STM32F1xx_HAL_Driver/Src/stm32f1xx_hal_can.c ****   *         the configuration information for the specified CAN.
1111:Drivers/STM32F1xx_HAL_Driver/Src/stm32f1xx_hal_can.c ****   * @retval HAL status.
1112:Drivers/STM32F1xx_HAL_Driver/Src/stm32f1xx_hal_can.c ****   */
1113:Drivers/STM32F1xx_HAL_Driver/Src/stm32f1xx_hal_can.c **** HAL_StatusTypeDef HAL_CAN_RequestSleep(CAN_HandleTypeDef *hcan)
1114:Drivers/STM32F1xx_HAL_Driver/Src/stm32f1xx_hal_can.c **** {
 1016              		.loc 1 1114 1
 1017              		.cfi_startproc
 1018              		@ args = 0, pretend = 0, frame = 16
 1019              		@ frame_needed = 1, uses_anonymous_args = 0
 1020              		@ link register save eliminated.
 1021 0000 80B4     		push	{r7}
 1022              	.LCFI38:
 1023              		.cfi_def_cfa_offset 4
 1024              		.cfi_offset 7, -4
 1025 0002 85B0     		sub	sp, sp, #20
 1026              	.LCFI39:
 1027              		.cfi_def_cfa_offset 24
 1028 0004 00AF     		add	r7, sp, #0
 1029              	.LCFI40:
 1030              		.cfi_def_cfa_register 7
 1031 0006 7860     		str	r0, [r7, #4]
1115:Drivers/STM32F1xx_HAL_Driver/Src/stm32f1xx_hal_can.c ****   HAL_CAN_StateTypeDef state = hcan->State;
 1032              		.loc 1 1115 24
 1033 0008 7B68     		ldr	r3, [r7, #4]
 1034 000a 93F82030 		ldrb	r3, [r3, #32]
 1035 000e FB73     		strb	r3, [r7, #15]
1116:Drivers/STM32F1xx_HAL_Driver/Src/stm32f1xx_hal_can.c **** 
1117:Drivers/STM32F1xx_HAL_Driver/Src/stm32f1xx_hal_can.c ****   if ((state == HAL_CAN_STATE_READY) ||
 1036              		.loc 1 1117 6
ARM GAS  /var/folders/g3/s0qwt8r95936n9ghz4hhpdwm0000gn/T//ccJNxob3.s 			page 39


 1037 0010 FB7B     		ldrb	r3, [r7, #15]	@ zero_extendqisi2
 1038 0012 012B     		cmp	r3, #1
 1039 0014 02D0     		beq	.L48
 1040              		.loc 1 1117 38 discriminator 1
 1041 0016 FB7B     		ldrb	r3, [r7, #15]	@ zero_extendqisi2
 1042 0018 022B     		cmp	r3, #2
 1043 001a 09D1     		bne	.L49
 1044              	.L48:
1118:Drivers/STM32F1xx_HAL_Driver/Src/stm32f1xx_hal_can.c ****       (state == HAL_CAN_STATE_LISTENING))
1119:Drivers/STM32F1xx_HAL_Driver/Src/stm32f1xx_hal_can.c ****   {
1120:Drivers/STM32F1xx_HAL_Driver/Src/stm32f1xx_hal_can.c ****     /* Request Sleep mode */
1121:Drivers/STM32F1xx_HAL_Driver/Src/stm32f1xx_hal_can.c ****     SET_BIT(hcan->Instance->MCR, CAN_MCR_SLEEP);
 1045              		.loc 1 1121 5
 1046 001c 7B68     		ldr	r3, [r7, #4]
 1047 001e 1B68     		ldr	r3, [r3]
 1048 0020 1A68     		ldr	r2, [r3]
 1049 0022 7B68     		ldr	r3, [r7, #4]
 1050 0024 1B68     		ldr	r3, [r3]
 1051 0026 42F00202 		orr	r2, r2, #2
 1052 002a 1A60     		str	r2, [r3]
1122:Drivers/STM32F1xx_HAL_Driver/Src/stm32f1xx_hal_can.c **** 
1123:Drivers/STM32F1xx_HAL_Driver/Src/stm32f1xx_hal_can.c ****     /* Return function status */
1124:Drivers/STM32F1xx_HAL_Driver/Src/stm32f1xx_hal_can.c ****     return HAL_OK;
 1053              		.loc 1 1124 12
 1054 002c 0023     		movs	r3, #0
 1055 002e 06E0     		b	.L50
 1056              	.L49:
1125:Drivers/STM32F1xx_HAL_Driver/Src/stm32f1xx_hal_can.c ****   }
1126:Drivers/STM32F1xx_HAL_Driver/Src/stm32f1xx_hal_can.c ****   else
1127:Drivers/STM32F1xx_HAL_Driver/Src/stm32f1xx_hal_can.c ****   {
1128:Drivers/STM32F1xx_HAL_Driver/Src/stm32f1xx_hal_can.c ****     /* Update error code */
1129:Drivers/STM32F1xx_HAL_Driver/Src/stm32f1xx_hal_can.c ****     hcan->ErrorCode |= HAL_CAN_ERROR_NOT_INITIALIZED;
 1057              		.loc 1 1129 21
 1058 0030 7B68     		ldr	r3, [r7, #4]
 1059 0032 5B6A     		ldr	r3, [r3, #36]
 1060 0034 43F48022 		orr	r2, r3, #262144
 1061 0038 7B68     		ldr	r3, [r7, #4]
 1062 003a 5A62     		str	r2, [r3, #36]
1130:Drivers/STM32F1xx_HAL_Driver/Src/stm32f1xx_hal_can.c **** 
1131:Drivers/STM32F1xx_HAL_Driver/Src/stm32f1xx_hal_can.c ****     /* Return function status */
1132:Drivers/STM32F1xx_HAL_Driver/Src/stm32f1xx_hal_can.c ****     return HAL_ERROR;
 1063              		.loc 1 1132 12
 1064 003c 0123     		movs	r3, #1
 1065              	.L50:
1133:Drivers/STM32F1xx_HAL_Driver/Src/stm32f1xx_hal_can.c ****   }
1134:Drivers/STM32F1xx_HAL_Driver/Src/stm32f1xx_hal_can.c **** }
 1066              		.loc 1 1134 1
 1067 003e 1846     		mov	r0, r3
 1068 0040 1437     		adds	r7, r7, #20
 1069              	.LCFI41:
 1070              		.cfi_def_cfa_offset 4
 1071 0042 BD46     		mov	sp, r7
 1072              	.LCFI42:
 1073              		.cfi_def_cfa_register 13
 1074              		@ sp needed
 1075 0044 80BC     		pop	{r7}
 1076              	.LCFI43:
ARM GAS  /var/folders/g3/s0qwt8r95936n9ghz4hhpdwm0000gn/T//ccJNxob3.s 			page 40


 1077              		.cfi_restore 7
 1078              		.cfi_def_cfa_offset 0
 1079 0046 7047     		bx	lr
 1080              		.cfi_endproc
 1081              	.LFE72:
 1083              		.section	.text.HAL_CAN_WakeUp,"ax",%progbits
 1084              		.align	1
 1085              		.global	HAL_CAN_WakeUp
 1086              		.syntax unified
 1087              		.thumb
 1088              		.thumb_func
 1090              	HAL_CAN_WakeUp:
 1091              	.LFB73:
1135:Drivers/STM32F1xx_HAL_Driver/Src/stm32f1xx_hal_can.c **** 
1136:Drivers/STM32F1xx_HAL_Driver/Src/stm32f1xx_hal_can.c **** /**
1137:Drivers/STM32F1xx_HAL_Driver/Src/stm32f1xx_hal_can.c ****   * @brief  Wake up from sleep mode.
1138:Drivers/STM32F1xx_HAL_Driver/Src/stm32f1xx_hal_can.c ****   *         When returning with HAL_OK status from this function, Sleep mode
1139:Drivers/STM32F1xx_HAL_Driver/Src/stm32f1xx_hal_can.c ****   *         is exited.
1140:Drivers/STM32F1xx_HAL_Driver/Src/stm32f1xx_hal_can.c ****   * @param  hcan pointer to a CAN_HandleTypeDef structure that contains
1141:Drivers/STM32F1xx_HAL_Driver/Src/stm32f1xx_hal_can.c ****   *         the configuration information for the specified CAN.
1142:Drivers/STM32F1xx_HAL_Driver/Src/stm32f1xx_hal_can.c ****   * @retval HAL status.
1143:Drivers/STM32F1xx_HAL_Driver/Src/stm32f1xx_hal_can.c ****   */
1144:Drivers/STM32F1xx_HAL_Driver/Src/stm32f1xx_hal_can.c **** HAL_StatusTypeDef HAL_CAN_WakeUp(CAN_HandleTypeDef *hcan)
1145:Drivers/STM32F1xx_HAL_Driver/Src/stm32f1xx_hal_can.c **** {
 1092              		.loc 1 1145 1
 1093              		.cfi_startproc
 1094              		@ args = 0, pretend = 0, frame = 16
 1095              		@ frame_needed = 1, uses_anonymous_args = 0
 1096              		@ link register save eliminated.
 1097 0000 80B4     		push	{r7}
 1098              	.LCFI44:
 1099              		.cfi_def_cfa_offset 4
 1100              		.cfi_offset 7, -4
 1101 0002 85B0     		sub	sp, sp, #20
 1102              	.LCFI45:
 1103              		.cfi_def_cfa_offset 24
 1104 0004 00AF     		add	r7, sp, #0
 1105              	.LCFI46:
 1106              		.cfi_def_cfa_register 7
 1107 0006 7860     		str	r0, [r7, #4]
1146:Drivers/STM32F1xx_HAL_Driver/Src/stm32f1xx_hal_can.c ****   __IO uint32_t count = 0;
 1108              		.loc 1 1146 17
 1109 0008 0023     		movs	r3, #0
 1110 000a BB60     		str	r3, [r7, #8]
1147:Drivers/STM32F1xx_HAL_Driver/Src/stm32f1xx_hal_can.c ****   HAL_CAN_StateTypeDef state = hcan->State;
 1111              		.loc 1 1147 24
 1112 000c 7B68     		ldr	r3, [r7, #4]
 1113 000e 93F82030 		ldrb	r3, [r3, #32]
 1114 0012 FB73     		strb	r3, [r7, #15]
1148:Drivers/STM32F1xx_HAL_Driver/Src/stm32f1xx_hal_can.c **** 
1149:Drivers/STM32F1xx_HAL_Driver/Src/stm32f1xx_hal_can.c ****   if ((state == HAL_CAN_STATE_READY) ||
 1115              		.loc 1 1149 6
 1116 0014 FB7B     		ldrb	r3, [r7, #15]	@ zero_extendqisi2
 1117 0016 012B     		cmp	r3, #1
 1118 0018 02D0     		beq	.L52
 1119              		.loc 1 1149 38 discriminator 1
 1120 001a FB7B     		ldrb	r3, [r7, #15]	@ zero_extendqisi2
ARM GAS  /var/folders/g3/s0qwt8r95936n9ghz4hhpdwm0000gn/T//ccJNxob3.s 			page 41


 1121 001c 022B     		cmp	r3, #2
 1122 001e 1FD1     		bne	.L53
 1123              	.L52:
1150:Drivers/STM32F1xx_HAL_Driver/Src/stm32f1xx_hal_can.c ****       (state == HAL_CAN_STATE_LISTENING))
1151:Drivers/STM32F1xx_HAL_Driver/Src/stm32f1xx_hal_can.c ****   {
1152:Drivers/STM32F1xx_HAL_Driver/Src/stm32f1xx_hal_can.c ****     /* Wake up request */
1153:Drivers/STM32F1xx_HAL_Driver/Src/stm32f1xx_hal_can.c ****     CLEAR_BIT(hcan->Instance->MCR, CAN_MCR_SLEEP);
 1124              		.loc 1 1153 5
 1125 0020 7B68     		ldr	r3, [r7, #4]
 1126 0022 1B68     		ldr	r3, [r3]
 1127 0024 1A68     		ldr	r2, [r3]
 1128 0026 7B68     		ldr	r3, [r7, #4]
 1129 0028 1B68     		ldr	r3, [r3]
 1130 002a 22F00202 		bic	r2, r2, #2
 1131 002e 1A60     		str	r2, [r3]
 1132              	.L56:
1154:Drivers/STM32F1xx_HAL_Driver/Src/stm32f1xx_hal_can.c **** 
1155:Drivers/STM32F1xx_HAL_Driver/Src/stm32f1xx_hal_can.c ****     /* Wait sleep mode is exited */
1156:Drivers/STM32F1xx_HAL_Driver/Src/stm32f1xx_hal_can.c ****     do
1157:Drivers/STM32F1xx_HAL_Driver/Src/stm32f1xx_hal_can.c ****     {
1158:Drivers/STM32F1xx_HAL_Driver/Src/stm32f1xx_hal_can.c ****       /* Increment counter */
1159:Drivers/STM32F1xx_HAL_Driver/Src/stm32f1xx_hal_can.c ****       count++;
 1133              		.loc 1 1159 12
 1134 0030 BB68     		ldr	r3, [r7, #8]
 1135 0032 0133     		adds	r3, r3, #1
 1136 0034 BB60     		str	r3, [r7, #8]
1160:Drivers/STM32F1xx_HAL_Driver/Src/stm32f1xx_hal_can.c **** 
1161:Drivers/STM32F1xx_HAL_Driver/Src/stm32f1xx_hal_can.c ****       /* Check if timeout is reached */
1162:Drivers/STM32F1xx_HAL_Driver/Src/stm32f1xx_hal_can.c ****       if (count > CAN_WAKEUP_TIMEOUT_COUNTER)
 1137              		.loc 1 1162 17
 1138 0036 BB68     		ldr	r3, [r7, #8]
 1139              		.loc 1 1162 10
 1140 0038 0F4A     		ldr	r2, .L57
 1141 003a 9342     		cmp	r3, r2
 1142 003c 07D9     		bls	.L54
1163:Drivers/STM32F1xx_HAL_Driver/Src/stm32f1xx_hal_can.c ****       {
1164:Drivers/STM32F1xx_HAL_Driver/Src/stm32f1xx_hal_can.c ****         /* Update error code */
1165:Drivers/STM32F1xx_HAL_Driver/Src/stm32f1xx_hal_can.c ****         hcan->ErrorCode |= HAL_CAN_ERROR_TIMEOUT;
 1143              		.loc 1 1165 25
 1144 003e 7B68     		ldr	r3, [r7, #4]
 1145 0040 5B6A     		ldr	r3, [r3, #36]
 1146 0042 43F40032 		orr	r2, r3, #131072
 1147 0046 7B68     		ldr	r3, [r7, #4]
 1148 0048 5A62     		str	r2, [r3, #36]
1166:Drivers/STM32F1xx_HAL_Driver/Src/stm32f1xx_hal_can.c **** 
1167:Drivers/STM32F1xx_HAL_Driver/Src/stm32f1xx_hal_can.c ****         return HAL_ERROR;
 1149              		.loc 1 1167 16
 1150 004a 0123     		movs	r3, #1
 1151 004c 0FE0     		b	.L55
 1152              	.L54:
1168:Drivers/STM32F1xx_HAL_Driver/Src/stm32f1xx_hal_can.c ****       }
1169:Drivers/STM32F1xx_HAL_Driver/Src/stm32f1xx_hal_can.c ****     } while ((hcan->Instance->MSR & CAN_MSR_SLAK) != 0U);
 1153              		.loc 1 1169 19
 1154 004e 7B68     		ldr	r3, [r7, #4]
 1155 0050 1B68     		ldr	r3, [r3]
 1156              		.loc 1 1169 29
 1157 0052 5B68     		ldr	r3, [r3, #4]
ARM GAS  /var/folders/g3/s0qwt8r95936n9ghz4hhpdwm0000gn/T//ccJNxob3.s 			page 42


 1158              		.loc 1 1169 35
 1159 0054 03F00203 		and	r3, r3, #2
 1160              		.loc 1 1169 5
 1161 0058 002B     		cmp	r3, #0
 1162 005a E9D1     		bne	.L56
1170:Drivers/STM32F1xx_HAL_Driver/Src/stm32f1xx_hal_can.c **** 
1171:Drivers/STM32F1xx_HAL_Driver/Src/stm32f1xx_hal_can.c ****     /* Return function status */
1172:Drivers/STM32F1xx_HAL_Driver/Src/stm32f1xx_hal_can.c ****     return HAL_OK;
 1163              		.loc 1 1172 12
 1164 005c 0023     		movs	r3, #0
 1165 005e 06E0     		b	.L55
 1166              	.L53:
1173:Drivers/STM32F1xx_HAL_Driver/Src/stm32f1xx_hal_can.c ****   }
1174:Drivers/STM32F1xx_HAL_Driver/Src/stm32f1xx_hal_can.c ****   else
1175:Drivers/STM32F1xx_HAL_Driver/Src/stm32f1xx_hal_can.c ****   {
1176:Drivers/STM32F1xx_HAL_Driver/Src/stm32f1xx_hal_can.c ****     /* Update error code */
1177:Drivers/STM32F1xx_HAL_Driver/Src/stm32f1xx_hal_can.c ****     hcan->ErrorCode |= HAL_CAN_ERROR_NOT_INITIALIZED;
 1167              		.loc 1 1177 21
 1168 0060 7B68     		ldr	r3, [r7, #4]
 1169 0062 5B6A     		ldr	r3, [r3, #36]
 1170 0064 43F48022 		orr	r2, r3, #262144
 1171 0068 7B68     		ldr	r3, [r7, #4]
 1172 006a 5A62     		str	r2, [r3, #36]
1178:Drivers/STM32F1xx_HAL_Driver/Src/stm32f1xx_hal_can.c **** 
1179:Drivers/STM32F1xx_HAL_Driver/Src/stm32f1xx_hal_can.c ****     return HAL_ERROR;
 1173              		.loc 1 1179 12
 1174 006c 0123     		movs	r3, #1
 1175              	.L55:
1180:Drivers/STM32F1xx_HAL_Driver/Src/stm32f1xx_hal_can.c ****   }
1181:Drivers/STM32F1xx_HAL_Driver/Src/stm32f1xx_hal_can.c **** }
 1176              		.loc 1 1181 1
 1177 006e 1846     		mov	r0, r3
 1178 0070 1437     		adds	r7, r7, #20
 1179              	.LCFI47:
 1180              		.cfi_def_cfa_offset 4
 1181 0072 BD46     		mov	sp, r7
 1182              	.LCFI48:
 1183              		.cfi_def_cfa_register 13
 1184              		@ sp needed
 1185 0074 80BC     		pop	{r7}
 1186              	.LCFI49:
 1187              		.cfi_restore 7
 1188              		.cfi_def_cfa_offset 0
 1189 0076 7047     		bx	lr
 1190              	.L58:
 1191              		.align	2
 1192              	.L57:
 1193 0078 40420F00 		.word	1000000
 1194              		.cfi_endproc
 1195              	.LFE73:
 1197              		.section	.text.HAL_CAN_IsSleepActive,"ax",%progbits
 1198              		.align	1
 1199              		.global	HAL_CAN_IsSleepActive
 1200              		.syntax unified
 1201              		.thumb
 1202              		.thumb_func
 1204              	HAL_CAN_IsSleepActive:
ARM GAS  /var/folders/g3/s0qwt8r95936n9ghz4hhpdwm0000gn/T//ccJNxob3.s 			page 43


 1205              	.LFB74:
1182:Drivers/STM32F1xx_HAL_Driver/Src/stm32f1xx_hal_can.c **** 
1183:Drivers/STM32F1xx_HAL_Driver/Src/stm32f1xx_hal_can.c **** /**
1184:Drivers/STM32F1xx_HAL_Driver/Src/stm32f1xx_hal_can.c ****   * @brief  Check is sleep mode is active.
1185:Drivers/STM32F1xx_HAL_Driver/Src/stm32f1xx_hal_can.c ****   * @param  hcan pointer to a CAN_HandleTypeDef structure that contains
1186:Drivers/STM32F1xx_HAL_Driver/Src/stm32f1xx_hal_can.c ****   *         the configuration information for the specified CAN.
1187:Drivers/STM32F1xx_HAL_Driver/Src/stm32f1xx_hal_can.c ****   * @retval Status
1188:Drivers/STM32F1xx_HAL_Driver/Src/stm32f1xx_hal_can.c ****   *          - 0 : Sleep mode is not active.
1189:Drivers/STM32F1xx_HAL_Driver/Src/stm32f1xx_hal_can.c ****   *          - 1 : Sleep mode is active.
1190:Drivers/STM32F1xx_HAL_Driver/Src/stm32f1xx_hal_can.c ****   */
1191:Drivers/STM32F1xx_HAL_Driver/Src/stm32f1xx_hal_can.c **** uint32_t HAL_CAN_IsSleepActive(const CAN_HandleTypeDef *hcan)
1192:Drivers/STM32F1xx_HAL_Driver/Src/stm32f1xx_hal_can.c **** {
 1206              		.loc 1 1192 1
 1207              		.cfi_startproc
 1208              		@ args = 0, pretend = 0, frame = 16
 1209              		@ frame_needed = 1, uses_anonymous_args = 0
 1210              		@ link register save eliminated.
 1211 0000 80B4     		push	{r7}
 1212              	.LCFI50:
 1213              		.cfi_def_cfa_offset 4
 1214              		.cfi_offset 7, -4
 1215 0002 85B0     		sub	sp, sp, #20
 1216              	.LCFI51:
 1217              		.cfi_def_cfa_offset 24
 1218 0004 00AF     		add	r7, sp, #0
 1219              	.LCFI52:
 1220              		.cfi_def_cfa_register 7
 1221 0006 7860     		str	r0, [r7, #4]
1193:Drivers/STM32F1xx_HAL_Driver/Src/stm32f1xx_hal_can.c ****   uint32_t status = 0U;
 1222              		.loc 1 1193 12
 1223 0008 0023     		movs	r3, #0
 1224 000a FB60     		str	r3, [r7, #12]
1194:Drivers/STM32F1xx_HAL_Driver/Src/stm32f1xx_hal_can.c ****   HAL_CAN_StateTypeDef state = hcan->State;
 1225              		.loc 1 1194 24
 1226 000c 7B68     		ldr	r3, [r7, #4]
 1227 000e 93F82030 		ldrb	r3, [r3, #32]
 1228 0012 FB72     		strb	r3, [r7, #11]
1195:Drivers/STM32F1xx_HAL_Driver/Src/stm32f1xx_hal_can.c **** 
1196:Drivers/STM32F1xx_HAL_Driver/Src/stm32f1xx_hal_can.c ****   if ((state == HAL_CAN_STATE_READY) ||
 1229              		.loc 1 1196 6
 1230 0014 FB7A     		ldrb	r3, [r7, #11]	@ zero_extendqisi2
 1231 0016 012B     		cmp	r3, #1
 1232 0018 02D0     		beq	.L60
 1233              		.loc 1 1196 38 discriminator 1
 1234 001a FB7A     		ldrb	r3, [r7, #11]	@ zero_extendqisi2
 1235 001c 022B     		cmp	r3, #2
 1236 001e 08D1     		bne	.L61
 1237              	.L60:
1197:Drivers/STM32F1xx_HAL_Driver/Src/stm32f1xx_hal_can.c ****       (state == HAL_CAN_STATE_LISTENING))
1198:Drivers/STM32F1xx_HAL_Driver/Src/stm32f1xx_hal_can.c ****   {
1199:Drivers/STM32F1xx_HAL_Driver/Src/stm32f1xx_hal_can.c ****     /* Check Sleep mode */
1200:Drivers/STM32F1xx_HAL_Driver/Src/stm32f1xx_hal_can.c ****     if ((hcan->Instance->MSR & CAN_MSR_SLAK) != 0U)
 1238              		.loc 1 1200 14
 1239 0020 7B68     		ldr	r3, [r7, #4]
 1240 0022 1B68     		ldr	r3, [r3]
 1241              		.loc 1 1200 24
 1242 0024 5B68     		ldr	r3, [r3, #4]
ARM GAS  /var/folders/g3/s0qwt8r95936n9ghz4hhpdwm0000gn/T//ccJNxob3.s 			page 44


 1243              		.loc 1 1200 30
 1244 0026 03F00203 		and	r3, r3, #2
 1245              		.loc 1 1200 8
 1246 002a 002B     		cmp	r3, #0
 1247 002c 01D0     		beq	.L61
1201:Drivers/STM32F1xx_HAL_Driver/Src/stm32f1xx_hal_can.c ****     {
1202:Drivers/STM32F1xx_HAL_Driver/Src/stm32f1xx_hal_can.c ****       status = 1U;
 1248              		.loc 1 1202 14
 1249 002e 0123     		movs	r3, #1
 1250 0030 FB60     		str	r3, [r7, #12]
 1251              	.L61:
1203:Drivers/STM32F1xx_HAL_Driver/Src/stm32f1xx_hal_can.c ****     }
1204:Drivers/STM32F1xx_HAL_Driver/Src/stm32f1xx_hal_can.c ****   }
1205:Drivers/STM32F1xx_HAL_Driver/Src/stm32f1xx_hal_can.c **** 
1206:Drivers/STM32F1xx_HAL_Driver/Src/stm32f1xx_hal_can.c ****   /* Return function status */
1207:Drivers/STM32F1xx_HAL_Driver/Src/stm32f1xx_hal_can.c ****   return status;
 1252              		.loc 1 1207 10
 1253 0032 FB68     		ldr	r3, [r7, #12]
1208:Drivers/STM32F1xx_HAL_Driver/Src/stm32f1xx_hal_can.c **** }
 1254              		.loc 1 1208 1
 1255 0034 1846     		mov	r0, r3
 1256 0036 1437     		adds	r7, r7, #20
 1257              	.LCFI53:
 1258              		.cfi_def_cfa_offset 4
 1259 0038 BD46     		mov	sp, r7
 1260              	.LCFI54:
 1261              		.cfi_def_cfa_register 13
 1262              		@ sp needed
 1263 003a 80BC     		pop	{r7}
 1264              	.LCFI55:
 1265              		.cfi_restore 7
 1266              		.cfi_def_cfa_offset 0
 1267 003c 7047     		bx	lr
 1268              		.cfi_endproc
 1269              	.LFE74:
 1271              		.section	.text.HAL_CAN_AddTxMessage,"ax",%progbits
 1272              		.align	1
 1273              		.global	HAL_CAN_AddTxMessage
 1274              		.syntax unified
 1275              		.thumb
 1276              		.thumb_func
 1278              	HAL_CAN_AddTxMessage:
 1279              	.LFB75:
1209:Drivers/STM32F1xx_HAL_Driver/Src/stm32f1xx_hal_can.c **** 
1210:Drivers/STM32F1xx_HAL_Driver/Src/stm32f1xx_hal_can.c **** /**
1211:Drivers/STM32F1xx_HAL_Driver/Src/stm32f1xx_hal_can.c ****   * @brief  Add a message to the first free Tx mailbox and activate the
1212:Drivers/STM32F1xx_HAL_Driver/Src/stm32f1xx_hal_can.c ****   *         corresponding transmission request.
1213:Drivers/STM32F1xx_HAL_Driver/Src/stm32f1xx_hal_can.c ****   * @param  hcan pointer to a CAN_HandleTypeDef structure that contains
1214:Drivers/STM32F1xx_HAL_Driver/Src/stm32f1xx_hal_can.c ****   *         the configuration information for the specified CAN.
1215:Drivers/STM32F1xx_HAL_Driver/Src/stm32f1xx_hal_can.c ****   * @param  pHeader pointer to a CAN_TxHeaderTypeDef structure.
1216:Drivers/STM32F1xx_HAL_Driver/Src/stm32f1xx_hal_can.c ****   * @param  aData array containing the payload of the Tx frame.
1217:Drivers/STM32F1xx_HAL_Driver/Src/stm32f1xx_hal_can.c ****   * @param  pTxMailbox pointer to a variable where the function will return
1218:Drivers/STM32F1xx_HAL_Driver/Src/stm32f1xx_hal_can.c ****   *         the TxMailbox used to store the Tx message.
1219:Drivers/STM32F1xx_HAL_Driver/Src/stm32f1xx_hal_can.c ****   *         This parameter can be a value of @arg CAN_Tx_Mailboxes.
1220:Drivers/STM32F1xx_HAL_Driver/Src/stm32f1xx_hal_can.c ****   * @retval HAL status
1221:Drivers/STM32F1xx_HAL_Driver/Src/stm32f1xx_hal_can.c ****   */
1222:Drivers/STM32F1xx_HAL_Driver/Src/stm32f1xx_hal_can.c **** HAL_StatusTypeDef HAL_CAN_AddTxMessage(CAN_HandleTypeDef *hcan, const CAN_TxHeaderTypeDef *pHeader,
ARM GAS  /var/folders/g3/s0qwt8r95936n9ghz4hhpdwm0000gn/T//ccJNxob3.s 			page 45


1223:Drivers/STM32F1xx_HAL_Driver/Src/stm32f1xx_hal_can.c ****                                        const uint8_t aData[], uint32_t *pTxMailbox)
1224:Drivers/STM32F1xx_HAL_Driver/Src/stm32f1xx_hal_can.c **** {
 1280              		.loc 1 1224 1
 1281              		.cfi_startproc
 1282              		@ args = 0, pretend = 0, frame = 32
 1283              		@ frame_needed = 1, uses_anonymous_args = 0
 1284              		@ link register save eliminated.
 1285 0000 80B4     		push	{r7}
 1286              	.LCFI56:
 1287              		.cfi_def_cfa_offset 4
 1288              		.cfi_offset 7, -4
 1289 0002 89B0     		sub	sp, sp, #36
 1290              	.LCFI57:
 1291              		.cfi_def_cfa_offset 40
 1292 0004 00AF     		add	r7, sp, #0
 1293              	.LCFI58:
 1294              		.cfi_def_cfa_register 7
 1295 0006 F860     		str	r0, [r7, #12]
 1296 0008 B960     		str	r1, [r7, #8]
 1297 000a 7A60     		str	r2, [r7, #4]
 1298 000c 3B60     		str	r3, [r7]
1225:Drivers/STM32F1xx_HAL_Driver/Src/stm32f1xx_hal_can.c ****   uint32_t transmitmailbox;
1226:Drivers/STM32F1xx_HAL_Driver/Src/stm32f1xx_hal_can.c ****   HAL_CAN_StateTypeDef state = hcan->State;
 1299              		.loc 1 1226 24
 1300 000e FB68     		ldr	r3, [r7, #12]
 1301 0010 93F82030 		ldrb	r3, [r3, #32]
 1302 0014 FB77     		strb	r3, [r7, #31]
1227:Drivers/STM32F1xx_HAL_Driver/Src/stm32f1xx_hal_can.c ****   uint32_t tsr = READ_REG(hcan->Instance->TSR);
 1303              		.loc 1 1227 18
 1304 0016 FB68     		ldr	r3, [r7, #12]
 1305 0018 1B68     		ldr	r3, [r3]
 1306              		.loc 1 1227 12
 1307 001a 9B68     		ldr	r3, [r3, #8]
 1308 001c BB61     		str	r3, [r7, #24]
1228:Drivers/STM32F1xx_HAL_Driver/Src/stm32f1xx_hal_can.c **** 
1229:Drivers/STM32F1xx_HAL_Driver/Src/stm32f1xx_hal_can.c ****   /* Check the parameters */
1230:Drivers/STM32F1xx_HAL_Driver/Src/stm32f1xx_hal_can.c ****   assert_param(IS_CAN_IDTYPE(pHeader->IDE));
1231:Drivers/STM32F1xx_HAL_Driver/Src/stm32f1xx_hal_can.c ****   assert_param(IS_CAN_RTR(pHeader->RTR));
1232:Drivers/STM32F1xx_HAL_Driver/Src/stm32f1xx_hal_can.c ****   assert_param(IS_CAN_DLC(pHeader->DLC));
1233:Drivers/STM32F1xx_HAL_Driver/Src/stm32f1xx_hal_can.c ****   if (pHeader->IDE == CAN_ID_STD)
1234:Drivers/STM32F1xx_HAL_Driver/Src/stm32f1xx_hal_can.c ****   {
1235:Drivers/STM32F1xx_HAL_Driver/Src/stm32f1xx_hal_can.c ****     assert_param(IS_CAN_STDID(pHeader->StdId));
1236:Drivers/STM32F1xx_HAL_Driver/Src/stm32f1xx_hal_can.c ****   }
1237:Drivers/STM32F1xx_HAL_Driver/Src/stm32f1xx_hal_can.c ****   else
1238:Drivers/STM32F1xx_HAL_Driver/Src/stm32f1xx_hal_can.c ****   {
1239:Drivers/STM32F1xx_HAL_Driver/Src/stm32f1xx_hal_can.c ****     assert_param(IS_CAN_EXTID(pHeader->ExtId));
1240:Drivers/STM32F1xx_HAL_Driver/Src/stm32f1xx_hal_can.c ****   }
1241:Drivers/STM32F1xx_HAL_Driver/Src/stm32f1xx_hal_can.c ****   assert_param(IS_FUNCTIONAL_STATE(pHeader->TransmitGlobalTime));
1242:Drivers/STM32F1xx_HAL_Driver/Src/stm32f1xx_hal_can.c **** 
1243:Drivers/STM32F1xx_HAL_Driver/Src/stm32f1xx_hal_can.c ****   if ((state == HAL_CAN_STATE_READY) ||
 1309              		.loc 1 1243 6
 1310 001e FB7F     		ldrb	r3, [r7, #31]	@ zero_extendqisi2
 1311 0020 012B     		cmp	r3, #1
 1312 0022 03D0     		beq	.L64
 1313              		.loc 1 1243 38 discriminator 1
 1314 0024 FB7F     		ldrb	r3, [r7, #31]	@ zero_extendqisi2
 1315 0026 022B     		cmp	r3, #2
ARM GAS  /var/folders/g3/s0qwt8r95936n9ghz4hhpdwm0000gn/T//ccJNxob3.s 			page 46


 1316 0028 40F0AD80 		bne	.L65
 1317              	.L64:
1244:Drivers/STM32F1xx_HAL_Driver/Src/stm32f1xx_hal_can.c ****       (state == HAL_CAN_STATE_LISTENING))
1245:Drivers/STM32F1xx_HAL_Driver/Src/stm32f1xx_hal_can.c ****   {
1246:Drivers/STM32F1xx_HAL_Driver/Src/stm32f1xx_hal_can.c ****     /* Check that all the Tx mailboxes are not full */
1247:Drivers/STM32F1xx_HAL_Driver/Src/stm32f1xx_hal_can.c ****     if (((tsr & CAN_TSR_TME0) != 0U) ||
 1318              		.loc 1 1247 15
 1319 002c BB69     		ldr	r3, [r7, #24]
 1320 002e 03F08063 		and	r3, r3, #67108864
 1321              		.loc 1 1247 8
 1322 0032 002B     		cmp	r3, #0
 1323 0034 0AD1     		bne	.L66
1248:Drivers/STM32F1xx_HAL_Driver/Src/stm32f1xx_hal_can.c ****         ((tsr & CAN_TSR_TME1) != 0U) ||
 1324              		.loc 1 1248 15 discriminator 1
 1325 0036 BB69     		ldr	r3, [r7, #24]
 1326 0038 03F00063 		and	r3, r3, #134217728
1247:Drivers/STM32F1xx_HAL_Driver/Src/stm32f1xx_hal_can.c ****         ((tsr & CAN_TSR_TME1) != 0U) ||
 1327              		.loc 1 1247 38 discriminator 1
 1328 003c 002B     		cmp	r3, #0
 1329 003e 05D1     		bne	.L66
1249:Drivers/STM32F1xx_HAL_Driver/Src/stm32f1xx_hal_can.c ****         ((tsr & CAN_TSR_TME2) != 0U))
 1330              		.loc 1 1249 15
 1331 0040 BB69     		ldr	r3, [r7, #24]
 1332 0042 03F08053 		and	r3, r3, #268435456
1248:Drivers/STM32F1xx_HAL_Driver/Src/stm32f1xx_hal_can.c ****         ((tsr & CAN_TSR_TME1) != 0U) ||
 1333              		.loc 1 1248 38
 1334 0046 002B     		cmp	r3, #0
 1335 0048 00F09580 		beq	.L67
 1336              	.L66:
1250:Drivers/STM32F1xx_HAL_Driver/Src/stm32f1xx_hal_can.c ****     {
1251:Drivers/STM32F1xx_HAL_Driver/Src/stm32f1xx_hal_can.c ****       /* Select an empty transmit mailbox */
1252:Drivers/STM32F1xx_HAL_Driver/Src/stm32f1xx_hal_can.c ****       transmitmailbox = (tsr & CAN_TSR_CODE) >> CAN_TSR_CODE_Pos;
 1337              		.loc 1 1252 46
 1338 004c BB69     		ldr	r3, [r7, #24]
 1339 004e 1B0E     		lsrs	r3, r3, #24
 1340              		.loc 1 1252 23
 1341 0050 03F00303 		and	r3, r3, #3
 1342 0054 7B61     		str	r3, [r7, #20]
1253:Drivers/STM32F1xx_HAL_Driver/Src/stm32f1xx_hal_can.c **** 
1254:Drivers/STM32F1xx_HAL_Driver/Src/stm32f1xx_hal_can.c ****       /* Store the Tx mailbox */
1255:Drivers/STM32F1xx_HAL_Driver/Src/stm32f1xx_hal_can.c ****       *pTxMailbox = (uint32_t)1 << transmitmailbox;
 1343              		.loc 1 1255 33
 1344 0056 0122     		movs	r2, #1
 1345 0058 7B69     		ldr	r3, [r7, #20]
 1346 005a 9A40     		lsls	r2, r2, r3
 1347              		.loc 1 1255 19
 1348 005c 3B68     		ldr	r3, [r7]
 1349 005e 1A60     		str	r2, [r3]
1256:Drivers/STM32F1xx_HAL_Driver/Src/stm32f1xx_hal_can.c **** 
1257:Drivers/STM32F1xx_HAL_Driver/Src/stm32f1xx_hal_can.c ****       /* Set up the Id */
1258:Drivers/STM32F1xx_HAL_Driver/Src/stm32f1xx_hal_can.c ****       if (pHeader->IDE == CAN_ID_STD)
 1350              		.loc 1 1258 18
 1351 0060 BB68     		ldr	r3, [r7, #8]
 1352 0062 9B68     		ldr	r3, [r3, #8]
 1353              		.loc 1 1258 10
 1354 0064 002B     		cmp	r3, #0
 1355 0066 0DD1     		bne	.L68
ARM GAS  /var/folders/g3/s0qwt8r95936n9ghz4hhpdwm0000gn/T//ccJNxob3.s 			page 47


1259:Drivers/STM32F1xx_HAL_Driver/Src/stm32f1xx_hal_can.c ****       {
1260:Drivers/STM32F1xx_HAL_Driver/Src/stm32f1xx_hal_can.c ****         hcan->Instance->sTxMailBox[transmitmailbox].TIR = ((pHeader->StdId << CAN_TI0R_STID_Pos) |
 1356              		.loc 1 1260 68
 1357 0068 BB68     		ldr	r3, [r7, #8]
 1358 006a 1B68     		ldr	r3, [r3]
 1359              		.loc 1 1260 76
 1360 006c 5A05     		lsls	r2, r3, #21
1261:Drivers/STM32F1xx_HAL_Driver/Src/stm32f1xx_hal_can.c ****                                                            pHeader->RTR);
 1361              		.loc 1 1261 67
 1362 006e BB68     		ldr	r3, [r7, #8]
 1363 0070 DB68     		ldr	r3, [r3, #12]
1260:Drivers/STM32F1xx_HAL_Driver/Src/stm32f1xx_hal_can.c ****                                                            pHeader->RTR);
 1364              		.loc 1 1260 13
 1365 0072 F968     		ldr	r1, [r7, #12]
 1366 0074 0968     		ldr	r1, [r1]
1260:Drivers/STM32F1xx_HAL_Driver/Src/stm32f1xx_hal_can.c ****                                                            pHeader->RTR);
 1367              		.loc 1 1260 98
 1368 0076 1A43     		orrs	r2, r2, r3
1260:Drivers/STM32F1xx_HAL_Driver/Src/stm32f1xx_hal_can.c ****                                                            pHeader->RTR);
 1369              		.loc 1 1260 57
 1370 0078 7B69     		ldr	r3, [r7, #20]
 1371 007a 1833     		adds	r3, r3, #24
 1372 007c 1B01     		lsls	r3, r3, #4
 1373 007e 0B44     		add	r3, r3, r1
 1374 0080 1A60     		str	r2, [r3]
 1375 0082 0FE0     		b	.L69
 1376              	.L68:
1262:Drivers/STM32F1xx_HAL_Driver/Src/stm32f1xx_hal_can.c ****       }
1263:Drivers/STM32F1xx_HAL_Driver/Src/stm32f1xx_hal_can.c ****       else
1264:Drivers/STM32F1xx_HAL_Driver/Src/stm32f1xx_hal_can.c ****       {
1265:Drivers/STM32F1xx_HAL_Driver/Src/stm32f1xx_hal_can.c ****         hcan->Instance->sTxMailBox[transmitmailbox].TIR = ((pHeader->ExtId << CAN_TI0R_EXID_Pos) |
 1377              		.loc 1 1265 68
 1378 0084 BB68     		ldr	r3, [r7, #8]
 1379 0086 5B68     		ldr	r3, [r3, #4]
 1380              		.loc 1 1265 76
 1381 0088 DA00     		lsls	r2, r3, #3
1266:Drivers/STM32F1xx_HAL_Driver/Src/stm32f1xx_hal_can.c ****                                                            pHeader->IDE |
 1382              		.loc 1 1266 67
 1383 008a BB68     		ldr	r3, [r7, #8]
 1384 008c 9B68     		ldr	r3, [r3, #8]
1265:Drivers/STM32F1xx_HAL_Driver/Src/stm32f1xx_hal_can.c ****                                                            pHeader->IDE |
 1385              		.loc 1 1265 98
 1386 008e 1A43     		orrs	r2, r2, r3
1267:Drivers/STM32F1xx_HAL_Driver/Src/stm32f1xx_hal_can.c ****                                                            pHeader->RTR);
 1387              		.loc 1 1267 67
 1388 0090 BB68     		ldr	r3, [r7, #8]
 1389 0092 DB68     		ldr	r3, [r3, #12]
1265:Drivers/STM32F1xx_HAL_Driver/Src/stm32f1xx_hal_can.c ****                                                            pHeader->IDE |
 1390              		.loc 1 1265 13
 1391 0094 F968     		ldr	r1, [r7, #12]
 1392 0096 0968     		ldr	r1, [r1]
1266:Drivers/STM32F1xx_HAL_Driver/Src/stm32f1xx_hal_can.c ****                                                            pHeader->IDE |
 1393              		.loc 1 1266 73
 1394 0098 1A43     		orrs	r2, r2, r3
1265:Drivers/STM32F1xx_HAL_Driver/Src/stm32f1xx_hal_can.c ****                                                            pHeader->IDE |
 1395              		.loc 1 1265 57
 1396 009a 7B69     		ldr	r3, [r7, #20]
ARM GAS  /var/folders/g3/s0qwt8r95936n9ghz4hhpdwm0000gn/T//ccJNxob3.s 			page 48


 1397 009c 1833     		adds	r3, r3, #24
 1398 009e 1B01     		lsls	r3, r3, #4
 1399 00a0 0B44     		add	r3, r3, r1
 1400 00a2 1A60     		str	r2, [r3]
 1401              	.L69:
1268:Drivers/STM32F1xx_HAL_Driver/Src/stm32f1xx_hal_can.c ****       }
1269:Drivers/STM32F1xx_HAL_Driver/Src/stm32f1xx_hal_can.c **** 
1270:Drivers/STM32F1xx_HAL_Driver/Src/stm32f1xx_hal_can.c ****       /* Set up the DLC */
1271:Drivers/STM32F1xx_HAL_Driver/Src/stm32f1xx_hal_can.c ****       hcan->Instance->sTxMailBox[transmitmailbox].TDTR = (pHeader->DLC);
 1402              		.loc 1 1271 11
 1403 00a4 FB68     		ldr	r3, [r7, #12]
 1404 00a6 1968     		ldr	r1, [r3]
 1405              		.loc 1 1271 66
 1406 00a8 BB68     		ldr	r3, [r7, #8]
 1407 00aa 1A69     		ldr	r2, [r3, #16]
 1408              		.loc 1 1271 56
 1409 00ac 7B69     		ldr	r3, [r7, #20]
 1410 00ae 1833     		adds	r3, r3, #24
 1411 00b0 1B01     		lsls	r3, r3, #4
 1412 00b2 0B44     		add	r3, r3, r1
 1413 00b4 0433     		adds	r3, r3, #4
 1414 00b6 1A60     		str	r2, [r3]
1272:Drivers/STM32F1xx_HAL_Driver/Src/stm32f1xx_hal_can.c **** 
1273:Drivers/STM32F1xx_HAL_Driver/Src/stm32f1xx_hal_can.c ****       /* Set up the Transmit Global Time mode */
1274:Drivers/STM32F1xx_HAL_Driver/Src/stm32f1xx_hal_can.c ****       if (pHeader->TransmitGlobalTime == ENABLE)
 1415              		.loc 1 1274 18
 1416 00b8 BB68     		ldr	r3, [r7, #8]
 1417 00ba 1B7D     		ldrb	r3, [r3, #20]	@ zero_extendqisi2
 1418              		.loc 1 1274 10
 1419 00bc 012B     		cmp	r3, #1
 1420 00be 11D1     		bne	.L70
1275:Drivers/STM32F1xx_HAL_Driver/Src/stm32f1xx_hal_can.c ****       {
1276:Drivers/STM32F1xx_HAL_Driver/Src/stm32f1xx_hal_can.c ****         SET_BIT(hcan->Instance->sTxMailBox[transmitmailbox].TDTR, CAN_TDT0R_TGT);
 1421              		.loc 1 1276 9
 1422 00c0 FB68     		ldr	r3, [r7, #12]
 1423 00c2 1A68     		ldr	r2, [r3]
 1424 00c4 7B69     		ldr	r3, [r7, #20]
 1425 00c6 1833     		adds	r3, r3, #24
 1426 00c8 1B01     		lsls	r3, r3, #4
 1427 00ca 1344     		add	r3, r3, r2
 1428 00cc 0433     		adds	r3, r3, #4
 1429 00ce 1B68     		ldr	r3, [r3]
 1430 00d0 FA68     		ldr	r2, [r7, #12]
 1431 00d2 1168     		ldr	r1, [r2]
 1432 00d4 43F48072 		orr	r2, r3, #256
 1433 00d8 7B69     		ldr	r3, [r7, #20]
 1434 00da 1833     		adds	r3, r3, #24
 1435 00dc 1B01     		lsls	r3, r3, #4
 1436 00de 0B44     		add	r3, r3, r1
 1437 00e0 0433     		adds	r3, r3, #4
 1438 00e2 1A60     		str	r2, [r3]
 1439              	.L70:
1277:Drivers/STM32F1xx_HAL_Driver/Src/stm32f1xx_hal_can.c ****       }
1278:Drivers/STM32F1xx_HAL_Driver/Src/stm32f1xx_hal_can.c **** 
1279:Drivers/STM32F1xx_HAL_Driver/Src/stm32f1xx_hal_can.c ****       /* Set up the data field */
1280:Drivers/STM32F1xx_HAL_Driver/Src/stm32f1xx_hal_can.c ****       WRITE_REG(hcan->Instance->sTxMailBox[transmitmailbox].TDHR,
 1440              		.loc 1 1280 7
ARM GAS  /var/folders/g3/s0qwt8r95936n9ghz4hhpdwm0000gn/T//ccJNxob3.s 			page 49


 1441 00e4 7B68     		ldr	r3, [r7, #4]
 1442 00e6 0733     		adds	r3, r3, #7
 1443 00e8 1B78     		ldrb	r3, [r3]	@ zero_extendqisi2
 1444 00ea 1A06     		lsls	r2, r3, #24
 1445 00ec 7B68     		ldr	r3, [r7, #4]
 1446 00ee 0633     		adds	r3, r3, #6
 1447 00f0 1B78     		ldrb	r3, [r3]	@ zero_extendqisi2
 1448 00f2 1B04     		lsls	r3, r3, #16
 1449 00f4 1A43     		orrs	r2, r2, r3
 1450 00f6 7B68     		ldr	r3, [r7, #4]
 1451 00f8 0533     		adds	r3, r3, #5
 1452 00fa 1B78     		ldrb	r3, [r3]	@ zero_extendqisi2
 1453 00fc 1B02     		lsls	r3, r3, #8
 1454 00fe 1343     		orrs	r3, r3, r2
 1455 0100 7A68     		ldr	r2, [r7, #4]
 1456 0102 0432     		adds	r2, r2, #4
 1457 0104 1278     		ldrb	r2, [r2]	@ zero_extendqisi2
 1458 0106 1046     		mov	r0, r2
 1459 0108 FA68     		ldr	r2, [r7, #12]
 1460 010a 1168     		ldr	r1, [r2]
 1461 010c 43EA0002 		orr	r2, r3, r0
 1462 0110 7B69     		ldr	r3, [r7, #20]
 1463 0112 1B01     		lsls	r3, r3, #4
 1464 0114 0B44     		add	r3, r3, r1
 1465 0116 03F5C673 		add	r3, r3, #396
 1466 011a 1A60     		str	r2, [r3]
1281:Drivers/STM32F1xx_HAL_Driver/Src/stm32f1xx_hal_can.c ****                 ((uint32_t)aData[7] << CAN_TDH0R_DATA7_Pos) |
1282:Drivers/STM32F1xx_HAL_Driver/Src/stm32f1xx_hal_can.c ****                 ((uint32_t)aData[6] << CAN_TDH0R_DATA6_Pos) |
1283:Drivers/STM32F1xx_HAL_Driver/Src/stm32f1xx_hal_can.c ****                 ((uint32_t)aData[5] << CAN_TDH0R_DATA5_Pos) |
1284:Drivers/STM32F1xx_HAL_Driver/Src/stm32f1xx_hal_can.c ****                 ((uint32_t)aData[4] << CAN_TDH0R_DATA4_Pos));
1285:Drivers/STM32F1xx_HAL_Driver/Src/stm32f1xx_hal_can.c ****       WRITE_REG(hcan->Instance->sTxMailBox[transmitmailbox].TDLR,
 1467              		.loc 1 1285 7
 1468 011c 7B68     		ldr	r3, [r7, #4]
 1469 011e 0333     		adds	r3, r3, #3
 1470 0120 1B78     		ldrb	r3, [r3]	@ zero_extendqisi2
 1471 0122 1A06     		lsls	r2, r3, #24
 1472 0124 7B68     		ldr	r3, [r7, #4]
 1473 0126 0233     		adds	r3, r3, #2
 1474 0128 1B78     		ldrb	r3, [r3]	@ zero_extendqisi2
 1475 012a 1B04     		lsls	r3, r3, #16
 1476 012c 1A43     		orrs	r2, r2, r3
 1477 012e 7B68     		ldr	r3, [r7, #4]
 1478 0130 0133     		adds	r3, r3, #1
 1479 0132 1B78     		ldrb	r3, [r3]	@ zero_extendqisi2
 1480 0134 1B02     		lsls	r3, r3, #8
 1481 0136 1343     		orrs	r3, r3, r2
 1482 0138 7A68     		ldr	r2, [r7, #4]
 1483 013a 1278     		ldrb	r2, [r2]	@ zero_extendqisi2
 1484 013c 1046     		mov	r0, r2
 1485 013e FA68     		ldr	r2, [r7, #12]
 1486 0140 1168     		ldr	r1, [r2]
 1487 0142 43EA0002 		orr	r2, r3, r0
 1488 0146 7B69     		ldr	r3, [r7, #20]
 1489 0148 1B01     		lsls	r3, r3, #4
 1490 014a 0B44     		add	r3, r3, r1
 1491 014c 03F5C473 		add	r3, r3, #392
 1492 0150 1A60     		str	r2, [r3]
ARM GAS  /var/folders/g3/s0qwt8r95936n9ghz4hhpdwm0000gn/T//ccJNxob3.s 			page 50


1286:Drivers/STM32F1xx_HAL_Driver/Src/stm32f1xx_hal_can.c ****                 ((uint32_t)aData[3] << CAN_TDL0R_DATA3_Pos) |
1287:Drivers/STM32F1xx_HAL_Driver/Src/stm32f1xx_hal_can.c ****                 ((uint32_t)aData[2] << CAN_TDL0R_DATA2_Pos) |
1288:Drivers/STM32F1xx_HAL_Driver/Src/stm32f1xx_hal_can.c ****                 ((uint32_t)aData[1] << CAN_TDL0R_DATA1_Pos) |
1289:Drivers/STM32F1xx_HAL_Driver/Src/stm32f1xx_hal_can.c ****                 ((uint32_t)aData[0] << CAN_TDL0R_DATA0_Pos));
1290:Drivers/STM32F1xx_HAL_Driver/Src/stm32f1xx_hal_can.c **** 
1291:Drivers/STM32F1xx_HAL_Driver/Src/stm32f1xx_hal_can.c ****       /* Request transmission */
1292:Drivers/STM32F1xx_HAL_Driver/Src/stm32f1xx_hal_can.c ****       SET_BIT(hcan->Instance->sTxMailBox[transmitmailbox].TIR, CAN_TI0R_TXRQ);
 1493              		.loc 1 1292 7
 1494 0152 FB68     		ldr	r3, [r7, #12]
 1495 0154 1A68     		ldr	r2, [r3]
 1496 0156 7B69     		ldr	r3, [r7, #20]
 1497 0158 1833     		adds	r3, r3, #24
 1498 015a 1B01     		lsls	r3, r3, #4
 1499 015c 1344     		add	r3, r3, r2
 1500 015e 1B68     		ldr	r3, [r3]
 1501 0160 FA68     		ldr	r2, [r7, #12]
 1502 0162 1168     		ldr	r1, [r2]
 1503 0164 43F00102 		orr	r2, r3, #1
 1504 0168 7B69     		ldr	r3, [r7, #20]
 1505 016a 1833     		adds	r3, r3, #24
 1506 016c 1B01     		lsls	r3, r3, #4
 1507 016e 0B44     		add	r3, r3, r1
 1508 0170 1A60     		str	r2, [r3]
1293:Drivers/STM32F1xx_HAL_Driver/Src/stm32f1xx_hal_can.c **** 
1294:Drivers/STM32F1xx_HAL_Driver/Src/stm32f1xx_hal_can.c ****       /* Return function status */
1295:Drivers/STM32F1xx_HAL_Driver/Src/stm32f1xx_hal_can.c ****       return HAL_OK;
 1509              		.loc 1 1295 14
 1510 0172 0023     		movs	r3, #0
 1511 0174 0EE0     		b	.L71
 1512              	.L67:
1296:Drivers/STM32F1xx_HAL_Driver/Src/stm32f1xx_hal_can.c ****     }
1297:Drivers/STM32F1xx_HAL_Driver/Src/stm32f1xx_hal_can.c ****     else
1298:Drivers/STM32F1xx_HAL_Driver/Src/stm32f1xx_hal_can.c ****     {
1299:Drivers/STM32F1xx_HAL_Driver/Src/stm32f1xx_hal_can.c ****       /* Update error code */
1300:Drivers/STM32F1xx_HAL_Driver/Src/stm32f1xx_hal_can.c ****       hcan->ErrorCode |= HAL_CAN_ERROR_PARAM;
 1513              		.loc 1 1300 23
 1514 0176 FB68     		ldr	r3, [r7, #12]
 1515 0178 5B6A     		ldr	r3, [r3, #36]
 1516 017a 43F40012 		orr	r2, r3, #2097152
 1517 017e FB68     		ldr	r3, [r7, #12]
 1518 0180 5A62     		str	r2, [r3, #36]
1301:Drivers/STM32F1xx_HAL_Driver/Src/stm32f1xx_hal_can.c **** 
1302:Drivers/STM32F1xx_HAL_Driver/Src/stm32f1xx_hal_can.c ****       return HAL_ERROR;
 1519              		.loc 1 1302 14
 1520 0182 0123     		movs	r3, #1
 1521 0184 06E0     		b	.L71
 1522              	.L65:
1303:Drivers/STM32F1xx_HAL_Driver/Src/stm32f1xx_hal_can.c ****     }
1304:Drivers/STM32F1xx_HAL_Driver/Src/stm32f1xx_hal_can.c ****   }
1305:Drivers/STM32F1xx_HAL_Driver/Src/stm32f1xx_hal_can.c ****   else
1306:Drivers/STM32F1xx_HAL_Driver/Src/stm32f1xx_hal_can.c ****   {
1307:Drivers/STM32F1xx_HAL_Driver/Src/stm32f1xx_hal_can.c ****     /* Update error code */
1308:Drivers/STM32F1xx_HAL_Driver/Src/stm32f1xx_hal_can.c ****     hcan->ErrorCode |= HAL_CAN_ERROR_NOT_INITIALIZED;
 1523              		.loc 1 1308 21
 1524 0186 FB68     		ldr	r3, [r7, #12]
 1525 0188 5B6A     		ldr	r3, [r3, #36]
 1526 018a 43F48022 		orr	r2, r3, #262144
ARM GAS  /var/folders/g3/s0qwt8r95936n9ghz4hhpdwm0000gn/T//ccJNxob3.s 			page 51


 1527 018e FB68     		ldr	r3, [r7, #12]
 1528 0190 5A62     		str	r2, [r3, #36]
1309:Drivers/STM32F1xx_HAL_Driver/Src/stm32f1xx_hal_can.c **** 
1310:Drivers/STM32F1xx_HAL_Driver/Src/stm32f1xx_hal_can.c ****     return HAL_ERROR;
 1529              		.loc 1 1310 12
 1530 0192 0123     		movs	r3, #1
 1531              	.L71:
1311:Drivers/STM32F1xx_HAL_Driver/Src/stm32f1xx_hal_can.c ****   }
1312:Drivers/STM32F1xx_HAL_Driver/Src/stm32f1xx_hal_can.c **** }
 1532              		.loc 1 1312 1
 1533 0194 1846     		mov	r0, r3
 1534 0196 2437     		adds	r7, r7, #36
 1535              	.LCFI59:
 1536              		.cfi_def_cfa_offset 4
 1537 0198 BD46     		mov	sp, r7
 1538              	.LCFI60:
 1539              		.cfi_def_cfa_register 13
 1540              		@ sp needed
 1541 019a 80BC     		pop	{r7}
 1542              	.LCFI61:
 1543              		.cfi_restore 7
 1544              		.cfi_def_cfa_offset 0
 1545 019c 7047     		bx	lr
 1546              		.cfi_endproc
 1547              	.LFE75:
 1549              		.section	.text.HAL_CAN_AbortTxRequest,"ax",%progbits
 1550              		.align	1
 1551              		.global	HAL_CAN_AbortTxRequest
 1552              		.syntax unified
 1553              		.thumb
 1554              		.thumb_func
 1556              	HAL_CAN_AbortTxRequest:
 1557              	.LFB76:
1313:Drivers/STM32F1xx_HAL_Driver/Src/stm32f1xx_hal_can.c **** 
1314:Drivers/STM32F1xx_HAL_Driver/Src/stm32f1xx_hal_can.c **** /**
1315:Drivers/STM32F1xx_HAL_Driver/Src/stm32f1xx_hal_can.c ****   * @brief  Abort transmission requests
1316:Drivers/STM32F1xx_HAL_Driver/Src/stm32f1xx_hal_can.c ****   * @param  hcan pointer to an CAN_HandleTypeDef structure that contains
1317:Drivers/STM32F1xx_HAL_Driver/Src/stm32f1xx_hal_can.c ****   *         the configuration information for the specified CAN.
1318:Drivers/STM32F1xx_HAL_Driver/Src/stm32f1xx_hal_can.c ****   * @param  TxMailboxes List of the Tx Mailboxes to abort.
1319:Drivers/STM32F1xx_HAL_Driver/Src/stm32f1xx_hal_can.c ****   *         This parameter can be any combination of @arg CAN_Tx_Mailboxes.
1320:Drivers/STM32F1xx_HAL_Driver/Src/stm32f1xx_hal_can.c ****   * @retval HAL status
1321:Drivers/STM32F1xx_HAL_Driver/Src/stm32f1xx_hal_can.c ****   */
1322:Drivers/STM32F1xx_HAL_Driver/Src/stm32f1xx_hal_can.c **** HAL_StatusTypeDef HAL_CAN_AbortTxRequest(CAN_HandleTypeDef *hcan, uint32_t TxMailboxes)
1323:Drivers/STM32F1xx_HAL_Driver/Src/stm32f1xx_hal_can.c **** {
 1558              		.loc 1 1323 1
 1559              		.cfi_startproc
 1560              		@ args = 0, pretend = 0, frame = 16
 1561              		@ frame_needed = 1, uses_anonymous_args = 0
 1562              		@ link register save eliminated.
 1563 0000 80B4     		push	{r7}
 1564              	.LCFI62:
 1565              		.cfi_def_cfa_offset 4
 1566              		.cfi_offset 7, -4
 1567 0002 85B0     		sub	sp, sp, #20
 1568              	.LCFI63:
 1569              		.cfi_def_cfa_offset 24
 1570 0004 00AF     		add	r7, sp, #0
ARM GAS  /var/folders/g3/s0qwt8r95936n9ghz4hhpdwm0000gn/T//ccJNxob3.s 			page 52


 1571              	.LCFI64:
 1572              		.cfi_def_cfa_register 7
 1573 0006 7860     		str	r0, [r7, #4]
 1574 0008 3960     		str	r1, [r7]
1324:Drivers/STM32F1xx_HAL_Driver/Src/stm32f1xx_hal_can.c ****   HAL_CAN_StateTypeDef state = hcan->State;
 1575              		.loc 1 1324 24
 1576 000a 7B68     		ldr	r3, [r7, #4]
 1577 000c 93F82030 		ldrb	r3, [r3, #32]
 1578 0010 FB73     		strb	r3, [r7, #15]
1325:Drivers/STM32F1xx_HAL_Driver/Src/stm32f1xx_hal_can.c **** 
1326:Drivers/STM32F1xx_HAL_Driver/Src/stm32f1xx_hal_can.c ****   /* Check function parameters */
1327:Drivers/STM32F1xx_HAL_Driver/Src/stm32f1xx_hal_can.c ****   assert_param(IS_CAN_TX_MAILBOX_LIST(TxMailboxes));
1328:Drivers/STM32F1xx_HAL_Driver/Src/stm32f1xx_hal_can.c **** 
1329:Drivers/STM32F1xx_HAL_Driver/Src/stm32f1xx_hal_can.c ****   if ((state == HAL_CAN_STATE_READY) ||
 1579              		.loc 1 1329 6
 1580 0012 FB7B     		ldrb	r3, [r7, #15]	@ zero_extendqisi2
 1581 0014 012B     		cmp	r3, #1
 1582 0016 02D0     		beq	.L73
 1583              		.loc 1 1329 38 discriminator 1
 1584 0018 FB7B     		ldrb	r3, [r7, #15]	@ zero_extendqisi2
 1585 001a 022B     		cmp	r3, #2
 1586 001c 28D1     		bne	.L74
 1587              	.L73:
1330:Drivers/STM32F1xx_HAL_Driver/Src/stm32f1xx_hal_can.c ****       (state == HAL_CAN_STATE_LISTENING))
1331:Drivers/STM32F1xx_HAL_Driver/Src/stm32f1xx_hal_can.c ****   {
1332:Drivers/STM32F1xx_HAL_Driver/Src/stm32f1xx_hal_can.c ****     /* Check Tx Mailbox 0 */
1333:Drivers/STM32F1xx_HAL_Driver/Src/stm32f1xx_hal_can.c ****     if ((TxMailboxes & CAN_TX_MAILBOX0) != 0U)
 1588              		.loc 1 1333 22
 1589 001e 3B68     		ldr	r3, [r7]
 1590 0020 03F00103 		and	r3, r3, #1
 1591              		.loc 1 1333 8
 1592 0024 002B     		cmp	r3, #0
 1593 0026 07D0     		beq	.L75
1334:Drivers/STM32F1xx_HAL_Driver/Src/stm32f1xx_hal_can.c ****     {
1335:Drivers/STM32F1xx_HAL_Driver/Src/stm32f1xx_hal_can.c ****       /* Add cancellation request for Tx Mailbox 0 */
1336:Drivers/STM32F1xx_HAL_Driver/Src/stm32f1xx_hal_can.c ****       SET_BIT(hcan->Instance->TSR, CAN_TSR_ABRQ0);
 1594              		.loc 1 1336 7
 1595 0028 7B68     		ldr	r3, [r7, #4]
 1596 002a 1B68     		ldr	r3, [r3]
 1597 002c 9A68     		ldr	r2, [r3, #8]
 1598 002e 7B68     		ldr	r3, [r7, #4]
 1599 0030 1B68     		ldr	r3, [r3]
 1600 0032 42F08002 		orr	r2, r2, #128
 1601 0036 9A60     		str	r2, [r3, #8]
 1602              	.L75:
1337:Drivers/STM32F1xx_HAL_Driver/Src/stm32f1xx_hal_can.c ****     }
1338:Drivers/STM32F1xx_HAL_Driver/Src/stm32f1xx_hal_can.c **** 
1339:Drivers/STM32F1xx_HAL_Driver/Src/stm32f1xx_hal_can.c ****     /* Check Tx Mailbox 1 */
1340:Drivers/STM32F1xx_HAL_Driver/Src/stm32f1xx_hal_can.c ****     if ((TxMailboxes & CAN_TX_MAILBOX1) != 0U)
 1603              		.loc 1 1340 22
 1604 0038 3B68     		ldr	r3, [r7]
 1605 003a 03F00203 		and	r3, r3, #2
 1606              		.loc 1 1340 8
 1607 003e 002B     		cmp	r3, #0
 1608 0040 07D0     		beq	.L76
1341:Drivers/STM32F1xx_HAL_Driver/Src/stm32f1xx_hal_can.c ****     {
1342:Drivers/STM32F1xx_HAL_Driver/Src/stm32f1xx_hal_can.c ****       /* Add cancellation request for Tx Mailbox 1 */
ARM GAS  /var/folders/g3/s0qwt8r95936n9ghz4hhpdwm0000gn/T//ccJNxob3.s 			page 53


1343:Drivers/STM32F1xx_HAL_Driver/Src/stm32f1xx_hal_can.c ****       SET_BIT(hcan->Instance->TSR, CAN_TSR_ABRQ1);
 1609              		.loc 1 1343 7
 1610 0042 7B68     		ldr	r3, [r7, #4]
 1611 0044 1B68     		ldr	r3, [r3]
 1612 0046 9A68     		ldr	r2, [r3, #8]
 1613 0048 7B68     		ldr	r3, [r7, #4]
 1614 004a 1B68     		ldr	r3, [r3]
 1615 004c 42F40042 		orr	r2, r2, #32768
 1616 0050 9A60     		str	r2, [r3, #8]
 1617              	.L76:
1344:Drivers/STM32F1xx_HAL_Driver/Src/stm32f1xx_hal_can.c ****     }
1345:Drivers/STM32F1xx_HAL_Driver/Src/stm32f1xx_hal_can.c **** 
1346:Drivers/STM32F1xx_HAL_Driver/Src/stm32f1xx_hal_can.c ****     /* Check Tx Mailbox 2 */
1347:Drivers/STM32F1xx_HAL_Driver/Src/stm32f1xx_hal_can.c ****     if ((TxMailboxes & CAN_TX_MAILBOX2) != 0U)
 1618              		.loc 1 1347 22
 1619 0052 3B68     		ldr	r3, [r7]
 1620 0054 03F00403 		and	r3, r3, #4
 1621              		.loc 1 1347 8
 1622 0058 002B     		cmp	r3, #0
 1623 005a 07D0     		beq	.L77
1348:Drivers/STM32F1xx_HAL_Driver/Src/stm32f1xx_hal_can.c ****     {
1349:Drivers/STM32F1xx_HAL_Driver/Src/stm32f1xx_hal_can.c ****       /* Add cancellation request for Tx Mailbox 2 */
1350:Drivers/STM32F1xx_HAL_Driver/Src/stm32f1xx_hal_can.c ****       SET_BIT(hcan->Instance->TSR, CAN_TSR_ABRQ2);
 1624              		.loc 1 1350 7
 1625 005c 7B68     		ldr	r3, [r7, #4]
 1626 005e 1B68     		ldr	r3, [r3]
 1627 0060 9A68     		ldr	r2, [r3, #8]
 1628 0062 7B68     		ldr	r3, [r7, #4]
 1629 0064 1B68     		ldr	r3, [r3]
 1630 0066 42F40002 		orr	r2, r2, #8388608
 1631 006a 9A60     		str	r2, [r3, #8]
 1632              	.L77:
1351:Drivers/STM32F1xx_HAL_Driver/Src/stm32f1xx_hal_can.c ****     }
1352:Drivers/STM32F1xx_HAL_Driver/Src/stm32f1xx_hal_can.c **** 
1353:Drivers/STM32F1xx_HAL_Driver/Src/stm32f1xx_hal_can.c ****     /* Return function status */
1354:Drivers/STM32F1xx_HAL_Driver/Src/stm32f1xx_hal_can.c ****     return HAL_OK;
 1633              		.loc 1 1354 12
 1634 006c 0023     		movs	r3, #0
 1635 006e 06E0     		b	.L78
 1636              	.L74:
1355:Drivers/STM32F1xx_HAL_Driver/Src/stm32f1xx_hal_can.c ****   }
1356:Drivers/STM32F1xx_HAL_Driver/Src/stm32f1xx_hal_can.c ****   else
1357:Drivers/STM32F1xx_HAL_Driver/Src/stm32f1xx_hal_can.c ****   {
1358:Drivers/STM32F1xx_HAL_Driver/Src/stm32f1xx_hal_can.c ****     /* Update error code */
1359:Drivers/STM32F1xx_HAL_Driver/Src/stm32f1xx_hal_can.c ****     hcan->ErrorCode |= HAL_CAN_ERROR_NOT_INITIALIZED;
 1637              		.loc 1 1359 21
 1638 0070 7B68     		ldr	r3, [r7, #4]
 1639 0072 5B6A     		ldr	r3, [r3, #36]
 1640 0074 43F48022 		orr	r2, r3, #262144
 1641 0078 7B68     		ldr	r3, [r7, #4]
 1642 007a 5A62     		str	r2, [r3, #36]
1360:Drivers/STM32F1xx_HAL_Driver/Src/stm32f1xx_hal_can.c **** 
1361:Drivers/STM32F1xx_HAL_Driver/Src/stm32f1xx_hal_can.c ****     return HAL_ERROR;
 1643              		.loc 1 1361 12
 1644 007c 0123     		movs	r3, #1
 1645              	.L78:
1362:Drivers/STM32F1xx_HAL_Driver/Src/stm32f1xx_hal_can.c ****   }
ARM GAS  /var/folders/g3/s0qwt8r95936n9ghz4hhpdwm0000gn/T//ccJNxob3.s 			page 54


1363:Drivers/STM32F1xx_HAL_Driver/Src/stm32f1xx_hal_can.c **** }
 1646              		.loc 1 1363 1
 1647 007e 1846     		mov	r0, r3
 1648 0080 1437     		adds	r7, r7, #20
 1649              	.LCFI65:
 1650              		.cfi_def_cfa_offset 4
 1651 0082 BD46     		mov	sp, r7
 1652              	.LCFI66:
 1653              		.cfi_def_cfa_register 13
 1654              		@ sp needed
 1655 0084 80BC     		pop	{r7}
 1656              	.LCFI67:
 1657              		.cfi_restore 7
 1658              		.cfi_def_cfa_offset 0
 1659 0086 7047     		bx	lr
 1660              		.cfi_endproc
 1661              	.LFE76:
 1663              		.section	.text.HAL_CAN_GetTxMailboxesFreeLevel,"ax",%progbits
 1664              		.align	1
 1665              		.global	HAL_CAN_GetTxMailboxesFreeLevel
 1666              		.syntax unified
 1667              		.thumb
 1668              		.thumb_func
 1670              	HAL_CAN_GetTxMailboxesFreeLevel:
 1671              	.LFB77:
1364:Drivers/STM32F1xx_HAL_Driver/Src/stm32f1xx_hal_can.c **** 
1365:Drivers/STM32F1xx_HAL_Driver/Src/stm32f1xx_hal_can.c **** /**
1366:Drivers/STM32F1xx_HAL_Driver/Src/stm32f1xx_hal_can.c ****   * @brief  Return Tx Mailboxes free level: number of free Tx Mailboxes.
1367:Drivers/STM32F1xx_HAL_Driver/Src/stm32f1xx_hal_can.c ****   * @param  hcan pointer to a CAN_HandleTypeDef structure that contains
1368:Drivers/STM32F1xx_HAL_Driver/Src/stm32f1xx_hal_can.c ****   *         the configuration information for the specified CAN.
1369:Drivers/STM32F1xx_HAL_Driver/Src/stm32f1xx_hal_can.c ****   * @retval Number of free Tx Mailboxes.
1370:Drivers/STM32F1xx_HAL_Driver/Src/stm32f1xx_hal_can.c ****   */
1371:Drivers/STM32F1xx_HAL_Driver/Src/stm32f1xx_hal_can.c **** uint32_t HAL_CAN_GetTxMailboxesFreeLevel(const CAN_HandleTypeDef *hcan)
1372:Drivers/STM32F1xx_HAL_Driver/Src/stm32f1xx_hal_can.c **** {
 1672              		.loc 1 1372 1
 1673              		.cfi_startproc
 1674              		@ args = 0, pretend = 0, frame = 16
 1675              		@ frame_needed = 1, uses_anonymous_args = 0
 1676              		@ link register save eliminated.
 1677 0000 80B4     		push	{r7}
 1678              	.LCFI68:
 1679              		.cfi_def_cfa_offset 4
 1680              		.cfi_offset 7, -4
 1681 0002 85B0     		sub	sp, sp, #20
 1682              	.LCFI69:
 1683              		.cfi_def_cfa_offset 24
 1684 0004 00AF     		add	r7, sp, #0
 1685              	.LCFI70:
 1686              		.cfi_def_cfa_register 7
 1687 0006 7860     		str	r0, [r7, #4]
1373:Drivers/STM32F1xx_HAL_Driver/Src/stm32f1xx_hal_can.c ****   uint32_t freelevel = 0U;
 1688              		.loc 1 1373 12
 1689 0008 0023     		movs	r3, #0
 1690 000a FB60     		str	r3, [r7, #12]
1374:Drivers/STM32F1xx_HAL_Driver/Src/stm32f1xx_hal_can.c ****   HAL_CAN_StateTypeDef state = hcan->State;
 1691              		.loc 1 1374 24
 1692 000c 7B68     		ldr	r3, [r7, #4]
ARM GAS  /var/folders/g3/s0qwt8r95936n9ghz4hhpdwm0000gn/T//ccJNxob3.s 			page 55


 1693 000e 93F82030 		ldrb	r3, [r3, #32]
 1694 0012 FB72     		strb	r3, [r7, #11]
1375:Drivers/STM32F1xx_HAL_Driver/Src/stm32f1xx_hal_can.c **** 
1376:Drivers/STM32F1xx_HAL_Driver/Src/stm32f1xx_hal_can.c ****   if ((state == HAL_CAN_STATE_READY) ||
 1695              		.loc 1 1376 6
 1696 0014 FB7A     		ldrb	r3, [r7, #11]	@ zero_extendqisi2
 1697 0016 012B     		cmp	r3, #1
 1698 0018 02D0     		beq	.L80
 1699              		.loc 1 1376 38 discriminator 1
 1700 001a FB7A     		ldrb	r3, [r7, #11]	@ zero_extendqisi2
 1701 001c 022B     		cmp	r3, #2
 1702 001e 1DD1     		bne	.L81
 1703              	.L80:
1377:Drivers/STM32F1xx_HAL_Driver/Src/stm32f1xx_hal_can.c ****       (state == HAL_CAN_STATE_LISTENING))
1378:Drivers/STM32F1xx_HAL_Driver/Src/stm32f1xx_hal_can.c ****   {
1379:Drivers/STM32F1xx_HAL_Driver/Src/stm32f1xx_hal_can.c ****     /* Check Tx Mailbox 0 status */
1380:Drivers/STM32F1xx_HAL_Driver/Src/stm32f1xx_hal_can.c ****     if ((hcan->Instance->TSR & CAN_TSR_TME0) != 0U)
 1704              		.loc 1 1380 14
 1705 0020 7B68     		ldr	r3, [r7, #4]
 1706 0022 1B68     		ldr	r3, [r3]
 1707              		.loc 1 1380 24
 1708 0024 9B68     		ldr	r3, [r3, #8]
 1709              		.loc 1 1380 30
 1710 0026 03F08063 		and	r3, r3, #67108864
 1711              		.loc 1 1380 8
 1712 002a 002B     		cmp	r3, #0
 1713 002c 02D0     		beq	.L82
1381:Drivers/STM32F1xx_HAL_Driver/Src/stm32f1xx_hal_can.c ****     {
1382:Drivers/STM32F1xx_HAL_Driver/Src/stm32f1xx_hal_can.c ****       freelevel++;
 1714              		.loc 1 1382 16
 1715 002e FB68     		ldr	r3, [r7, #12]
 1716 0030 0133     		adds	r3, r3, #1
 1717 0032 FB60     		str	r3, [r7, #12]
 1718              	.L82:
1383:Drivers/STM32F1xx_HAL_Driver/Src/stm32f1xx_hal_can.c ****     }
1384:Drivers/STM32F1xx_HAL_Driver/Src/stm32f1xx_hal_can.c **** 
1385:Drivers/STM32F1xx_HAL_Driver/Src/stm32f1xx_hal_can.c ****     /* Check Tx Mailbox 1 status */
1386:Drivers/STM32F1xx_HAL_Driver/Src/stm32f1xx_hal_can.c ****     if ((hcan->Instance->TSR & CAN_TSR_TME1) != 0U)
 1719              		.loc 1 1386 14
 1720 0034 7B68     		ldr	r3, [r7, #4]
 1721 0036 1B68     		ldr	r3, [r3]
 1722              		.loc 1 1386 24
 1723 0038 9B68     		ldr	r3, [r3, #8]
 1724              		.loc 1 1386 30
 1725 003a 03F00063 		and	r3, r3, #134217728
 1726              		.loc 1 1386 8
 1727 003e 002B     		cmp	r3, #0
 1728 0040 02D0     		beq	.L83
1387:Drivers/STM32F1xx_HAL_Driver/Src/stm32f1xx_hal_can.c ****     {
1388:Drivers/STM32F1xx_HAL_Driver/Src/stm32f1xx_hal_can.c ****       freelevel++;
 1729              		.loc 1 1388 16
 1730 0042 FB68     		ldr	r3, [r7, #12]
 1731 0044 0133     		adds	r3, r3, #1
 1732 0046 FB60     		str	r3, [r7, #12]
 1733              	.L83:
1389:Drivers/STM32F1xx_HAL_Driver/Src/stm32f1xx_hal_can.c ****     }
1390:Drivers/STM32F1xx_HAL_Driver/Src/stm32f1xx_hal_can.c **** 
ARM GAS  /var/folders/g3/s0qwt8r95936n9ghz4hhpdwm0000gn/T//ccJNxob3.s 			page 56


1391:Drivers/STM32F1xx_HAL_Driver/Src/stm32f1xx_hal_can.c ****     /* Check Tx Mailbox 2 status */
1392:Drivers/STM32F1xx_HAL_Driver/Src/stm32f1xx_hal_can.c ****     if ((hcan->Instance->TSR & CAN_TSR_TME2) != 0U)
 1734              		.loc 1 1392 14
 1735 0048 7B68     		ldr	r3, [r7, #4]
 1736 004a 1B68     		ldr	r3, [r3]
 1737              		.loc 1 1392 24
 1738 004c 9B68     		ldr	r3, [r3, #8]
 1739              		.loc 1 1392 30
 1740 004e 03F08053 		and	r3, r3, #268435456
 1741              		.loc 1 1392 8
 1742 0052 002B     		cmp	r3, #0
 1743 0054 02D0     		beq	.L81
1393:Drivers/STM32F1xx_HAL_Driver/Src/stm32f1xx_hal_can.c ****     {
1394:Drivers/STM32F1xx_HAL_Driver/Src/stm32f1xx_hal_can.c ****       freelevel++;
 1744              		.loc 1 1394 16
 1745 0056 FB68     		ldr	r3, [r7, #12]
 1746 0058 0133     		adds	r3, r3, #1
 1747 005a FB60     		str	r3, [r7, #12]
 1748              	.L81:
1395:Drivers/STM32F1xx_HAL_Driver/Src/stm32f1xx_hal_can.c ****     }
1396:Drivers/STM32F1xx_HAL_Driver/Src/stm32f1xx_hal_can.c ****   }
1397:Drivers/STM32F1xx_HAL_Driver/Src/stm32f1xx_hal_can.c **** 
1398:Drivers/STM32F1xx_HAL_Driver/Src/stm32f1xx_hal_can.c ****   /* Return Tx Mailboxes free level */
1399:Drivers/STM32F1xx_HAL_Driver/Src/stm32f1xx_hal_can.c ****   return freelevel;
 1749              		.loc 1 1399 10
 1750 005c FB68     		ldr	r3, [r7, #12]
1400:Drivers/STM32F1xx_HAL_Driver/Src/stm32f1xx_hal_can.c **** }
 1751              		.loc 1 1400 1
 1752 005e 1846     		mov	r0, r3
 1753 0060 1437     		adds	r7, r7, #20
 1754              	.LCFI71:
 1755              		.cfi_def_cfa_offset 4
 1756 0062 BD46     		mov	sp, r7
 1757              	.LCFI72:
 1758              		.cfi_def_cfa_register 13
 1759              		@ sp needed
 1760 0064 80BC     		pop	{r7}
 1761              	.LCFI73:
 1762              		.cfi_restore 7
 1763              		.cfi_def_cfa_offset 0
 1764 0066 7047     		bx	lr
 1765              		.cfi_endproc
 1766              	.LFE77:
 1768              		.section	.text.HAL_CAN_IsTxMessagePending,"ax",%progbits
 1769              		.align	1
 1770              		.global	HAL_CAN_IsTxMessagePending
 1771              		.syntax unified
 1772              		.thumb
 1773              		.thumb_func
 1775              	HAL_CAN_IsTxMessagePending:
 1776              	.LFB78:
1401:Drivers/STM32F1xx_HAL_Driver/Src/stm32f1xx_hal_can.c **** 
1402:Drivers/STM32F1xx_HAL_Driver/Src/stm32f1xx_hal_can.c **** /**
1403:Drivers/STM32F1xx_HAL_Driver/Src/stm32f1xx_hal_can.c ****   * @brief  Check if a transmission request is pending on the selected Tx
1404:Drivers/STM32F1xx_HAL_Driver/Src/stm32f1xx_hal_can.c ****   *         Mailboxes.
1405:Drivers/STM32F1xx_HAL_Driver/Src/stm32f1xx_hal_can.c ****   * @param  hcan pointer to an CAN_HandleTypeDef structure that contains
1406:Drivers/STM32F1xx_HAL_Driver/Src/stm32f1xx_hal_can.c ****   *         the configuration information for the specified CAN.
ARM GAS  /var/folders/g3/s0qwt8r95936n9ghz4hhpdwm0000gn/T//ccJNxob3.s 			page 57


1407:Drivers/STM32F1xx_HAL_Driver/Src/stm32f1xx_hal_can.c ****   * @param  TxMailboxes List of Tx Mailboxes to check.
1408:Drivers/STM32F1xx_HAL_Driver/Src/stm32f1xx_hal_can.c ****   *         This parameter can be any combination of @arg CAN_Tx_Mailboxes.
1409:Drivers/STM32F1xx_HAL_Driver/Src/stm32f1xx_hal_can.c ****   * @retval Status
1410:Drivers/STM32F1xx_HAL_Driver/Src/stm32f1xx_hal_can.c ****   *          - 0 : No pending transmission request on any selected Tx Mailboxes.
1411:Drivers/STM32F1xx_HAL_Driver/Src/stm32f1xx_hal_can.c ****   *          - 1 : Pending transmission request on at least one of the selected
1412:Drivers/STM32F1xx_HAL_Driver/Src/stm32f1xx_hal_can.c ****   *                Tx Mailbox.
1413:Drivers/STM32F1xx_HAL_Driver/Src/stm32f1xx_hal_can.c ****   */
1414:Drivers/STM32F1xx_HAL_Driver/Src/stm32f1xx_hal_can.c **** uint32_t HAL_CAN_IsTxMessagePending(const CAN_HandleTypeDef *hcan, uint32_t TxMailboxes)
1415:Drivers/STM32F1xx_HAL_Driver/Src/stm32f1xx_hal_can.c **** {
 1777              		.loc 1 1415 1
 1778              		.cfi_startproc
 1779              		@ args = 0, pretend = 0, frame = 16
 1780              		@ frame_needed = 1, uses_anonymous_args = 0
 1781              		@ link register save eliminated.
 1782 0000 80B4     		push	{r7}
 1783              	.LCFI74:
 1784              		.cfi_def_cfa_offset 4
 1785              		.cfi_offset 7, -4
 1786 0002 85B0     		sub	sp, sp, #20
 1787              	.LCFI75:
 1788              		.cfi_def_cfa_offset 24
 1789 0004 00AF     		add	r7, sp, #0
 1790              	.LCFI76:
 1791              		.cfi_def_cfa_register 7
 1792 0006 7860     		str	r0, [r7, #4]
 1793 0008 3960     		str	r1, [r7]
1416:Drivers/STM32F1xx_HAL_Driver/Src/stm32f1xx_hal_can.c ****   uint32_t status = 0U;
 1794              		.loc 1 1416 12
 1795 000a 0023     		movs	r3, #0
 1796 000c FB60     		str	r3, [r7, #12]
1417:Drivers/STM32F1xx_HAL_Driver/Src/stm32f1xx_hal_can.c ****   HAL_CAN_StateTypeDef state = hcan->State;
 1797              		.loc 1 1417 24
 1798 000e 7B68     		ldr	r3, [r7, #4]
 1799 0010 93F82030 		ldrb	r3, [r3, #32]
 1800 0014 FB72     		strb	r3, [r7, #11]
1418:Drivers/STM32F1xx_HAL_Driver/Src/stm32f1xx_hal_can.c **** 
1419:Drivers/STM32F1xx_HAL_Driver/Src/stm32f1xx_hal_can.c ****   /* Check function parameters */
1420:Drivers/STM32F1xx_HAL_Driver/Src/stm32f1xx_hal_can.c ****   assert_param(IS_CAN_TX_MAILBOX_LIST(TxMailboxes));
1421:Drivers/STM32F1xx_HAL_Driver/Src/stm32f1xx_hal_can.c **** 
1422:Drivers/STM32F1xx_HAL_Driver/Src/stm32f1xx_hal_can.c ****   if ((state == HAL_CAN_STATE_READY) ||
 1801              		.loc 1 1422 6
 1802 0016 FB7A     		ldrb	r3, [r7, #11]	@ zero_extendqisi2
 1803 0018 012B     		cmp	r3, #1
 1804 001a 02D0     		beq	.L86
 1805              		.loc 1 1422 38 discriminator 1
 1806 001c FB7A     		ldrb	r3, [r7, #11]	@ zero_extendqisi2
 1807 001e 022B     		cmp	r3, #2
 1808 0020 0BD1     		bne	.L87
 1809              	.L86:
1423:Drivers/STM32F1xx_HAL_Driver/Src/stm32f1xx_hal_can.c ****       (state == HAL_CAN_STATE_LISTENING))
1424:Drivers/STM32F1xx_HAL_Driver/Src/stm32f1xx_hal_can.c ****   {
1425:Drivers/STM32F1xx_HAL_Driver/Src/stm32f1xx_hal_can.c ****     /* Check pending transmission request on the selected Tx Mailboxes */
1426:Drivers/STM32F1xx_HAL_Driver/Src/stm32f1xx_hal_can.c ****     if ((hcan->Instance->TSR & (TxMailboxes << CAN_TSR_TME0_Pos)) != (TxMailboxes << CAN_TSR_TME0_P
 1810              		.loc 1 1426 14
 1811 0022 7B68     		ldr	r3, [r7, #4]
 1812 0024 1B68     		ldr	r3, [r3]
 1813              		.loc 1 1426 24
ARM GAS  /var/folders/g3/s0qwt8r95936n9ghz4hhpdwm0000gn/T//ccJNxob3.s 			page 58


 1814 0026 9A68     		ldr	r2, [r3, #8]
 1815              		.loc 1 1426 45
 1816 0028 3B68     		ldr	r3, [r7]
 1817 002a 9B06     		lsls	r3, r3, #26
 1818              		.loc 1 1426 30
 1819 002c 1A40     		ands	r2, r2, r3
 1820              		.loc 1 1426 83
 1821 002e 3B68     		ldr	r3, [r7]
 1822 0030 9B06     		lsls	r3, r3, #26
 1823              		.loc 1 1426 8
 1824 0032 9A42     		cmp	r2, r3
 1825 0034 01D0     		beq	.L87
1427:Drivers/STM32F1xx_HAL_Driver/Src/stm32f1xx_hal_can.c ****     {
1428:Drivers/STM32F1xx_HAL_Driver/Src/stm32f1xx_hal_can.c ****       status = 1U;
 1826              		.loc 1 1428 14
 1827 0036 0123     		movs	r3, #1
 1828 0038 FB60     		str	r3, [r7, #12]
 1829              	.L87:
1429:Drivers/STM32F1xx_HAL_Driver/Src/stm32f1xx_hal_can.c ****     }
1430:Drivers/STM32F1xx_HAL_Driver/Src/stm32f1xx_hal_can.c ****   }
1431:Drivers/STM32F1xx_HAL_Driver/Src/stm32f1xx_hal_can.c **** 
1432:Drivers/STM32F1xx_HAL_Driver/Src/stm32f1xx_hal_can.c ****   /* Return status */
1433:Drivers/STM32F1xx_HAL_Driver/Src/stm32f1xx_hal_can.c ****   return status;
 1830              		.loc 1 1433 10
 1831 003a FB68     		ldr	r3, [r7, #12]
1434:Drivers/STM32F1xx_HAL_Driver/Src/stm32f1xx_hal_can.c **** }
 1832              		.loc 1 1434 1
 1833 003c 1846     		mov	r0, r3
 1834 003e 1437     		adds	r7, r7, #20
 1835              	.LCFI77:
 1836              		.cfi_def_cfa_offset 4
 1837 0040 BD46     		mov	sp, r7
 1838              	.LCFI78:
 1839              		.cfi_def_cfa_register 13
 1840              		@ sp needed
 1841 0042 80BC     		pop	{r7}
 1842              	.LCFI79:
 1843              		.cfi_restore 7
 1844              		.cfi_def_cfa_offset 0
 1845 0044 7047     		bx	lr
 1846              		.cfi_endproc
 1847              	.LFE78:
 1849              		.section	.text.HAL_CAN_GetTxTimestamp,"ax",%progbits
 1850              		.align	1
 1851              		.global	HAL_CAN_GetTxTimestamp
 1852              		.syntax unified
 1853              		.thumb
 1854              		.thumb_func
 1856              	HAL_CAN_GetTxTimestamp:
 1857              	.LFB79:
1435:Drivers/STM32F1xx_HAL_Driver/Src/stm32f1xx_hal_can.c **** 
1436:Drivers/STM32F1xx_HAL_Driver/Src/stm32f1xx_hal_can.c **** /**
1437:Drivers/STM32F1xx_HAL_Driver/Src/stm32f1xx_hal_can.c ****   * @brief  Return timestamp of Tx message sent, if time triggered communication
1438:Drivers/STM32F1xx_HAL_Driver/Src/stm32f1xx_hal_can.c ****             mode is enabled.
1439:Drivers/STM32F1xx_HAL_Driver/Src/stm32f1xx_hal_can.c ****   * @param  hcan pointer to a CAN_HandleTypeDef structure that contains
1440:Drivers/STM32F1xx_HAL_Driver/Src/stm32f1xx_hal_can.c ****   *         the configuration information for the specified CAN.
1441:Drivers/STM32F1xx_HAL_Driver/Src/stm32f1xx_hal_can.c ****   * @param  TxMailbox Tx Mailbox where the timestamp of message sent will be
ARM GAS  /var/folders/g3/s0qwt8r95936n9ghz4hhpdwm0000gn/T//ccJNxob3.s 			page 59


1442:Drivers/STM32F1xx_HAL_Driver/Src/stm32f1xx_hal_can.c ****   *         read.
1443:Drivers/STM32F1xx_HAL_Driver/Src/stm32f1xx_hal_can.c ****   *         This parameter can be one value of @arg CAN_Tx_Mailboxes.
1444:Drivers/STM32F1xx_HAL_Driver/Src/stm32f1xx_hal_can.c ****   * @retval Timestamp of message sent from Tx Mailbox.
1445:Drivers/STM32F1xx_HAL_Driver/Src/stm32f1xx_hal_can.c ****   */
1446:Drivers/STM32F1xx_HAL_Driver/Src/stm32f1xx_hal_can.c **** uint32_t HAL_CAN_GetTxTimestamp(const CAN_HandleTypeDef *hcan, uint32_t TxMailbox)
1447:Drivers/STM32F1xx_HAL_Driver/Src/stm32f1xx_hal_can.c **** {
 1858              		.loc 1 1447 1
 1859              		.cfi_startproc
 1860              		@ args = 0, pretend = 0, frame = 32
 1861              		@ frame_needed = 1, uses_anonymous_args = 0
 1862              		@ link register save eliminated.
 1863 0000 80B4     		push	{r7}
 1864              	.LCFI80:
 1865              		.cfi_def_cfa_offset 4
 1866              		.cfi_offset 7, -4
 1867 0002 89B0     		sub	sp, sp, #36
 1868              	.LCFI81:
 1869              		.cfi_def_cfa_offset 40
 1870 0004 00AF     		add	r7, sp, #0
 1871              	.LCFI82:
 1872              		.cfi_def_cfa_register 7
 1873 0006 7860     		str	r0, [r7, #4]
 1874 0008 3960     		str	r1, [r7]
1448:Drivers/STM32F1xx_HAL_Driver/Src/stm32f1xx_hal_can.c ****   uint32_t timestamp = 0U;
 1875              		.loc 1 1448 12
 1876 000a 0023     		movs	r3, #0
 1877 000c FB61     		str	r3, [r7, #28]
1449:Drivers/STM32F1xx_HAL_Driver/Src/stm32f1xx_hal_can.c ****   uint32_t transmitmailbox;
1450:Drivers/STM32F1xx_HAL_Driver/Src/stm32f1xx_hal_can.c ****   HAL_CAN_StateTypeDef state = hcan->State;
 1878              		.loc 1 1450 24
 1879 000e 7B68     		ldr	r3, [r7, #4]
 1880 0010 93F82030 		ldrb	r3, [r3, #32]
 1881 0014 FB76     		strb	r3, [r7, #27]
1451:Drivers/STM32F1xx_HAL_Driver/Src/stm32f1xx_hal_can.c **** 
1452:Drivers/STM32F1xx_HAL_Driver/Src/stm32f1xx_hal_can.c ****   /* Check function parameters */
1453:Drivers/STM32F1xx_HAL_Driver/Src/stm32f1xx_hal_can.c ****   assert_param(IS_CAN_TX_MAILBOX(TxMailbox));
1454:Drivers/STM32F1xx_HAL_Driver/Src/stm32f1xx_hal_can.c **** 
1455:Drivers/STM32F1xx_HAL_Driver/Src/stm32f1xx_hal_can.c ****   if ((state == HAL_CAN_STATE_READY) ||
 1882              		.loc 1 1455 6
 1883 0016 FB7E     		ldrb	r3, [r7, #27]	@ zero_extendqisi2
 1884 0018 012B     		cmp	r3, #1
 1885 001a 02D0     		beq	.L90
 1886              		.loc 1 1455 38 discriminator 1
 1887 001c FB7E     		ldrb	r3, [r7, #27]	@ zero_extendqisi2
 1888 001e 022B     		cmp	r3, #2
 1889 0020 15D1     		bne	.L91
 1890              	.L90:
 1891 0022 3B68     		ldr	r3, [r7]
 1892 0024 3B61     		str	r3, [r7, #16]
 1893              	.LBB4:
 1894              	.LBB5:
 1895              		.file 2 "Drivers/CMSIS/Include/cmsis_gcc.h"
   1:Drivers/CMSIS/Include/cmsis_gcc.h **** /**************************************************************************//**
   2:Drivers/CMSIS/Include/cmsis_gcc.h ****  * @file     cmsis_gcc.h
   3:Drivers/CMSIS/Include/cmsis_gcc.h ****  * @brief    CMSIS compiler GCC header file
   4:Drivers/CMSIS/Include/cmsis_gcc.h ****  * @version  V5.0.4
   5:Drivers/CMSIS/Include/cmsis_gcc.h ****  * @date     09. April 2018
ARM GAS  /var/folders/g3/s0qwt8r95936n9ghz4hhpdwm0000gn/T//ccJNxob3.s 			page 60


   6:Drivers/CMSIS/Include/cmsis_gcc.h ****  ******************************************************************************/
   7:Drivers/CMSIS/Include/cmsis_gcc.h **** /*
   8:Drivers/CMSIS/Include/cmsis_gcc.h ****  * Copyright (c) 2009-2018 Arm Limited. All rights reserved.
   9:Drivers/CMSIS/Include/cmsis_gcc.h ****  *
  10:Drivers/CMSIS/Include/cmsis_gcc.h ****  * SPDX-License-Identifier: Apache-2.0
  11:Drivers/CMSIS/Include/cmsis_gcc.h ****  *
  12:Drivers/CMSIS/Include/cmsis_gcc.h ****  * Licensed under the Apache License, Version 2.0 (the License); you may
  13:Drivers/CMSIS/Include/cmsis_gcc.h ****  * not use this file except in compliance with the License.
  14:Drivers/CMSIS/Include/cmsis_gcc.h ****  * You may obtain a copy of the License at
  15:Drivers/CMSIS/Include/cmsis_gcc.h ****  *
  16:Drivers/CMSIS/Include/cmsis_gcc.h ****  * www.apache.org/licenses/LICENSE-2.0
  17:Drivers/CMSIS/Include/cmsis_gcc.h ****  *
  18:Drivers/CMSIS/Include/cmsis_gcc.h ****  * Unless required by applicable law or agreed to in writing, software
  19:Drivers/CMSIS/Include/cmsis_gcc.h ****  * distributed under the License is distributed on an AS IS BASIS, WITHOUT
  20:Drivers/CMSIS/Include/cmsis_gcc.h ****  * WARRANTIES OR CONDITIONS OF ANY KIND, either express or implied.
  21:Drivers/CMSIS/Include/cmsis_gcc.h ****  * See the License for the specific language governing permissions and
  22:Drivers/CMSIS/Include/cmsis_gcc.h ****  * limitations under the License.
  23:Drivers/CMSIS/Include/cmsis_gcc.h ****  */
  24:Drivers/CMSIS/Include/cmsis_gcc.h **** 
  25:Drivers/CMSIS/Include/cmsis_gcc.h **** #ifndef __CMSIS_GCC_H
  26:Drivers/CMSIS/Include/cmsis_gcc.h **** #define __CMSIS_GCC_H
  27:Drivers/CMSIS/Include/cmsis_gcc.h **** 
  28:Drivers/CMSIS/Include/cmsis_gcc.h **** /* ignore some GCC warnings */
  29:Drivers/CMSIS/Include/cmsis_gcc.h **** #pragma GCC diagnostic push
  30:Drivers/CMSIS/Include/cmsis_gcc.h **** #pragma GCC diagnostic ignored "-Wsign-conversion"
  31:Drivers/CMSIS/Include/cmsis_gcc.h **** #pragma GCC diagnostic ignored "-Wconversion"
  32:Drivers/CMSIS/Include/cmsis_gcc.h **** #pragma GCC diagnostic ignored "-Wunused-parameter"
  33:Drivers/CMSIS/Include/cmsis_gcc.h **** 
  34:Drivers/CMSIS/Include/cmsis_gcc.h **** /* Fallback for __has_builtin */
  35:Drivers/CMSIS/Include/cmsis_gcc.h **** #ifndef __has_builtin
  36:Drivers/CMSIS/Include/cmsis_gcc.h ****   #define __has_builtin(x) (0)
  37:Drivers/CMSIS/Include/cmsis_gcc.h **** #endif
  38:Drivers/CMSIS/Include/cmsis_gcc.h **** 
  39:Drivers/CMSIS/Include/cmsis_gcc.h **** /* CMSIS compiler specific defines */
  40:Drivers/CMSIS/Include/cmsis_gcc.h **** #ifndef   __ASM
  41:Drivers/CMSIS/Include/cmsis_gcc.h ****   #define __ASM                                  __asm
  42:Drivers/CMSIS/Include/cmsis_gcc.h **** #endif
  43:Drivers/CMSIS/Include/cmsis_gcc.h **** #ifndef   __INLINE
  44:Drivers/CMSIS/Include/cmsis_gcc.h ****   #define __INLINE                               inline
  45:Drivers/CMSIS/Include/cmsis_gcc.h **** #endif
  46:Drivers/CMSIS/Include/cmsis_gcc.h **** #ifndef   __STATIC_INLINE
  47:Drivers/CMSIS/Include/cmsis_gcc.h ****   #define __STATIC_INLINE                        static inline
  48:Drivers/CMSIS/Include/cmsis_gcc.h **** #endif
  49:Drivers/CMSIS/Include/cmsis_gcc.h **** #ifndef   __STATIC_FORCEINLINE                 
  50:Drivers/CMSIS/Include/cmsis_gcc.h ****   #define __STATIC_FORCEINLINE                   __attribute__((always_inline)) static inline
  51:Drivers/CMSIS/Include/cmsis_gcc.h **** #endif                                           
  52:Drivers/CMSIS/Include/cmsis_gcc.h **** #ifndef   __NO_RETURN
  53:Drivers/CMSIS/Include/cmsis_gcc.h ****   #define __NO_RETURN                            __attribute__((__noreturn__))
  54:Drivers/CMSIS/Include/cmsis_gcc.h **** #endif
  55:Drivers/CMSIS/Include/cmsis_gcc.h **** #ifndef   __USED
  56:Drivers/CMSIS/Include/cmsis_gcc.h ****   #define __USED                                 __attribute__((used))
  57:Drivers/CMSIS/Include/cmsis_gcc.h **** #endif
  58:Drivers/CMSIS/Include/cmsis_gcc.h **** #ifndef   __WEAK
  59:Drivers/CMSIS/Include/cmsis_gcc.h ****   #define __WEAK                                 __attribute__((weak))
  60:Drivers/CMSIS/Include/cmsis_gcc.h **** #endif
  61:Drivers/CMSIS/Include/cmsis_gcc.h **** #ifndef   __PACKED
  62:Drivers/CMSIS/Include/cmsis_gcc.h ****   #define __PACKED                               __attribute__((packed, aligned(1)))
ARM GAS  /var/folders/g3/s0qwt8r95936n9ghz4hhpdwm0000gn/T//ccJNxob3.s 			page 61


  63:Drivers/CMSIS/Include/cmsis_gcc.h **** #endif
  64:Drivers/CMSIS/Include/cmsis_gcc.h **** #ifndef   __PACKED_STRUCT
  65:Drivers/CMSIS/Include/cmsis_gcc.h ****   #define __PACKED_STRUCT                        struct __attribute__((packed, aligned(1)))
  66:Drivers/CMSIS/Include/cmsis_gcc.h **** #endif
  67:Drivers/CMSIS/Include/cmsis_gcc.h **** #ifndef   __PACKED_UNION
  68:Drivers/CMSIS/Include/cmsis_gcc.h ****   #define __PACKED_UNION                         union __attribute__((packed, aligned(1)))
  69:Drivers/CMSIS/Include/cmsis_gcc.h **** #endif
  70:Drivers/CMSIS/Include/cmsis_gcc.h **** #ifndef   __UNALIGNED_UINT32        /* deprecated */
  71:Drivers/CMSIS/Include/cmsis_gcc.h ****   #pragma GCC diagnostic push
  72:Drivers/CMSIS/Include/cmsis_gcc.h ****   #pragma GCC diagnostic ignored "-Wpacked"
  73:Drivers/CMSIS/Include/cmsis_gcc.h ****   #pragma GCC diagnostic ignored "-Wattributes"
  74:Drivers/CMSIS/Include/cmsis_gcc.h ****   struct __attribute__((packed)) T_UINT32 { uint32_t v; };
  75:Drivers/CMSIS/Include/cmsis_gcc.h ****   #pragma GCC diagnostic pop
  76:Drivers/CMSIS/Include/cmsis_gcc.h ****   #define __UNALIGNED_UINT32(x)                  (((struct T_UINT32 *)(x))->v)
  77:Drivers/CMSIS/Include/cmsis_gcc.h **** #endif
  78:Drivers/CMSIS/Include/cmsis_gcc.h **** #ifndef   __UNALIGNED_UINT16_WRITE
  79:Drivers/CMSIS/Include/cmsis_gcc.h ****   #pragma GCC diagnostic push
  80:Drivers/CMSIS/Include/cmsis_gcc.h ****   #pragma GCC diagnostic ignored "-Wpacked"
  81:Drivers/CMSIS/Include/cmsis_gcc.h ****   #pragma GCC diagnostic ignored "-Wattributes"
  82:Drivers/CMSIS/Include/cmsis_gcc.h ****   __PACKED_STRUCT T_UINT16_WRITE { uint16_t v; };
  83:Drivers/CMSIS/Include/cmsis_gcc.h ****   #pragma GCC diagnostic pop
  84:Drivers/CMSIS/Include/cmsis_gcc.h ****   #define __UNALIGNED_UINT16_WRITE(addr, val)    (void)((((struct T_UINT16_WRITE *)(void *)(addr))-
  85:Drivers/CMSIS/Include/cmsis_gcc.h **** #endif
  86:Drivers/CMSIS/Include/cmsis_gcc.h **** #ifndef   __UNALIGNED_UINT16_READ
  87:Drivers/CMSIS/Include/cmsis_gcc.h ****   #pragma GCC diagnostic push
  88:Drivers/CMSIS/Include/cmsis_gcc.h ****   #pragma GCC diagnostic ignored "-Wpacked"
  89:Drivers/CMSIS/Include/cmsis_gcc.h ****   #pragma GCC diagnostic ignored "-Wattributes"
  90:Drivers/CMSIS/Include/cmsis_gcc.h ****   __PACKED_STRUCT T_UINT16_READ { uint16_t v; };
  91:Drivers/CMSIS/Include/cmsis_gcc.h ****   #pragma GCC diagnostic pop
  92:Drivers/CMSIS/Include/cmsis_gcc.h ****   #define __UNALIGNED_UINT16_READ(addr)          (((const struct T_UINT16_READ *)(const void *)(add
  93:Drivers/CMSIS/Include/cmsis_gcc.h **** #endif
  94:Drivers/CMSIS/Include/cmsis_gcc.h **** #ifndef   __UNALIGNED_UINT32_WRITE
  95:Drivers/CMSIS/Include/cmsis_gcc.h ****   #pragma GCC diagnostic push
  96:Drivers/CMSIS/Include/cmsis_gcc.h ****   #pragma GCC diagnostic ignored "-Wpacked"
  97:Drivers/CMSIS/Include/cmsis_gcc.h ****   #pragma GCC diagnostic ignored "-Wattributes"
  98:Drivers/CMSIS/Include/cmsis_gcc.h ****   __PACKED_STRUCT T_UINT32_WRITE { uint32_t v; };
  99:Drivers/CMSIS/Include/cmsis_gcc.h ****   #pragma GCC diagnostic pop
 100:Drivers/CMSIS/Include/cmsis_gcc.h ****   #define __UNALIGNED_UINT32_WRITE(addr, val)    (void)((((struct T_UINT32_WRITE *)(void *)(addr))-
 101:Drivers/CMSIS/Include/cmsis_gcc.h **** #endif
 102:Drivers/CMSIS/Include/cmsis_gcc.h **** #ifndef   __UNALIGNED_UINT32_READ
 103:Drivers/CMSIS/Include/cmsis_gcc.h ****   #pragma GCC diagnostic push
 104:Drivers/CMSIS/Include/cmsis_gcc.h ****   #pragma GCC diagnostic ignored "-Wpacked"
 105:Drivers/CMSIS/Include/cmsis_gcc.h ****   #pragma GCC diagnostic ignored "-Wattributes"
 106:Drivers/CMSIS/Include/cmsis_gcc.h ****   __PACKED_STRUCT T_UINT32_READ { uint32_t v; };
 107:Drivers/CMSIS/Include/cmsis_gcc.h ****   #pragma GCC diagnostic pop
 108:Drivers/CMSIS/Include/cmsis_gcc.h ****   #define __UNALIGNED_UINT32_READ(addr)          (((const struct T_UINT32_READ *)(const void *)(add
 109:Drivers/CMSIS/Include/cmsis_gcc.h **** #endif
 110:Drivers/CMSIS/Include/cmsis_gcc.h **** #ifndef   __ALIGNED
 111:Drivers/CMSIS/Include/cmsis_gcc.h ****   #define __ALIGNED(x)                           __attribute__((aligned(x)))
 112:Drivers/CMSIS/Include/cmsis_gcc.h **** #endif
 113:Drivers/CMSIS/Include/cmsis_gcc.h **** #ifndef   __RESTRICT
 114:Drivers/CMSIS/Include/cmsis_gcc.h ****   #define __RESTRICT                             __restrict
 115:Drivers/CMSIS/Include/cmsis_gcc.h **** #endif
 116:Drivers/CMSIS/Include/cmsis_gcc.h **** 
 117:Drivers/CMSIS/Include/cmsis_gcc.h **** 
 118:Drivers/CMSIS/Include/cmsis_gcc.h **** /* ###########################  Core Function Access  ########################### */
 119:Drivers/CMSIS/Include/cmsis_gcc.h **** /** \ingroup  CMSIS_Core_FunctionInterface
ARM GAS  /var/folders/g3/s0qwt8r95936n9ghz4hhpdwm0000gn/T//ccJNxob3.s 			page 62


 120:Drivers/CMSIS/Include/cmsis_gcc.h ****     \defgroup CMSIS_Core_RegAccFunctions CMSIS Core Register Access Functions
 121:Drivers/CMSIS/Include/cmsis_gcc.h ****   @{
 122:Drivers/CMSIS/Include/cmsis_gcc.h ****  */
 123:Drivers/CMSIS/Include/cmsis_gcc.h **** 
 124:Drivers/CMSIS/Include/cmsis_gcc.h **** /**
 125:Drivers/CMSIS/Include/cmsis_gcc.h ****   \brief   Enable IRQ Interrupts
 126:Drivers/CMSIS/Include/cmsis_gcc.h ****   \details Enables IRQ interrupts by clearing the I-bit in the CPSR.
 127:Drivers/CMSIS/Include/cmsis_gcc.h ****            Can only be executed in Privileged modes.
 128:Drivers/CMSIS/Include/cmsis_gcc.h ****  */
 129:Drivers/CMSIS/Include/cmsis_gcc.h **** __STATIC_FORCEINLINE void __enable_irq(void)
 130:Drivers/CMSIS/Include/cmsis_gcc.h **** {
 131:Drivers/CMSIS/Include/cmsis_gcc.h ****   __ASM volatile ("cpsie i" : : : "memory");
 132:Drivers/CMSIS/Include/cmsis_gcc.h **** }
 133:Drivers/CMSIS/Include/cmsis_gcc.h **** 
 134:Drivers/CMSIS/Include/cmsis_gcc.h **** 
 135:Drivers/CMSIS/Include/cmsis_gcc.h **** /**
 136:Drivers/CMSIS/Include/cmsis_gcc.h ****   \brief   Disable IRQ Interrupts
 137:Drivers/CMSIS/Include/cmsis_gcc.h ****   \details Disables IRQ interrupts by setting the I-bit in the CPSR.
 138:Drivers/CMSIS/Include/cmsis_gcc.h ****            Can only be executed in Privileged modes.
 139:Drivers/CMSIS/Include/cmsis_gcc.h ****  */
 140:Drivers/CMSIS/Include/cmsis_gcc.h **** __STATIC_FORCEINLINE void __disable_irq(void)
 141:Drivers/CMSIS/Include/cmsis_gcc.h **** {
 142:Drivers/CMSIS/Include/cmsis_gcc.h ****   __ASM volatile ("cpsid i" : : : "memory");
 143:Drivers/CMSIS/Include/cmsis_gcc.h **** }
 144:Drivers/CMSIS/Include/cmsis_gcc.h **** 
 145:Drivers/CMSIS/Include/cmsis_gcc.h **** 
 146:Drivers/CMSIS/Include/cmsis_gcc.h **** /**
 147:Drivers/CMSIS/Include/cmsis_gcc.h ****   \brief   Get Control Register
 148:Drivers/CMSIS/Include/cmsis_gcc.h ****   \details Returns the content of the Control Register.
 149:Drivers/CMSIS/Include/cmsis_gcc.h ****   \return               Control Register value
 150:Drivers/CMSIS/Include/cmsis_gcc.h ****  */
 151:Drivers/CMSIS/Include/cmsis_gcc.h **** __STATIC_FORCEINLINE uint32_t __get_CONTROL(void)
 152:Drivers/CMSIS/Include/cmsis_gcc.h **** {
 153:Drivers/CMSIS/Include/cmsis_gcc.h ****   uint32_t result;
 154:Drivers/CMSIS/Include/cmsis_gcc.h **** 
 155:Drivers/CMSIS/Include/cmsis_gcc.h ****   __ASM volatile ("MRS %0, control" : "=r" (result) );
 156:Drivers/CMSIS/Include/cmsis_gcc.h ****   return(result);
 157:Drivers/CMSIS/Include/cmsis_gcc.h **** }
 158:Drivers/CMSIS/Include/cmsis_gcc.h **** 
 159:Drivers/CMSIS/Include/cmsis_gcc.h **** 
 160:Drivers/CMSIS/Include/cmsis_gcc.h **** #if (defined (__ARM_FEATURE_CMSE ) && (__ARM_FEATURE_CMSE == 3))
 161:Drivers/CMSIS/Include/cmsis_gcc.h **** /**
 162:Drivers/CMSIS/Include/cmsis_gcc.h ****   \brief   Get Control Register (non-secure)
 163:Drivers/CMSIS/Include/cmsis_gcc.h ****   \details Returns the content of the non-secure Control Register when in secure mode.
 164:Drivers/CMSIS/Include/cmsis_gcc.h ****   \return               non-secure Control Register value
 165:Drivers/CMSIS/Include/cmsis_gcc.h ****  */
 166:Drivers/CMSIS/Include/cmsis_gcc.h **** __STATIC_FORCEINLINE uint32_t __TZ_get_CONTROL_NS(void)
 167:Drivers/CMSIS/Include/cmsis_gcc.h **** {
 168:Drivers/CMSIS/Include/cmsis_gcc.h ****   uint32_t result;
 169:Drivers/CMSIS/Include/cmsis_gcc.h **** 
 170:Drivers/CMSIS/Include/cmsis_gcc.h ****   __ASM volatile ("MRS %0, control_ns" : "=r" (result) );
 171:Drivers/CMSIS/Include/cmsis_gcc.h ****   return(result);
 172:Drivers/CMSIS/Include/cmsis_gcc.h **** }
 173:Drivers/CMSIS/Include/cmsis_gcc.h **** #endif
 174:Drivers/CMSIS/Include/cmsis_gcc.h **** 
 175:Drivers/CMSIS/Include/cmsis_gcc.h **** 
 176:Drivers/CMSIS/Include/cmsis_gcc.h **** /**
ARM GAS  /var/folders/g3/s0qwt8r95936n9ghz4hhpdwm0000gn/T//ccJNxob3.s 			page 63


 177:Drivers/CMSIS/Include/cmsis_gcc.h ****   \brief   Set Control Register
 178:Drivers/CMSIS/Include/cmsis_gcc.h ****   \details Writes the given value to the Control Register.
 179:Drivers/CMSIS/Include/cmsis_gcc.h ****   \param [in]    control  Control Register value to set
 180:Drivers/CMSIS/Include/cmsis_gcc.h ****  */
 181:Drivers/CMSIS/Include/cmsis_gcc.h **** __STATIC_FORCEINLINE void __set_CONTROL(uint32_t control)
 182:Drivers/CMSIS/Include/cmsis_gcc.h **** {
 183:Drivers/CMSIS/Include/cmsis_gcc.h ****   __ASM volatile ("MSR control, %0" : : "r" (control) : "memory");
 184:Drivers/CMSIS/Include/cmsis_gcc.h **** }
 185:Drivers/CMSIS/Include/cmsis_gcc.h **** 
 186:Drivers/CMSIS/Include/cmsis_gcc.h **** 
 187:Drivers/CMSIS/Include/cmsis_gcc.h **** #if (defined (__ARM_FEATURE_CMSE ) && (__ARM_FEATURE_CMSE == 3))
 188:Drivers/CMSIS/Include/cmsis_gcc.h **** /**
 189:Drivers/CMSIS/Include/cmsis_gcc.h ****   \brief   Set Control Register (non-secure)
 190:Drivers/CMSIS/Include/cmsis_gcc.h ****   \details Writes the given value to the non-secure Control Register when in secure state.
 191:Drivers/CMSIS/Include/cmsis_gcc.h ****   \param [in]    control  Control Register value to set
 192:Drivers/CMSIS/Include/cmsis_gcc.h ****  */
 193:Drivers/CMSIS/Include/cmsis_gcc.h **** __STATIC_FORCEINLINE void __TZ_set_CONTROL_NS(uint32_t control)
 194:Drivers/CMSIS/Include/cmsis_gcc.h **** {
 195:Drivers/CMSIS/Include/cmsis_gcc.h ****   __ASM volatile ("MSR control_ns, %0" : : "r" (control) : "memory");
 196:Drivers/CMSIS/Include/cmsis_gcc.h **** }
 197:Drivers/CMSIS/Include/cmsis_gcc.h **** #endif
 198:Drivers/CMSIS/Include/cmsis_gcc.h **** 
 199:Drivers/CMSIS/Include/cmsis_gcc.h **** 
 200:Drivers/CMSIS/Include/cmsis_gcc.h **** /**
 201:Drivers/CMSIS/Include/cmsis_gcc.h ****   \brief   Get IPSR Register
 202:Drivers/CMSIS/Include/cmsis_gcc.h ****   \details Returns the content of the IPSR Register.
 203:Drivers/CMSIS/Include/cmsis_gcc.h ****   \return               IPSR Register value
 204:Drivers/CMSIS/Include/cmsis_gcc.h ****  */
 205:Drivers/CMSIS/Include/cmsis_gcc.h **** __STATIC_FORCEINLINE uint32_t __get_IPSR(void)
 206:Drivers/CMSIS/Include/cmsis_gcc.h **** {
 207:Drivers/CMSIS/Include/cmsis_gcc.h ****   uint32_t result;
 208:Drivers/CMSIS/Include/cmsis_gcc.h **** 
 209:Drivers/CMSIS/Include/cmsis_gcc.h ****   __ASM volatile ("MRS %0, ipsr" : "=r" (result) );
 210:Drivers/CMSIS/Include/cmsis_gcc.h ****   return(result);
 211:Drivers/CMSIS/Include/cmsis_gcc.h **** }
 212:Drivers/CMSIS/Include/cmsis_gcc.h **** 
 213:Drivers/CMSIS/Include/cmsis_gcc.h **** 
 214:Drivers/CMSIS/Include/cmsis_gcc.h **** /**
 215:Drivers/CMSIS/Include/cmsis_gcc.h ****   \brief   Get APSR Register
 216:Drivers/CMSIS/Include/cmsis_gcc.h ****   \details Returns the content of the APSR Register.
 217:Drivers/CMSIS/Include/cmsis_gcc.h ****   \return               APSR Register value
 218:Drivers/CMSIS/Include/cmsis_gcc.h ****  */
 219:Drivers/CMSIS/Include/cmsis_gcc.h **** __STATIC_FORCEINLINE uint32_t __get_APSR(void)
 220:Drivers/CMSIS/Include/cmsis_gcc.h **** {
 221:Drivers/CMSIS/Include/cmsis_gcc.h ****   uint32_t result;
 222:Drivers/CMSIS/Include/cmsis_gcc.h **** 
 223:Drivers/CMSIS/Include/cmsis_gcc.h ****   __ASM volatile ("MRS %0, apsr" : "=r" (result) );
 224:Drivers/CMSIS/Include/cmsis_gcc.h ****   return(result);
 225:Drivers/CMSIS/Include/cmsis_gcc.h **** }
 226:Drivers/CMSIS/Include/cmsis_gcc.h **** 
 227:Drivers/CMSIS/Include/cmsis_gcc.h **** 
 228:Drivers/CMSIS/Include/cmsis_gcc.h **** /**
 229:Drivers/CMSIS/Include/cmsis_gcc.h ****   \brief   Get xPSR Register
 230:Drivers/CMSIS/Include/cmsis_gcc.h ****   \details Returns the content of the xPSR Register.
 231:Drivers/CMSIS/Include/cmsis_gcc.h ****   \return               xPSR Register value
 232:Drivers/CMSIS/Include/cmsis_gcc.h ****  */
 233:Drivers/CMSIS/Include/cmsis_gcc.h **** __STATIC_FORCEINLINE uint32_t __get_xPSR(void)
ARM GAS  /var/folders/g3/s0qwt8r95936n9ghz4hhpdwm0000gn/T//ccJNxob3.s 			page 64


 234:Drivers/CMSIS/Include/cmsis_gcc.h **** {
 235:Drivers/CMSIS/Include/cmsis_gcc.h ****   uint32_t result;
 236:Drivers/CMSIS/Include/cmsis_gcc.h **** 
 237:Drivers/CMSIS/Include/cmsis_gcc.h ****   __ASM volatile ("MRS %0, xpsr" : "=r" (result) );
 238:Drivers/CMSIS/Include/cmsis_gcc.h ****   return(result);
 239:Drivers/CMSIS/Include/cmsis_gcc.h **** }
 240:Drivers/CMSIS/Include/cmsis_gcc.h **** 
 241:Drivers/CMSIS/Include/cmsis_gcc.h **** 
 242:Drivers/CMSIS/Include/cmsis_gcc.h **** /**
 243:Drivers/CMSIS/Include/cmsis_gcc.h ****   \brief   Get Process Stack Pointer
 244:Drivers/CMSIS/Include/cmsis_gcc.h ****   \details Returns the current value of the Process Stack Pointer (PSP).
 245:Drivers/CMSIS/Include/cmsis_gcc.h ****   \return               PSP Register value
 246:Drivers/CMSIS/Include/cmsis_gcc.h ****  */
 247:Drivers/CMSIS/Include/cmsis_gcc.h **** __STATIC_FORCEINLINE uint32_t __get_PSP(void)
 248:Drivers/CMSIS/Include/cmsis_gcc.h **** {
 249:Drivers/CMSIS/Include/cmsis_gcc.h ****   uint32_t result;
 250:Drivers/CMSIS/Include/cmsis_gcc.h **** 
 251:Drivers/CMSIS/Include/cmsis_gcc.h ****   __ASM volatile ("MRS %0, psp"  : "=r" (result) );
 252:Drivers/CMSIS/Include/cmsis_gcc.h ****   return(result);
 253:Drivers/CMSIS/Include/cmsis_gcc.h **** }
 254:Drivers/CMSIS/Include/cmsis_gcc.h **** 
 255:Drivers/CMSIS/Include/cmsis_gcc.h **** 
 256:Drivers/CMSIS/Include/cmsis_gcc.h **** #if (defined (__ARM_FEATURE_CMSE ) && (__ARM_FEATURE_CMSE == 3))
 257:Drivers/CMSIS/Include/cmsis_gcc.h **** /**
 258:Drivers/CMSIS/Include/cmsis_gcc.h ****   \brief   Get Process Stack Pointer (non-secure)
 259:Drivers/CMSIS/Include/cmsis_gcc.h ****   \details Returns the current value of the non-secure Process Stack Pointer (PSP) when in secure s
 260:Drivers/CMSIS/Include/cmsis_gcc.h ****   \return               PSP Register value
 261:Drivers/CMSIS/Include/cmsis_gcc.h ****  */
 262:Drivers/CMSIS/Include/cmsis_gcc.h **** __STATIC_FORCEINLINE uint32_t __TZ_get_PSP_NS(void)
 263:Drivers/CMSIS/Include/cmsis_gcc.h **** {
 264:Drivers/CMSIS/Include/cmsis_gcc.h ****   uint32_t result;
 265:Drivers/CMSIS/Include/cmsis_gcc.h **** 
 266:Drivers/CMSIS/Include/cmsis_gcc.h ****   __ASM volatile ("MRS %0, psp_ns"  : "=r" (result) );
 267:Drivers/CMSIS/Include/cmsis_gcc.h ****   return(result);
 268:Drivers/CMSIS/Include/cmsis_gcc.h **** }
 269:Drivers/CMSIS/Include/cmsis_gcc.h **** #endif
 270:Drivers/CMSIS/Include/cmsis_gcc.h **** 
 271:Drivers/CMSIS/Include/cmsis_gcc.h **** 
 272:Drivers/CMSIS/Include/cmsis_gcc.h **** /**
 273:Drivers/CMSIS/Include/cmsis_gcc.h ****   \brief   Set Process Stack Pointer
 274:Drivers/CMSIS/Include/cmsis_gcc.h ****   \details Assigns the given value to the Process Stack Pointer (PSP).
 275:Drivers/CMSIS/Include/cmsis_gcc.h ****   \param [in]    topOfProcStack  Process Stack Pointer value to set
 276:Drivers/CMSIS/Include/cmsis_gcc.h ****  */
 277:Drivers/CMSIS/Include/cmsis_gcc.h **** __STATIC_FORCEINLINE void __set_PSP(uint32_t topOfProcStack)
 278:Drivers/CMSIS/Include/cmsis_gcc.h **** {
 279:Drivers/CMSIS/Include/cmsis_gcc.h ****   __ASM volatile ("MSR psp, %0" : : "r" (topOfProcStack) : );
 280:Drivers/CMSIS/Include/cmsis_gcc.h **** }
 281:Drivers/CMSIS/Include/cmsis_gcc.h **** 
 282:Drivers/CMSIS/Include/cmsis_gcc.h **** 
 283:Drivers/CMSIS/Include/cmsis_gcc.h **** #if (defined (__ARM_FEATURE_CMSE ) && (__ARM_FEATURE_CMSE == 3))
 284:Drivers/CMSIS/Include/cmsis_gcc.h **** /**
 285:Drivers/CMSIS/Include/cmsis_gcc.h ****   \brief   Set Process Stack Pointer (non-secure)
 286:Drivers/CMSIS/Include/cmsis_gcc.h ****   \details Assigns the given value to the non-secure Process Stack Pointer (PSP) when in secure sta
 287:Drivers/CMSIS/Include/cmsis_gcc.h ****   \param [in]    topOfProcStack  Process Stack Pointer value to set
 288:Drivers/CMSIS/Include/cmsis_gcc.h ****  */
 289:Drivers/CMSIS/Include/cmsis_gcc.h **** __STATIC_FORCEINLINE void __TZ_set_PSP_NS(uint32_t topOfProcStack)
 290:Drivers/CMSIS/Include/cmsis_gcc.h **** {
ARM GAS  /var/folders/g3/s0qwt8r95936n9ghz4hhpdwm0000gn/T//ccJNxob3.s 			page 65


 291:Drivers/CMSIS/Include/cmsis_gcc.h ****   __ASM volatile ("MSR psp_ns, %0" : : "r" (topOfProcStack) : );
 292:Drivers/CMSIS/Include/cmsis_gcc.h **** }
 293:Drivers/CMSIS/Include/cmsis_gcc.h **** #endif
 294:Drivers/CMSIS/Include/cmsis_gcc.h **** 
 295:Drivers/CMSIS/Include/cmsis_gcc.h **** 
 296:Drivers/CMSIS/Include/cmsis_gcc.h **** /**
 297:Drivers/CMSIS/Include/cmsis_gcc.h ****   \brief   Get Main Stack Pointer
 298:Drivers/CMSIS/Include/cmsis_gcc.h ****   \details Returns the current value of the Main Stack Pointer (MSP).
 299:Drivers/CMSIS/Include/cmsis_gcc.h ****   \return               MSP Register value
 300:Drivers/CMSIS/Include/cmsis_gcc.h ****  */
 301:Drivers/CMSIS/Include/cmsis_gcc.h **** __STATIC_FORCEINLINE uint32_t __get_MSP(void)
 302:Drivers/CMSIS/Include/cmsis_gcc.h **** {
 303:Drivers/CMSIS/Include/cmsis_gcc.h ****   uint32_t result;
 304:Drivers/CMSIS/Include/cmsis_gcc.h **** 
 305:Drivers/CMSIS/Include/cmsis_gcc.h ****   __ASM volatile ("MRS %0, msp" : "=r" (result) );
 306:Drivers/CMSIS/Include/cmsis_gcc.h ****   return(result);
 307:Drivers/CMSIS/Include/cmsis_gcc.h **** }
 308:Drivers/CMSIS/Include/cmsis_gcc.h **** 
 309:Drivers/CMSIS/Include/cmsis_gcc.h **** 
 310:Drivers/CMSIS/Include/cmsis_gcc.h **** #if (defined (__ARM_FEATURE_CMSE ) && (__ARM_FEATURE_CMSE == 3))
 311:Drivers/CMSIS/Include/cmsis_gcc.h **** /**
 312:Drivers/CMSIS/Include/cmsis_gcc.h ****   \brief   Get Main Stack Pointer (non-secure)
 313:Drivers/CMSIS/Include/cmsis_gcc.h ****   \details Returns the current value of the non-secure Main Stack Pointer (MSP) when in secure stat
 314:Drivers/CMSIS/Include/cmsis_gcc.h ****   \return               MSP Register value
 315:Drivers/CMSIS/Include/cmsis_gcc.h ****  */
 316:Drivers/CMSIS/Include/cmsis_gcc.h **** __STATIC_FORCEINLINE uint32_t __TZ_get_MSP_NS(void)
 317:Drivers/CMSIS/Include/cmsis_gcc.h **** {
 318:Drivers/CMSIS/Include/cmsis_gcc.h ****   uint32_t result;
 319:Drivers/CMSIS/Include/cmsis_gcc.h **** 
 320:Drivers/CMSIS/Include/cmsis_gcc.h ****   __ASM volatile ("MRS %0, msp_ns" : "=r" (result) );
 321:Drivers/CMSIS/Include/cmsis_gcc.h ****   return(result);
 322:Drivers/CMSIS/Include/cmsis_gcc.h **** }
 323:Drivers/CMSIS/Include/cmsis_gcc.h **** #endif
 324:Drivers/CMSIS/Include/cmsis_gcc.h **** 
 325:Drivers/CMSIS/Include/cmsis_gcc.h **** 
 326:Drivers/CMSIS/Include/cmsis_gcc.h **** /**
 327:Drivers/CMSIS/Include/cmsis_gcc.h ****   \brief   Set Main Stack Pointer
 328:Drivers/CMSIS/Include/cmsis_gcc.h ****   \details Assigns the given value to the Main Stack Pointer (MSP).
 329:Drivers/CMSIS/Include/cmsis_gcc.h ****   \param [in]    topOfMainStack  Main Stack Pointer value to set
 330:Drivers/CMSIS/Include/cmsis_gcc.h ****  */
 331:Drivers/CMSIS/Include/cmsis_gcc.h **** __STATIC_FORCEINLINE void __set_MSP(uint32_t topOfMainStack)
 332:Drivers/CMSIS/Include/cmsis_gcc.h **** {
 333:Drivers/CMSIS/Include/cmsis_gcc.h ****   __ASM volatile ("MSR msp, %0" : : "r" (topOfMainStack) : );
 334:Drivers/CMSIS/Include/cmsis_gcc.h **** }
 335:Drivers/CMSIS/Include/cmsis_gcc.h **** 
 336:Drivers/CMSIS/Include/cmsis_gcc.h **** 
 337:Drivers/CMSIS/Include/cmsis_gcc.h **** #if (defined (__ARM_FEATURE_CMSE ) && (__ARM_FEATURE_CMSE == 3))
 338:Drivers/CMSIS/Include/cmsis_gcc.h **** /**
 339:Drivers/CMSIS/Include/cmsis_gcc.h ****   \brief   Set Main Stack Pointer (non-secure)
 340:Drivers/CMSIS/Include/cmsis_gcc.h ****   \details Assigns the given value to the non-secure Main Stack Pointer (MSP) when in secure state.
 341:Drivers/CMSIS/Include/cmsis_gcc.h ****   \param [in]    topOfMainStack  Main Stack Pointer value to set
 342:Drivers/CMSIS/Include/cmsis_gcc.h ****  */
 343:Drivers/CMSIS/Include/cmsis_gcc.h **** __STATIC_FORCEINLINE void __TZ_set_MSP_NS(uint32_t topOfMainStack)
 344:Drivers/CMSIS/Include/cmsis_gcc.h **** {
 345:Drivers/CMSIS/Include/cmsis_gcc.h ****   __ASM volatile ("MSR msp_ns, %0" : : "r" (topOfMainStack) : );
 346:Drivers/CMSIS/Include/cmsis_gcc.h **** }
 347:Drivers/CMSIS/Include/cmsis_gcc.h **** #endif
ARM GAS  /var/folders/g3/s0qwt8r95936n9ghz4hhpdwm0000gn/T//ccJNxob3.s 			page 66


 348:Drivers/CMSIS/Include/cmsis_gcc.h **** 
 349:Drivers/CMSIS/Include/cmsis_gcc.h **** 
 350:Drivers/CMSIS/Include/cmsis_gcc.h **** #if (defined (__ARM_FEATURE_CMSE ) && (__ARM_FEATURE_CMSE == 3))
 351:Drivers/CMSIS/Include/cmsis_gcc.h **** /**
 352:Drivers/CMSIS/Include/cmsis_gcc.h ****   \brief   Get Stack Pointer (non-secure)
 353:Drivers/CMSIS/Include/cmsis_gcc.h ****   \details Returns the current value of the non-secure Stack Pointer (SP) when in secure state.
 354:Drivers/CMSIS/Include/cmsis_gcc.h ****   \return               SP Register value
 355:Drivers/CMSIS/Include/cmsis_gcc.h ****  */
 356:Drivers/CMSIS/Include/cmsis_gcc.h **** __STATIC_FORCEINLINE uint32_t __TZ_get_SP_NS(void)
 357:Drivers/CMSIS/Include/cmsis_gcc.h **** {
 358:Drivers/CMSIS/Include/cmsis_gcc.h ****   uint32_t result;
 359:Drivers/CMSIS/Include/cmsis_gcc.h **** 
 360:Drivers/CMSIS/Include/cmsis_gcc.h ****   __ASM volatile ("MRS %0, sp_ns" : "=r" (result) );
 361:Drivers/CMSIS/Include/cmsis_gcc.h ****   return(result);
 362:Drivers/CMSIS/Include/cmsis_gcc.h **** }
 363:Drivers/CMSIS/Include/cmsis_gcc.h **** 
 364:Drivers/CMSIS/Include/cmsis_gcc.h **** 
 365:Drivers/CMSIS/Include/cmsis_gcc.h **** /**
 366:Drivers/CMSIS/Include/cmsis_gcc.h ****   \brief   Set Stack Pointer (non-secure)
 367:Drivers/CMSIS/Include/cmsis_gcc.h ****   \details Assigns the given value to the non-secure Stack Pointer (SP) when in secure state.
 368:Drivers/CMSIS/Include/cmsis_gcc.h ****   \param [in]    topOfStack  Stack Pointer value to set
 369:Drivers/CMSIS/Include/cmsis_gcc.h ****  */
 370:Drivers/CMSIS/Include/cmsis_gcc.h **** __STATIC_FORCEINLINE void __TZ_set_SP_NS(uint32_t topOfStack)
 371:Drivers/CMSIS/Include/cmsis_gcc.h **** {
 372:Drivers/CMSIS/Include/cmsis_gcc.h ****   __ASM volatile ("MSR sp_ns, %0" : : "r" (topOfStack) : );
 373:Drivers/CMSIS/Include/cmsis_gcc.h **** }
 374:Drivers/CMSIS/Include/cmsis_gcc.h **** #endif
 375:Drivers/CMSIS/Include/cmsis_gcc.h **** 
 376:Drivers/CMSIS/Include/cmsis_gcc.h **** 
 377:Drivers/CMSIS/Include/cmsis_gcc.h **** /**
 378:Drivers/CMSIS/Include/cmsis_gcc.h ****   \brief   Get Priority Mask
 379:Drivers/CMSIS/Include/cmsis_gcc.h ****   \details Returns the current state of the priority mask bit from the Priority Mask Register.
 380:Drivers/CMSIS/Include/cmsis_gcc.h ****   \return               Priority Mask value
 381:Drivers/CMSIS/Include/cmsis_gcc.h ****  */
 382:Drivers/CMSIS/Include/cmsis_gcc.h **** __STATIC_FORCEINLINE uint32_t __get_PRIMASK(void)
 383:Drivers/CMSIS/Include/cmsis_gcc.h **** {
 384:Drivers/CMSIS/Include/cmsis_gcc.h ****   uint32_t result;
 385:Drivers/CMSIS/Include/cmsis_gcc.h **** 
 386:Drivers/CMSIS/Include/cmsis_gcc.h ****   __ASM volatile ("MRS %0, primask" : "=r" (result) :: "memory");
 387:Drivers/CMSIS/Include/cmsis_gcc.h ****   return(result);
 388:Drivers/CMSIS/Include/cmsis_gcc.h **** }
 389:Drivers/CMSIS/Include/cmsis_gcc.h **** 
 390:Drivers/CMSIS/Include/cmsis_gcc.h **** 
 391:Drivers/CMSIS/Include/cmsis_gcc.h **** #if (defined (__ARM_FEATURE_CMSE ) && (__ARM_FEATURE_CMSE == 3))
 392:Drivers/CMSIS/Include/cmsis_gcc.h **** /**
 393:Drivers/CMSIS/Include/cmsis_gcc.h ****   \brief   Get Priority Mask (non-secure)
 394:Drivers/CMSIS/Include/cmsis_gcc.h ****   \details Returns the current state of the non-secure priority mask bit from the Priority Mask Reg
 395:Drivers/CMSIS/Include/cmsis_gcc.h ****   \return               Priority Mask value
 396:Drivers/CMSIS/Include/cmsis_gcc.h ****  */
 397:Drivers/CMSIS/Include/cmsis_gcc.h **** __STATIC_FORCEINLINE uint32_t __TZ_get_PRIMASK_NS(void)
 398:Drivers/CMSIS/Include/cmsis_gcc.h **** {
 399:Drivers/CMSIS/Include/cmsis_gcc.h ****   uint32_t result;
 400:Drivers/CMSIS/Include/cmsis_gcc.h **** 
 401:Drivers/CMSIS/Include/cmsis_gcc.h ****   __ASM volatile ("MRS %0, primask_ns" : "=r" (result) :: "memory");
 402:Drivers/CMSIS/Include/cmsis_gcc.h ****   return(result);
 403:Drivers/CMSIS/Include/cmsis_gcc.h **** }
 404:Drivers/CMSIS/Include/cmsis_gcc.h **** #endif
ARM GAS  /var/folders/g3/s0qwt8r95936n9ghz4hhpdwm0000gn/T//ccJNxob3.s 			page 67


 405:Drivers/CMSIS/Include/cmsis_gcc.h **** 
 406:Drivers/CMSIS/Include/cmsis_gcc.h **** 
 407:Drivers/CMSIS/Include/cmsis_gcc.h **** /**
 408:Drivers/CMSIS/Include/cmsis_gcc.h ****   \brief   Set Priority Mask
 409:Drivers/CMSIS/Include/cmsis_gcc.h ****   \details Assigns the given value to the Priority Mask Register.
 410:Drivers/CMSIS/Include/cmsis_gcc.h ****   \param [in]    priMask  Priority Mask
 411:Drivers/CMSIS/Include/cmsis_gcc.h ****  */
 412:Drivers/CMSIS/Include/cmsis_gcc.h **** __STATIC_FORCEINLINE void __set_PRIMASK(uint32_t priMask)
 413:Drivers/CMSIS/Include/cmsis_gcc.h **** {
 414:Drivers/CMSIS/Include/cmsis_gcc.h ****   __ASM volatile ("MSR primask, %0" : : "r" (priMask) : "memory");
 415:Drivers/CMSIS/Include/cmsis_gcc.h **** }
 416:Drivers/CMSIS/Include/cmsis_gcc.h **** 
 417:Drivers/CMSIS/Include/cmsis_gcc.h **** 
 418:Drivers/CMSIS/Include/cmsis_gcc.h **** #if (defined (__ARM_FEATURE_CMSE ) && (__ARM_FEATURE_CMSE == 3))
 419:Drivers/CMSIS/Include/cmsis_gcc.h **** /**
 420:Drivers/CMSIS/Include/cmsis_gcc.h ****   \brief   Set Priority Mask (non-secure)
 421:Drivers/CMSIS/Include/cmsis_gcc.h ****   \details Assigns the given value to the non-secure Priority Mask Register when in secure state.
 422:Drivers/CMSIS/Include/cmsis_gcc.h ****   \param [in]    priMask  Priority Mask
 423:Drivers/CMSIS/Include/cmsis_gcc.h ****  */
 424:Drivers/CMSIS/Include/cmsis_gcc.h **** __STATIC_FORCEINLINE void __TZ_set_PRIMASK_NS(uint32_t priMask)
 425:Drivers/CMSIS/Include/cmsis_gcc.h **** {
 426:Drivers/CMSIS/Include/cmsis_gcc.h ****   __ASM volatile ("MSR primask_ns, %0" : : "r" (priMask) : "memory");
 427:Drivers/CMSIS/Include/cmsis_gcc.h **** }
 428:Drivers/CMSIS/Include/cmsis_gcc.h **** #endif
 429:Drivers/CMSIS/Include/cmsis_gcc.h **** 
 430:Drivers/CMSIS/Include/cmsis_gcc.h **** 
 431:Drivers/CMSIS/Include/cmsis_gcc.h **** #if ((defined (__ARM_ARCH_7M__      ) && (__ARM_ARCH_7M__      == 1)) || \
 432:Drivers/CMSIS/Include/cmsis_gcc.h ****      (defined (__ARM_ARCH_7EM__     ) && (__ARM_ARCH_7EM__     == 1)) || \
 433:Drivers/CMSIS/Include/cmsis_gcc.h ****      (defined (__ARM_ARCH_8M_MAIN__ ) && (__ARM_ARCH_8M_MAIN__ == 1))    )
 434:Drivers/CMSIS/Include/cmsis_gcc.h **** /**
 435:Drivers/CMSIS/Include/cmsis_gcc.h ****   \brief   Enable FIQ
 436:Drivers/CMSIS/Include/cmsis_gcc.h ****   \details Enables FIQ interrupts by clearing the F-bit in the CPSR.
 437:Drivers/CMSIS/Include/cmsis_gcc.h ****            Can only be executed in Privileged modes.
 438:Drivers/CMSIS/Include/cmsis_gcc.h ****  */
 439:Drivers/CMSIS/Include/cmsis_gcc.h **** __STATIC_FORCEINLINE void __enable_fault_irq(void)
 440:Drivers/CMSIS/Include/cmsis_gcc.h **** {
 441:Drivers/CMSIS/Include/cmsis_gcc.h ****   __ASM volatile ("cpsie f" : : : "memory");
 442:Drivers/CMSIS/Include/cmsis_gcc.h **** }
 443:Drivers/CMSIS/Include/cmsis_gcc.h **** 
 444:Drivers/CMSIS/Include/cmsis_gcc.h **** 
 445:Drivers/CMSIS/Include/cmsis_gcc.h **** /**
 446:Drivers/CMSIS/Include/cmsis_gcc.h ****   \brief   Disable FIQ
 447:Drivers/CMSIS/Include/cmsis_gcc.h ****   \details Disables FIQ interrupts by setting the F-bit in the CPSR.
 448:Drivers/CMSIS/Include/cmsis_gcc.h ****            Can only be executed in Privileged modes.
 449:Drivers/CMSIS/Include/cmsis_gcc.h ****  */
 450:Drivers/CMSIS/Include/cmsis_gcc.h **** __STATIC_FORCEINLINE void __disable_fault_irq(void)
 451:Drivers/CMSIS/Include/cmsis_gcc.h **** {
 452:Drivers/CMSIS/Include/cmsis_gcc.h ****   __ASM volatile ("cpsid f" : : : "memory");
 453:Drivers/CMSIS/Include/cmsis_gcc.h **** }
 454:Drivers/CMSIS/Include/cmsis_gcc.h **** 
 455:Drivers/CMSIS/Include/cmsis_gcc.h **** 
 456:Drivers/CMSIS/Include/cmsis_gcc.h **** /**
 457:Drivers/CMSIS/Include/cmsis_gcc.h ****   \brief   Get Base Priority
 458:Drivers/CMSIS/Include/cmsis_gcc.h ****   \details Returns the current value of the Base Priority register.
 459:Drivers/CMSIS/Include/cmsis_gcc.h ****   \return               Base Priority register value
 460:Drivers/CMSIS/Include/cmsis_gcc.h ****  */
 461:Drivers/CMSIS/Include/cmsis_gcc.h **** __STATIC_FORCEINLINE uint32_t __get_BASEPRI(void)
ARM GAS  /var/folders/g3/s0qwt8r95936n9ghz4hhpdwm0000gn/T//ccJNxob3.s 			page 68


 462:Drivers/CMSIS/Include/cmsis_gcc.h **** {
 463:Drivers/CMSIS/Include/cmsis_gcc.h ****   uint32_t result;
 464:Drivers/CMSIS/Include/cmsis_gcc.h **** 
 465:Drivers/CMSIS/Include/cmsis_gcc.h ****   __ASM volatile ("MRS %0, basepri" : "=r" (result) );
 466:Drivers/CMSIS/Include/cmsis_gcc.h ****   return(result);
 467:Drivers/CMSIS/Include/cmsis_gcc.h **** }
 468:Drivers/CMSIS/Include/cmsis_gcc.h **** 
 469:Drivers/CMSIS/Include/cmsis_gcc.h **** 
 470:Drivers/CMSIS/Include/cmsis_gcc.h **** #if (defined (__ARM_FEATURE_CMSE ) && (__ARM_FEATURE_CMSE == 3))
 471:Drivers/CMSIS/Include/cmsis_gcc.h **** /**
 472:Drivers/CMSIS/Include/cmsis_gcc.h ****   \brief   Get Base Priority (non-secure)
 473:Drivers/CMSIS/Include/cmsis_gcc.h ****   \details Returns the current value of the non-secure Base Priority register when in secure state.
 474:Drivers/CMSIS/Include/cmsis_gcc.h ****   \return               Base Priority register value
 475:Drivers/CMSIS/Include/cmsis_gcc.h ****  */
 476:Drivers/CMSIS/Include/cmsis_gcc.h **** __STATIC_FORCEINLINE uint32_t __TZ_get_BASEPRI_NS(void)
 477:Drivers/CMSIS/Include/cmsis_gcc.h **** {
 478:Drivers/CMSIS/Include/cmsis_gcc.h ****   uint32_t result;
 479:Drivers/CMSIS/Include/cmsis_gcc.h **** 
 480:Drivers/CMSIS/Include/cmsis_gcc.h ****   __ASM volatile ("MRS %0, basepri_ns" : "=r" (result) );
 481:Drivers/CMSIS/Include/cmsis_gcc.h ****   return(result);
 482:Drivers/CMSIS/Include/cmsis_gcc.h **** }
 483:Drivers/CMSIS/Include/cmsis_gcc.h **** #endif
 484:Drivers/CMSIS/Include/cmsis_gcc.h **** 
 485:Drivers/CMSIS/Include/cmsis_gcc.h **** 
 486:Drivers/CMSIS/Include/cmsis_gcc.h **** /**
 487:Drivers/CMSIS/Include/cmsis_gcc.h ****   \brief   Set Base Priority
 488:Drivers/CMSIS/Include/cmsis_gcc.h ****   \details Assigns the given value to the Base Priority register.
 489:Drivers/CMSIS/Include/cmsis_gcc.h ****   \param [in]    basePri  Base Priority value to set
 490:Drivers/CMSIS/Include/cmsis_gcc.h ****  */
 491:Drivers/CMSIS/Include/cmsis_gcc.h **** __STATIC_FORCEINLINE void __set_BASEPRI(uint32_t basePri)
 492:Drivers/CMSIS/Include/cmsis_gcc.h **** {
 493:Drivers/CMSIS/Include/cmsis_gcc.h ****   __ASM volatile ("MSR basepri, %0" : : "r" (basePri) : "memory");
 494:Drivers/CMSIS/Include/cmsis_gcc.h **** }
 495:Drivers/CMSIS/Include/cmsis_gcc.h **** 
 496:Drivers/CMSIS/Include/cmsis_gcc.h **** 
 497:Drivers/CMSIS/Include/cmsis_gcc.h **** #if (defined (__ARM_FEATURE_CMSE ) && (__ARM_FEATURE_CMSE == 3))
 498:Drivers/CMSIS/Include/cmsis_gcc.h **** /**
 499:Drivers/CMSIS/Include/cmsis_gcc.h ****   \brief   Set Base Priority (non-secure)
 500:Drivers/CMSIS/Include/cmsis_gcc.h ****   \details Assigns the given value to the non-secure Base Priority register when in secure state.
 501:Drivers/CMSIS/Include/cmsis_gcc.h ****   \param [in]    basePri  Base Priority value to set
 502:Drivers/CMSIS/Include/cmsis_gcc.h ****  */
 503:Drivers/CMSIS/Include/cmsis_gcc.h **** __STATIC_FORCEINLINE void __TZ_set_BASEPRI_NS(uint32_t basePri)
 504:Drivers/CMSIS/Include/cmsis_gcc.h **** {
 505:Drivers/CMSIS/Include/cmsis_gcc.h ****   __ASM volatile ("MSR basepri_ns, %0" : : "r" (basePri) : "memory");
 506:Drivers/CMSIS/Include/cmsis_gcc.h **** }
 507:Drivers/CMSIS/Include/cmsis_gcc.h **** #endif
 508:Drivers/CMSIS/Include/cmsis_gcc.h **** 
 509:Drivers/CMSIS/Include/cmsis_gcc.h **** 
 510:Drivers/CMSIS/Include/cmsis_gcc.h **** /**
 511:Drivers/CMSIS/Include/cmsis_gcc.h ****   \brief   Set Base Priority with condition
 512:Drivers/CMSIS/Include/cmsis_gcc.h ****   \details Assigns the given value to the Base Priority register only if BASEPRI masking is disable
 513:Drivers/CMSIS/Include/cmsis_gcc.h ****            or the new value increases the BASEPRI priority level.
 514:Drivers/CMSIS/Include/cmsis_gcc.h ****   \param [in]    basePri  Base Priority value to set
 515:Drivers/CMSIS/Include/cmsis_gcc.h ****  */
 516:Drivers/CMSIS/Include/cmsis_gcc.h **** __STATIC_FORCEINLINE void __set_BASEPRI_MAX(uint32_t basePri)
 517:Drivers/CMSIS/Include/cmsis_gcc.h **** {
 518:Drivers/CMSIS/Include/cmsis_gcc.h ****   __ASM volatile ("MSR basepri_max, %0" : : "r" (basePri) : "memory");
ARM GAS  /var/folders/g3/s0qwt8r95936n9ghz4hhpdwm0000gn/T//ccJNxob3.s 			page 69


 519:Drivers/CMSIS/Include/cmsis_gcc.h **** }
 520:Drivers/CMSIS/Include/cmsis_gcc.h **** 
 521:Drivers/CMSIS/Include/cmsis_gcc.h **** 
 522:Drivers/CMSIS/Include/cmsis_gcc.h **** /**
 523:Drivers/CMSIS/Include/cmsis_gcc.h ****   \brief   Get Fault Mask
 524:Drivers/CMSIS/Include/cmsis_gcc.h ****   \details Returns the current value of the Fault Mask register.
 525:Drivers/CMSIS/Include/cmsis_gcc.h ****   \return               Fault Mask register value
 526:Drivers/CMSIS/Include/cmsis_gcc.h ****  */
 527:Drivers/CMSIS/Include/cmsis_gcc.h **** __STATIC_FORCEINLINE uint32_t __get_FAULTMASK(void)
 528:Drivers/CMSIS/Include/cmsis_gcc.h **** {
 529:Drivers/CMSIS/Include/cmsis_gcc.h ****   uint32_t result;
 530:Drivers/CMSIS/Include/cmsis_gcc.h **** 
 531:Drivers/CMSIS/Include/cmsis_gcc.h ****   __ASM volatile ("MRS %0, faultmask" : "=r" (result) );
 532:Drivers/CMSIS/Include/cmsis_gcc.h ****   return(result);
 533:Drivers/CMSIS/Include/cmsis_gcc.h **** }
 534:Drivers/CMSIS/Include/cmsis_gcc.h **** 
 535:Drivers/CMSIS/Include/cmsis_gcc.h **** 
 536:Drivers/CMSIS/Include/cmsis_gcc.h **** #if (defined (__ARM_FEATURE_CMSE ) && (__ARM_FEATURE_CMSE == 3))
 537:Drivers/CMSIS/Include/cmsis_gcc.h **** /**
 538:Drivers/CMSIS/Include/cmsis_gcc.h ****   \brief   Get Fault Mask (non-secure)
 539:Drivers/CMSIS/Include/cmsis_gcc.h ****   \details Returns the current value of the non-secure Fault Mask register when in secure state.
 540:Drivers/CMSIS/Include/cmsis_gcc.h ****   \return               Fault Mask register value
 541:Drivers/CMSIS/Include/cmsis_gcc.h ****  */
 542:Drivers/CMSIS/Include/cmsis_gcc.h **** __STATIC_FORCEINLINE uint32_t __TZ_get_FAULTMASK_NS(void)
 543:Drivers/CMSIS/Include/cmsis_gcc.h **** {
 544:Drivers/CMSIS/Include/cmsis_gcc.h ****   uint32_t result;
 545:Drivers/CMSIS/Include/cmsis_gcc.h **** 
 546:Drivers/CMSIS/Include/cmsis_gcc.h ****   __ASM volatile ("MRS %0, faultmask_ns" : "=r" (result) );
 547:Drivers/CMSIS/Include/cmsis_gcc.h ****   return(result);
 548:Drivers/CMSIS/Include/cmsis_gcc.h **** }
 549:Drivers/CMSIS/Include/cmsis_gcc.h **** #endif
 550:Drivers/CMSIS/Include/cmsis_gcc.h **** 
 551:Drivers/CMSIS/Include/cmsis_gcc.h **** 
 552:Drivers/CMSIS/Include/cmsis_gcc.h **** /**
 553:Drivers/CMSIS/Include/cmsis_gcc.h ****   \brief   Set Fault Mask
 554:Drivers/CMSIS/Include/cmsis_gcc.h ****   \details Assigns the given value to the Fault Mask register.
 555:Drivers/CMSIS/Include/cmsis_gcc.h ****   \param [in]    faultMask  Fault Mask value to set
 556:Drivers/CMSIS/Include/cmsis_gcc.h ****  */
 557:Drivers/CMSIS/Include/cmsis_gcc.h **** __STATIC_FORCEINLINE void __set_FAULTMASK(uint32_t faultMask)
 558:Drivers/CMSIS/Include/cmsis_gcc.h **** {
 559:Drivers/CMSIS/Include/cmsis_gcc.h ****   __ASM volatile ("MSR faultmask, %0" : : "r" (faultMask) : "memory");
 560:Drivers/CMSIS/Include/cmsis_gcc.h **** }
 561:Drivers/CMSIS/Include/cmsis_gcc.h **** 
 562:Drivers/CMSIS/Include/cmsis_gcc.h **** 
 563:Drivers/CMSIS/Include/cmsis_gcc.h **** #if (defined (__ARM_FEATURE_CMSE ) && (__ARM_FEATURE_CMSE == 3))
 564:Drivers/CMSIS/Include/cmsis_gcc.h **** /**
 565:Drivers/CMSIS/Include/cmsis_gcc.h ****   \brief   Set Fault Mask (non-secure)
 566:Drivers/CMSIS/Include/cmsis_gcc.h ****   \details Assigns the given value to the non-secure Fault Mask register when in secure state.
 567:Drivers/CMSIS/Include/cmsis_gcc.h ****   \param [in]    faultMask  Fault Mask value to set
 568:Drivers/CMSIS/Include/cmsis_gcc.h ****  */
 569:Drivers/CMSIS/Include/cmsis_gcc.h **** __STATIC_FORCEINLINE void __TZ_set_FAULTMASK_NS(uint32_t faultMask)
 570:Drivers/CMSIS/Include/cmsis_gcc.h **** {
 571:Drivers/CMSIS/Include/cmsis_gcc.h ****   __ASM volatile ("MSR faultmask_ns, %0" : : "r" (faultMask) : "memory");
 572:Drivers/CMSIS/Include/cmsis_gcc.h **** }
 573:Drivers/CMSIS/Include/cmsis_gcc.h **** #endif
 574:Drivers/CMSIS/Include/cmsis_gcc.h **** 
 575:Drivers/CMSIS/Include/cmsis_gcc.h **** #endif /* ((defined (__ARM_ARCH_7M__      ) && (__ARM_ARCH_7M__      == 1)) || \
ARM GAS  /var/folders/g3/s0qwt8r95936n9ghz4hhpdwm0000gn/T//ccJNxob3.s 			page 70


 576:Drivers/CMSIS/Include/cmsis_gcc.h ****            (defined (__ARM_ARCH_7EM__     ) && (__ARM_ARCH_7EM__     == 1)) || \
 577:Drivers/CMSIS/Include/cmsis_gcc.h ****            (defined (__ARM_ARCH_8M_MAIN__ ) && (__ARM_ARCH_8M_MAIN__ == 1))    ) */
 578:Drivers/CMSIS/Include/cmsis_gcc.h **** 
 579:Drivers/CMSIS/Include/cmsis_gcc.h **** 
 580:Drivers/CMSIS/Include/cmsis_gcc.h **** #if ((defined (__ARM_ARCH_8M_MAIN__ ) && (__ARM_ARCH_8M_MAIN__ == 1)) || \
 581:Drivers/CMSIS/Include/cmsis_gcc.h ****      (defined (__ARM_ARCH_8M_BASE__ ) && (__ARM_ARCH_8M_BASE__ == 1))    )
 582:Drivers/CMSIS/Include/cmsis_gcc.h **** 
 583:Drivers/CMSIS/Include/cmsis_gcc.h **** /**
 584:Drivers/CMSIS/Include/cmsis_gcc.h ****   \brief   Get Process Stack Pointer Limit
 585:Drivers/CMSIS/Include/cmsis_gcc.h ****   Devices without ARMv8-M Main Extensions (i.e. Cortex-M23) lack the non-secure
 586:Drivers/CMSIS/Include/cmsis_gcc.h ****   Stack Pointer Limit register hence zero is returned always in non-secure
 587:Drivers/CMSIS/Include/cmsis_gcc.h ****   mode.
 588:Drivers/CMSIS/Include/cmsis_gcc.h ****   
 589:Drivers/CMSIS/Include/cmsis_gcc.h ****   \details Returns the current value of the Process Stack Pointer Limit (PSPLIM).
 590:Drivers/CMSIS/Include/cmsis_gcc.h ****   \return               PSPLIM Register value
 591:Drivers/CMSIS/Include/cmsis_gcc.h ****  */
 592:Drivers/CMSIS/Include/cmsis_gcc.h **** __STATIC_FORCEINLINE uint32_t __get_PSPLIM(void)
 593:Drivers/CMSIS/Include/cmsis_gcc.h **** {
 594:Drivers/CMSIS/Include/cmsis_gcc.h **** #if (!(defined (__ARM_ARCH_8M_MAIN__ ) && (__ARM_ARCH_8M_MAIN__ == 1)) && \
 595:Drivers/CMSIS/Include/cmsis_gcc.h ****     (!defined (__ARM_FEATURE_CMSE) || (__ARM_FEATURE_CMSE < 3)))
 596:Drivers/CMSIS/Include/cmsis_gcc.h ****     // without main extensions, the non-secure PSPLIM is RAZ/WI
 597:Drivers/CMSIS/Include/cmsis_gcc.h ****   return 0U;
 598:Drivers/CMSIS/Include/cmsis_gcc.h **** #else
 599:Drivers/CMSIS/Include/cmsis_gcc.h ****   uint32_t result;
 600:Drivers/CMSIS/Include/cmsis_gcc.h ****   __ASM volatile ("MRS %0, psplim"  : "=r" (result) );
 601:Drivers/CMSIS/Include/cmsis_gcc.h ****   return result;
 602:Drivers/CMSIS/Include/cmsis_gcc.h **** #endif
 603:Drivers/CMSIS/Include/cmsis_gcc.h **** }
 604:Drivers/CMSIS/Include/cmsis_gcc.h **** 
 605:Drivers/CMSIS/Include/cmsis_gcc.h **** #if (defined (__ARM_FEATURE_CMSE) && (__ARM_FEATURE_CMSE == 3))
 606:Drivers/CMSIS/Include/cmsis_gcc.h **** /**
 607:Drivers/CMSIS/Include/cmsis_gcc.h ****   \brief   Get Process Stack Pointer Limit (non-secure)
 608:Drivers/CMSIS/Include/cmsis_gcc.h ****   Devices without ARMv8-M Main Extensions (i.e. Cortex-M23) lack the non-secure
 609:Drivers/CMSIS/Include/cmsis_gcc.h ****   Stack Pointer Limit register hence zero is returned always.
 610:Drivers/CMSIS/Include/cmsis_gcc.h **** 
 611:Drivers/CMSIS/Include/cmsis_gcc.h ****   \details Returns the current value of the non-secure Process Stack Pointer Limit (PSPLIM) when in
 612:Drivers/CMSIS/Include/cmsis_gcc.h ****   \return               PSPLIM Register value
 613:Drivers/CMSIS/Include/cmsis_gcc.h ****  */
 614:Drivers/CMSIS/Include/cmsis_gcc.h **** __STATIC_FORCEINLINE uint32_t __TZ_get_PSPLIM_NS(void)
 615:Drivers/CMSIS/Include/cmsis_gcc.h **** {
 616:Drivers/CMSIS/Include/cmsis_gcc.h **** #if (!(defined (__ARM_ARCH_8M_MAIN__ ) && (__ARM_ARCH_8M_MAIN__ == 1)))
 617:Drivers/CMSIS/Include/cmsis_gcc.h ****   // without main extensions, the non-secure PSPLIM is RAZ/WI
 618:Drivers/CMSIS/Include/cmsis_gcc.h ****   return 0U;
 619:Drivers/CMSIS/Include/cmsis_gcc.h **** #else
 620:Drivers/CMSIS/Include/cmsis_gcc.h ****   uint32_t result;
 621:Drivers/CMSIS/Include/cmsis_gcc.h ****   __ASM volatile ("MRS %0, psplim_ns"  : "=r" (result) );
 622:Drivers/CMSIS/Include/cmsis_gcc.h ****   return result;
 623:Drivers/CMSIS/Include/cmsis_gcc.h **** #endif
 624:Drivers/CMSIS/Include/cmsis_gcc.h **** }
 625:Drivers/CMSIS/Include/cmsis_gcc.h **** #endif
 626:Drivers/CMSIS/Include/cmsis_gcc.h **** 
 627:Drivers/CMSIS/Include/cmsis_gcc.h **** 
 628:Drivers/CMSIS/Include/cmsis_gcc.h **** /**
 629:Drivers/CMSIS/Include/cmsis_gcc.h ****   \brief   Set Process Stack Pointer Limit
 630:Drivers/CMSIS/Include/cmsis_gcc.h ****   Devices without ARMv8-M Main Extensions (i.e. Cortex-M23) lack the non-secure
 631:Drivers/CMSIS/Include/cmsis_gcc.h ****   Stack Pointer Limit register hence the write is silently ignored in non-secure
 632:Drivers/CMSIS/Include/cmsis_gcc.h ****   mode.
ARM GAS  /var/folders/g3/s0qwt8r95936n9ghz4hhpdwm0000gn/T//ccJNxob3.s 			page 71


 633:Drivers/CMSIS/Include/cmsis_gcc.h ****   
 634:Drivers/CMSIS/Include/cmsis_gcc.h ****   \details Assigns the given value to the Process Stack Pointer Limit (PSPLIM).
 635:Drivers/CMSIS/Include/cmsis_gcc.h ****   \param [in]    ProcStackPtrLimit  Process Stack Pointer Limit value to set
 636:Drivers/CMSIS/Include/cmsis_gcc.h ****  */
 637:Drivers/CMSIS/Include/cmsis_gcc.h **** __STATIC_FORCEINLINE void __set_PSPLIM(uint32_t ProcStackPtrLimit)
 638:Drivers/CMSIS/Include/cmsis_gcc.h **** {
 639:Drivers/CMSIS/Include/cmsis_gcc.h **** #if (!(defined (__ARM_ARCH_8M_MAIN__ ) && (__ARM_ARCH_8M_MAIN__ == 1)) && \
 640:Drivers/CMSIS/Include/cmsis_gcc.h ****     (!defined (__ARM_FEATURE_CMSE) || (__ARM_FEATURE_CMSE < 3)))
 641:Drivers/CMSIS/Include/cmsis_gcc.h ****   // without main extensions, the non-secure PSPLIM is RAZ/WI
 642:Drivers/CMSIS/Include/cmsis_gcc.h ****   (void)ProcStackPtrLimit;
 643:Drivers/CMSIS/Include/cmsis_gcc.h **** #else
 644:Drivers/CMSIS/Include/cmsis_gcc.h ****   __ASM volatile ("MSR psplim, %0" : : "r" (ProcStackPtrLimit));
 645:Drivers/CMSIS/Include/cmsis_gcc.h **** #endif
 646:Drivers/CMSIS/Include/cmsis_gcc.h **** }
 647:Drivers/CMSIS/Include/cmsis_gcc.h **** 
 648:Drivers/CMSIS/Include/cmsis_gcc.h **** 
 649:Drivers/CMSIS/Include/cmsis_gcc.h **** #if (defined (__ARM_FEATURE_CMSE  ) && (__ARM_FEATURE_CMSE   == 3))
 650:Drivers/CMSIS/Include/cmsis_gcc.h **** /**
 651:Drivers/CMSIS/Include/cmsis_gcc.h ****   \brief   Set Process Stack Pointer (non-secure)
 652:Drivers/CMSIS/Include/cmsis_gcc.h ****   Devices without ARMv8-M Main Extensions (i.e. Cortex-M23) lack the non-secure
 653:Drivers/CMSIS/Include/cmsis_gcc.h ****   Stack Pointer Limit register hence the write is silently ignored.
 654:Drivers/CMSIS/Include/cmsis_gcc.h **** 
 655:Drivers/CMSIS/Include/cmsis_gcc.h ****   \details Assigns the given value to the non-secure Process Stack Pointer Limit (PSPLIM) when in s
 656:Drivers/CMSIS/Include/cmsis_gcc.h ****   \param [in]    ProcStackPtrLimit  Process Stack Pointer Limit value to set
 657:Drivers/CMSIS/Include/cmsis_gcc.h ****  */
 658:Drivers/CMSIS/Include/cmsis_gcc.h **** __STATIC_FORCEINLINE void __TZ_set_PSPLIM_NS(uint32_t ProcStackPtrLimit)
 659:Drivers/CMSIS/Include/cmsis_gcc.h **** {
 660:Drivers/CMSIS/Include/cmsis_gcc.h **** #if (!(defined (__ARM_ARCH_8M_MAIN__ ) && (__ARM_ARCH_8M_MAIN__ == 1)))
 661:Drivers/CMSIS/Include/cmsis_gcc.h ****   // without main extensions, the non-secure PSPLIM is RAZ/WI
 662:Drivers/CMSIS/Include/cmsis_gcc.h ****   (void)ProcStackPtrLimit;
 663:Drivers/CMSIS/Include/cmsis_gcc.h **** #else
 664:Drivers/CMSIS/Include/cmsis_gcc.h ****   __ASM volatile ("MSR psplim_ns, %0\n" : : "r" (ProcStackPtrLimit));
 665:Drivers/CMSIS/Include/cmsis_gcc.h **** #endif
 666:Drivers/CMSIS/Include/cmsis_gcc.h **** }
 667:Drivers/CMSIS/Include/cmsis_gcc.h **** #endif
 668:Drivers/CMSIS/Include/cmsis_gcc.h **** 
 669:Drivers/CMSIS/Include/cmsis_gcc.h **** 
 670:Drivers/CMSIS/Include/cmsis_gcc.h **** /**
 671:Drivers/CMSIS/Include/cmsis_gcc.h ****   \brief   Get Main Stack Pointer Limit
 672:Drivers/CMSIS/Include/cmsis_gcc.h ****   Devices without ARMv8-M Main Extensions (i.e. Cortex-M23) lack the non-secure
 673:Drivers/CMSIS/Include/cmsis_gcc.h ****   Stack Pointer Limit register hence zero is returned always in non-secure
 674:Drivers/CMSIS/Include/cmsis_gcc.h ****   mode.
 675:Drivers/CMSIS/Include/cmsis_gcc.h **** 
 676:Drivers/CMSIS/Include/cmsis_gcc.h ****   \details Returns the current value of the Main Stack Pointer Limit (MSPLIM).
 677:Drivers/CMSIS/Include/cmsis_gcc.h ****   \return               MSPLIM Register value
 678:Drivers/CMSIS/Include/cmsis_gcc.h ****  */
 679:Drivers/CMSIS/Include/cmsis_gcc.h **** __STATIC_FORCEINLINE uint32_t __get_MSPLIM(void)
 680:Drivers/CMSIS/Include/cmsis_gcc.h **** {
 681:Drivers/CMSIS/Include/cmsis_gcc.h **** #if (!(defined (__ARM_ARCH_8M_MAIN__ ) && (__ARM_ARCH_8M_MAIN__ == 1)) && \
 682:Drivers/CMSIS/Include/cmsis_gcc.h ****     (!defined (__ARM_FEATURE_CMSE) || (__ARM_FEATURE_CMSE < 3)))
 683:Drivers/CMSIS/Include/cmsis_gcc.h ****   // without main extensions, the non-secure MSPLIM is RAZ/WI
 684:Drivers/CMSIS/Include/cmsis_gcc.h ****   return 0U;
 685:Drivers/CMSIS/Include/cmsis_gcc.h **** #else
 686:Drivers/CMSIS/Include/cmsis_gcc.h ****   uint32_t result;
 687:Drivers/CMSIS/Include/cmsis_gcc.h ****   __ASM volatile ("MRS %0, msplim" : "=r" (result) );
 688:Drivers/CMSIS/Include/cmsis_gcc.h ****   return result;
 689:Drivers/CMSIS/Include/cmsis_gcc.h **** #endif
ARM GAS  /var/folders/g3/s0qwt8r95936n9ghz4hhpdwm0000gn/T//ccJNxob3.s 			page 72


 690:Drivers/CMSIS/Include/cmsis_gcc.h **** }
 691:Drivers/CMSIS/Include/cmsis_gcc.h **** 
 692:Drivers/CMSIS/Include/cmsis_gcc.h **** 
 693:Drivers/CMSIS/Include/cmsis_gcc.h **** #if (defined (__ARM_FEATURE_CMSE  ) && (__ARM_FEATURE_CMSE   == 3))
 694:Drivers/CMSIS/Include/cmsis_gcc.h **** /**
 695:Drivers/CMSIS/Include/cmsis_gcc.h ****   \brief   Get Main Stack Pointer Limit (non-secure)
 696:Drivers/CMSIS/Include/cmsis_gcc.h ****   Devices without ARMv8-M Main Extensions (i.e. Cortex-M23) lack the non-secure
 697:Drivers/CMSIS/Include/cmsis_gcc.h ****   Stack Pointer Limit register hence zero is returned always.
 698:Drivers/CMSIS/Include/cmsis_gcc.h **** 
 699:Drivers/CMSIS/Include/cmsis_gcc.h ****   \details Returns the current value of the non-secure Main Stack Pointer Limit(MSPLIM) when in sec
 700:Drivers/CMSIS/Include/cmsis_gcc.h ****   \return               MSPLIM Register value
 701:Drivers/CMSIS/Include/cmsis_gcc.h ****  */
 702:Drivers/CMSIS/Include/cmsis_gcc.h **** __STATIC_FORCEINLINE uint32_t __TZ_get_MSPLIM_NS(void)
 703:Drivers/CMSIS/Include/cmsis_gcc.h **** {
 704:Drivers/CMSIS/Include/cmsis_gcc.h **** #if (!(defined (__ARM_ARCH_8M_MAIN__ ) && (__ARM_ARCH_8M_MAIN__ == 1)))
 705:Drivers/CMSIS/Include/cmsis_gcc.h ****   // without main extensions, the non-secure MSPLIM is RAZ/WI
 706:Drivers/CMSIS/Include/cmsis_gcc.h ****   return 0U;
 707:Drivers/CMSIS/Include/cmsis_gcc.h **** #else
 708:Drivers/CMSIS/Include/cmsis_gcc.h ****   uint32_t result;
 709:Drivers/CMSIS/Include/cmsis_gcc.h ****   __ASM volatile ("MRS %0, msplim_ns" : "=r" (result) );
 710:Drivers/CMSIS/Include/cmsis_gcc.h ****   return result;
 711:Drivers/CMSIS/Include/cmsis_gcc.h **** #endif
 712:Drivers/CMSIS/Include/cmsis_gcc.h **** }
 713:Drivers/CMSIS/Include/cmsis_gcc.h **** #endif
 714:Drivers/CMSIS/Include/cmsis_gcc.h **** 
 715:Drivers/CMSIS/Include/cmsis_gcc.h **** 
 716:Drivers/CMSIS/Include/cmsis_gcc.h **** /**
 717:Drivers/CMSIS/Include/cmsis_gcc.h ****   \brief   Set Main Stack Pointer Limit
 718:Drivers/CMSIS/Include/cmsis_gcc.h ****   Devices without ARMv8-M Main Extensions (i.e. Cortex-M23) lack the non-secure
 719:Drivers/CMSIS/Include/cmsis_gcc.h ****   Stack Pointer Limit register hence the write is silently ignored in non-secure
 720:Drivers/CMSIS/Include/cmsis_gcc.h ****   mode.
 721:Drivers/CMSIS/Include/cmsis_gcc.h **** 
 722:Drivers/CMSIS/Include/cmsis_gcc.h ****   \details Assigns the given value to the Main Stack Pointer Limit (MSPLIM).
 723:Drivers/CMSIS/Include/cmsis_gcc.h ****   \param [in]    MainStackPtrLimit  Main Stack Pointer Limit value to set
 724:Drivers/CMSIS/Include/cmsis_gcc.h ****  */
 725:Drivers/CMSIS/Include/cmsis_gcc.h **** __STATIC_FORCEINLINE void __set_MSPLIM(uint32_t MainStackPtrLimit)
 726:Drivers/CMSIS/Include/cmsis_gcc.h **** {
 727:Drivers/CMSIS/Include/cmsis_gcc.h **** #if (!(defined (__ARM_ARCH_8M_MAIN__ ) && (__ARM_ARCH_8M_MAIN__ == 1)) && \
 728:Drivers/CMSIS/Include/cmsis_gcc.h ****     (!defined (__ARM_FEATURE_CMSE) || (__ARM_FEATURE_CMSE < 3)))
 729:Drivers/CMSIS/Include/cmsis_gcc.h ****   // without main extensions, the non-secure MSPLIM is RAZ/WI
 730:Drivers/CMSIS/Include/cmsis_gcc.h ****   (void)MainStackPtrLimit;
 731:Drivers/CMSIS/Include/cmsis_gcc.h **** #else
 732:Drivers/CMSIS/Include/cmsis_gcc.h ****   __ASM volatile ("MSR msplim, %0" : : "r" (MainStackPtrLimit));
 733:Drivers/CMSIS/Include/cmsis_gcc.h **** #endif
 734:Drivers/CMSIS/Include/cmsis_gcc.h **** }
 735:Drivers/CMSIS/Include/cmsis_gcc.h **** 
 736:Drivers/CMSIS/Include/cmsis_gcc.h **** 
 737:Drivers/CMSIS/Include/cmsis_gcc.h **** #if (defined (__ARM_FEATURE_CMSE  ) && (__ARM_FEATURE_CMSE   == 3))
 738:Drivers/CMSIS/Include/cmsis_gcc.h **** /**
 739:Drivers/CMSIS/Include/cmsis_gcc.h ****   \brief   Set Main Stack Pointer Limit (non-secure)
 740:Drivers/CMSIS/Include/cmsis_gcc.h ****   Devices without ARMv8-M Main Extensions (i.e. Cortex-M23) lack the non-secure
 741:Drivers/CMSIS/Include/cmsis_gcc.h ****   Stack Pointer Limit register hence the write is silently ignored.
 742:Drivers/CMSIS/Include/cmsis_gcc.h **** 
 743:Drivers/CMSIS/Include/cmsis_gcc.h ****   \details Assigns the given value to the non-secure Main Stack Pointer Limit (MSPLIM) when in secu
 744:Drivers/CMSIS/Include/cmsis_gcc.h ****   \param [in]    MainStackPtrLimit  Main Stack Pointer value to set
 745:Drivers/CMSIS/Include/cmsis_gcc.h ****  */
 746:Drivers/CMSIS/Include/cmsis_gcc.h **** __STATIC_FORCEINLINE void __TZ_set_MSPLIM_NS(uint32_t MainStackPtrLimit)
ARM GAS  /var/folders/g3/s0qwt8r95936n9ghz4hhpdwm0000gn/T//ccJNxob3.s 			page 73


 747:Drivers/CMSIS/Include/cmsis_gcc.h **** {
 748:Drivers/CMSIS/Include/cmsis_gcc.h **** #if (!(defined (__ARM_ARCH_8M_MAIN__ ) && (__ARM_ARCH_8M_MAIN__ == 1)))
 749:Drivers/CMSIS/Include/cmsis_gcc.h ****   // without main extensions, the non-secure MSPLIM is RAZ/WI
 750:Drivers/CMSIS/Include/cmsis_gcc.h ****   (void)MainStackPtrLimit;
 751:Drivers/CMSIS/Include/cmsis_gcc.h **** #else
 752:Drivers/CMSIS/Include/cmsis_gcc.h ****   __ASM volatile ("MSR msplim_ns, %0" : : "r" (MainStackPtrLimit));
 753:Drivers/CMSIS/Include/cmsis_gcc.h **** #endif
 754:Drivers/CMSIS/Include/cmsis_gcc.h **** }
 755:Drivers/CMSIS/Include/cmsis_gcc.h **** #endif
 756:Drivers/CMSIS/Include/cmsis_gcc.h **** 
 757:Drivers/CMSIS/Include/cmsis_gcc.h **** #endif /* ((defined (__ARM_ARCH_8M_MAIN__ ) && (__ARM_ARCH_8M_MAIN__ == 1)) || \
 758:Drivers/CMSIS/Include/cmsis_gcc.h ****            (defined (__ARM_ARCH_8M_BASE__ ) && (__ARM_ARCH_8M_BASE__ == 1))    ) */
 759:Drivers/CMSIS/Include/cmsis_gcc.h **** 
 760:Drivers/CMSIS/Include/cmsis_gcc.h **** 
 761:Drivers/CMSIS/Include/cmsis_gcc.h **** /**
 762:Drivers/CMSIS/Include/cmsis_gcc.h ****   \brief   Get FPSCR
 763:Drivers/CMSIS/Include/cmsis_gcc.h ****   \details Returns the current value of the Floating Point Status/Control register.
 764:Drivers/CMSIS/Include/cmsis_gcc.h ****   \return               Floating Point Status/Control register value
 765:Drivers/CMSIS/Include/cmsis_gcc.h ****  */
 766:Drivers/CMSIS/Include/cmsis_gcc.h **** __STATIC_FORCEINLINE uint32_t __get_FPSCR(void)
 767:Drivers/CMSIS/Include/cmsis_gcc.h **** {
 768:Drivers/CMSIS/Include/cmsis_gcc.h **** #if ((defined (__FPU_PRESENT) && (__FPU_PRESENT == 1U)) && \
 769:Drivers/CMSIS/Include/cmsis_gcc.h ****      (defined (__FPU_USED   ) && (__FPU_USED    == 1U))     )
 770:Drivers/CMSIS/Include/cmsis_gcc.h **** #if __has_builtin(__builtin_arm_get_fpscr) 
 771:Drivers/CMSIS/Include/cmsis_gcc.h **** // Re-enable using built-in when GCC has been fixed
 772:Drivers/CMSIS/Include/cmsis_gcc.h **** // || (__GNUC__ > 7) || (__GNUC__ == 7 && __GNUC_MINOR__ >= 2)
 773:Drivers/CMSIS/Include/cmsis_gcc.h ****   /* see https://gcc.gnu.org/ml/gcc-patches/2017-04/msg00443.html */
 774:Drivers/CMSIS/Include/cmsis_gcc.h ****   return __builtin_arm_get_fpscr();
 775:Drivers/CMSIS/Include/cmsis_gcc.h **** #else
 776:Drivers/CMSIS/Include/cmsis_gcc.h ****   uint32_t result;
 777:Drivers/CMSIS/Include/cmsis_gcc.h **** 
 778:Drivers/CMSIS/Include/cmsis_gcc.h ****   __ASM volatile ("VMRS %0, fpscr" : "=r" (result) );
 779:Drivers/CMSIS/Include/cmsis_gcc.h ****   return(result);
 780:Drivers/CMSIS/Include/cmsis_gcc.h **** #endif
 781:Drivers/CMSIS/Include/cmsis_gcc.h **** #else
 782:Drivers/CMSIS/Include/cmsis_gcc.h ****   return(0U);
 783:Drivers/CMSIS/Include/cmsis_gcc.h **** #endif
 784:Drivers/CMSIS/Include/cmsis_gcc.h **** }
 785:Drivers/CMSIS/Include/cmsis_gcc.h **** 
 786:Drivers/CMSIS/Include/cmsis_gcc.h **** 
 787:Drivers/CMSIS/Include/cmsis_gcc.h **** /**
 788:Drivers/CMSIS/Include/cmsis_gcc.h ****   \brief   Set FPSCR
 789:Drivers/CMSIS/Include/cmsis_gcc.h ****   \details Assigns the given value to the Floating Point Status/Control register.
 790:Drivers/CMSIS/Include/cmsis_gcc.h ****   \param [in]    fpscr  Floating Point Status/Control value to set
 791:Drivers/CMSIS/Include/cmsis_gcc.h ****  */
 792:Drivers/CMSIS/Include/cmsis_gcc.h **** __STATIC_FORCEINLINE void __set_FPSCR(uint32_t fpscr)
 793:Drivers/CMSIS/Include/cmsis_gcc.h **** {
 794:Drivers/CMSIS/Include/cmsis_gcc.h **** #if ((defined (__FPU_PRESENT) && (__FPU_PRESENT == 1U)) && \
 795:Drivers/CMSIS/Include/cmsis_gcc.h ****      (defined (__FPU_USED   ) && (__FPU_USED    == 1U))     )
 796:Drivers/CMSIS/Include/cmsis_gcc.h **** #if __has_builtin(__builtin_arm_set_fpscr)
 797:Drivers/CMSIS/Include/cmsis_gcc.h **** // Re-enable using built-in when GCC has been fixed
 798:Drivers/CMSIS/Include/cmsis_gcc.h **** // || (__GNUC__ > 7) || (__GNUC__ == 7 && __GNUC_MINOR__ >= 2)
 799:Drivers/CMSIS/Include/cmsis_gcc.h ****   /* see https://gcc.gnu.org/ml/gcc-patches/2017-04/msg00443.html */
 800:Drivers/CMSIS/Include/cmsis_gcc.h ****   __builtin_arm_set_fpscr(fpscr);
 801:Drivers/CMSIS/Include/cmsis_gcc.h **** #else
 802:Drivers/CMSIS/Include/cmsis_gcc.h ****   __ASM volatile ("VMSR fpscr, %0" : : "r" (fpscr) : "vfpcc", "memory");
 803:Drivers/CMSIS/Include/cmsis_gcc.h **** #endif
ARM GAS  /var/folders/g3/s0qwt8r95936n9ghz4hhpdwm0000gn/T//ccJNxob3.s 			page 74


 804:Drivers/CMSIS/Include/cmsis_gcc.h **** #else
 805:Drivers/CMSIS/Include/cmsis_gcc.h ****   (void)fpscr;
 806:Drivers/CMSIS/Include/cmsis_gcc.h **** #endif
 807:Drivers/CMSIS/Include/cmsis_gcc.h **** }
 808:Drivers/CMSIS/Include/cmsis_gcc.h **** 
 809:Drivers/CMSIS/Include/cmsis_gcc.h **** 
 810:Drivers/CMSIS/Include/cmsis_gcc.h **** /*@} end of CMSIS_Core_RegAccFunctions */
 811:Drivers/CMSIS/Include/cmsis_gcc.h **** 
 812:Drivers/CMSIS/Include/cmsis_gcc.h **** 
 813:Drivers/CMSIS/Include/cmsis_gcc.h **** /* ##########################  Core Instruction Access  ######################### */
 814:Drivers/CMSIS/Include/cmsis_gcc.h **** /** \defgroup CMSIS_Core_InstructionInterface CMSIS Core Instruction Interface
 815:Drivers/CMSIS/Include/cmsis_gcc.h ****   Access to dedicated instructions
 816:Drivers/CMSIS/Include/cmsis_gcc.h ****   @{
 817:Drivers/CMSIS/Include/cmsis_gcc.h **** */
 818:Drivers/CMSIS/Include/cmsis_gcc.h **** 
 819:Drivers/CMSIS/Include/cmsis_gcc.h **** /* Define macros for porting to both thumb1 and thumb2.
 820:Drivers/CMSIS/Include/cmsis_gcc.h ****  * For thumb1, use low register (r0-r7), specified by constraint "l"
 821:Drivers/CMSIS/Include/cmsis_gcc.h ****  * Otherwise, use general registers, specified by constraint "r" */
 822:Drivers/CMSIS/Include/cmsis_gcc.h **** #if defined (__thumb__) && !defined (__thumb2__)
 823:Drivers/CMSIS/Include/cmsis_gcc.h **** #define __CMSIS_GCC_OUT_REG(r) "=l" (r)
 824:Drivers/CMSIS/Include/cmsis_gcc.h **** #define __CMSIS_GCC_RW_REG(r) "+l" (r)
 825:Drivers/CMSIS/Include/cmsis_gcc.h **** #define __CMSIS_GCC_USE_REG(r) "l" (r)
 826:Drivers/CMSIS/Include/cmsis_gcc.h **** #else
 827:Drivers/CMSIS/Include/cmsis_gcc.h **** #define __CMSIS_GCC_OUT_REG(r) "=r" (r)
 828:Drivers/CMSIS/Include/cmsis_gcc.h **** #define __CMSIS_GCC_RW_REG(r) "+r" (r)
 829:Drivers/CMSIS/Include/cmsis_gcc.h **** #define __CMSIS_GCC_USE_REG(r) "r" (r)
 830:Drivers/CMSIS/Include/cmsis_gcc.h **** #endif
 831:Drivers/CMSIS/Include/cmsis_gcc.h **** 
 832:Drivers/CMSIS/Include/cmsis_gcc.h **** /**
 833:Drivers/CMSIS/Include/cmsis_gcc.h ****   \brief   No Operation
 834:Drivers/CMSIS/Include/cmsis_gcc.h ****   \details No Operation does nothing. This instruction can be used for code alignment purposes.
 835:Drivers/CMSIS/Include/cmsis_gcc.h ****  */
 836:Drivers/CMSIS/Include/cmsis_gcc.h **** #define __NOP()                             __ASM volatile ("nop")
 837:Drivers/CMSIS/Include/cmsis_gcc.h **** 
 838:Drivers/CMSIS/Include/cmsis_gcc.h **** /**
 839:Drivers/CMSIS/Include/cmsis_gcc.h ****   \brief   Wait For Interrupt
 840:Drivers/CMSIS/Include/cmsis_gcc.h ****   \details Wait For Interrupt is a hint instruction that suspends execution until one of a number o
 841:Drivers/CMSIS/Include/cmsis_gcc.h ****  */
 842:Drivers/CMSIS/Include/cmsis_gcc.h **** #define __WFI()                             __ASM volatile ("wfi")
 843:Drivers/CMSIS/Include/cmsis_gcc.h **** 
 844:Drivers/CMSIS/Include/cmsis_gcc.h **** 
 845:Drivers/CMSIS/Include/cmsis_gcc.h **** /**
 846:Drivers/CMSIS/Include/cmsis_gcc.h ****   \brief   Wait For Event
 847:Drivers/CMSIS/Include/cmsis_gcc.h ****   \details Wait For Event is a hint instruction that permits the processor to enter
 848:Drivers/CMSIS/Include/cmsis_gcc.h ****            a low-power state until one of a number of events occurs.
 849:Drivers/CMSIS/Include/cmsis_gcc.h ****  */
 850:Drivers/CMSIS/Include/cmsis_gcc.h **** #define __WFE()                             __ASM volatile ("wfe")
 851:Drivers/CMSIS/Include/cmsis_gcc.h **** 
 852:Drivers/CMSIS/Include/cmsis_gcc.h **** 
 853:Drivers/CMSIS/Include/cmsis_gcc.h **** /**
 854:Drivers/CMSIS/Include/cmsis_gcc.h ****   \brief   Send Event
 855:Drivers/CMSIS/Include/cmsis_gcc.h ****   \details Send Event is a hint instruction. It causes an event to be signaled to the CPU.
 856:Drivers/CMSIS/Include/cmsis_gcc.h ****  */
 857:Drivers/CMSIS/Include/cmsis_gcc.h **** #define __SEV()                             __ASM volatile ("sev")
 858:Drivers/CMSIS/Include/cmsis_gcc.h **** 
 859:Drivers/CMSIS/Include/cmsis_gcc.h **** 
 860:Drivers/CMSIS/Include/cmsis_gcc.h **** /**
ARM GAS  /var/folders/g3/s0qwt8r95936n9ghz4hhpdwm0000gn/T//ccJNxob3.s 			page 75


 861:Drivers/CMSIS/Include/cmsis_gcc.h ****   \brief   Instruction Synchronization Barrier
 862:Drivers/CMSIS/Include/cmsis_gcc.h ****   \details Instruction Synchronization Barrier flushes the pipeline in the processor,
 863:Drivers/CMSIS/Include/cmsis_gcc.h ****            so that all instructions following the ISB are fetched from cache or memory,
 864:Drivers/CMSIS/Include/cmsis_gcc.h ****            after the instruction has been completed.
 865:Drivers/CMSIS/Include/cmsis_gcc.h ****  */
 866:Drivers/CMSIS/Include/cmsis_gcc.h **** __STATIC_FORCEINLINE void __ISB(void)
 867:Drivers/CMSIS/Include/cmsis_gcc.h **** {
 868:Drivers/CMSIS/Include/cmsis_gcc.h ****   __ASM volatile ("isb 0xF":::"memory");
 869:Drivers/CMSIS/Include/cmsis_gcc.h **** }
 870:Drivers/CMSIS/Include/cmsis_gcc.h **** 
 871:Drivers/CMSIS/Include/cmsis_gcc.h **** 
 872:Drivers/CMSIS/Include/cmsis_gcc.h **** /**
 873:Drivers/CMSIS/Include/cmsis_gcc.h ****   \brief   Data Synchronization Barrier
 874:Drivers/CMSIS/Include/cmsis_gcc.h ****   \details Acts as a special kind of Data Memory Barrier.
 875:Drivers/CMSIS/Include/cmsis_gcc.h ****            It completes when all explicit memory accesses before this instruction complete.
 876:Drivers/CMSIS/Include/cmsis_gcc.h ****  */
 877:Drivers/CMSIS/Include/cmsis_gcc.h **** __STATIC_FORCEINLINE void __DSB(void)
 878:Drivers/CMSIS/Include/cmsis_gcc.h **** {
 879:Drivers/CMSIS/Include/cmsis_gcc.h ****   __ASM volatile ("dsb 0xF":::"memory");
 880:Drivers/CMSIS/Include/cmsis_gcc.h **** }
 881:Drivers/CMSIS/Include/cmsis_gcc.h **** 
 882:Drivers/CMSIS/Include/cmsis_gcc.h **** 
 883:Drivers/CMSIS/Include/cmsis_gcc.h **** /**
 884:Drivers/CMSIS/Include/cmsis_gcc.h ****   \brief   Data Memory Barrier
 885:Drivers/CMSIS/Include/cmsis_gcc.h ****   \details Ensures the apparent order of the explicit memory operations before
 886:Drivers/CMSIS/Include/cmsis_gcc.h ****            and after the instruction, without ensuring their completion.
 887:Drivers/CMSIS/Include/cmsis_gcc.h ****  */
 888:Drivers/CMSIS/Include/cmsis_gcc.h **** __STATIC_FORCEINLINE void __DMB(void)
 889:Drivers/CMSIS/Include/cmsis_gcc.h **** {
 890:Drivers/CMSIS/Include/cmsis_gcc.h ****   __ASM volatile ("dmb 0xF":::"memory");
 891:Drivers/CMSIS/Include/cmsis_gcc.h **** }
 892:Drivers/CMSIS/Include/cmsis_gcc.h **** 
 893:Drivers/CMSIS/Include/cmsis_gcc.h **** 
 894:Drivers/CMSIS/Include/cmsis_gcc.h **** /**
 895:Drivers/CMSIS/Include/cmsis_gcc.h ****   \brief   Reverse byte order (32 bit)
 896:Drivers/CMSIS/Include/cmsis_gcc.h ****   \details Reverses the byte order in unsigned integer value. For example, 0x12345678 becomes 0x785
 897:Drivers/CMSIS/Include/cmsis_gcc.h ****   \param [in]    value  Value to reverse
 898:Drivers/CMSIS/Include/cmsis_gcc.h ****   \return               Reversed value
 899:Drivers/CMSIS/Include/cmsis_gcc.h ****  */
 900:Drivers/CMSIS/Include/cmsis_gcc.h **** __STATIC_FORCEINLINE uint32_t __REV(uint32_t value)
 901:Drivers/CMSIS/Include/cmsis_gcc.h **** {
 902:Drivers/CMSIS/Include/cmsis_gcc.h **** #if (__GNUC__ > 4) || (__GNUC__ == 4 && __GNUC_MINOR__ >= 5)
 903:Drivers/CMSIS/Include/cmsis_gcc.h ****   return __builtin_bswap32(value);
 904:Drivers/CMSIS/Include/cmsis_gcc.h **** #else
 905:Drivers/CMSIS/Include/cmsis_gcc.h ****   uint32_t result;
 906:Drivers/CMSIS/Include/cmsis_gcc.h **** 
 907:Drivers/CMSIS/Include/cmsis_gcc.h ****   __ASM volatile ("rev %0, %1" : __CMSIS_GCC_OUT_REG (result) : __CMSIS_GCC_USE_REG (value) );
 908:Drivers/CMSIS/Include/cmsis_gcc.h ****   return result;
 909:Drivers/CMSIS/Include/cmsis_gcc.h **** #endif
 910:Drivers/CMSIS/Include/cmsis_gcc.h **** }
 911:Drivers/CMSIS/Include/cmsis_gcc.h **** 
 912:Drivers/CMSIS/Include/cmsis_gcc.h **** 
 913:Drivers/CMSIS/Include/cmsis_gcc.h **** /**
 914:Drivers/CMSIS/Include/cmsis_gcc.h ****   \brief   Reverse byte order (16 bit)
 915:Drivers/CMSIS/Include/cmsis_gcc.h ****   \details Reverses the byte order within each halfword of a word. For example, 0x12345678 becomes 
 916:Drivers/CMSIS/Include/cmsis_gcc.h ****   \param [in]    value  Value to reverse
 917:Drivers/CMSIS/Include/cmsis_gcc.h ****   \return               Reversed value
ARM GAS  /var/folders/g3/s0qwt8r95936n9ghz4hhpdwm0000gn/T//ccJNxob3.s 			page 76


 918:Drivers/CMSIS/Include/cmsis_gcc.h ****  */
 919:Drivers/CMSIS/Include/cmsis_gcc.h **** __STATIC_FORCEINLINE uint32_t __REV16(uint32_t value)
 920:Drivers/CMSIS/Include/cmsis_gcc.h **** {
 921:Drivers/CMSIS/Include/cmsis_gcc.h ****   uint32_t result;
 922:Drivers/CMSIS/Include/cmsis_gcc.h **** 
 923:Drivers/CMSIS/Include/cmsis_gcc.h ****   __ASM volatile ("rev16 %0, %1" : __CMSIS_GCC_OUT_REG (result) : __CMSIS_GCC_USE_REG (value) );
 924:Drivers/CMSIS/Include/cmsis_gcc.h ****   return result;
 925:Drivers/CMSIS/Include/cmsis_gcc.h **** }
 926:Drivers/CMSIS/Include/cmsis_gcc.h **** 
 927:Drivers/CMSIS/Include/cmsis_gcc.h **** 
 928:Drivers/CMSIS/Include/cmsis_gcc.h **** /**
 929:Drivers/CMSIS/Include/cmsis_gcc.h ****   \brief   Reverse byte order (16 bit)
 930:Drivers/CMSIS/Include/cmsis_gcc.h ****   \details Reverses the byte order in a 16-bit value and returns the signed 16-bit result. For exam
 931:Drivers/CMSIS/Include/cmsis_gcc.h ****   \param [in]    value  Value to reverse
 932:Drivers/CMSIS/Include/cmsis_gcc.h ****   \return               Reversed value
 933:Drivers/CMSIS/Include/cmsis_gcc.h ****  */
 934:Drivers/CMSIS/Include/cmsis_gcc.h **** __STATIC_FORCEINLINE int16_t __REVSH(int16_t value)
 935:Drivers/CMSIS/Include/cmsis_gcc.h **** {
 936:Drivers/CMSIS/Include/cmsis_gcc.h **** #if (__GNUC__ > 4) || (__GNUC__ == 4 && __GNUC_MINOR__ >= 8)
 937:Drivers/CMSIS/Include/cmsis_gcc.h ****   return (int16_t)__builtin_bswap16(value);
 938:Drivers/CMSIS/Include/cmsis_gcc.h **** #else
 939:Drivers/CMSIS/Include/cmsis_gcc.h ****   int16_t result;
 940:Drivers/CMSIS/Include/cmsis_gcc.h **** 
 941:Drivers/CMSIS/Include/cmsis_gcc.h ****   __ASM volatile ("revsh %0, %1" : __CMSIS_GCC_OUT_REG (result) : __CMSIS_GCC_USE_REG (value) );
 942:Drivers/CMSIS/Include/cmsis_gcc.h ****   return result;
 943:Drivers/CMSIS/Include/cmsis_gcc.h **** #endif
 944:Drivers/CMSIS/Include/cmsis_gcc.h **** }
 945:Drivers/CMSIS/Include/cmsis_gcc.h **** 
 946:Drivers/CMSIS/Include/cmsis_gcc.h **** 
 947:Drivers/CMSIS/Include/cmsis_gcc.h **** /**
 948:Drivers/CMSIS/Include/cmsis_gcc.h ****   \brief   Rotate Right in unsigned value (32 bit)
 949:Drivers/CMSIS/Include/cmsis_gcc.h ****   \details Rotate Right (immediate) provides the value of the contents of a register rotated by a v
 950:Drivers/CMSIS/Include/cmsis_gcc.h ****   \param [in]    op1  Value to rotate
 951:Drivers/CMSIS/Include/cmsis_gcc.h ****   \param [in]    op2  Number of Bits to rotate
 952:Drivers/CMSIS/Include/cmsis_gcc.h ****   \return               Rotated value
 953:Drivers/CMSIS/Include/cmsis_gcc.h ****  */
 954:Drivers/CMSIS/Include/cmsis_gcc.h **** __STATIC_FORCEINLINE uint32_t __ROR(uint32_t op1, uint32_t op2)
 955:Drivers/CMSIS/Include/cmsis_gcc.h **** {
 956:Drivers/CMSIS/Include/cmsis_gcc.h ****   op2 %= 32U;
 957:Drivers/CMSIS/Include/cmsis_gcc.h ****   if (op2 == 0U)
 958:Drivers/CMSIS/Include/cmsis_gcc.h ****   {
 959:Drivers/CMSIS/Include/cmsis_gcc.h ****     return op1;
 960:Drivers/CMSIS/Include/cmsis_gcc.h ****   }
 961:Drivers/CMSIS/Include/cmsis_gcc.h ****   return (op1 >> op2) | (op1 << (32U - op2));
 962:Drivers/CMSIS/Include/cmsis_gcc.h **** }
 963:Drivers/CMSIS/Include/cmsis_gcc.h **** 
 964:Drivers/CMSIS/Include/cmsis_gcc.h **** 
 965:Drivers/CMSIS/Include/cmsis_gcc.h **** /**
 966:Drivers/CMSIS/Include/cmsis_gcc.h ****   \brief   Breakpoint
 967:Drivers/CMSIS/Include/cmsis_gcc.h ****   \details Causes the processor to enter Debug state.
 968:Drivers/CMSIS/Include/cmsis_gcc.h ****            Debug tools can use this to investigate system state when the instruction at a particula
 969:Drivers/CMSIS/Include/cmsis_gcc.h ****   \param [in]    value  is ignored by the processor.
 970:Drivers/CMSIS/Include/cmsis_gcc.h ****                  If required, a debugger can use it to store additional information about the break
 971:Drivers/CMSIS/Include/cmsis_gcc.h ****  */
 972:Drivers/CMSIS/Include/cmsis_gcc.h **** #define __BKPT(value)                       __ASM volatile ("bkpt "#value)
 973:Drivers/CMSIS/Include/cmsis_gcc.h **** 
 974:Drivers/CMSIS/Include/cmsis_gcc.h **** 
ARM GAS  /var/folders/g3/s0qwt8r95936n9ghz4hhpdwm0000gn/T//ccJNxob3.s 			page 77


 975:Drivers/CMSIS/Include/cmsis_gcc.h **** /**
 976:Drivers/CMSIS/Include/cmsis_gcc.h ****   \brief   Reverse bit order of value
 977:Drivers/CMSIS/Include/cmsis_gcc.h ****   \details Reverses the bit order of the given value.
 978:Drivers/CMSIS/Include/cmsis_gcc.h ****   \param [in]    value  Value to reverse
 979:Drivers/CMSIS/Include/cmsis_gcc.h ****   \return               Reversed value
 980:Drivers/CMSIS/Include/cmsis_gcc.h ****  */
 981:Drivers/CMSIS/Include/cmsis_gcc.h **** __STATIC_FORCEINLINE uint32_t __RBIT(uint32_t value)
 982:Drivers/CMSIS/Include/cmsis_gcc.h **** {
 983:Drivers/CMSIS/Include/cmsis_gcc.h ****   uint32_t result;
 984:Drivers/CMSIS/Include/cmsis_gcc.h **** 
 985:Drivers/CMSIS/Include/cmsis_gcc.h **** #if ((defined (__ARM_ARCH_7M__      ) && (__ARM_ARCH_7M__      == 1)) || \
 986:Drivers/CMSIS/Include/cmsis_gcc.h ****      (defined (__ARM_ARCH_7EM__     ) && (__ARM_ARCH_7EM__     == 1)) || \
 987:Drivers/CMSIS/Include/cmsis_gcc.h ****      (defined (__ARM_ARCH_8M_MAIN__ ) && (__ARM_ARCH_8M_MAIN__ == 1))    )
 988:Drivers/CMSIS/Include/cmsis_gcc.h ****    __ASM volatile ("rbit %0, %1" : "=r" (result) : "r" (value) );
 1896              		.loc 2 988 4
 1897 0026 3B69     		ldr	r3, [r7, #16]
 1898              		.syntax unified
 1899              	@ 988 "Drivers/CMSIS/Include/cmsis_gcc.h" 1
 1900 0028 93FAA3F3 		rbit r3, r3
 1901              	@ 0 "" 2
 1902              		.thumb
 1903              		.syntax unified
 1904 002c FB60     		str	r3, [r7, #12]
 989:Drivers/CMSIS/Include/cmsis_gcc.h **** #else
 990:Drivers/CMSIS/Include/cmsis_gcc.h ****   uint32_t s = (4U /*sizeof(v)*/ * 8U) - 1U; /* extra shift needed at end */
 991:Drivers/CMSIS/Include/cmsis_gcc.h **** 
 992:Drivers/CMSIS/Include/cmsis_gcc.h ****   result = value;                      /* r will be reversed bits of v; first get LSB of v */
 993:Drivers/CMSIS/Include/cmsis_gcc.h ****   for (value >>= 1U; value != 0U; value >>= 1U)
 994:Drivers/CMSIS/Include/cmsis_gcc.h ****   {
 995:Drivers/CMSIS/Include/cmsis_gcc.h ****     result <<= 1U;
 996:Drivers/CMSIS/Include/cmsis_gcc.h ****     result |= value & 1U;
 997:Drivers/CMSIS/Include/cmsis_gcc.h ****     s--;
 998:Drivers/CMSIS/Include/cmsis_gcc.h ****   }
 999:Drivers/CMSIS/Include/cmsis_gcc.h ****   result <<= s;                        /* shift when v's highest bits are zero */
1000:Drivers/CMSIS/Include/cmsis_gcc.h **** #endif
1001:Drivers/CMSIS/Include/cmsis_gcc.h ****   return result;
 1905              		.loc 2 1001 10
 1906 002e FB68     		ldr	r3, [r7, #12]
 1907              	.LBE5:
 1908              	.LBE4:
1456:Drivers/STM32F1xx_HAL_Driver/Src/stm32f1xx_hal_can.c ****       (state == HAL_CAN_STATE_LISTENING))
1457:Drivers/STM32F1xx_HAL_Driver/Src/stm32f1xx_hal_can.c ****   {
1458:Drivers/STM32F1xx_HAL_Driver/Src/stm32f1xx_hal_can.c ****     /* Select the Tx mailbox */
1459:Drivers/STM32F1xx_HAL_Driver/Src/stm32f1xx_hal_can.c ****     transmitmailbox = POSITION_VAL(TxMailbox);
 1909              		.loc 1 1459 23
 1910 0030 B3FA83F3 		clz	r3, r3
 1911 0034 DBB2     		uxtb	r3, r3
 1912              		.loc 1 1459 21
 1913 0036 7B61     		str	r3, [r7, #20]
1460:Drivers/STM32F1xx_HAL_Driver/Src/stm32f1xx_hal_can.c **** 
1461:Drivers/STM32F1xx_HAL_Driver/Src/stm32f1xx_hal_can.c ****     /* Get timestamp */
1462:Drivers/STM32F1xx_HAL_Driver/Src/stm32f1xx_hal_can.c ****     timestamp = (hcan->Instance->sTxMailBox[transmitmailbox].TDTR & CAN_TDT0R_TIME) >> CAN_TDT0R_TI
 1914              		.loc 1 1462 22
 1915 0038 7B68     		ldr	r3, [r7, #4]
 1916 003a 1A68     		ldr	r2, [r3]
 1917              		.loc 1 1462 61
 1918 003c 7B69     		ldr	r3, [r7, #20]
ARM GAS  /var/folders/g3/s0qwt8r95936n9ghz4hhpdwm0000gn/T//ccJNxob3.s 			page 78


 1919 003e 1833     		adds	r3, r3, #24
 1920 0040 1B01     		lsls	r3, r3, #4
 1921 0042 1344     		add	r3, r3, r2
 1922 0044 0433     		adds	r3, r3, #4
 1923 0046 1B68     		ldr	r3, [r3]
 1924              		.loc 1 1462 85
 1925 0048 1B0C     		lsrs	r3, r3, #16
 1926              		.loc 1 1462 15
 1927 004a 9BB2     		uxth	r3, r3
 1928 004c FB61     		str	r3, [r7, #28]
 1929              	.L91:
1463:Drivers/STM32F1xx_HAL_Driver/Src/stm32f1xx_hal_can.c ****   }
1464:Drivers/STM32F1xx_HAL_Driver/Src/stm32f1xx_hal_can.c **** 
1465:Drivers/STM32F1xx_HAL_Driver/Src/stm32f1xx_hal_can.c ****   /* Return the timestamp */
1466:Drivers/STM32F1xx_HAL_Driver/Src/stm32f1xx_hal_can.c ****   return timestamp;
 1930              		.loc 1 1466 10
 1931 004e FB69     		ldr	r3, [r7, #28]
1467:Drivers/STM32F1xx_HAL_Driver/Src/stm32f1xx_hal_can.c **** }
 1932              		.loc 1 1467 1
 1933 0050 1846     		mov	r0, r3
 1934 0052 2437     		adds	r7, r7, #36
 1935              	.LCFI83:
 1936              		.cfi_def_cfa_offset 4
 1937 0054 BD46     		mov	sp, r7
 1938              	.LCFI84:
 1939              		.cfi_def_cfa_register 13
 1940              		@ sp needed
 1941 0056 80BC     		pop	{r7}
 1942              	.LCFI85:
 1943              		.cfi_restore 7
 1944              		.cfi_def_cfa_offset 0
 1945 0058 7047     		bx	lr
 1946              		.cfi_endproc
 1947              	.LFE79:
 1949              		.section	.text.HAL_CAN_GetRxMessage,"ax",%progbits
 1950              		.align	1
 1951              		.global	HAL_CAN_GetRxMessage
 1952              		.syntax unified
 1953              		.thumb
 1954              		.thumb_func
 1956              	HAL_CAN_GetRxMessage:
 1957              	.LFB80:
1468:Drivers/STM32F1xx_HAL_Driver/Src/stm32f1xx_hal_can.c **** 
1469:Drivers/STM32F1xx_HAL_Driver/Src/stm32f1xx_hal_can.c **** /**
1470:Drivers/STM32F1xx_HAL_Driver/Src/stm32f1xx_hal_can.c ****   * @brief  Get an CAN frame from the Rx FIFO zone into the message RAM.
1471:Drivers/STM32F1xx_HAL_Driver/Src/stm32f1xx_hal_can.c ****   * @param  hcan pointer to an CAN_HandleTypeDef structure that contains
1472:Drivers/STM32F1xx_HAL_Driver/Src/stm32f1xx_hal_can.c ****   *         the configuration information for the specified CAN.
1473:Drivers/STM32F1xx_HAL_Driver/Src/stm32f1xx_hal_can.c ****   * @param  RxFifo Fifo number of the received message to be read.
1474:Drivers/STM32F1xx_HAL_Driver/Src/stm32f1xx_hal_can.c ****   *         This parameter can be a value of @arg CAN_receive_FIFO_number.
1475:Drivers/STM32F1xx_HAL_Driver/Src/stm32f1xx_hal_can.c ****   * @param  pHeader pointer to a CAN_RxHeaderTypeDef structure where the header
1476:Drivers/STM32F1xx_HAL_Driver/Src/stm32f1xx_hal_can.c ****   *         of the Rx frame will be stored.
1477:Drivers/STM32F1xx_HAL_Driver/Src/stm32f1xx_hal_can.c ****   * @param  aData array where the payload of the Rx frame will be stored.
1478:Drivers/STM32F1xx_HAL_Driver/Src/stm32f1xx_hal_can.c ****   * @retval HAL status
1479:Drivers/STM32F1xx_HAL_Driver/Src/stm32f1xx_hal_can.c ****   */
1480:Drivers/STM32F1xx_HAL_Driver/Src/stm32f1xx_hal_can.c **** HAL_StatusTypeDef HAL_CAN_GetRxMessage(CAN_HandleTypeDef *hcan, uint32_t RxFifo,
1481:Drivers/STM32F1xx_HAL_Driver/Src/stm32f1xx_hal_can.c ****                                        CAN_RxHeaderTypeDef *pHeader, uint8_t aData[])
1482:Drivers/STM32F1xx_HAL_Driver/Src/stm32f1xx_hal_can.c **** {
ARM GAS  /var/folders/g3/s0qwt8r95936n9ghz4hhpdwm0000gn/T//ccJNxob3.s 			page 79


 1958              		.loc 1 1482 1
 1959              		.cfi_startproc
 1960              		@ args = 0, pretend = 0, frame = 24
 1961              		@ frame_needed = 1, uses_anonymous_args = 0
 1962              		@ link register save eliminated.
 1963 0000 80B4     		push	{r7}
 1964              	.LCFI86:
 1965              		.cfi_def_cfa_offset 4
 1966              		.cfi_offset 7, -4
 1967 0002 87B0     		sub	sp, sp, #28
 1968              	.LCFI87:
 1969              		.cfi_def_cfa_offset 32
 1970 0004 00AF     		add	r7, sp, #0
 1971              	.LCFI88:
 1972              		.cfi_def_cfa_register 7
 1973 0006 F860     		str	r0, [r7, #12]
 1974 0008 B960     		str	r1, [r7, #8]
 1975 000a 7A60     		str	r2, [r7, #4]
 1976 000c 3B60     		str	r3, [r7]
1483:Drivers/STM32F1xx_HAL_Driver/Src/stm32f1xx_hal_can.c ****   HAL_CAN_StateTypeDef state = hcan->State;
 1977              		.loc 1 1483 24
 1978 000e FB68     		ldr	r3, [r7, #12]
 1979 0010 93F82030 		ldrb	r3, [r3, #32]
 1980 0014 FB75     		strb	r3, [r7, #23]
1484:Drivers/STM32F1xx_HAL_Driver/Src/stm32f1xx_hal_can.c **** 
1485:Drivers/STM32F1xx_HAL_Driver/Src/stm32f1xx_hal_can.c ****   assert_param(IS_CAN_RX_FIFO(RxFifo));
1486:Drivers/STM32F1xx_HAL_Driver/Src/stm32f1xx_hal_can.c **** 
1487:Drivers/STM32F1xx_HAL_Driver/Src/stm32f1xx_hal_can.c ****   if ((state == HAL_CAN_STATE_READY) ||
 1981              		.loc 1 1487 6
 1982 0016 FB7D     		ldrb	r3, [r7, #23]	@ zero_extendqisi2
 1983 0018 012B     		cmp	r3, #1
 1984 001a 03D0     		beq	.L95
 1985              		.loc 1 1487 38 discriminator 1
 1986 001c FB7D     		ldrb	r3, [r7, #23]	@ zero_extendqisi2
 1987 001e 022B     		cmp	r3, #2
 1988 0020 40F00381 		bne	.L96
 1989              	.L95:
1488:Drivers/STM32F1xx_HAL_Driver/Src/stm32f1xx_hal_can.c ****       (state == HAL_CAN_STATE_LISTENING))
1489:Drivers/STM32F1xx_HAL_Driver/Src/stm32f1xx_hal_can.c ****   {
1490:Drivers/STM32F1xx_HAL_Driver/Src/stm32f1xx_hal_can.c ****     /* Check the Rx FIFO */
1491:Drivers/STM32F1xx_HAL_Driver/Src/stm32f1xx_hal_can.c ****     if (RxFifo == CAN_RX_FIFO0) /* Rx element is assigned to Rx FIFO 0 */
 1990              		.loc 1 1491 8
 1991 0024 BB68     		ldr	r3, [r7, #8]
 1992 0026 002B     		cmp	r3, #0
 1993 0028 0ED1     		bne	.L97
1492:Drivers/STM32F1xx_HAL_Driver/Src/stm32f1xx_hal_can.c ****     {
1493:Drivers/STM32F1xx_HAL_Driver/Src/stm32f1xx_hal_can.c ****       /* Check that the Rx FIFO 0 is not empty */
1494:Drivers/STM32F1xx_HAL_Driver/Src/stm32f1xx_hal_can.c ****       if ((hcan->Instance->RF0R & CAN_RF0R_FMP0) == 0U)
 1994              		.loc 1 1494 16
 1995 002a FB68     		ldr	r3, [r7, #12]
 1996 002c 1B68     		ldr	r3, [r3]
 1997              		.loc 1 1494 26
 1998 002e DB68     		ldr	r3, [r3, #12]
 1999              		.loc 1 1494 33
 2000 0030 03F00303 		and	r3, r3, #3
 2001              		.loc 1 1494 10
 2002 0034 002B     		cmp	r3, #0
ARM GAS  /var/folders/g3/s0qwt8r95936n9ghz4hhpdwm0000gn/T//ccJNxob3.s 			page 80


 2003 0036 16D1     		bne	.L98
1495:Drivers/STM32F1xx_HAL_Driver/Src/stm32f1xx_hal_can.c ****       {
1496:Drivers/STM32F1xx_HAL_Driver/Src/stm32f1xx_hal_can.c ****         /* Update error code */
1497:Drivers/STM32F1xx_HAL_Driver/Src/stm32f1xx_hal_can.c ****         hcan->ErrorCode |= HAL_CAN_ERROR_PARAM;
 2004              		.loc 1 1497 25
 2005 0038 FB68     		ldr	r3, [r7, #12]
 2006 003a 5B6A     		ldr	r3, [r3, #36]
 2007 003c 43F40012 		orr	r2, r3, #2097152
 2008 0040 FB68     		ldr	r3, [r7, #12]
 2009 0042 5A62     		str	r2, [r3, #36]
1498:Drivers/STM32F1xx_HAL_Driver/Src/stm32f1xx_hal_can.c **** 
1499:Drivers/STM32F1xx_HAL_Driver/Src/stm32f1xx_hal_can.c ****         return HAL_ERROR;
 2010              		.loc 1 1499 16
 2011 0044 0123     		movs	r3, #1
 2012 0046 F7E0     		b	.L99
 2013              	.L97:
1500:Drivers/STM32F1xx_HAL_Driver/Src/stm32f1xx_hal_can.c ****       }
1501:Drivers/STM32F1xx_HAL_Driver/Src/stm32f1xx_hal_can.c ****     }
1502:Drivers/STM32F1xx_HAL_Driver/Src/stm32f1xx_hal_can.c ****     else /* Rx element is assigned to Rx FIFO 1 */
1503:Drivers/STM32F1xx_HAL_Driver/Src/stm32f1xx_hal_can.c ****     {
1504:Drivers/STM32F1xx_HAL_Driver/Src/stm32f1xx_hal_can.c ****       /* Check that the Rx FIFO 1 is not empty */
1505:Drivers/STM32F1xx_HAL_Driver/Src/stm32f1xx_hal_can.c ****       if ((hcan->Instance->RF1R & CAN_RF1R_FMP1) == 0U)
 2014              		.loc 1 1505 16
 2015 0048 FB68     		ldr	r3, [r7, #12]
 2016 004a 1B68     		ldr	r3, [r3]
 2017              		.loc 1 1505 26
 2018 004c 1B69     		ldr	r3, [r3, #16]
 2019              		.loc 1 1505 33
 2020 004e 03F00303 		and	r3, r3, #3
 2021              		.loc 1 1505 10
 2022 0052 002B     		cmp	r3, #0
 2023 0054 07D1     		bne	.L98
1506:Drivers/STM32F1xx_HAL_Driver/Src/stm32f1xx_hal_can.c ****       {
1507:Drivers/STM32F1xx_HAL_Driver/Src/stm32f1xx_hal_can.c ****         /* Update error code */
1508:Drivers/STM32F1xx_HAL_Driver/Src/stm32f1xx_hal_can.c ****         hcan->ErrorCode |= HAL_CAN_ERROR_PARAM;
 2024              		.loc 1 1508 25
 2025 0056 FB68     		ldr	r3, [r7, #12]
 2026 0058 5B6A     		ldr	r3, [r3, #36]
 2027 005a 43F40012 		orr	r2, r3, #2097152
 2028 005e FB68     		ldr	r3, [r7, #12]
 2029 0060 5A62     		str	r2, [r3, #36]
1509:Drivers/STM32F1xx_HAL_Driver/Src/stm32f1xx_hal_can.c **** 
1510:Drivers/STM32F1xx_HAL_Driver/Src/stm32f1xx_hal_can.c ****         return HAL_ERROR;
 2030              		.loc 1 1510 16
 2031 0062 0123     		movs	r3, #1
 2032 0064 E8E0     		b	.L99
 2033              	.L98:
1511:Drivers/STM32F1xx_HAL_Driver/Src/stm32f1xx_hal_can.c ****       }
1512:Drivers/STM32F1xx_HAL_Driver/Src/stm32f1xx_hal_can.c ****     }
1513:Drivers/STM32F1xx_HAL_Driver/Src/stm32f1xx_hal_can.c **** 
1514:Drivers/STM32F1xx_HAL_Driver/Src/stm32f1xx_hal_can.c ****     /* Get the header */
1515:Drivers/STM32F1xx_HAL_Driver/Src/stm32f1xx_hal_can.c ****     pHeader->IDE = CAN_RI0R_IDE & hcan->Instance->sFIFOMailBox[RxFifo].RIR;
 2034              		.loc 1 1515 39
 2035 0066 FB68     		ldr	r3, [r7, #12]
 2036 0068 1A68     		ldr	r2, [r3]
 2037              		.loc 1 1515 71
 2038 006a BB68     		ldr	r3, [r7, #8]
ARM GAS  /var/folders/g3/s0qwt8r95936n9ghz4hhpdwm0000gn/T//ccJNxob3.s 			page 81


 2039 006c 1B33     		adds	r3, r3, #27
 2040 006e 1B01     		lsls	r3, r3, #4
 2041 0070 1344     		add	r3, r3, r2
 2042 0072 1B68     		ldr	r3, [r3]
 2043              		.loc 1 1515 33
 2044 0074 03F00402 		and	r2, r3, #4
 2045              		.loc 1 1515 18
 2046 0078 7B68     		ldr	r3, [r7, #4]
 2047 007a 9A60     		str	r2, [r3, #8]
1516:Drivers/STM32F1xx_HAL_Driver/Src/stm32f1xx_hal_can.c ****     if (pHeader->IDE == CAN_ID_STD)
 2048              		.loc 1 1516 16
 2049 007c 7B68     		ldr	r3, [r7, #4]
 2050 007e 9B68     		ldr	r3, [r3, #8]
 2051              		.loc 1 1516 8
 2052 0080 002B     		cmp	r3, #0
 2053 0082 0CD1     		bne	.L100
1517:Drivers/STM32F1xx_HAL_Driver/Src/stm32f1xx_hal_can.c ****     {
1518:Drivers/STM32F1xx_HAL_Driver/Src/stm32f1xx_hal_can.c ****       pHeader->StdId = (CAN_RI0R_STID & hcan->Instance->sFIFOMailBox[RxFifo].RIR) >> CAN_TI0R_STID_
 2054              		.loc 1 1518 45
 2055 0084 FB68     		ldr	r3, [r7, #12]
 2056 0086 1A68     		ldr	r2, [r3]
 2057              		.loc 1 1518 77
 2058 0088 BB68     		ldr	r3, [r7, #8]
 2059 008a 1B33     		adds	r3, r3, #27
 2060 008c 1B01     		lsls	r3, r3, #4
 2061 008e 1344     		add	r3, r3, r2
 2062 0090 1B68     		ldr	r3, [r3]
 2063              		.loc 1 1518 83
 2064 0092 5B0D     		lsrs	r3, r3, #21
 2065 0094 C3F30A02 		ubfx	r2, r3, #0, #11
 2066              		.loc 1 1518 22
 2067 0098 7B68     		ldr	r3, [r7, #4]
 2068 009a 1A60     		str	r2, [r3]
 2069 009c 0BE0     		b	.L101
 2070              	.L100:
1519:Drivers/STM32F1xx_HAL_Driver/Src/stm32f1xx_hal_can.c ****     }
1520:Drivers/STM32F1xx_HAL_Driver/Src/stm32f1xx_hal_can.c ****     else
1521:Drivers/STM32F1xx_HAL_Driver/Src/stm32f1xx_hal_can.c ****     {
1522:Drivers/STM32F1xx_HAL_Driver/Src/stm32f1xx_hal_can.c ****       pHeader->ExtId = ((CAN_RI0R_EXID | CAN_RI0R_STID) &
1523:Drivers/STM32F1xx_HAL_Driver/Src/stm32f1xx_hal_can.c ****                         hcan->Instance->sFIFOMailBox[RxFifo].RIR) >> CAN_RI0R_EXID_Pos;
 2071              		.loc 1 1523 29
 2072 009e FB68     		ldr	r3, [r7, #12]
 2073 00a0 1A68     		ldr	r2, [r3]
 2074              		.loc 1 1523 61
 2075 00a2 BB68     		ldr	r3, [r7, #8]
 2076 00a4 1B33     		adds	r3, r3, #27
 2077 00a6 1B01     		lsls	r3, r3, #4
 2078 00a8 1344     		add	r3, r3, r2
 2079 00aa 1B68     		ldr	r3, [r3]
 2080              		.loc 1 1523 67
 2081 00ac DB08     		lsrs	r3, r3, #3
 2082 00ae 23F06042 		bic	r2, r3, #-536870912
1522:Drivers/STM32F1xx_HAL_Driver/Src/stm32f1xx_hal_can.c ****                         hcan->Instance->sFIFOMailBox[RxFifo].RIR) >> CAN_RI0R_EXID_Pos;
 2083              		.loc 1 1522 22
 2084 00b2 7B68     		ldr	r3, [r7, #4]
 2085 00b4 5A60     		str	r2, [r3, #4]
 2086              	.L101:
ARM GAS  /var/folders/g3/s0qwt8r95936n9ghz4hhpdwm0000gn/T//ccJNxob3.s 			page 82


1524:Drivers/STM32F1xx_HAL_Driver/Src/stm32f1xx_hal_can.c ****     }
1525:Drivers/STM32F1xx_HAL_Driver/Src/stm32f1xx_hal_can.c ****     pHeader->RTR = (CAN_RI0R_RTR & hcan->Instance->sFIFOMailBox[RxFifo].RIR);
 2087              		.loc 1 1525 40
 2088 00b6 FB68     		ldr	r3, [r7, #12]
 2089 00b8 1A68     		ldr	r2, [r3]
 2090              		.loc 1 1525 72
 2091 00ba BB68     		ldr	r3, [r7, #8]
 2092 00bc 1B33     		adds	r3, r3, #27
 2093 00be 1B01     		lsls	r3, r3, #4
 2094 00c0 1344     		add	r3, r3, r2
 2095 00c2 1B68     		ldr	r3, [r3]
 2096              		.loc 1 1525 34
 2097 00c4 03F00202 		and	r2, r3, #2
 2098              		.loc 1 1525 18
 2099 00c8 7B68     		ldr	r3, [r7, #4]
 2100 00ca DA60     		str	r2, [r3, #12]
1526:Drivers/STM32F1xx_HAL_Driver/Src/stm32f1xx_hal_can.c ****     if (((CAN_RDT0R_DLC & hcan->Instance->sFIFOMailBox[RxFifo].RDTR) >> CAN_RDT0R_DLC_Pos) >= 8U)
 2101              		.loc 1 1526 31
 2102 00cc FB68     		ldr	r3, [r7, #12]
 2103 00ce 1A68     		ldr	r2, [r3]
 2104              		.loc 1 1526 63
 2105 00d0 BB68     		ldr	r3, [r7, #8]
 2106 00d2 1B33     		adds	r3, r3, #27
 2107 00d4 1B01     		lsls	r3, r3, #4
 2108 00d6 1344     		add	r3, r3, r2
 2109 00d8 0433     		adds	r3, r3, #4
 2110 00da 1B68     		ldr	r3, [r3]
 2111              		.loc 1 1526 92
 2112 00dc 03F00803 		and	r3, r3, #8
 2113              		.loc 1 1526 8
 2114 00e0 002B     		cmp	r3, #0
 2115 00e2 03D0     		beq	.L102
1527:Drivers/STM32F1xx_HAL_Driver/Src/stm32f1xx_hal_can.c ****     {
1528:Drivers/STM32F1xx_HAL_Driver/Src/stm32f1xx_hal_can.c ****       /* Truncate DLC to 8 if received field is over range */
1529:Drivers/STM32F1xx_HAL_Driver/Src/stm32f1xx_hal_can.c ****       pHeader->DLC = 8U;
 2116              		.loc 1 1529 20
 2117 00e4 7B68     		ldr	r3, [r7, #4]
 2118 00e6 0822     		movs	r2, #8
 2119 00e8 1A61     		str	r2, [r3, #16]
 2120 00ea 0BE0     		b	.L103
 2121              	.L102:
1530:Drivers/STM32F1xx_HAL_Driver/Src/stm32f1xx_hal_can.c ****     }
1531:Drivers/STM32F1xx_HAL_Driver/Src/stm32f1xx_hal_can.c ****     else
1532:Drivers/STM32F1xx_HAL_Driver/Src/stm32f1xx_hal_can.c ****     {
1533:Drivers/STM32F1xx_HAL_Driver/Src/stm32f1xx_hal_can.c ****       pHeader->DLC = (CAN_RDT0R_DLC & hcan->Instance->sFIFOMailBox[RxFifo].RDTR) >> CAN_RDT0R_DLC_P
 2122              		.loc 1 1533 43
 2123 00ec FB68     		ldr	r3, [r7, #12]
 2124 00ee 1A68     		ldr	r2, [r3]
 2125              		.loc 1 1533 75
 2126 00f0 BB68     		ldr	r3, [r7, #8]
 2127 00f2 1B33     		adds	r3, r3, #27
 2128 00f4 1B01     		lsls	r3, r3, #4
 2129 00f6 1344     		add	r3, r3, r2
 2130 00f8 0433     		adds	r3, r3, #4
 2131 00fa 1B68     		ldr	r3, [r3]
 2132              		.loc 1 1533 82
 2133 00fc 03F00F02 		and	r2, r3, #15
ARM GAS  /var/folders/g3/s0qwt8r95936n9ghz4hhpdwm0000gn/T//ccJNxob3.s 			page 83


 2134              		.loc 1 1533 20
 2135 0100 7B68     		ldr	r3, [r7, #4]
 2136 0102 1A61     		str	r2, [r3, #16]
 2137              	.L103:
1534:Drivers/STM32F1xx_HAL_Driver/Src/stm32f1xx_hal_can.c ****     }
1535:Drivers/STM32F1xx_HAL_Driver/Src/stm32f1xx_hal_can.c ****     pHeader->FilterMatchIndex = (CAN_RDT0R_FMI & hcan->Instance->sFIFOMailBox[RxFifo].RDTR) >> CAN_
 2138              		.loc 1 1535 54
 2139 0104 FB68     		ldr	r3, [r7, #12]
 2140 0106 1A68     		ldr	r2, [r3]
 2141              		.loc 1 1535 86
 2142 0108 BB68     		ldr	r3, [r7, #8]
 2143 010a 1B33     		adds	r3, r3, #27
 2144 010c 1B01     		lsls	r3, r3, #4
 2145 010e 1344     		add	r3, r3, r2
 2146 0110 0433     		adds	r3, r3, #4
 2147 0112 1B68     		ldr	r3, [r3]
 2148              		.loc 1 1535 93
 2149 0114 1B0A     		lsrs	r3, r3, #8
 2150 0116 DAB2     		uxtb	r2, r3
 2151              		.loc 1 1535 31
 2152 0118 7B68     		ldr	r3, [r7, #4]
 2153 011a 9A61     		str	r2, [r3, #24]
1536:Drivers/STM32F1xx_HAL_Driver/Src/stm32f1xx_hal_can.c ****     pHeader->Timestamp = (CAN_RDT0R_TIME & hcan->Instance->sFIFOMailBox[RxFifo].RDTR) >> CAN_RDT0R_
 2154              		.loc 1 1536 48
 2155 011c FB68     		ldr	r3, [r7, #12]
 2156 011e 1A68     		ldr	r2, [r3]
 2157              		.loc 1 1536 80
 2158 0120 BB68     		ldr	r3, [r7, #8]
 2159 0122 1B33     		adds	r3, r3, #27
 2160 0124 1B01     		lsls	r3, r3, #4
 2161 0126 1344     		add	r3, r3, r2
 2162 0128 0433     		adds	r3, r3, #4
 2163 012a 1B68     		ldr	r3, [r3]
 2164              		.loc 1 1536 87
 2165 012c 1B0C     		lsrs	r3, r3, #16
 2166 012e 9AB2     		uxth	r2, r3
 2167              		.loc 1 1536 24
 2168 0130 7B68     		ldr	r3, [r7, #4]
 2169 0132 5A61     		str	r2, [r3, #20]
1537:Drivers/STM32F1xx_HAL_Driver/Src/stm32f1xx_hal_can.c **** 
1538:Drivers/STM32F1xx_HAL_Driver/Src/stm32f1xx_hal_can.c ****     /* Get the data */
1539:Drivers/STM32F1xx_HAL_Driver/Src/stm32f1xx_hal_can.c ****     aData[0] = (uint8_t)((CAN_RDL0R_DATA0 & hcan->Instance->sFIFOMailBox[RxFifo].RDLR) >> CAN_RDL0R
 2170              		.loc 1 1539 49
 2171 0134 FB68     		ldr	r3, [r7, #12]
 2172 0136 1A68     		ldr	r2, [r3]
 2173              		.loc 1 1539 81
 2174 0138 BB68     		ldr	r3, [r7, #8]
 2175 013a 1B01     		lsls	r3, r3, #4
 2176 013c 1344     		add	r3, r3, r2
 2177 013e 03F5DC73 		add	r3, r3, #440
 2178 0142 1B68     		ldr	r3, [r3]
 2179              		.loc 1 1539 16
 2180 0144 DAB2     		uxtb	r2, r3
 2181              		.loc 1 1539 14
 2182 0146 3B68     		ldr	r3, [r7]
 2183 0148 1A70     		strb	r2, [r3]
1540:Drivers/STM32F1xx_HAL_Driver/Src/stm32f1xx_hal_can.c ****     aData[1] = (uint8_t)((CAN_RDL0R_DATA1 & hcan->Instance->sFIFOMailBox[RxFifo].RDLR) >> CAN_RDL0R
ARM GAS  /var/folders/g3/s0qwt8r95936n9ghz4hhpdwm0000gn/T//ccJNxob3.s 			page 84


 2184              		.loc 1 1540 49
 2185 014a FB68     		ldr	r3, [r7, #12]
 2186 014c 1A68     		ldr	r2, [r3]
 2187              		.loc 1 1540 81
 2188 014e BB68     		ldr	r3, [r7, #8]
 2189 0150 1B01     		lsls	r3, r3, #4
 2190 0152 1344     		add	r3, r3, r2
 2191 0154 03F5DC73 		add	r3, r3, #440
 2192 0158 1B68     		ldr	r3, [r3]
 2193              		.loc 1 1540 88
 2194 015a 1A0A     		lsrs	r2, r3, #8
 2195              		.loc 1 1540 10
 2196 015c 3B68     		ldr	r3, [r7]
 2197 015e 0133     		adds	r3, r3, #1
 2198              		.loc 1 1540 16
 2199 0160 D2B2     		uxtb	r2, r2
 2200              		.loc 1 1540 14
 2201 0162 1A70     		strb	r2, [r3]
1541:Drivers/STM32F1xx_HAL_Driver/Src/stm32f1xx_hal_can.c ****     aData[2] = (uint8_t)((CAN_RDL0R_DATA2 & hcan->Instance->sFIFOMailBox[RxFifo].RDLR) >> CAN_RDL0R
 2202              		.loc 1 1541 49
 2203 0164 FB68     		ldr	r3, [r7, #12]
 2204 0166 1A68     		ldr	r2, [r3]
 2205              		.loc 1 1541 81
 2206 0168 BB68     		ldr	r3, [r7, #8]
 2207 016a 1B01     		lsls	r3, r3, #4
 2208 016c 1344     		add	r3, r3, r2
 2209 016e 03F5DC73 		add	r3, r3, #440
 2210 0172 1B68     		ldr	r3, [r3]
 2211              		.loc 1 1541 88
 2212 0174 1A0C     		lsrs	r2, r3, #16
 2213              		.loc 1 1541 10
 2214 0176 3B68     		ldr	r3, [r7]
 2215 0178 0233     		adds	r3, r3, #2
 2216              		.loc 1 1541 16
 2217 017a D2B2     		uxtb	r2, r2
 2218              		.loc 1 1541 14
 2219 017c 1A70     		strb	r2, [r3]
1542:Drivers/STM32F1xx_HAL_Driver/Src/stm32f1xx_hal_can.c ****     aData[3] = (uint8_t)((CAN_RDL0R_DATA3 & hcan->Instance->sFIFOMailBox[RxFifo].RDLR) >> CAN_RDL0R
 2220              		.loc 1 1542 49
 2221 017e FB68     		ldr	r3, [r7, #12]
 2222 0180 1A68     		ldr	r2, [r3]
 2223              		.loc 1 1542 81
 2224 0182 BB68     		ldr	r3, [r7, #8]
 2225 0184 1B01     		lsls	r3, r3, #4
 2226 0186 1344     		add	r3, r3, r2
 2227 0188 03F5DC73 		add	r3, r3, #440
 2228 018c 1B68     		ldr	r3, [r3]
 2229              		.loc 1 1542 88
 2230 018e 1A0E     		lsrs	r2, r3, #24
 2231              		.loc 1 1542 10
 2232 0190 3B68     		ldr	r3, [r7]
 2233 0192 0333     		adds	r3, r3, #3
 2234              		.loc 1 1542 16
 2235 0194 D2B2     		uxtb	r2, r2
 2236              		.loc 1 1542 14
 2237 0196 1A70     		strb	r2, [r3]
1543:Drivers/STM32F1xx_HAL_Driver/Src/stm32f1xx_hal_can.c ****     aData[4] = (uint8_t)((CAN_RDH0R_DATA4 & hcan->Instance->sFIFOMailBox[RxFifo].RDHR) >> CAN_RDH0R
ARM GAS  /var/folders/g3/s0qwt8r95936n9ghz4hhpdwm0000gn/T//ccJNxob3.s 			page 85


 2238              		.loc 1 1543 49
 2239 0198 FB68     		ldr	r3, [r7, #12]
 2240 019a 1A68     		ldr	r2, [r3]
 2241              		.loc 1 1543 81
 2242 019c BB68     		ldr	r3, [r7, #8]
 2243 019e 1B01     		lsls	r3, r3, #4
 2244 01a0 1344     		add	r3, r3, r2
 2245 01a2 03F5DE73 		add	r3, r3, #444
 2246 01a6 1A68     		ldr	r2, [r3]
 2247              		.loc 1 1543 10
 2248 01a8 3B68     		ldr	r3, [r7]
 2249 01aa 0433     		adds	r3, r3, #4
 2250              		.loc 1 1543 16
 2251 01ac D2B2     		uxtb	r2, r2
 2252              		.loc 1 1543 14
 2253 01ae 1A70     		strb	r2, [r3]
1544:Drivers/STM32F1xx_HAL_Driver/Src/stm32f1xx_hal_can.c ****     aData[5] = (uint8_t)((CAN_RDH0R_DATA5 & hcan->Instance->sFIFOMailBox[RxFifo].RDHR) >> CAN_RDH0R
 2254              		.loc 1 1544 49
 2255 01b0 FB68     		ldr	r3, [r7, #12]
 2256 01b2 1A68     		ldr	r2, [r3]
 2257              		.loc 1 1544 81
 2258 01b4 BB68     		ldr	r3, [r7, #8]
 2259 01b6 1B01     		lsls	r3, r3, #4
 2260 01b8 1344     		add	r3, r3, r2
 2261 01ba 03F5DE73 		add	r3, r3, #444
 2262 01be 1B68     		ldr	r3, [r3]
 2263              		.loc 1 1544 88
 2264 01c0 1A0A     		lsrs	r2, r3, #8
 2265              		.loc 1 1544 10
 2266 01c2 3B68     		ldr	r3, [r7]
 2267 01c4 0533     		adds	r3, r3, #5
 2268              		.loc 1 1544 16
 2269 01c6 D2B2     		uxtb	r2, r2
 2270              		.loc 1 1544 14
 2271 01c8 1A70     		strb	r2, [r3]
1545:Drivers/STM32F1xx_HAL_Driver/Src/stm32f1xx_hal_can.c ****     aData[6] = (uint8_t)((CAN_RDH0R_DATA6 & hcan->Instance->sFIFOMailBox[RxFifo].RDHR) >> CAN_RDH0R
 2272              		.loc 1 1545 49
 2273 01ca FB68     		ldr	r3, [r7, #12]
 2274 01cc 1A68     		ldr	r2, [r3]
 2275              		.loc 1 1545 81
 2276 01ce BB68     		ldr	r3, [r7, #8]
 2277 01d0 1B01     		lsls	r3, r3, #4
 2278 01d2 1344     		add	r3, r3, r2
 2279 01d4 03F5DE73 		add	r3, r3, #444
 2280 01d8 1B68     		ldr	r3, [r3]
 2281              		.loc 1 1545 88
 2282 01da 1A0C     		lsrs	r2, r3, #16
 2283              		.loc 1 1545 10
 2284 01dc 3B68     		ldr	r3, [r7]
 2285 01de 0633     		adds	r3, r3, #6
 2286              		.loc 1 1545 16
 2287 01e0 D2B2     		uxtb	r2, r2
 2288              		.loc 1 1545 14
 2289 01e2 1A70     		strb	r2, [r3]
1546:Drivers/STM32F1xx_HAL_Driver/Src/stm32f1xx_hal_can.c ****     aData[7] = (uint8_t)((CAN_RDH0R_DATA7 & hcan->Instance->sFIFOMailBox[RxFifo].RDHR) >> CAN_RDH0R
 2290              		.loc 1 1546 49
 2291 01e4 FB68     		ldr	r3, [r7, #12]
ARM GAS  /var/folders/g3/s0qwt8r95936n9ghz4hhpdwm0000gn/T//ccJNxob3.s 			page 86


 2292 01e6 1A68     		ldr	r2, [r3]
 2293              		.loc 1 1546 81
 2294 01e8 BB68     		ldr	r3, [r7, #8]
 2295 01ea 1B01     		lsls	r3, r3, #4
 2296 01ec 1344     		add	r3, r3, r2
 2297 01ee 03F5DE73 		add	r3, r3, #444
 2298 01f2 1B68     		ldr	r3, [r3]
 2299              		.loc 1 1546 88
 2300 01f4 1A0E     		lsrs	r2, r3, #24
 2301              		.loc 1 1546 10
 2302 01f6 3B68     		ldr	r3, [r7]
 2303 01f8 0733     		adds	r3, r3, #7
 2304              		.loc 1 1546 16
 2305 01fa D2B2     		uxtb	r2, r2
 2306              		.loc 1 1546 14
 2307 01fc 1A70     		strb	r2, [r3]
1547:Drivers/STM32F1xx_HAL_Driver/Src/stm32f1xx_hal_can.c **** 
1548:Drivers/STM32F1xx_HAL_Driver/Src/stm32f1xx_hal_can.c ****     /* Release the FIFO */
1549:Drivers/STM32F1xx_HAL_Driver/Src/stm32f1xx_hal_can.c ****     if (RxFifo == CAN_RX_FIFO0) /* Rx element is assigned to Rx FIFO 0 */
 2308              		.loc 1 1549 8
 2309 01fe BB68     		ldr	r3, [r7, #8]
 2310 0200 002B     		cmp	r3, #0
 2311 0202 08D1     		bne	.L104
1550:Drivers/STM32F1xx_HAL_Driver/Src/stm32f1xx_hal_can.c ****     {
1551:Drivers/STM32F1xx_HAL_Driver/Src/stm32f1xx_hal_can.c ****       /* Release RX FIFO 0 */
1552:Drivers/STM32F1xx_HAL_Driver/Src/stm32f1xx_hal_can.c ****       SET_BIT(hcan->Instance->RF0R, CAN_RF0R_RFOM0);
 2312              		.loc 1 1552 7
 2313 0204 FB68     		ldr	r3, [r7, #12]
 2314 0206 1B68     		ldr	r3, [r3]
 2315 0208 DA68     		ldr	r2, [r3, #12]
 2316 020a FB68     		ldr	r3, [r7, #12]
 2317 020c 1B68     		ldr	r3, [r3]
 2318 020e 42F02002 		orr	r2, r2, #32
 2319 0212 DA60     		str	r2, [r3, #12]
 2320 0214 07E0     		b	.L105
 2321              	.L104:
1553:Drivers/STM32F1xx_HAL_Driver/Src/stm32f1xx_hal_can.c ****     }
1554:Drivers/STM32F1xx_HAL_Driver/Src/stm32f1xx_hal_can.c ****     else /* Rx element is assigned to Rx FIFO 1 */
1555:Drivers/STM32F1xx_HAL_Driver/Src/stm32f1xx_hal_can.c ****     {
1556:Drivers/STM32F1xx_HAL_Driver/Src/stm32f1xx_hal_can.c ****       /* Release RX FIFO 1 */
1557:Drivers/STM32F1xx_HAL_Driver/Src/stm32f1xx_hal_can.c ****       SET_BIT(hcan->Instance->RF1R, CAN_RF1R_RFOM1);
 2322              		.loc 1 1557 7
 2323 0216 FB68     		ldr	r3, [r7, #12]
 2324 0218 1B68     		ldr	r3, [r3]
 2325 021a 1A69     		ldr	r2, [r3, #16]
 2326 021c FB68     		ldr	r3, [r7, #12]
 2327 021e 1B68     		ldr	r3, [r3]
 2328 0220 42F02002 		orr	r2, r2, #32
 2329 0224 1A61     		str	r2, [r3, #16]
 2330              	.L105:
1558:Drivers/STM32F1xx_HAL_Driver/Src/stm32f1xx_hal_can.c ****     }
1559:Drivers/STM32F1xx_HAL_Driver/Src/stm32f1xx_hal_can.c **** 
1560:Drivers/STM32F1xx_HAL_Driver/Src/stm32f1xx_hal_can.c ****     /* Return function status */
1561:Drivers/STM32F1xx_HAL_Driver/Src/stm32f1xx_hal_can.c ****     return HAL_OK;
 2331              		.loc 1 1561 12
 2332 0226 0023     		movs	r3, #0
 2333 0228 06E0     		b	.L99
ARM GAS  /var/folders/g3/s0qwt8r95936n9ghz4hhpdwm0000gn/T//ccJNxob3.s 			page 87


 2334              	.L96:
1562:Drivers/STM32F1xx_HAL_Driver/Src/stm32f1xx_hal_can.c ****   }
1563:Drivers/STM32F1xx_HAL_Driver/Src/stm32f1xx_hal_can.c ****   else
1564:Drivers/STM32F1xx_HAL_Driver/Src/stm32f1xx_hal_can.c ****   {
1565:Drivers/STM32F1xx_HAL_Driver/Src/stm32f1xx_hal_can.c ****     /* Update error code */
1566:Drivers/STM32F1xx_HAL_Driver/Src/stm32f1xx_hal_can.c ****     hcan->ErrorCode |= HAL_CAN_ERROR_NOT_INITIALIZED;
 2335              		.loc 1 1566 21
 2336 022a FB68     		ldr	r3, [r7, #12]
 2337 022c 5B6A     		ldr	r3, [r3, #36]
 2338 022e 43F48022 		orr	r2, r3, #262144
 2339 0232 FB68     		ldr	r3, [r7, #12]
 2340 0234 5A62     		str	r2, [r3, #36]
1567:Drivers/STM32F1xx_HAL_Driver/Src/stm32f1xx_hal_can.c **** 
1568:Drivers/STM32F1xx_HAL_Driver/Src/stm32f1xx_hal_can.c ****     return HAL_ERROR;
 2341              		.loc 1 1568 12
 2342 0236 0123     		movs	r3, #1
 2343              	.L99:
1569:Drivers/STM32F1xx_HAL_Driver/Src/stm32f1xx_hal_can.c ****   }
1570:Drivers/STM32F1xx_HAL_Driver/Src/stm32f1xx_hal_can.c **** }
 2344              		.loc 1 1570 1
 2345 0238 1846     		mov	r0, r3
 2346 023a 1C37     		adds	r7, r7, #28
 2347              	.LCFI89:
 2348              		.cfi_def_cfa_offset 4
 2349 023c BD46     		mov	sp, r7
 2350              	.LCFI90:
 2351              		.cfi_def_cfa_register 13
 2352              		@ sp needed
 2353 023e 80BC     		pop	{r7}
 2354              	.LCFI91:
 2355              		.cfi_restore 7
 2356              		.cfi_def_cfa_offset 0
 2357 0240 7047     		bx	lr
 2358              		.cfi_endproc
 2359              	.LFE80:
 2361              		.section	.text.HAL_CAN_GetRxFifoFillLevel,"ax",%progbits
 2362              		.align	1
 2363              		.global	HAL_CAN_GetRxFifoFillLevel
 2364              		.syntax unified
 2365              		.thumb
 2366              		.thumb_func
 2368              	HAL_CAN_GetRxFifoFillLevel:
 2369              	.LFB81:
1571:Drivers/STM32F1xx_HAL_Driver/Src/stm32f1xx_hal_can.c **** 
1572:Drivers/STM32F1xx_HAL_Driver/Src/stm32f1xx_hal_can.c **** /**
1573:Drivers/STM32F1xx_HAL_Driver/Src/stm32f1xx_hal_can.c ****   * @brief  Return Rx FIFO fill level.
1574:Drivers/STM32F1xx_HAL_Driver/Src/stm32f1xx_hal_can.c ****   * @param  hcan pointer to an CAN_HandleTypeDef structure that contains
1575:Drivers/STM32F1xx_HAL_Driver/Src/stm32f1xx_hal_can.c ****   *         the configuration information for the specified CAN.
1576:Drivers/STM32F1xx_HAL_Driver/Src/stm32f1xx_hal_can.c ****   * @param  RxFifo Rx FIFO.
1577:Drivers/STM32F1xx_HAL_Driver/Src/stm32f1xx_hal_can.c ****   *         This parameter can be a value of @arg CAN_receive_FIFO_number.
1578:Drivers/STM32F1xx_HAL_Driver/Src/stm32f1xx_hal_can.c ****   * @retval Number of messages available in Rx FIFO.
1579:Drivers/STM32F1xx_HAL_Driver/Src/stm32f1xx_hal_can.c ****   */
1580:Drivers/STM32F1xx_HAL_Driver/Src/stm32f1xx_hal_can.c **** uint32_t HAL_CAN_GetRxFifoFillLevel(const CAN_HandleTypeDef *hcan, uint32_t RxFifo)
1581:Drivers/STM32F1xx_HAL_Driver/Src/stm32f1xx_hal_can.c **** {
 2370              		.loc 1 1581 1
 2371              		.cfi_startproc
 2372              		@ args = 0, pretend = 0, frame = 16
ARM GAS  /var/folders/g3/s0qwt8r95936n9ghz4hhpdwm0000gn/T//ccJNxob3.s 			page 88


 2373              		@ frame_needed = 1, uses_anonymous_args = 0
 2374              		@ link register save eliminated.
 2375 0000 80B4     		push	{r7}
 2376              	.LCFI92:
 2377              		.cfi_def_cfa_offset 4
 2378              		.cfi_offset 7, -4
 2379 0002 85B0     		sub	sp, sp, #20
 2380              	.LCFI93:
 2381              		.cfi_def_cfa_offset 24
 2382 0004 00AF     		add	r7, sp, #0
 2383              	.LCFI94:
 2384              		.cfi_def_cfa_register 7
 2385 0006 7860     		str	r0, [r7, #4]
 2386 0008 3960     		str	r1, [r7]
1582:Drivers/STM32F1xx_HAL_Driver/Src/stm32f1xx_hal_can.c ****   uint32_t filllevel = 0U;
 2387              		.loc 1 1582 12
 2388 000a 0023     		movs	r3, #0
 2389 000c FB60     		str	r3, [r7, #12]
1583:Drivers/STM32F1xx_HAL_Driver/Src/stm32f1xx_hal_can.c ****   HAL_CAN_StateTypeDef state = hcan->State;
 2390              		.loc 1 1583 24
 2391 000e 7B68     		ldr	r3, [r7, #4]
 2392 0010 93F82030 		ldrb	r3, [r3, #32]
 2393 0014 FB72     		strb	r3, [r7, #11]
1584:Drivers/STM32F1xx_HAL_Driver/Src/stm32f1xx_hal_can.c **** 
1585:Drivers/STM32F1xx_HAL_Driver/Src/stm32f1xx_hal_can.c ****   /* Check function parameters */
1586:Drivers/STM32F1xx_HAL_Driver/Src/stm32f1xx_hal_can.c ****   assert_param(IS_CAN_RX_FIFO(RxFifo));
1587:Drivers/STM32F1xx_HAL_Driver/Src/stm32f1xx_hal_can.c **** 
1588:Drivers/STM32F1xx_HAL_Driver/Src/stm32f1xx_hal_can.c ****   if ((state == HAL_CAN_STATE_READY) ||
 2394              		.loc 1 1588 6
 2395 0016 FB7A     		ldrb	r3, [r7, #11]	@ zero_extendqisi2
 2396 0018 012B     		cmp	r3, #1
 2397 001a 02D0     		beq	.L107
 2398              		.loc 1 1588 38 discriminator 1
 2399 001c FB7A     		ldrb	r3, [r7, #11]	@ zero_extendqisi2
 2400 001e 022B     		cmp	r3, #2
 2401 0020 0FD1     		bne	.L108
 2402              	.L107:
1589:Drivers/STM32F1xx_HAL_Driver/Src/stm32f1xx_hal_can.c ****       (state == HAL_CAN_STATE_LISTENING))
1590:Drivers/STM32F1xx_HAL_Driver/Src/stm32f1xx_hal_can.c ****   {
1591:Drivers/STM32F1xx_HAL_Driver/Src/stm32f1xx_hal_can.c ****     if (RxFifo == CAN_RX_FIFO0)
 2403              		.loc 1 1591 8
 2404 0022 3B68     		ldr	r3, [r7]
 2405 0024 002B     		cmp	r3, #0
 2406 0026 06D1     		bne	.L109
1592:Drivers/STM32F1xx_HAL_Driver/Src/stm32f1xx_hal_can.c ****     {
1593:Drivers/STM32F1xx_HAL_Driver/Src/stm32f1xx_hal_can.c ****       filllevel = hcan->Instance->RF0R & CAN_RF0R_FMP0;
 2407              		.loc 1 1593 23
 2408 0028 7B68     		ldr	r3, [r7, #4]
 2409 002a 1B68     		ldr	r3, [r3]
 2410              		.loc 1 1593 33
 2411 002c DB68     		ldr	r3, [r3, #12]
 2412              		.loc 1 1593 17
 2413 002e 03F00303 		and	r3, r3, #3
 2414 0032 FB60     		str	r3, [r7, #12]
 2415 0034 05E0     		b	.L108
 2416              	.L109:
1594:Drivers/STM32F1xx_HAL_Driver/Src/stm32f1xx_hal_can.c ****     }
ARM GAS  /var/folders/g3/s0qwt8r95936n9ghz4hhpdwm0000gn/T//ccJNxob3.s 			page 89


1595:Drivers/STM32F1xx_HAL_Driver/Src/stm32f1xx_hal_can.c ****     else /* RxFifo == CAN_RX_FIFO1 */
1596:Drivers/STM32F1xx_HAL_Driver/Src/stm32f1xx_hal_can.c ****     {
1597:Drivers/STM32F1xx_HAL_Driver/Src/stm32f1xx_hal_can.c ****       filllevel = hcan->Instance->RF1R & CAN_RF1R_FMP1;
 2417              		.loc 1 1597 23
 2418 0036 7B68     		ldr	r3, [r7, #4]
 2419 0038 1B68     		ldr	r3, [r3]
 2420              		.loc 1 1597 33
 2421 003a 1B69     		ldr	r3, [r3, #16]
 2422              		.loc 1 1597 17
 2423 003c 03F00303 		and	r3, r3, #3
 2424 0040 FB60     		str	r3, [r7, #12]
 2425              	.L108:
1598:Drivers/STM32F1xx_HAL_Driver/Src/stm32f1xx_hal_can.c ****     }
1599:Drivers/STM32F1xx_HAL_Driver/Src/stm32f1xx_hal_can.c ****   }
1600:Drivers/STM32F1xx_HAL_Driver/Src/stm32f1xx_hal_can.c **** 
1601:Drivers/STM32F1xx_HAL_Driver/Src/stm32f1xx_hal_can.c ****   /* Return Rx FIFO fill level */
1602:Drivers/STM32F1xx_HAL_Driver/Src/stm32f1xx_hal_can.c ****   return filllevel;
 2426              		.loc 1 1602 10
 2427 0042 FB68     		ldr	r3, [r7, #12]
1603:Drivers/STM32F1xx_HAL_Driver/Src/stm32f1xx_hal_can.c **** }
 2428              		.loc 1 1603 1
 2429 0044 1846     		mov	r0, r3
 2430 0046 1437     		adds	r7, r7, #20
 2431              	.LCFI95:
 2432              		.cfi_def_cfa_offset 4
 2433 0048 BD46     		mov	sp, r7
 2434              	.LCFI96:
 2435              		.cfi_def_cfa_register 13
 2436              		@ sp needed
 2437 004a 80BC     		pop	{r7}
 2438              	.LCFI97:
 2439              		.cfi_restore 7
 2440              		.cfi_def_cfa_offset 0
 2441 004c 7047     		bx	lr
 2442              		.cfi_endproc
 2443              	.LFE81:
 2445              		.section	.text.HAL_CAN_ActivateNotification,"ax",%progbits
 2446              		.align	1
 2447              		.global	HAL_CAN_ActivateNotification
 2448              		.syntax unified
 2449              		.thumb
 2450              		.thumb_func
 2452              	HAL_CAN_ActivateNotification:
 2453              	.LFB82:
1604:Drivers/STM32F1xx_HAL_Driver/Src/stm32f1xx_hal_can.c **** 
1605:Drivers/STM32F1xx_HAL_Driver/Src/stm32f1xx_hal_can.c **** /**
1606:Drivers/STM32F1xx_HAL_Driver/Src/stm32f1xx_hal_can.c ****   * @}
1607:Drivers/STM32F1xx_HAL_Driver/Src/stm32f1xx_hal_can.c ****   */
1608:Drivers/STM32F1xx_HAL_Driver/Src/stm32f1xx_hal_can.c **** 
1609:Drivers/STM32F1xx_HAL_Driver/Src/stm32f1xx_hal_can.c **** /** @defgroup CAN_Exported_Functions_Group4 Interrupts management
1610:Drivers/STM32F1xx_HAL_Driver/Src/stm32f1xx_hal_can.c ****   * @brief    Interrupts management
1611:Drivers/STM32F1xx_HAL_Driver/Src/stm32f1xx_hal_can.c ****   *
1612:Drivers/STM32F1xx_HAL_Driver/Src/stm32f1xx_hal_can.c **** @verbatim
1613:Drivers/STM32F1xx_HAL_Driver/Src/stm32f1xx_hal_can.c ****   ==============================================================================
1614:Drivers/STM32F1xx_HAL_Driver/Src/stm32f1xx_hal_can.c ****                        ##### Interrupts management #####
1615:Drivers/STM32F1xx_HAL_Driver/Src/stm32f1xx_hal_can.c ****   ==============================================================================
1616:Drivers/STM32F1xx_HAL_Driver/Src/stm32f1xx_hal_can.c ****     [..]  This section provides functions allowing to:
ARM GAS  /var/folders/g3/s0qwt8r95936n9ghz4hhpdwm0000gn/T//ccJNxob3.s 			page 90


1617:Drivers/STM32F1xx_HAL_Driver/Src/stm32f1xx_hal_can.c ****       (+) HAL_CAN_ActivateNotification      : Enable interrupts
1618:Drivers/STM32F1xx_HAL_Driver/Src/stm32f1xx_hal_can.c ****       (+) HAL_CAN_DeactivateNotification    : Disable interrupts
1619:Drivers/STM32F1xx_HAL_Driver/Src/stm32f1xx_hal_can.c ****       (+) HAL_CAN_IRQHandler                : Handles CAN interrupt request
1620:Drivers/STM32F1xx_HAL_Driver/Src/stm32f1xx_hal_can.c **** 
1621:Drivers/STM32F1xx_HAL_Driver/Src/stm32f1xx_hal_can.c **** @endverbatim
1622:Drivers/STM32F1xx_HAL_Driver/Src/stm32f1xx_hal_can.c ****   * @{
1623:Drivers/STM32F1xx_HAL_Driver/Src/stm32f1xx_hal_can.c ****   */
1624:Drivers/STM32F1xx_HAL_Driver/Src/stm32f1xx_hal_can.c **** 
1625:Drivers/STM32F1xx_HAL_Driver/Src/stm32f1xx_hal_can.c **** /**
1626:Drivers/STM32F1xx_HAL_Driver/Src/stm32f1xx_hal_can.c ****   * @brief  Enable interrupts.
1627:Drivers/STM32F1xx_HAL_Driver/Src/stm32f1xx_hal_can.c ****   * @param  hcan pointer to an CAN_HandleTypeDef structure that contains
1628:Drivers/STM32F1xx_HAL_Driver/Src/stm32f1xx_hal_can.c ****   *         the configuration information for the specified CAN.
1629:Drivers/STM32F1xx_HAL_Driver/Src/stm32f1xx_hal_can.c ****   * @param  ActiveITs indicates which interrupts will be enabled.
1630:Drivers/STM32F1xx_HAL_Driver/Src/stm32f1xx_hal_can.c ****   *         This parameter can be any combination of @arg CAN_Interrupts.
1631:Drivers/STM32F1xx_HAL_Driver/Src/stm32f1xx_hal_can.c ****   * @retval HAL status
1632:Drivers/STM32F1xx_HAL_Driver/Src/stm32f1xx_hal_can.c ****   */
1633:Drivers/STM32F1xx_HAL_Driver/Src/stm32f1xx_hal_can.c **** HAL_StatusTypeDef HAL_CAN_ActivateNotification(CAN_HandleTypeDef *hcan, uint32_t ActiveITs)
1634:Drivers/STM32F1xx_HAL_Driver/Src/stm32f1xx_hal_can.c **** {
 2454              		.loc 1 1634 1
 2455              		.cfi_startproc
 2456              		@ args = 0, pretend = 0, frame = 16
 2457              		@ frame_needed = 1, uses_anonymous_args = 0
 2458              		@ link register save eliminated.
 2459 0000 80B4     		push	{r7}
 2460              	.LCFI98:
 2461              		.cfi_def_cfa_offset 4
 2462              		.cfi_offset 7, -4
 2463 0002 85B0     		sub	sp, sp, #20
 2464              	.LCFI99:
 2465              		.cfi_def_cfa_offset 24
 2466 0004 00AF     		add	r7, sp, #0
 2467              	.LCFI100:
 2468              		.cfi_def_cfa_register 7
 2469 0006 7860     		str	r0, [r7, #4]
 2470 0008 3960     		str	r1, [r7]
1635:Drivers/STM32F1xx_HAL_Driver/Src/stm32f1xx_hal_can.c ****   HAL_CAN_StateTypeDef state = hcan->State;
 2471              		.loc 1 1635 24
 2472 000a 7B68     		ldr	r3, [r7, #4]
 2473 000c 93F82030 		ldrb	r3, [r3, #32]
 2474 0010 FB73     		strb	r3, [r7, #15]
1636:Drivers/STM32F1xx_HAL_Driver/Src/stm32f1xx_hal_can.c **** 
1637:Drivers/STM32F1xx_HAL_Driver/Src/stm32f1xx_hal_can.c ****   /* Check function parameters */
1638:Drivers/STM32F1xx_HAL_Driver/Src/stm32f1xx_hal_can.c ****   assert_param(IS_CAN_IT(ActiveITs));
1639:Drivers/STM32F1xx_HAL_Driver/Src/stm32f1xx_hal_can.c **** 
1640:Drivers/STM32F1xx_HAL_Driver/Src/stm32f1xx_hal_can.c ****   if ((state == HAL_CAN_STATE_READY) ||
 2475              		.loc 1 1640 6
 2476 0012 FB7B     		ldrb	r3, [r7, #15]	@ zero_extendqisi2
 2477 0014 012B     		cmp	r3, #1
 2478 0016 02D0     		beq	.L112
 2479              		.loc 1 1640 38 discriminator 1
 2480 0018 FB7B     		ldrb	r3, [r7, #15]	@ zero_extendqisi2
 2481 001a 022B     		cmp	r3, #2
 2482 001c 09D1     		bne	.L113
 2483              	.L112:
1641:Drivers/STM32F1xx_HAL_Driver/Src/stm32f1xx_hal_can.c ****       (state == HAL_CAN_STATE_LISTENING))
1642:Drivers/STM32F1xx_HAL_Driver/Src/stm32f1xx_hal_can.c ****   {
1643:Drivers/STM32F1xx_HAL_Driver/Src/stm32f1xx_hal_can.c ****     /* Enable the selected interrupts */
ARM GAS  /var/folders/g3/s0qwt8r95936n9ghz4hhpdwm0000gn/T//ccJNxob3.s 			page 91


1644:Drivers/STM32F1xx_HAL_Driver/Src/stm32f1xx_hal_can.c ****     __HAL_CAN_ENABLE_IT(hcan, ActiveITs);
 2484              		.loc 1 1644 5
 2485 001e 7B68     		ldr	r3, [r7, #4]
 2486 0020 1B68     		ldr	r3, [r3]
 2487 0022 5969     		ldr	r1, [r3, #20]
 2488 0024 7B68     		ldr	r3, [r7, #4]
 2489 0026 1B68     		ldr	r3, [r3]
 2490 0028 3A68     		ldr	r2, [r7]
 2491 002a 0A43     		orrs	r2, r2, r1
 2492 002c 5A61     		str	r2, [r3, #20]
1645:Drivers/STM32F1xx_HAL_Driver/Src/stm32f1xx_hal_can.c **** 
1646:Drivers/STM32F1xx_HAL_Driver/Src/stm32f1xx_hal_can.c ****     /* Return function status */
1647:Drivers/STM32F1xx_HAL_Driver/Src/stm32f1xx_hal_can.c ****     return HAL_OK;
 2493              		.loc 1 1647 12
 2494 002e 0023     		movs	r3, #0
 2495 0030 06E0     		b	.L114
 2496              	.L113:
1648:Drivers/STM32F1xx_HAL_Driver/Src/stm32f1xx_hal_can.c ****   }
1649:Drivers/STM32F1xx_HAL_Driver/Src/stm32f1xx_hal_can.c ****   else
1650:Drivers/STM32F1xx_HAL_Driver/Src/stm32f1xx_hal_can.c ****   {
1651:Drivers/STM32F1xx_HAL_Driver/Src/stm32f1xx_hal_can.c ****     /* Update error code */
1652:Drivers/STM32F1xx_HAL_Driver/Src/stm32f1xx_hal_can.c ****     hcan->ErrorCode |= HAL_CAN_ERROR_NOT_INITIALIZED;
 2497              		.loc 1 1652 21
 2498 0032 7B68     		ldr	r3, [r7, #4]
 2499 0034 5B6A     		ldr	r3, [r3, #36]
 2500 0036 43F48022 		orr	r2, r3, #262144
 2501 003a 7B68     		ldr	r3, [r7, #4]
 2502 003c 5A62     		str	r2, [r3, #36]
1653:Drivers/STM32F1xx_HAL_Driver/Src/stm32f1xx_hal_can.c **** 
1654:Drivers/STM32F1xx_HAL_Driver/Src/stm32f1xx_hal_can.c ****     return HAL_ERROR;
 2503              		.loc 1 1654 12
 2504 003e 0123     		movs	r3, #1
 2505              	.L114:
1655:Drivers/STM32F1xx_HAL_Driver/Src/stm32f1xx_hal_can.c ****   }
1656:Drivers/STM32F1xx_HAL_Driver/Src/stm32f1xx_hal_can.c **** }
 2506              		.loc 1 1656 1
 2507 0040 1846     		mov	r0, r3
 2508 0042 1437     		adds	r7, r7, #20
 2509              	.LCFI101:
 2510              		.cfi_def_cfa_offset 4
 2511 0044 BD46     		mov	sp, r7
 2512              	.LCFI102:
 2513              		.cfi_def_cfa_register 13
 2514              		@ sp needed
 2515 0046 80BC     		pop	{r7}
 2516              	.LCFI103:
 2517              		.cfi_restore 7
 2518              		.cfi_def_cfa_offset 0
 2519 0048 7047     		bx	lr
 2520              		.cfi_endproc
 2521              	.LFE82:
 2523              		.section	.text.HAL_CAN_DeactivateNotification,"ax",%progbits
 2524              		.align	1
 2525              		.global	HAL_CAN_DeactivateNotification
 2526              		.syntax unified
 2527              		.thumb
 2528              		.thumb_func
ARM GAS  /var/folders/g3/s0qwt8r95936n9ghz4hhpdwm0000gn/T//ccJNxob3.s 			page 92


 2530              	HAL_CAN_DeactivateNotification:
 2531              	.LFB83:
1657:Drivers/STM32F1xx_HAL_Driver/Src/stm32f1xx_hal_can.c **** 
1658:Drivers/STM32F1xx_HAL_Driver/Src/stm32f1xx_hal_can.c **** /**
1659:Drivers/STM32F1xx_HAL_Driver/Src/stm32f1xx_hal_can.c ****   * @brief  Disable interrupts.
1660:Drivers/STM32F1xx_HAL_Driver/Src/stm32f1xx_hal_can.c ****   * @param  hcan pointer to an CAN_HandleTypeDef structure that contains
1661:Drivers/STM32F1xx_HAL_Driver/Src/stm32f1xx_hal_can.c ****   *         the configuration information for the specified CAN.
1662:Drivers/STM32F1xx_HAL_Driver/Src/stm32f1xx_hal_can.c ****   * @param  InactiveITs indicates which interrupts will be disabled.
1663:Drivers/STM32F1xx_HAL_Driver/Src/stm32f1xx_hal_can.c ****   *         This parameter can be any combination of @arg CAN_Interrupts.
1664:Drivers/STM32F1xx_HAL_Driver/Src/stm32f1xx_hal_can.c ****   * @retval HAL status
1665:Drivers/STM32F1xx_HAL_Driver/Src/stm32f1xx_hal_can.c ****   */
1666:Drivers/STM32F1xx_HAL_Driver/Src/stm32f1xx_hal_can.c **** HAL_StatusTypeDef HAL_CAN_DeactivateNotification(CAN_HandleTypeDef *hcan, uint32_t InactiveITs)
1667:Drivers/STM32F1xx_HAL_Driver/Src/stm32f1xx_hal_can.c **** {
 2532              		.loc 1 1667 1
 2533              		.cfi_startproc
 2534              		@ args = 0, pretend = 0, frame = 16
 2535              		@ frame_needed = 1, uses_anonymous_args = 0
 2536              		@ link register save eliminated.
 2537 0000 80B4     		push	{r7}
 2538              	.LCFI104:
 2539              		.cfi_def_cfa_offset 4
 2540              		.cfi_offset 7, -4
 2541 0002 85B0     		sub	sp, sp, #20
 2542              	.LCFI105:
 2543              		.cfi_def_cfa_offset 24
 2544 0004 00AF     		add	r7, sp, #0
 2545              	.LCFI106:
 2546              		.cfi_def_cfa_register 7
 2547 0006 7860     		str	r0, [r7, #4]
 2548 0008 3960     		str	r1, [r7]
1668:Drivers/STM32F1xx_HAL_Driver/Src/stm32f1xx_hal_can.c ****   HAL_CAN_StateTypeDef state = hcan->State;
 2549              		.loc 1 1668 24
 2550 000a 7B68     		ldr	r3, [r7, #4]
 2551 000c 93F82030 		ldrb	r3, [r3, #32]
 2552 0010 FB73     		strb	r3, [r7, #15]
1669:Drivers/STM32F1xx_HAL_Driver/Src/stm32f1xx_hal_can.c **** 
1670:Drivers/STM32F1xx_HAL_Driver/Src/stm32f1xx_hal_can.c ****   /* Check function parameters */
1671:Drivers/STM32F1xx_HAL_Driver/Src/stm32f1xx_hal_can.c ****   assert_param(IS_CAN_IT(InactiveITs));
1672:Drivers/STM32F1xx_HAL_Driver/Src/stm32f1xx_hal_can.c **** 
1673:Drivers/STM32F1xx_HAL_Driver/Src/stm32f1xx_hal_can.c ****   if ((state == HAL_CAN_STATE_READY) ||
 2553              		.loc 1 1673 6
 2554 0012 FB7B     		ldrb	r3, [r7, #15]	@ zero_extendqisi2
 2555 0014 012B     		cmp	r3, #1
 2556 0016 02D0     		beq	.L116
 2557              		.loc 1 1673 38 discriminator 1
 2558 0018 FB7B     		ldrb	r3, [r7, #15]	@ zero_extendqisi2
 2559 001a 022B     		cmp	r3, #2
 2560 001c 0AD1     		bne	.L117
 2561              	.L116:
1674:Drivers/STM32F1xx_HAL_Driver/Src/stm32f1xx_hal_can.c ****       (state == HAL_CAN_STATE_LISTENING))
1675:Drivers/STM32F1xx_HAL_Driver/Src/stm32f1xx_hal_can.c ****   {
1676:Drivers/STM32F1xx_HAL_Driver/Src/stm32f1xx_hal_can.c ****     /* Disable the selected interrupts */
1677:Drivers/STM32F1xx_HAL_Driver/Src/stm32f1xx_hal_can.c ****     __HAL_CAN_DISABLE_IT(hcan, InactiveITs);
 2562              		.loc 1 1677 5
 2563 001e 7B68     		ldr	r3, [r7, #4]
 2564 0020 1B68     		ldr	r3, [r3]
 2565 0022 5969     		ldr	r1, [r3, #20]
ARM GAS  /var/folders/g3/s0qwt8r95936n9ghz4hhpdwm0000gn/T//ccJNxob3.s 			page 93


 2566 0024 3B68     		ldr	r3, [r7]
 2567 0026 DA43     		mvns	r2, r3
 2568 0028 7B68     		ldr	r3, [r7, #4]
 2569 002a 1B68     		ldr	r3, [r3]
 2570 002c 0A40     		ands	r2, r2, r1
 2571 002e 5A61     		str	r2, [r3, #20]
1678:Drivers/STM32F1xx_HAL_Driver/Src/stm32f1xx_hal_can.c **** 
1679:Drivers/STM32F1xx_HAL_Driver/Src/stm32f1xx_hal_can.c ****     /* Return function status */
1680:Drivers/STM32F1xx_HAL_Driver/Src/stm32f1xx_hal_can.c ****     return HAL_OK;
 2572              		.loc 1 1680 12
 2573 0030 0023     		movs	r3, #0
 2574 0032 06E0     		b	.L118
 2575              	.L117:
1681:Drivers/STM32F1xx_HAL_Driver/Src/stm32f1xx_hal_can.c ****   }
1682:Drivers/STM32F1xx_HAL_Driver/Src/stm32f1xx_hal_can.c ****   else
1683:Drivers/STM32F1xx_HAL_Driver/Src/stm32f1xx_hal_can.c ****   {
1684:Drivers/STM32F1xx_HAL_Driver/Src/stm32f1xx_hal_can.c ****     /* Update error code */
1685:Drivers/STM32F1xx_HAL_Driver/Src/stm32f1xx_hal_can.c ****     hcan->ErrorCode |= HAL_CAN_ERROR_NOT_INITIALIZED;
 2576              		.loc 1 1685 21
 2577 0034 7B68     		ldr	r3, [r7, #4]
 2578 0036 5B6A     		ldr	r3, [r3, #36]
 2579 0038 43F48022 		orr	r2, r3, #262144
 2580 003c 7B68     		ldr	r3, [r7, #4]
 2581 003e 5A62     		str	r2, [r3, #36]
1686:Drivers/STM32F1xx_HAL_Driver/Src/stm32f1xx_hal_can.c **** 
1687:Drivers/STM32F1xx_HAL_Driver/Src/stm32f1xx_hal_can.c ****     return HAL_ERROR;
 2582              		.loc 1 1687 12
 2583 0040 0123     		movs	r3, #1
 2584              	.L118:
1688:Drivers/STM32F1xx_HAL_Driver/Src/stm32f1xx_hal_can.c ****   }
1689:Drivers/STM32F1xx_HAL_Driver/Src/stm32f1xx_hal_can.c **** }
 2585              		.loc 1 1689 1
 2586 0042 1846     		mov	r0, r3
 2587 0044 1437     		adds	r7, r7, #20
 2588              	.LCFI107:
 2589              		.cfi_def_cfa_offset 4
 2590 0046 BD46     		mov	sp, r7
 2591              	.LCFI108:
 2592              		.cfi_def_cfa_register 13
 2593              		@ sp needed
 2594 0048 80BC     		pop	{r7}
 2595              	.LCFI109:
 2596              		.cfi_restore 7
 2597              		.cfi_def_cfa_offset 0
 2598 004a 7047     		bx	lr
 2599              		.cfi_endproc
 2600              	.LFE83:
 2602              		.section	.text.HAL_CAN_IRQHandler,"ax",%progbits
 2603              		.align	1
 2604              		.global	HAL_CAN_IRQHandler
 2605              		.syntax unified
 2606              		.thumb
 2607              		.thumb_func
 2609              	HAL_CAN_IRQHandler:
 2610              	.LFB84:
1690:Drivers/STM32F1xx_HAL_Driver/Src/stm32f1xx_hal_can.c **** 
1691:Drivers/STM32F1xx_HAL_Driver/Src/stm32f1xx_hal_can.c **** /**
ARM GAS  /var/folders/g3/s0qwt8r95936n9ghz4hhpdwm0000gn/T//ccJNxob3.s 			page 94


1692:Drivers/STM32F1xx_HAL_Driver/Src/stm32f1xx_hal_can.c ****   * @brief  Handles CAN interrupt request
1693:Drivers/STM32F1xx_HAL_Driver/Src/stm32f1xx_hal_can.c ****   * @param  hcan pointer to a CAN_HandleTypeDef structure that contains
1694:Drivers/STM32F1xx_HAL_Driver/Src/stm32f1xx_hal_can.c ****   *         the configuration information for the specified CAN.
1695:Drivers/STM32F1xx_HAL_Driver/Src/stm32f1xx_hal_can.c ****   * @retval None
1696:Drivers/STM32F1xx_HAL_Driver/Src/stm32f1xx_hal_can.c ****   */
1697:Drivers/STM32F1xx_HAL_Driver/Src/stm32f1xx_hal_can.c **** void HAL_CAN_IRQHandler(CAN_HandleTypeDef *hcan)
1698:Drivers/STM32F1xx_HAL_Driver/Src/stm32f1xx_hal_can.c **** {
 2611              		.loc 1 1698 1
 2612              		.cfi_startproc
 2613              		@ args = 0, pretend = 0, frame = 40
 2614              		@ frame_needed = 1, uses_anonymous_args = 0
 2615 0000 80B5     		push	{r7, lr}
 2616              	.LCFI110:
 2617              		.cfi_def_cfa_offset 8
 2618              		.cfi_offset 7, -8
 2619              		.cfi_offset 14, -4
 2620 0002 8AB0     		sub	sp, sp, #40
 2621              	.LCFI111:
 2622              		.cfi_def_cfa_offset 48
 2623 0004 00AF     		add	r7, sp, #0
 2624              	.LCFI112:
 2625              		.cfi_def_cfa_register 7
 2626 0006 7860     		str	r0, [r7, #4]
1699:Drivers/STM32F1xx_HAL_Driver/Src/stm32f1xx_hal_can.c ****   uint32_t errorcode = HAL_CAN_ERROR_NONE;
 2627              		.loc 1 1699 12
 2628 0008 0023     		movs	r3, #0
 2629 000a 7B62     		str	r3, [r7, #36]
1700:Drivers/STM32F1xx_HAL_Driver/Src/stm32f1xx_hal_can.c ****   uint32_t interrupts = READ_REG(hcan->Instance->IER);
 2630              		.loc 1 1700 25
 2631 000c 7B68     		ldr	r3, [r7, #4]
 2632 000e 1B68     		ldr	r3, [r3]
 2633              		.loc 1 1700 12
 2634 0010 5B69     		ldr	r3, [r3, #20]
 2635 0012 3B62     		str	r3, [r7, #32]
1701:Drivers/STM32F1xx_HAL_Driver/Src/stm32f1xx_hal_can.c ****   uint32_t msrflags = READ_REG(hcan->Instance->MSR);
 2636              		.loc 1 1701 23
 2637 0014 7B68     		ldr	r3, [r7, #4]
 2638 0016 1B68     		ldr	r3, [r3]
 2639              		.loc 1 1701 12
 2640 0018 5B68     		ldr	r3, [r3, #4]
 2641 001a FB61     		str	r3, [r7, #28]
1702:Drivers/STM32F1xx_HAL_Driver/Src/stm32f1xx_hal_can.c ****   uint32_t tsrflags = READ_REG(hcan->Instance->TSR);
 2642              		.loc 1 1702 23
 2643 001c 7B68     		ldr	r3, [r7, #4]
 2644 001e 1B68     		ldr	r3, [r3]
 2645              		.loc 1 1702 12
 2646 0020 9B68     		ldr	r3, [r3, #8]
 2647 0022 BB61     		str	r3, [r7, #24]
1703:Drivers/STM32F1xx_HAL_Driver/Src/stm32f1xx_hal_can.c ****   uint32_t rf0rflags = READ_REG(hcan->Instance->RF0R);
 2648              		.loc 1 1703 24
 2649 0024 7B68     		ldr	r3, [r7, #4]
 2650 0026 1B68     		ldr	r3, [r3]
 2651              		.loc 1 1703 12
 2652 0028 DB68     		ldr	r3, [r3, #12]
 2653 002a 7B61     		str	r3, [r7, #20]
1704:Drivers/STM32F1xx_HAL_Driver/Src/stm32f1xx_hal_can.c ****   uint32_t rf1rflags = READ_REG(hcan->Instance->RF1R);
 2654              		.loc 1 1704 24
ARM GAS  /var/folders/g3/s0qwt8r95936n9ghz4hhpdwm0000gn/T//ccJNxob3.s 			page 95


 2655 002c 7B68     		ldr	r3, [r7, #4]
 2656 002e 1B68     		ldr	r3, [r3]
 2657              		.loc 1 1704 12
 2658 0030 1B69     		ldr	r3, [r3, #16]
 2659 0032 3B61     		str	r3, [r7, #16]
1705:Drivers/STM32F1xx_HAL_Driver/Src/stm32f1xx_hal_can.c ****   uint32_t esrflags = READ_REG(hcan->Instance->ESR);
 2660              		.loc 1 1705 23
 2661 0034 7B68     		ldr	r3, [r7, #4]
 2662 0036 1B68     		ldr	r3, [r3]
 2663              		.loc 1 1705 12
 2664 0038 9B69     		ldr	r3, [r3, #24]
 2665 003a FB60     		str	r3, [r7, #12]
1706:Drivers/STM32F1xx_HAL_Driver/Src/stm32f1xx_hal_can.c **** 
1707:Drivers/STM32F1xx_HAL_Driver/Src/stm32f1xx_hal_can.c ****   /* Transmit Mailbox empty interrupt management *****************************/
1708:Drivers/STM32F1xx_HAL_Driver/Src/stm32f1xx_hal_can.c ****   if ((interrupts & CAN_IT_TX_MAILBOX_EMPTY) != 0U)
 2666              		.loc 1 1708 19
 2667 003c 3B6A     		ldr	r3, [r7, #32]
 2668 003e 03F00103 		and	r3, r3, #1
 2669              		.loc 1 1708 6
 2670 0042 002B     		cmp	r3, #0
 2671 0044 7CD0     		beq	.L120
1709:Drivers/STM32F1xx_HAL_Driver/Src/stm32f1xx_hal_can.c ****   {
1710:Drivers/STM32F1xx_HAL_Driver/Src/stm32f1xx_hal_can.c ****     /* Transmit Mailbox 0 management *****************************************/
1711:Drivers/STM32F1xx_HAL_Driver/Src/stm32f1xx_hal_can.c ****     if ((tsrflags & CAN_TSR_RQCP0) != 0U)
 2672              		.loc 1 1711 19
 2673 0046 BB69     		ldr	r3, [r7, #24]
 2674 0048 03F00103 		and	r3, r3, #1
 2675              		.loc 1 1711 8
 2676 004c 002B     		cmp	r3, #0
 2677 004e 23D0     		beq	.L121
1712:Drivers/STM32F1xx_HAL_Driver/Src/stm32f1xx_hal_can.c ****     {
1713:Drivers/STM32F1xx_HAL_Driver/Src/stm32f1xx_hal_can.c ****       /* Clear the Transmission Complete flag (and TXOK0,ALST0,TERR0 bits) */
1714:Drivers/STM32F1xx_HAL_Driver/Src/stm32f1xx_hal_can.c ****       __HAL_CAN_CLEAR_FLAG(hcan, CAN_FLAG_RQCP0);
 2678              		.loc 1 1714 7
 2679 0050 7B68     		ldr	r3, [r7, #4]
 2680 0052 1B68     		ldr	r3, [r3]
 2681 0054 0122     		movs	r2, #1
 2682 0056 9A60     		str	r2, [r3, #8]
1715:Drivers/STM32F1xx_HAL_Driver/Src/stm32f1xx_hal_can.c **** 
1716:Drivers/STM32F1xx_HAL_Driver/Src/stm32f1xx_hal_can.c ****       if ((tsrflags & CAN_TSR_TXOK0) != 0U)
 2683              		.loc 1 1716 21
 2684 0058 BB69     		ldr	r3, [r7, #24]
 2685 005a 03F00203 		and	r3, r3, #2
 2686              		.loc 1 1716 10
 2687 005e 002B     		cmp	r3, #0
 2688 0060 03D0     		beq	.L122
1717:Drivers/STM32F1xx_HAL_Driver/Src/stm32f1xx_hal_can.c ****       {
1718:Drivers/STM32F1xx_HAL_Driver/Src/stm32f1xx_hal_can.c ****         /* Transmission Mailbox 0 complete callback */
1719:Drivers/STM32F1xx_HAL_Driver/Src/stm32f1xx_hal_can.c **** #if USE_HAL_CAN_REGISTER_CALLBACKS == 1
1720:Drivers/STM32F1xx_HAL_Driver/Src/stm32f1xx_hal_can.c ****         /* Call registered callback*/
1721:Drivers/STM32F1xx_HAL_Driver/Src/stm32f1xx_hal_can.c ****         hcan->TxMailbox0CompleteCallback(hcan);
1722:Drivers/STM32F1xx_HAL_Driver/Src/stm32f1xx_hal_can.c **** #else
1723:Drivers/STM32F1xx_HAL_Driver/Src/stm32f1xx_hal_can.c ****         /* Call weak (surcharged) callback */
1724:Drivers/STM32F1xx_HAL_Driver/Src/stm32f1xx_hal_can.c ****         HAL_CAN_TxMailbox0CompleteCallback(hcan);
 2689              		.loc 1 1724 9
 2690 0062 7868     		ldr	r0, [r7, #4]
 2691 0064 FFF7FEFF 		bl	HAL_CAN_TxMailbox0CompleteCallback
ARM GAS  /var/folders/g3/s0qwt8r95936n9ghz4hhpdwm0000gn/T//ccJNxob3.s 			page 96


 2692 0068 16E0     		b	.L121
 2693              	.L122:
1725:Drivers/STM32F1xx_HAL_Driver/Src/stm32f1xx_hal_can.c **** #endif /* USE_HAL_CAN_REGISTER_CALLBACKS */
1726:Drivers/STM32F1xx_HAL_Driver/Src/stm32f1xx_hal_can.c ****       }
1727:Drivers/STM32F1xx_HAL_Driver/Src/stm32f1xx_hal_can.c ****       else
1728:Drivers/STM32F1xx_HAL_Driver/Src/stm32f1xx_hal_can.c ****       {
1729:Drivers/STM32F1xx_HAL_Driver/Src/stm32f1xx_hal_can.c ****         if ((tsrflags & CAN_TSR_ALST0) != 0U)
 2694              		.loc 1 1729 23
 2695 006a BB69     		ldr	r3, [r7, #24]
 2696 006c 03F00403 		and	r3, r3, #4
 2697              		.loc 1 1729 12
 2698 0070 002B     		cmp	r3, #0
 2699 0072 04D0     		beq	.L123
1730:Drivers/STM32F1xx_HAL_Driver/Src/stm32f1xx_hal_can.c ****         {
1731:Drivers/STM32F1xx_HAL_Driver/Src/stm32f1xx_hal_can.c ****           /* Update error code */
1732:Drivers/STM32F1xx_HAL_Driver/Src/stm32f1xx_hal_can.c ****           errorcode |= HAL_CAN_ERROR_TX_ALST0;
 2700              		.loc 1 1732 21
 2701 0074 7B6A     		ldr	r3, [r7, #36]
 2702 0076 43F40063 		orr	r3, r3, #2048
 2703 007a 7B62     		str	r3, [r7, #36]
 2704 007c 0CE0     		b	.L121
 2705              	.L123:
1733:Drivers/STM32F1xx_HAL_Driver/Src/stm32f1xx_hal_can.c ****         }
1734:Drivers/STM32F1xx_HAL_Driver/Src/stm32f1xx_hal_can.c ****         else if ((tsrflags & CAN_TSR_TERR0) != 0U)
 2706              		.loc 1 1734 28
 2707 007e BB69     		ldr	r3, [r7, #24]
 2708 0080 03F00803 		and	r3, r3, #8
 2709              		.loc 1 1734 17
 2710 0084 002B     		cmp	r3, #0
 2711 0086 04D0     		beq	.L124
1735:Drivers/STM32F1xx_HAL_Driver/Src/stm32f1xx_hal_can.c ****         {
1736:Drivers/STM32F1xx_HAL_Driver/Src/stm32f1xx_hal_can.c ****           /* Update error code */
1737:Drivers/STM32F1xx_HAL_Driver/Src/stm32f1xx_hal_can.c ****           errorcode |= HAL_CAN_ERROR_TX_TERR0;
 2712              		.loc 1 1737 21
 2713 0088 7B6A     		ldr	r3, [r7, #36]
 2714 008a 43F48053 		orr	r3, r3, #4096
 2715 008e 7B62     		str	r3, [r7, #36]
 2716 0090 02E0     		b	.L121
 2717              	.L124:
1738:Drivers/STM32F1xx_HAL_Driver/Src/stm32f1xx_hal_can.c ****         }
1739:Drivers/STM32F1xx_HAL_Driver/Src/stm32f1xx_hal_can.c ****         else
1740:Drivers/STM32F1xx_HAL_Driver/Src/stm32f1xx_hal_can.c ****         {
1741:Drivers/STM32F1xx_HAL_Driver/Src/stm32f1xx_hal_can.c ****           /* Transmission Mailbox 0 abort callback */
1742:Drivers/STM32F1xx_HAL_Driver/Src/stm32f1xx_hal_can.c **** #if USE_HAL_CAN_REGISTER_CALLBACKS == 1
1743:Drivers/STM32F1xx_HAL_Driver/Src/stm32f1xx_hal_can.c ****           /* Call registered callback*/
1744:Drivers/STM32F1xx_HAL_Driver/Src/stm32f1xx_hal_can.c ****           hcan->TxMailbox0AbortCallback(hcan);
1745:Drivers/STM32F1xx_HAL_Driver/Src/stm32f1xx_hal_can.c **** #else
1746:Drivers/STM32F1xx_HAL_Driver/Src/stm32f1xx_hal_can.c ****           /* Call weak (surcharged) callback */
1747:Drivers/STM32F1xx_HAL_Driver/Src/stm32f1xx_hal_can.c ****           HAL_CAN_TxMailbox0AbortCallback(hcan);
 2718              		.loc 1 1747 11
 2719 0092 7868     		ldr	r0, [r7, #4]
 2720 0094 FFF7FEFF 		bl	HAL_CAN_TxMailbox0AbortCallback
 2721              	.L121:
1748:Drivers/STM32F1xx_HAL_Driver/Src/stm32f1xx_hal_can.c **** #endif /* USE_HAL_CAN_REGISTER_CALLBACKS */
1749:Drivers/STM32F1xx_HAL_Driver/Src/stm32f1xx_hal_can.c ****         }
1750:Drivers/STM32F1xx_HAL_Driver/Src/stm32f1xx_hal_can.c ****       }
1751:Drivers/STM32F1xx_HAL_Driver/Src/stm32f1xx_hal_can.c ****     }
ARM GAS  /var/folders/g3/s0qwt8r95936n9ghz4hhpdwm0000gn/T//ccJNxob3.s 			page 97


1752:Drivers/STM32F1xx_HAL_Driver/Src/stm32f1xx_hal_can.c **** 
1753:Drivers/STM32F1xx_HAL_Driver/Src/stm32f1xx_hal_can.c ****     /* Transmit Mailbox 1 management *****************************************/
1754:Drivers/STM32F1xx_HAL_Driver/Src/stm32f1xx_hal_can.c ****     if ((tsrflags & CAN_TSR_RQCP1) != 0U)
 2722              		.loc 1 1754 19
 2723 0098 BB69     		ldr	r3, [r7, #24]
 2724 009a 03F48073 		and	r3, r3, #256
 2725              		.loc 1 1754 8
 2726 009e 002B     		cmp	r3, #0
 2727 00a0 24D0     		beq	.L125
1755:Drivers/STM32F1xx_HAL_Driver/Src/stm32f1xx_hal_can.c ****     {
1756:Drivers/STM32F1xx_HAL_Driver/Src/stm32f1xx_hal_can.c ****       /* Clear the Transmission Complete flag (and TXOK1,ALST1,TERR1 bits) */
1757:Drivers/STM32F1xx_HAL_Driver/Src/stm32f1xx_hal_can.c ****       __HAL_CAN_CLEAR_FLAG(hcan, CAN_FLAG_RQCP1);
 2728              		.loc 1 1757 7
 2729 00a2 7B68     		ldr	r3, [r7, #4]
 2730 00a4 1B68     		ldr	r3, [r3]
 2731 00a6 4FF48072 		mov	r2, #256
 2732 00aa 9A60     		str	r2, [r3, #8]
1758:Drivers/STM32F1xx_HAL_Driver/Src/stm32f1xx_hal_can.c **** 
1759:Drivers/STM32F1xx_HAL_Driver/Src/stm32f1xx_hal_can.c ****       if ((tsrflags & CAN_TSR_TXOK1) != 0U)
 2733              		.loc 1 1759 21
 2734 00ac BB69     		ldr	r3, [r7, #24]
 2735 00ae 03F40073 		and	r3, r3, #512
 2736              		.loc 1 1759 10
 2737 00b2 002B     		cmp	r3, #0
 2738 00b4 03D0     		beq	.L126
1760:Drivers/STM32F1xx_HAL_Driver/Src/stm32f1xx_hal_can.c ****       {
1761:Drivers/STM32F1xx_HAL_Driver/Src/stm32f1xx_hal_can.c ****         /* Transmission Mailbox 1 complete callback */
1762:Drivers/STM32F1xx_HAL_Driver/Src/stm32f1xx_hal_can.c **** #if USE_HAL_CAN_REGISTER_CALLBACKS == 1
1763:Drivers/STM32F1xx_HAL_Driver/Src/stm32f1xx_hal_can.c ****         /* Call registered callback*/
1764:Drivers/STM32F1xx_HAL_Driver/Src/stm32f1xx_hal_can.c ****         hcan->TxMailbox1CompleteCallback(hcan);
1765:Drivers/STM32F1xx_HAL_Driver/Src/stm32f1xx_hal_can.c **** #else
1766:Drivers/STM32F1xx_HAL_Driver/Src/stm32f1xx_hal_can.c ****         /* Call weak (surcharged) callback */
1767:Drivers/STM32F1xx_HAL_Driver/Src/stm32f1xx_hal_can.c ****         HAL_CAN_TxMailbox1CompleteCallback(hcan);
 2739              		.loc 1 1767 9
 2740 00b6 7868     		ldr	r0, [r7, #4]
 2741 00b8 FFF7FEFF 		bl	HAL_CAN_TxMailbox1CompleteCallback
 2742 00bc 16E0     		b	.L125
 2743              	.L126:
1768:Drivers/STM32F1xx_HAL_Driver/Src/stm32f1xx_hal_can.c **** #endif /* USE_HAL_CAN_REGISTER_CALLBACKS */
1769:Drivers/STM32F1xx_HAL_Driver/Src/stm32f1xx_hal_can.c ****       }
1770:Drivers/STM32F1xx_HAL_Driver/Src/stm32f1xx_hal_can.c ****       else
1771:Drivers/STM32F1xx_HAL_Driver/Src/stm32f1xx_hal_can.c ****       {
1772:Drivers/STM32F1xx_HAL_Driver/Src/stm32f1xx_hal_can.c ****         if ((tsrflags & CAN_TSR_ALST1) != 0U)
 2744              		.loc 1 1772 23
 2745 00be BB69     		ldr	r3, [r7, #24]
 2746 00c0 03F48063 		and	r3, r3, #1024
 2747              		.loc 1 1772 12
 2748 00c4 002B     		cmp	r3, #0
 2749 00c6 04D0     		beq	.L127
1773:Drivers/STM32F1xx_HAL_Driver/Src/stm32f1xx_hal_can.c ****         {
1774:Drivers/STM32F1xx_HAL_Driver/Src/stm32f1xx_hal_can.c ****           /* Update error code */
1775:Drivers/STM32F1xx_HAL_Driver/Src/stm32f1xx_hal_can.c ****           errorcode |= HAL_CAN_ERROR_TX_ALST1;
 2750              		.loc 1 1775 21
 2751 00c8 7B6A     		ldr	r3, [r7, #36]
 2752 00ca 43F40053 		orr	r3, r3, #8192
 2753 00ce 7B62     		str	r3, [r7, #36]
 2754 00d0 0CE0     		b	.L125
ARM GAS  /var/folders/g3/s0qwt8r95936n9ghz4hhpdwm0000gn/T//ccJNxob3.s 			page 98


 2755              	.L127:
1776:Drivers/STM32F1xx_HAL_Driver/Src/stm32f1xx_hal_can.c ****         }
1777:Drivers/STM32F1xx_HAL_Driver/Src/stm32f1xx_hal_can.c ****         else if ((tsrflags & CAN_TSR_TERR1) != 0U)
 2756              		.loc 1 1777 28
 2757 00d2 BB69     		ldr	r3, [r7, #24]
 2758 00d4 03F40063 		and	r3, r3, #2048
 2759              		.loc 1 1777 17
 2760 00d8 002B     		cmp	r3, #0
 2761 00da 04D0     		beq	.L128
1778:Drivers/STM32F1xx_HAL_Driver/Src/stm32f1xx_hal_can.c ****         {
1779:Drivers/STM32F1xx_HAL_Driver/Src/stm32f1xx_hal_can.c ****           /* Update error code */
1780:Drivers/STM32F1xx_HAL_Driver/Src/stm32f1xx_hal_can.c ****           errorcode |= HAL_CAN_ERROR_TX_TERR1;
 2762              		.loc 1 1780 21
 2763 00dc 7B6A     		ldr	r3, [r7, #36]
 2764 00de 43F48043 		orr	r3, r3, #16384
 2765 00e2 7B62     		str	r3, [r7, #36]
 2766 00e4 02E0     		b	.L125
 2767              	.L128:
1781:Drivers/STM32F1xx_HAL_Driver/Src/stm32f1xx_hal_can.c ****         }
1782:Drivers/STM32F1xx_HAL_Driver/Src/stm32f1xx_hal_can.c ****         else
1783:Drivers/STM32F1xx_HAL_Driver/Src/stm32f1xx_hal_can.c ****         {
1784:Drivers/STM32F1xx_HAL_Driver/Src/stm32f1xx_hal_can.c ****           /* Transmission Mailbox 1 abort callback */
1785:Drivers/STM32F1xx_HAL_Driver/Src/stm32f1xx_hal_can.c **** #if USE_HAL_CAN_REGISTER_CALLBACKS == 1
1786:Drivers/STM32F1xx_HAL_Driver/Src/stm32f1xx_hal_can.c ****           /* Call registered callback*/
1787:Drivers/STM32F1xx_HAL_Driver/Src/stm32f1xx_hal_can.c ****           hcan->TxMailbox1AbortCallback(hcan);
1788:Drivers/STM32F1xx_HAL_Driver/Src/stm32f1xx_hal_can.c **** #else
1789:Drivers/STM32F1xx_HAL_Driver/Src/stm32f1xx_hal_can.c ****           /* Call weak (surcharged) callback */
1790:Drivers/STM32F1xx_HAL_Driver/Src/stm32f1xx_hal_can.c ****           HAL_CAN_TxMailbox1AbortCallback(hcan);
 2768              		.loc 1 1790 11
 2769 00e6 7868     		ldr	r0, [r7, #4]
 2770 00e8 FFF7FEFF 		bl	HAL_CAN_TxMailbox1AbortCallback
 2771              	.L125:
1791:Drivers/STM32F1xx_HAL_Driver/Src/stm32f1xx_hal_can.c **** #endif /* USE_HAL_CAN_REGISTER_CALLBACKS */
1792:Drivers/STM32F1xx_HAL_Driver/Src/stm32f1xx_hal_can.c ****         }
1793:Drivers/STM32F1xx_HAL_Driver/Src/stm32f1xx_hal_can.c ****       }
1794:Drivers/STM32F1xx_HAL_Driver/Src/stm32f1xx_hal_can.c ****     }
1795:Drivers/STM32F1xx_HAL_Driver/Src/stm32f1xx_hal_can.c **** 
1796:Drivers/STM32F1xx_HAL_Driver/Src/stm32f1xx_hal_can.c ****     /* Transmit Mailbox 2 management *****************************************/
1797:Drivers/STM32F1xx_HAL_Driver/Src/stm32f1xx_hal_can.c ****     if ((tsrflags & CAN_TSR_RQCP2) != 0U)
 2772              		.loc 1 1797 19
 2773 00ec BB69     		ldr	r3, [r7, #24]
 2774 00ee 03F48033 		and	r3, r3, #65536
 2775              		.loc 1 1797 8
 2776 00f2 002B     		cmp	r3, #0
 2777 00f4 24D0     		beq	.L120
1798:Drivers/STM32F1xx_HAL_Driver/Src/stm32f1xx_hal_can.c ****     {
1799:Drivers/STM32F1xx_HAL_Driver/Src/stm32f1xx_hal_can.c ****       /* Clear the Transmission Complete flag (and TXOK2,ALST2,TERR2 bits) */
1800:Drivers/STM32F1xx_HAL_Driver/Src/stm32f1xx_hal_can.c ****       __HAL_CAN_CLEAR_FLAG(hcan, CAN_FLAG_RQCP2);
 2778              		.loc 1 1800 7
 2779 00f6 7B68     		ldr	r3, [r7, #4]
 2780 00f8 1B68     		ldr	r3, [r3]
 2781 00fa 4FF48032 		mov	r2, #65536
 2782 00fe 9A60     		str	r2, [r3, #8]
1801:Drivers/STM32F1xx_HAL_Driver/Src/stm32f1xx_hal_can.c **** 
1802:Drivers/STM32F1xx_HAL_Driver/Src/stm32f1xx_hal_can.c ****       if ((tsrflags & CAN_TSR_TXOK2) != 0U)
 2783              		.loc 1 1802 21
 2784 0100 BB69     		ldr	r3, [r7, #24]
ARM GAS  /var/folders/g3/s0qwt8r95936n9ghz4hhpdwm0000gn/T//ccJNxob3.s 			page 99


 2785 0102 03F40033 		and	r3, r3, #131072
 2786              		.loc 1 1802 10
 2787 0106 002B     		cmp	r3, #0
 2788 0108 03D0     		beq	.L129
1803:Drivers/STM32F1xx_HAL_Driver/Src/stm32f1xx_hal_can.c ****       {
1804:Drivers/STM32F1xx_HAL_Driver/Src/stm32f1xx_hal_can.c ****         /* Transmission Mailbox 2 complete callback */
1805:Drivers/STM32F1xx_HAL_Driver/Src/stm32f1xx_hal_can.c **** #if USE_HAL_CAN_REGISTER_CALLBACKS == 1
1806:Drivers/STM32F1xx_HAL_Driver/Src/stm32f1xx_hal_can.c ****         /* Call registered callback*/
1807:Drivers/STM32F1xx_HAL_Driver/Src/stm32f1xx_hal_can.c ****         hcan->TxMailbox2CompleteCallback(hcan);
1808:Drivers/STM32F1xx_HAL_Driver/Src/stm32f1xx_hal_can.c **** #else
1809:Drivers/STM32F1xx_HAL_Driver/Src/stm32f1xx_hal_can.c ****         /* Call weak (surcharged) callback */
1810:Drivers/STM32F1xx_HAL_Driver/Src/stm32f1xx_hal_can.c ****         HAL_CAN_TxMailbox2CompleteCallback(hcan);
 2789              		.loc 1 1810 9
 2790 010a 7868     		ldr	r0, [r7, #4]
 2791 010c FFF7FEFF 		bl	HAL_CAN_TxMailbox2CompleteCallback
 2792 0110 16E0     		b	.L120
 2793              	.L129:
1811:Drivers/STM32F1xx_HAL_Driver/Src/stm32f1xx_hal_can.c **** #endif /* USE_HAL_CAN_REGISTER_CALLBACKS */
1812:Drivers/STM32F1xx_HAL_Driver/Src/stm32f1xx_hal_can.c ****       }
1813:Drivers/STM32F1xx_HAL_Driver/Src/stm32f1xx_hal_can.c ****       else
1814:Drivers/STM32F1xx_HAL_Driver/Src/stm32f1xx_hal_can.c ****       {
1815:Drivers/STM32F1xx_HAL_Driver/Src/stm32f1xx_hal_can.c ****         if ((tsrflags & CAN_TSR_ALST2) != 0U)
 2794              		.loc 1 1815 23
 2795 0112 BB69     		ldr	r3, [r7, #24]
 2796 0114 03F48023 		and	r3, r3, #262144
 2797              		.loc 1 1815 12
 2798 0118 002B     		cmp	r3, #0
 2799 011a 04D0     		beq	.L130
1816:Drivers/STM32F1xx_HAL_Driver/Src/stm32f1xx_hal_can.c ****         {
1817:Drivers/STM32F1xx_HAL_Driver/Src/stm32f1xx_hal_can.c ****           /* Update error code */
1818:Drivers/STM32F1xx_HAL_Driver/Src/stm32f1xx_hal_can.c ****           errorcode |= HAL_CAN_ERROR_TX_ALST2;
 2800              		.loc 1 1818 21
 2801 011c 7B6A     		ldr	r3, [r7, #36]
 2802 011e 43F40043 		orr	r3, r3, #32768
 2803 0122 7B62     		str	r3, [r7, #36]
 2804 0124 0CE0     		b	.L120
 2805              	.L130:
1819:Drivers/STM32F1xx_HAL_Driver/Src/stm32f1xx_hal_can.c ****         }
1820:Drivers/STM32F1xx_HAL_Driver/Src/stm32f1xx_hal_can.c ****         else if ((tsrflags & CAN_TSR_TERR2) != 0U)
 2806              		.loc 1 1820 28
 2807 0126 BB69     		ldr	r3, [r7, #24]
 2808 0128 03F40023 		and	r3, r3, #524288
 2809              		.loc 1 1820 17
 2810 012c 002B     		cmp	r3, #0
 2811 012e 04D0     		beq	.L131
1821:Drivers/STM32F1xx_HAL_Driver/Src/stm32f1xx_hal_can.c ****         {
1822:Drivers/STM32F1xx_HAL_Driver/Src/stm32f1xx_hal_can.c ****           /* Update error code */
1823:Drivers/STM32F1xx_HAL_Driver/Src/stm32f1xx_hal_can.c ****           errorcode |= HAL_CAN_ERROR_TX_TERR2;
 2812              		.loc 1 1823 21
 2813 0130 7B6A     		ldr	r3, [r7, #36]
 2814 0132 43F48033 		orr	r3, r3, #65536
 2815 0136 7B62     		str	r3, [r7, #36]
 2816 0138 02E0     		b	.L120
 2817              	.L131:
1824:Drivers/STM32F1xx_HAL_Driver/Src/stm32f1xx_hal_can.c ****         }
1825:Drivers/STM32F1xx_HAL_Driver/Src/stm32f1xx_hal_can.c ****         else
1826:Drivers/STM32F1xx_HAL_Driver/Src/stm32f1xx_hal_can.c ****         {
ARM GAS  /var/folders/g3/s0qwt8r95936n9ghz4hhpdwm0000gn/T//ccJNxob3.s 			page 100


1827:Drivers/STM32F1xx_HAL_Driver/Src/stm32f1xx_hal_can.c ****           /* Transmission Mailbox 2 abort callback */
1828:Drivers/STM32F1xx_HAL_Driver/Src/stm32f1xx_hal_can.c **** #if USE_HAL_CAN_REGISTER_CALLBACKS == 1
1829:Drivers/STM32F1xx_HAL_Driver/Src/stm32f1xx_hal_can.c ****           /* Call registered callback*/
1830:Drivers/STM32F1xx_HAL_Driver/Src/stm32f1xx_hal_can.c ****           hcan->TxMailbox2AbortCallback(hcan);
1831:Drivers/STM32F1xx_HAL_Driver/Src/stm32f1xx_hal_can.c **** #else
1832:Drivers/STM32F1xx_HAL_Driver/Src/stm32f1xx_hal_can.c ****           /* Call weak (surcharged) callback */
1833:Drivers/STM32F1xx_HAL_Driver/Src/stm32f1xx_hal_can.c ****           HAL_CAN_TxMailbox2AbortCallback(hcan);
 2818              		.loc 1 1833 11
 2819 013a 7868     		ldr	r0, [r7, #4]
 2820 013c FFF7FEFF 		bl	HAL_CAN_TxMailbox2AbortCallback
 2821              	.L120:
1834:Drivers/STM32F1xx_HAL_Driver/Src/stm32f1xx_hal_can.c **** #endif /* USE_HAL_CAN_REGISTER_CALLBACKS */
1835:Drivers/STM32F1xx_HAL_Driver/Src/stm32f1xx_hal_can.c ****         }
1836:Drivers/STM32F1xx_HAL_Driver/Src/stm32f1xx_hal_can.c ****       }
1837:Drivers/STM32F1xx_HAL_Driver/Src/stm32f1xx_hal_can.c ****     }
1838:Drivers/STM32F1xx_HAL_Driver/Src/stm32f1xx_hal_can.c ****   }
1839:Drivers/STM32F1xx_HAL_Driver/Src/stm32f1xx_hal_can.c **** 
1840:Drivers/STM32F1xx_HAL_Driver/Src/stm32f1xx_hal_can.c ****   /* Receive FIFO 0 overrun interrupt management *****************************/
1841:Drivers/STM32F1xx_HAL_Driver/Src/stm32f1xx_hal_can.c ****   if ((interrupts & CAN_IT_RX_FIFO0_OVERRUN) != 0U)
 2822              		.loc 1 1841 19
 2823 0140 3B6A     		ldr	r3, [r7, #32]
 2824 0142 03F00803 		and	r3, r3, #8
 2825              		.loc 1 1841 6
 2826 0146 002B     		cmp	r3, #0
 2827 0148 0CD0     		beq	.L132
1842:Drivers/STM32F1xx_HAL_Driver/Src/stm32f1xx_hal_can.c ****   {
1843:Drivers/STM32F1xx_HAL_Driver/Src/stm32f1xx_hal_can.c ****     if ((rf0rflags & CAN_RF0R_FOVR0) != 0U)
 2828              		.loc 1 1843 20
 2829 014a 7B69     		ldr	r3, [r7, #20]
 2830 014c 03F01003 		and	r3, r3, #16
 2831              		.loc 1 1843 8
 2832 0150 002B     		cmp	r3, #0
 2833 0152 07D0     		beq	.L132
1844:Drivers/STM32F1xx_HAL_Driver/Src/stm32f1xx_hal_can.c ****     {
1845:Drivers/STM32F1xx_HAL_Driver/Src/stm32f1xx_hal_can.c ****       /* Set CAN error code to Rx Fifo 0 overrun error */
1846:Drivers/STM32F1xx_HAL_Driver/Src/stm32f1xx_hal_can.c ****       errorcode |= HAL_CAN_ERROR_RX_FOV0;
 2834              		.loc 1 1846 17
 2835 0154 7B6A     		ldr	r3, [r7, #36]
 2836 0156 43F40073 		orr	r3, r3, #512
 2837 015a 7B62     		str	r3, [r7, #36]
1847:Drivers/STM32F1xx_HAL_Driver/Src/stm32f1xx_hal_can.c **** 
1848:Drivers/STM32F1xx_HAL_Driver/Src/stm32f1xx_hal_can.c ****       /* Clear FIFO0 Overrun Flag */
1849:Drivers/STM32F1xx_HAL_Driver/Src/stm32f1xx_hal_can.c ****       __HAL_CAN_CLEAR_FLAG(hcan, CAN_FLAG_FOV0);
 2838              		.loc 1 1849 7
 2839 015c 7B68     		ldr	r3, [r7, #4]
 2840 015e 1B68     		ldr	r3, [r3]
 2841 0160 1022     		movs	r2, #16
 2842 0162 DA60     		str	r2, [r3, #12]
 2843              	.L132:
1850:Drivers/STM32F1xx_HAL_Driver/Src/stm32f1xx_hal_can.c ****     }
1851:Drivers/STM32F1xx_HAL_Driver/Src/stm32f1xx_hal_can.c ****   }
1852:Drivers/STM32F1xx_HAL_Driver/Src/stm32f1xx_hal_can.c **** 
1853:Drivers/STM32F1xx_HAL_Driver/Src/stm32f1xx_hal_can.c ****   /* Receive FIFO 0 full interrupt management ********************************/
1854:Drivers/STM32F1xx_HAL_Driver/Src/stm32f1xx_hal_can.c ****   if ((interrupts & CAN_IT_RX_FIFO0_FULL) != 0U)
 2844              		.loc 1 1854 19
 2845 0164 3B6A     		ldr	r3, [r7, #32]
 2846 0166 03F00403 		and	r3, r3, #4
ARM GAS  /var/folders/g3/s0qwt8r95936n9ghz4hhpdwm0000gn/T//ccJNxob3.s 			page 101


 2847              		.loc 1 1854 6
 2848 016a 002B     		cmp	r3, #0
 2849 016c 0BD0     		beq	.L133
1855:Drivers/STM32F1xx_HAL_Driver/Src/stm32f1xx_hal_can.c ****   {
1856:Drivers/STM32F1xx_HAL_Driver/Src/stm32f1xx_hal_can.c ****     if ((rf0rflags & CAN_RF0R_FULL0) != 0U)
 2850              		.loc 1 1856 20
 2851 016e 7B69     		ldr	r3, [r7, #20]
 2852 0170 03F00803 		and	r3, r3, #8
 2853              		.loc 1 1856 8
 2854 0174 002B     		cmp	r3, #0
 2855 0176 06D0     		beq	.L133
1857:Drivers/STM32F1xx_HAL_Driver/Src/stm32f1xx_hal_can.c ****     {
1858:Drivers/STM32F1xx_HAL_Driver/Src/stm32f1xx_hal_can.c ****       /* Clear FIFO 0 full Flag */
1859:Drivers/STM32F1xx_HAL_Driver/Src/stm32f1xx_hal_can.c ****       __HAL_CAN_CLEAR_FLAG(hcan, CAN_FLAG_FF0);
 2856              		.loc 1 1859 7
 2857 0178 7B68     		ldr	r3, [r7, #4]
 2858 017a 1B68     		ldr	r3, [r3]
 2859 017c 0822     		movs	r2, #8
 2860 017e DA60     		str	r2, [r3, #12]
1860:Drivers/STM32F1xx_HAL_Driver/Src/stm32f1xx_hal_can.c **** 
1861:Drivers/STM32F1xx_HAL_Driver/Src/stm32f1xx_hal_can.c ****       /* Receive FIFO 0 full Callback */
1862:Drivers/STM32F1xx_HAL_Driver/Src/stm32f1xx_hal_can.c **** #if USE_HAL_CAN_REGISTER_CALLBACKS == 1
1863:Drivers/STM32F1xx_HAL_Driver/Src/stm32f1xx_hal_can.c ****       /* Call registered callback*/
1864:Drivers/STM32F1xx_HAL_Driver/Src/stm32f1xx_hal_can.c ****       hcan->RxFifo0FullCallback(hcan);
1865:Drivers/STM32F1xx_HAL_Driver/Src/stm32f1xx_hal_can.c **** #else
1866:Drivers/STM32F1xx_HAL_Driver/Src/stm32f1xx_hal_can.c ****       /* Call weak (surcharged) callback */
1867:Drivers/STM32F1xx_HAL_Driver/Src/stm32f1xx_hal_can.c ****       HAL_CAN_RxFifo0FullCallback(hcan);
 2861              		.loc 1 1867 7
 2862 0180 7868     		ldr	r0, [r7, #4]
 2863 0182 FFF7FEFF 		bl	HAL_CAN_RxFifo0FullCallback
 2864              	.L133:
1868:Drivers/STM32F1xx_HAL_Driver/Src/stm32f1xx_hal_can.c **** #endif /* USE_HAL_CAN_REGISTER_CALLBACKS */
1869:Drivers/STM32F1xx_HAL_Driver/Src/stm32f1xx_hal_can.c ****     }
1870:Drivers/STM32F1xx_HAL_Driver/Src/stm32f1xx_hal_can.c ****   }
1871:Drivers/STM32F1xx_HAL_Driver/Src/stm32f1xx_hal_can.c **** 
1872:Drivers/STM32F1xx_HAL_Driver/Src/stm32f1xx_hal_can.c ****   /* Receive FIFO 0 message pending interrupt management *********************/
1873:Drivers/STM32F1xx_HAL_Driver/Src/stm32f1xx_hal_can.c ****   if ((interrupts & CAN_IT_RX_FIFO0_MSG_PENDING) != 0U)
 2865              		.loc 1 1873 19
 2866 0186 3B6A     		ldr	r3, [r7, #32]
 2867 0188 03F00203 		and	r3, r3, #2
 2868              		.loc 1 1873 6
 2869 018c 002B     		cmp	r3, #0
 2870 018e 09D0     		beq	.L134
1874:Drivers/STM32F1xx_HAL_Driver/Src/stm32f1xx_hal_can.c ****   {
1875:Drivers/STM32F1xx_HAL_Driver/Src/stm32f1xx_hal_can.c ****     /* Check if message is still pending */
1876:Drivers/STM32F1xx_HAL_Driver/Src/stm32f1xx_hal_can.c ****     if ((hcan->Instance->RF0R & CAN_RF0R_FMP0) != 0U)
 2871              		.loc 1 1876 14
 2872 0190 7B68     		ldr	r3, [r7, #4]
 2873 0192 1B68     		ldr	r3, [r3]
 2874              		.loc 1 1876 24
 2875 0194 DB68     		ldr	r3, [r3, #12]
 2876              		.loc 1 1876 31
 2877 0196 03F00303 		and	r3, r3, #3
 2878              		.loc 1 1876 8
 2879 019a 002B     		cmp	r3, #0
 2880 019c 02D0     		beq	.L134
1877:Drivers/STM32F1xx_HAL_Driver/Src/stm32f1xx_hal_can.c ****     {
ARM GAS  /var/folders/g3/s0qwt8r95936n9ghz4hhpdwm0000gn/T//ccJNxob3.s 			page 102


1878:Drivers/STM32F1xx_HAL_Driver/Src/stm32f1xx_hal_can.c ****       /* Receive FIFO 0 message pending Callback */
1879:Drivers/STM32F1xx_HAL_Driver/Src/stm32f1xx_hal_can.c **** #if USE_HAL_CAN_REGISTER_CALLBACKS == 1
1880:Drivers/STM32F1xx_HAL_Driver/Src/stm32f1xx_hal_can.c ****       /* Call registered callback*/
1881:Drivers/STM32F1xx_HAL_Driver/Src/stm32f1xx_hal_can.c ****       hcan->RxFifo0MsgPendingCallback(hcan);
1882:Drivers/STM32F1xx_HAL_Driver/Src/stm32f1xx_hal_can.c **** #else
1883:Drivers/STM32F1xx_HAL_Driver/Src/stm32f1xx_hal_can.c ****       /* Call weak (surcharged) callback */
1884:Drivers/STM32F1xx_HAL_Driver/Src/stm32f1xx_hal_can.c ****       HAL_CAN_RxFifo0MsgPendingCallback(hcan);
 2881              		.loc 1 1884 7
 2882 019e 7868     		ldr	r0, [r7, #4]
 2883 01a0 FFF7FEFF 		bl	HAL_CAN_RxFifo0MsgPendingCallback
 2884              	.L134:
1885:Drivers/STM32F1xx_HAL_Driver/Src/stm32f1xx_hal_can.c **** #endif /* USE_HAL_CAN_REGISTER_CALLBACKS */
1886:Drivers/STM32F1xx_HAL_Driver/Src/stm32f1xx_hal_can.c ****     }
1887:Drivers/STM32F1xx_HAL_Driver/Src/stm32f1xx_hal_can.c ****   }
1888:Drivers/STM32F1xx_HAL_Driver/Src/stm32f1xx_hal_can.c **** 
1889:Drivers/STM32F1xx_HAL_Driver/Src/stm32f1xx_hal_can.c ****   /* Receive FIFO 1 overrun interrupt management *****************************/
1890:Drivers/STM32F1xx_HAL_Driver/Src/stm32f1xx_hal_can.c ****   if ((interrupts & CAN_IT_RX_FIFO1_OVERRUN) != 0U)
 2885              		.loc 1 1890 19
 2886 01a4 3B6A     		ldr	r3, [r7, #32]
 2887 01a6 03F04003 		and	r3, r3, #64
 2888              		.loc 1 1890 6
 2889 01aa 002B     		cmp	r3, #0
 2890 01ac 0CD0     		beq	.L135
1891:Drivers/STM32F1xx_HAL_Driver/Src/stm32f1xx_hal_can.c ****   {
1892:Drivers/STM32F1xx_HAL_Driver/Src/stm32f1xx_hal_can.c ****     if ((rf1rflags & CAN_RF1R_FOVR1) != 0U)
 2891              		.loc 1 1892 20
 2892 01ae 3B69     		ldr	r3, [r7, #16]
 2893 01b0 03F01003 		and	r3, r3, #16
 2894              		.loc 1 1892 8
 2895 01b4 002B     		cmp	r3, #0
 2896 01b6 07D0     		beq	.L135
1893:Drivers/STM32F1xx_HAL_Driver/Src/stm32f1xx_hal_can.c ****     {
1894:Drivers/STM32F1xx_HAL_Driver/Src/stm32f1xx_hal_can.c ****       /* Set CAN error code to Rx Fifo 1 overrun error */
1895:Drivers/STM32F1xx_HAL_Driver/Src/stm32f1xx_hal_can.c ****       errorcode |= HAL_CAN_ERROR_RX_FOV1;
 2897              		.loc 1 1895 17
 2898 01b8 7B6A     		ldr	r3, [r7, #36]
 2899 01ba 43F48063 		orr	r3, r3, #1024
 2900 01be 7B62     		str	r3, [r7, #36]
1896:Drivers/STM32F1xx_HAL_Driver/Src/stm32f1xx_hal_can.c **** 
1897:Drivers/STM32F1xx_HAL_Driver/Src/stm32f1xx_hal_can.c ****       /* Clear FIFO1 Overrun Flag */
1898:Drivers/STM32F1xx_HAL_Driver/Src/stm32f1xx_hal_can.c ****       __HAL_CAN_CLEAR_FLAG(hcan, CAN_FLAG_FOV1);
 2901              		.loc 1 1898 7
 2902 01c0 7B68     		ldr	r3, [r7, #4]
 2903 01c2 1B68     		ldr	r3, [r3]
 2904 01c4 1022     		movs	r2, #16
 2905 01c6 1A61     		str	r2, [r3, #16]
 2906              	.L135:
1899:Drivers/STM32F1xx_HAL_Driver/Src/stm32f1xx_hal_can.c ****     }
1900:Drivers/STM32F1xx_HAL_Driver/Src/stm32f1xx_hal_can.c ****   }
1901:Drivers/STM32F1xx_HAL_Driver/Src/stm32f1xx_hal_can.c **** 
1902:Drivers/STM32F1xx_HAL_Driver/Src/stm32f1xx_hal_can.c ****   /* Receive FIFO 1 full interrupt management ********************************/
1903:Drivers/STM32F1xx_HAL_Driver/Src/stm32f1xx_hal_can.c ****   if ((interrupts & CAN_IT_RX_FIFO1_FULL) != 0U)
 2907              		.loc 1 1903 19
 2908 01c8 3B6A     		ldr	r3, [r7, #32]
 2909 01ca 03F02003 		and	r3, r3, #32
 2910              		.loc 1 1903 6
 2911 01ce 002B     		cmp	r3, #0
ARM GAS  /var/folders/g3/s0qwt8r95936n9ghz4hhpdwm0000gn/T//ccJNxob3.s 			page 103


 2912 01d0 0BD0     		beq	.L136
1904:Drivers/STM32F1xx_HAL_Driver/Src/stm32f1xx_hal_can.c ****   {
1905:Drivers/STM32F1xx_HAL_Driver/Src/stm32f1xx_hal_can.c ****     if ((rf1rflags & CAN_RF1R_FULL1) != 0U)
 2913              		.loc 1 1905 20
 2914 01d2 3B69     		ldr	r3, [r7, #16]
 2915 01d4 03F00803 		and	r3, r3, #8
 2916              		.loc 1 1905 8
 2917 01d8 002B     		cmp	r3, #0
 2918 01da 06D0     		beq	.L136
1906:Drivers/STM32F1xx_HAL_Driver/Src/stm32f1xx_hal_can.c ****     {
1907:Drivers/STM32F1xx_HAL_Driver/Src/stm32f1xx_hal_can.c ****       /* Clear FIFO 1 full Flag */
1908:Drivers/STM32F1xx_HAL_Driver/Src/stm32f1xx_hal_can.c ****       __HAL_CAN_CLEAR_FLAG(hcan, CAN_FLAG_FF1);
 2919              		.loc 1 1908 7
 2920 01dc 7B68     		ldr	r3, [r7, #4]
 2921 01de 1B68     		ldr	r3, [r3]
 2922 01e0 0822     		movs	r2, #8
 2923 01e2 1A61     		str	r2, [r3, #16]
1909:Drivers/STM32F1xx_HAL_Driver/Src/stm32f1xx_hal_can.c **** 
1910:Drivers/STM32F1xx_HAL_Driver/Src/stm32f1xx_hal_can.c ****       /* Receive FIFO 1 full Callback */
1911:Drivers/STM32F1xx_HAL_Driver/Src/stm32f1xx_hal_can.c **** #if USE_HAL_CAN_REGISTER_CALLBACKS == 1
1912:Drivers/STM32F1xx_HAL_Driver/Src/stm32f1xx_hal_can.c ****       /* Call registered callback*/
1913:Drivers/STM32F1xx_HAL_Driver/Src/stm32f1xx_hal_can.c ****       hcan->RxFifo1FullCallback(hcan);
1914:Drivers/STM32F1xx_HAL_Driver/Src/stm32f1xx_hal_can.c **** #else
1915:Drivers/STM32F1xx_HAL_Driver/Src/stm32f1xx_hal_can.c ****       /* Call weak (surcharged) callback */
1916:Drivers/STM32F1xx_HAL_Driver/Src/stm32f1xx_hal_can.c ****       HAL_CAN_RxFifo1FullCallback(hcan);
 2924              		.loc 1 1916 7
 2925 01e4 7868     		ldr	r0, [r7, #4]
 2926 01e6 FFF7FEFF 		bl	HAL_CAN_RxFifo1FullCallback
 2927              	.L136:
1917:Drivers/STM32F1xx_HAL_Driver/Src/stm32f1xx_hal_can.c **** #endif /* USE_HAL_CAN_REGISTER_CALLBACKS */
1918:Drivers/STM32F1xx_HAL_Driver/Src/stm32f1xx_hal_can.c ****     }
1919:Drivers/STM32F1xx_HAL_Driver/Src/stm32f1xx_hal_can.c ****   }
1920:Drivers/STM32F1xx_HAL_Driver/Src/stm32f1xx_hal_can.c **** 
1921:Drivers/STM32F1xx_HAL_Driver/Src/stm32f1xx_hal_can.c ****   /* Receive FIFO 1 message pending interrupt management *********************/
1922:Drivers/STM32F1xx_HAL_Driver/Src/stm32f1xx_hal_can.c ****   if ((interrupts & CAN_IT_RX_FIFO1_MSG_PENDING) != 0U)
 2928              		.loc 1 1922 19
 2929 01ea 3B6A     		ldr	r3, [r7, #32]
 2930 01ec 03F01003 		and	r3, r3, #16
 2931              		.loc 1 1922 6
 2932 01f0 002B     		cmp	r3, #0
 2933 01f2 09D0     		beq	.L137
1923:Drivers/STM32F1xx_HAL_Driver/Src/stm32f1xx_hal_can.c ****   {
1924:Drivers/STM32F1xx_HAL_Driver/Src/stm32f1xx_hal_can.c ****     /* Check if message is still pending */
1925:Drivers/STM32F1xx_HAL_Driver/Src/stm32f1xx_hal_can.c ****     if ((hcan->Instance->RF1R & CAN_RF1R_FMP1) != 0U)
 2934              		.loc 1 1925 14
 2935 01f4 7B68     		ldr	r3, [r7, #4]
 2936 01f6 1B68     		ldr	r3, [r3]
 2937              		.loc 1 1925 24
 2938 01f8 1B69     		ldr	r3, [r3, #16]
 2939              		.loc 1 1925 31
 2940 01fa 03F00303 		and	r3, r3, #3
 2941              		.loc 1 1925 8
 2942 01fe 002B     		cmp	r3, #0
 2943 0200 02D0     		beq	.L137
1926:Drivers/STM32F1xx_HAL_Driver/Src/stm32f1xx_hal_can.c ****     {
1927:Drivers/STM32F1xx_HAL_Driver/Src/stm32f1xx_hal_can.c ****       /* Receive FIFO 1 message pending Callback */
1928:Drivers/STM32F1xx_HAL_Driver/Src/stm32f1xx_hal_can.c **** #if USE_HAL_CAN_REGISTER_CALLBACKS == 1
ARM GAS  /var/folders/g3/s0qwt8r95936n9ghz4hhpdwm0000gn/T//ccJNxob3.s 			page 104


1929:Drivers/STM32F1xx_HAL_Driver/Src/stm32f1xx_hal_can.c ****       /* Call registered callback*/
1930:Drivers/STM32F1xx_HAL_Driver/Src/stm32f1xx_hal_can.c ****       hcan->RxFifo1MsgPendingCallback(hcan);
1931:Drivers/STM32F1xx_HAL_Driver/Src/stm32f1xx_hal_can.c **** #else
1932:Drivers/STM32F1xx_HAL_Driver/Src/stm32f1xx_hal_can.c ****       /* Call weak (surcharged) callback */
1933:Drivers/STM32F1xx_HAL_Driver/Src/stm32f1xx_hal_can.c ****       HAL_CAN_RxFifo1MsgPendingCallback(hcan);
 2944              		.loc 1 1933 7
 2945 0202 7868     		ldr	r0, [r7, #4]
 2946 0204 FFF7FEFF 		bl	HAL_CAN_RxFifo1MsgPendingCallback
 2947              	.L137:
1934:Drivers/STM32F1xx_HAL_Driver/Src/stm32f1xx_hal_can.c **** #endif /* USE_HAL_CAN_REGISTER_CALLBACKS */
1935:Drivers/STM32F1xx_HAL_Driver/Src/stm32f1xx_hal_can.c ****     }
1936:Drivers/STM32F1xx_HAL_Driver/Src/stm32f1xx_hal_can.c ****   }
1937:Drivers/STM32F1xx_HAL_Driver/Src/stm32f1xx_hal_can.c **** 
1938:Drivers/STM32F1xx_HAL_Driver/Src/stm32f1xx_hal_can.c ****   /* Sleep interrupt management *********************************************/
1939:Drivers/STM32F1xx_HAL_Driver/Src/stm32f1xx_hal_can.c ****   if ((interrupts & CAN_IT_SLEEP_ACK) != 0U)
 2948              		.loc 1 1939 19
 2949 0208 3B6A     		ldr	r3, [r7, #32]
 2950 020a 03F40033 		and	r3, r3, #131072
 2951              		.loc 1 1939 6
 2952 020e 002B     		cmp	r3, #0
 2953 0210 0BD0     		beq	.L138
1940:Drivers/STM32F1xx_HAL_Driver/Src/stm32f1xx_hal_can.c ****   {
1941:Drivers/STM32F1xx_HAL_Driver/Src/stm32f1xx_hal_can.c ****     if ((msrflags & CAN_MSR_SLAKI) != 0U)
 2954              		.loc 1 1941 19
 2955 0212 FB69     		ldr	r3, [r7, #28]
 2956 0214 03F01003 		and	r3, r3, #16
 2957              		.loc 1 1941 8
 2958 0218 002B     		cmp	r3, #0
 2959 021a 06D0     		beq	.L138
1942:Drivers/STM32F1xx_HAL_Driver/Src/stm32f1xx_hal_can.c ****     {
1943:Drivers/STM32F1xx_HAL_Driver/Src/stm32f1xx_hal_can.c ****       /* Clear Sleep interrupt Flag */
1944:Drivers/STM32F1xx_HAL_Driver/Src/stm32f1xx_hal_can.c ****       __HAL_CAN_CLEAR_FLAG(hcan, CAN_FLAG_SLAKI);
 2960              		.loc 1 1944 7
 2961 021c 7B68     		ldr	r3, [r7, #4]
 2962 021e 1B68     		ldr	r3, [r3]
 2963 0220 1022     		movs	r2, #16
 2964 0222 5A60     		str	r2, [r3, #4]
1945:Drivers/STM32F1xx_HAL_Driver/Src/stm32f1xx_hal_can.c **** 
1946:Drivers/STM32F1xx_HAL_Driver/Src/stm32f1xx_hal_can.c ****       /* Sleep Callback */
1947:Drivers/STM32F1xx_HAL_Driver/Src/stm32f1xx_hal_can.c **** #if USE_HAL_CAN_REGISTER_CALLBACKS == 1
1948:Drivers/STM32F1xx_HAL_Driver/Src/stm32f1xx_hal_can.c ****       /* Call registered callback*/
1949:Drivers/STM32F1xx_HAL_Driver/Src/stm32f1xx_hal_can.c ****       hcan->SleepCallback(hcan);
1950:Drivers/STM32F1xx_HAL_Driver/Src/stm32f1xx_hal_can.c **** #else
1951:Drivers/STM32F1xx_HAL_Driver/Src/stm32f1xx_hal_can.c ****       /* Call weak (surcharged) callback */
1952:Drivers/STM32F1xx_HAL_Driver/Src/stm32f1xx_hal_can.c ****       HAL_CAN_SleepCallback(hcan);
 2965              		.loc 1 1952 7
 2966 0224 7868     		ldr	r0, [r7, #4]
 2967 0226 FFF7FEFF 		bl	HAL_CAN_SleepCallback
 2968              	.L138:
1953:Drivers/STM32F1xx_HAL_Driver/Src/stm32f1xx_hal_can.c **** #endif /* USE_HAL_CAN_REGISTER_CALLBACKS */
1954:Drivers/STM32F1xx_HAL_Driver/Src/stm32f1xx_hal_can.c ****     }
1955:Drivers/STM32F1xx_HAL_Driver/Src/stm32f1xx_hal_can.c ****   }
1956:Drivers/STM32F1xx_HAL_Driver/Src/stm32f1xx_hal_can.c **** 
1957:Drivers/STM32F1xx_HAL_Driver/Src/stm32f1xx_hal_can.c ****   /* WakeUp interrupt management *********************************************/
1958:Drivers/STM32F1xx_HAL_Driver/Src/stm32f1xx_hal_can.c ****   if ((interrupts & CAN_IT_WAKEUP) != 0U)
 2969              		.loc 1 1958 19
 2970 022a 3B6A     		ldr	r3, [r7, #32]
ARM GAS  /var/folders/g3/s0qwt8r95936n9ghz4hhpdwm0000gn/T//ccJNxob3.s 			page 105


 2971 022c 03F48033 		and	r3, r3, #65536
 2972              		.loc 1 1958 6
 2973 0230 002B     		cmp	r3, #0
 2974 0232 0BD0     		beq	.L139
1959:Drivers/STM32F1xx_HAL_Driver/Src/stm32f1xx_hal_can.c ****   {
1960:Drivers/STM32F1xx_HAL_Driver/Src/stm32f1xx_hal_can.c ****     if ((msrflags & CAN_MSR_WKUI) != 0U)
 2975              		.loc 1 1960 19
 2976 0234 FB69     		ldr	r3, [r7, #28]
 2977 0236 03F00803 		and	r3, r3, #8
 2978              		.loc 1 1960 8
 2979 023a 002B     		cmp	r3, #0
 2980 023c 06D0     		beq	.L139
1961:Drivers/STM32F1xx_HAL_Driver/Src/stm32f1xx_hal_can.c ****     {
1962:Drivers/STM32F1xx_HAL_Driver/Src/stm32f1xx_hal_can.c ****       /* Clear WakeUp Flag */
1963:Drivers/STM32F1xx_HAL_Driver/Src/stm32f1xx_hal_can.c ****       __HAL_CAN_CLEAR_FLAG(hcan, CAN_FLAG_WKU);
 2981              		.loc 1 1963 7
 2982 023e 7B68     		ldr	r3, [r7, #4]
 2983 0240 1B68     		ldr	r3, [r3]
 2984 0242 0822     		movs	r2, #8
 2985 0244 5A60     		str	r2, [r3, #4]
1964:Drivers/STM32F1xx_HAL_Driver/Src/stm32f1xx_hal_can.c **** 
1965:Drivers/STM32F1xx_HAL_Driver/Src/stm32f1xx_hal_can.c ****       /* WakeUp Callback */
1966:Drivers/STM32F1xx_HAL_Driver/Src/stm32f1xx_hal_can.c **** #if USE_HAL_CAN_REGISTER_CALLBACKS == 1
1967:Drivers/STM32F1xx_HAL_Driver/Src/stm32f1xx_hal_can.c ****       /* Call registered callback*/
1968:Drivers/STM32F1xx_HAL_Driver/Src/stm32f1xx_hal_can.c ****       hcan->WakeUpFromRxMsgCallback(hcan);
1969:Drivers/STM32F1xx_HAL_Driver/Src/stm32f1xx_hal_can.c **** #else
1970:Drivers/STM32F1xx_HAL_Driver/Src/stm32f1xx_hal_can.c ****       /* Call weak (surcharged) callback */
1971:Drivers/STM32F1xx_HAL_Driver/Src/stm32f1xx_hal_can.c ****       HAL_CAN_WakeUpFromRxMsgCallback(hcan);
 2986              		.loc 1 1971 7
 2987 0246 7868     		ldr	r0, [r7, #4]
 2988 0248 FFF7FEFF 		bl	HAL_CAN_WakeUpFromRxMsgCallback
 2989              	.L139:
1972:Drivers/STM32F1xx_HAL_Driver/Src/stm32f1xx_hal_can.c **** #endif /* USE_HAL_CAN_REGISTER_CALLBACKS */
1973:Drivers/STM32F1xx_HAL_Driver/Src/stm32f1xx_hal_can.c ****     }
1974:Drivers/STM32F1xx_HAL_Driver/Src/stm32f1xx_hal_can.c ****   }
1975:Drivers/STM32F1xx_HAL_Driver/Src/stm32f1xx_hal_can.c **** 
1976:Drivers/STM32F1xx_HAL_Driver/Src/stm32f1xx_hal_can.c ****   /* Error interrupts management *********************************************/
1977:Drivers/STM32F1xx_HAL_Driver/Src/stm32f1xx_hal_can.c ****   if ((interrupts & CAN_IT_ERROR) != 0U)
 2990              		.loc 1 1977 19
 2991 024c 3B6A     		ldr	r3, [r7, #32]
 2992 024e 03F40043 		and	r3, r3, #32768
 2993              		.loc 1 1977 6
 2994 0252 002B     		cmp	r3, #0
 2995 0254 7BD0     		beq	.L140
1978:Drivers/STM32F1xx_HAL_Driver/Src/stm32f1xx_hal_can.c ****   {
1979:Drivers/STM32F1xx_HAL_Driver/Src/stm32f1xx_hal_can.c ****     if ((msrflags & CAN_MSR_ERRI) != 0U)
 2996              		.loc 1 1979 19
 2997 0256 FB69     		ldr	r3, [r7, #28]
 2998 0258 03F00403 		and	r3, r3, #4
 2999              		.loc 1 1979 8
 3000 025c 002B     		cmp	r3, #0
 3001 025e 72D0     		beq	.L141
1980:Drivers/STM32F1xx_HAL_Driver/Src/stm32f1xx_hal_can.c ****     {
1981:Drivers/STM32F1xx_HAL_Driver/Src/stm32f1xx_hal_can.c ****       /* Check Error Warning Flag */
1982:Drivers/STM32F1xx_HAL_Driver/Src/stm32f1xx_hal_can.c ****       if (((interrupts & CAN_IT_ERROR_WARNING) != 0U) &&
 3002              		.loc 1 1982 24
 3003 0260 3B6A     		ldr	r3, [r7, #32]
ARM GAS  /var/folders/g3/s0qwt8r95936n9ghz4hhpdwm0000gn/T//ccJNxob3.s 			page 106


 3004 0262 03F48073 		and	r3, r3, #256
 3005              		.loc 1 1982 10
 3006 0266 002B     		cmp	r3, #0
 3007 0268 08D0     		beq	.L142
1983:Drivers/STM32F1xx_HAL_Driver/Src/stm32f1xx_hal_can.c ****           ((esrflags & CAN_ESR_EWGF) != 0U))
 3008              		.loc 1 1983 22 discriminator 1
 3009 026a FB68     		ldr	r3, [r7, #12]
 3010 026c 03F00103 		and	r3, r3, #1
1982:Drivers/STM32F1xx_HAL_Driver/Src/stm32f1xx_hal_can.c ****           ((esrflags & CAN_ESR_EWGF) != 0U))
 3011              		.loc 1 1982 55 discriminator 1
 3012 0270 002B     		cmp	r3, #0
 3013 0272 03D0     		beq	.L142
1984:Drivers/STM32F1xx_HAL_Driver/Src/stm32f1xx_hal_can.c ****       {
1985:Drivers/STM32F1xx_HAL_Driver/Src/stm32f1xx_hal_can.c ****         /* Set CAN error code to Error Warning */
1986:Drivers/STM32F1xx_HAL_Driver/Src/stm32f1xx_hal_can.c ****         errorcode |= HAL_CAN_ERROR_EWG;
 3014              		.loc 1 1986 19
 3015 0274 7B6A     		ldr	r3, [r7, #36]
 3016 0276 43F00103 		orr	r3, r3, #1
 3017 027a 7B62     		str	r3, [r7, #36]
 3018              	.L142:
1987:Drivers/STM32F1xx_HAL_Driver/Src/stm32f1xx_hal_can.c **** 
1988:Drivers/STM32F1xx_HAL_Driver/Src/stm32f1xx_hal_can.c ****         /* No need for clear of Error Warning Flag as read-only */
1989:Drivers/STM32F1xx_HAL_Driver/Src/stm32f1xx_hal_can.c ****       }
1990:Drivers/STM32F1xx_HAL_Driver/Src/stm32f1xx_hal_can.c **** 
1991:Drivers/STM32F1xx_HAL_Driver/Src/stm32f1xx_hal_can.c ****       /* Check Error Passive Flag */
1992:Drivers/STM32F1xx_HAL_Driver/Src/stm32f1xx_hal_can.c ****       if (((interrupts & CAN_IT_ERROR_PASSIVE) != 0U) &&
 3019              		.loc 1 1992 24
 3020 027c 3B6A     		ldr	r3, [r7, #32]
 3021 027e 03F40073 		and	r3, r3, #512
 3022              		.loc 1 1992 10
 3023 0282 002B     		cmp	r3, #0
 3024 0284 08D0     		beq	.L143
1993:Drivers/STM32F1xx_HAL_Driver/Src/stm32f1xx_hal_can.c ****           ((esrflags & CAN_ESR_EPVF) != 0U))
 3025              		.loc 1 1993 22 discriminator 1
 3026 0286 FB68     		ldr	r3, [r7, #12]
 3027 0288 03F00203 		and	r3, r3, #2
1992:Drivers/STM32F1xx_HAL_Driver/Src/stm32f1xx_hal_can.c ****           ((esrflags & CAN_ESR_EPVF) != 0U))
 3028              		.loc 1 1992 55 discriminator 1
 3029 028c 002B     		cmp	r3, #0
 3030 028e 03D0     		beq	.L143
1994:Drivers/STM32F1xx_HAL_Driver/Src/stm32f1xx_hal_can.c ****       {
1995:Drivers/STM32F1xx_HAL_Driver/Src/stm32f1xx_hal_can.c ****         /* Set CAN error code to Error Passive */
1996:Drivers/STM32F1xx_HAL_Driver/Src/stm32f1xx_hal_can.c ****         errorcode |= HAL_CAN_ERROR_EPV;
 3031              		.loc 1 1996 19
 3032 0290 7B6A     		ldr	r3, [r7, #36]
 3033 0292 43F00203 		orr	r3, r3, #2
 3034 0296 7B62     		str	r3, [r7, #36]
 3035              	.L143:
1997:Drivers/STM32F1xx_HAL_Driver/Src/stm32f1xx_hal_can.c **** 
1998:Drivers/STM32F1xx_HAL_Driver/Src/stm32f1xx_hal_can.c ****         /* No need for clear of Error Passive Flag as read-only */
1999:Drivers/STM32F1xx_HAL_Driver/Src/stm32f1xx_hal_can.c ****       }
2000:Drivers/STM32F1xx_HAL_Driver/Src/stm32f1xx_hal_can.c **** 
2001:Drivers/STM32F1xx_HAL_Driver/Src/stm32f1xx_hal_can.c ****       /* Check Bus-off Flag */
2002:Drivers/STM32F1xx_HAL_Driver/Src/stm32f1xx_hal_can.c ****       if (((interrupts & CAN_IT_BUSOFF) != 0U) &&
 3036              		.loc 1 2002 24
 3037 0298 3B6A     		ldr	r3, [r7, #32]
 3038 029a 03F48063 		and	r3, r3, #1024
ARM GAS  /var/folders/g3/s0qwt8r95936n9ghz4hhpdwm0000gn/T//ccJNxob3.s 			page 107


 3039              		.loc 1 2002 10
 3040 029e 002B     		cmp	r3, #0
 3041 02a0 08D0     		beq	.L144
2003:Drivers/STM32F1xx_HAL_Driver/Src/stm32f1xx_hal_can.c ****           ((esrflags & CAN_ESR_BOFF) != 0U))
 3042              		.loc 1 2003 22 discriminator 1
 3043 02a2 FB68     		ldr	r3, [r7, #12]
 3044 02a4 03F00403 		and	r3, r3, #4
2002:Drivers/STM32F1xx_HAL_Driver/Src/stm32f1xx_hal_can.c ****           ((esrflags & CAN_ESR_BOFF) != 0U))
 3045              		.loc 1 2002 48 discriminator 1
 3046 02a8 002B     		cmp	r3, #0
 3047 02aa 03D0     		beq	.L144
2004:Drivers/STM32F1xx_HAL_Driver/Src/stm32f1xx_hal_can.c ****       {
2005:Drivers/STM32F1xx_HAL_Driver/Src/stm32f1xx_hal_can.c ****         /* Set CAN error code to Bus-Off */
2006:Drivers/STM32F1xx_HAL_Driver/Src/stm32f1xx_hal_can.c ****         errorcode |= HAL_CAN_ERROR_BOF;
 3048              		.loc 1 2006 19
 3049 02ac 7B6A     		ldr	r3, [r7, #36]
 3050 02ae 43F00403 		orr	r3, r3, #4
 3051 02b2 7B62     		str	r3, [r7, #36]
 3052              	.L144:
2007:Drivers/STM32F1xx_HAL_Driver/Src/stm32f1xx_hal_can.c **** 
2008:Drivers/STM32F1xx_HAL_Driver/Src/stm32f1xx_hal_can.c ****         /* No need for clear of Error Bus-Off as read-only */
2009:Drivers/STM32F1xx_HAL_Driver/Src/stm32f1xx_hal_can.c ****       }
2010:Drivers/STM32F1xx_HAL_Driver/Src/stm32f1xx_hal_can.c **** 
2011:Drivers/STM32F1xx_HAL_Driver/Src/stm32f1xx_hal_can.c ****       /* Check Last Error Code Flag */
2012:Drivers/STM32F1xx_HAL_Driver/Src/stm32f1xx_hal_can.c ****       if (((interrupts & CAN_IT_LAST_ERROR_CODE) != 0U) &&
 3053              		.loc 1 2012 24
 3054 02b4 3B6A     		ldr	r3, [r7, #32]
 3055 02b6 03F40063 		and	r3, r3, #2048
 3056              		.loc 1 2012 10
 3057 02ba 002B     		cmp	r3, #0
 3058 02bc 43D0     		beq	.L141
2013:Drivers/STM32F1xx_HAL_Driver/Src/stm32f1xx_hal_can.c ****           ((esrflags & CAN_ESR_LEC) != 0U))
 3059              		.loc 1 2013 22 discriminator 1
 3060 02be FB68     		ldr	r3, [r7, #12]
 3061 02c0 03F07003 		and	r3, r3, #112
2012:Drivers/STM32F1xx_HAL_Driver/Src/stm32f1xx_hal_can.c ****           ((esrflags & CAN_ESR_LEC) != 0U))
 3062              		.loc 1 2012 57 discriminator 1
 3063 02c4 002B     		cmp	r3, #0
 3064 02c6 3ED0     		beq	.L141
2014:Drivers/STM32F1xx_HAL_Driver/Src/stm32f1xx_hal_can.c ****       {
2015:Drivers/STM32F1xx_HAL_Driver/Src/stm32f1xx_hal_can.c ****         switch (esrflags & CAN_ESR_LEC)
 3065              		.loc 1 2015 26
 3066 02c8 FB68     		ldr	r3, [r7, #12]
 3067 02ca 03F07003 		and	r3, r3, #112
 3068              		.loc 1 2015 9
 3069 02ce 602B     		cmp	r3, #96
 3070 02d0 2BD0     		beq	.L145
 3071 02d2 602B     		cmp	r3, #96
 3072 02d4 2ED8     		bhi	.L154
 3073 02d6 502B     		cmp	r3, #80
 3074 02d8 22D0     		beq	.L147
 3075 02da 502B     		cmp	r3, #80
 3076 02dc 2AD8     		bhi	.L154
 3077 02de 402B     		cmp	r3, #64
 3078 02e0 19D0     		beq	.L148
 3079 02e2 402B     		cmp	r3, #64
 3080 02e4 26D8     		bhi	.L154
ARM GAS  /var/folders/g3/s0qwt8r95936n9ghz4hhpdwm0000gn/T//ccJNxob3.s 			page 108


 3081 02e6 302B     		cmp	r3, #48
 3082 02e8 10D0     		beq	.L149
 3083 02ea 302B     		cmp	r3, #48
 3084 02ec 22D8     		bhi	.L154
 3085 02ee 102B     		cmp	r3, #16
 3086 02f0 02D0     		beq	.L150
 3087 02f2 202B     		cmp	r3, #32
 3088 02f4 05D0     		beq	.L151
2016:Drivers/STM32F1xx_HAL_Driver/Src/stm32f1xx_hal_can.c ****         {
2017:Drivers/STM32F1xx_HAL_Driver/Src/stm32f1xx_hal_can.c ****           case (CAN_ESR_LEC_0):
2018:Drivers/STM32F1xx_HAL_Driver/Src/stm32f1xx_hal_can.c ****             /* Set CAN error code to Stuff error */
2019:Drivers/STM32F1xx_HAL_Driver/Src/stm32f1xx_hal_can.c ****             errorcode |= HAL_CAN_ERROR_STF;
2020:Drivers/STM32F1xx_HAL_Driver/Src/stm32f1xx_hal_can.c ****             break;
2021:Drivers/STM32F1xx_HAL_Driver/Src/stm32f1xx_hal_can.c ****           case (CAN_ESR_LEC_1):
2022:Drivers/STM32F1xx_HAL_Driver/Src/stm32f1xx_hal_can.c ****             /* Set CAN error code to Form error */
2023:Drivers/STM32F1xx_HAL_Driver/Src/stm32f1xx_hal_can.c ****             errorcode |= HAL_CAN_ERROR_FOR;
2024:Drivers/STM32F1xx_HAL_Driver/Src/stm32f1xx_hal_can.c ****             break;
2025:Drivers/STM32F1xx_HAL_Driver/Src/stm32f1xx_hal_can.c ****           case (CAN_ESR_LEC_1 | CAN_ESR_LEC_0):
2026:Drivers/STM32F1xx_HAL_Driver/Src/stm32f1xx_hal_can.c ****             /* Set CAN error code to Acknowledgement error */
2027:Drivers/STM32F1xx_HAL_Driver/Src/stm32f1xx_hal_can.c ****             errorcode |= HAL_CAN_ERROR_ACK;
2028:Drivers/STM32F1xx_HAL_Driver/Src/stm32f1xx_hal_can.c ****             break;
2029:Drivers/STM32F1xx_HAL_Driver/Src/stm32f1xx_hal_can.c ****           case (CAN_ESR_LEC_2):
2030:Drivers/STM32F1xx_HAL_Driver/Src/stm32f1xx_hal_can.c ****             /* Set CAN error code to Bit recessive error */
2031:Drivers/STM32F1xx_HAL_Driver/Src/stm32f1xx_hal_can.c ****             errorcode |= HAL_CAN_ERROR_BR;
2032:Drivers/STM32F1xx_HAL_Driver/Src/stm32f1xx_hal_can.c ****             break;
2033:Drivers/STM32F1xx_HAL_Driver/Src/stm32f1xx_hal_can.c ****           case (CAN_ESR_LEC_2 | CAN_ESR_LEC_0):
2034:Drivers/STM32F1xx_HAL_Driver/Src/stm32f1xx_hal_can.c ****             /* Set CAN error code to Bit Dominant error */
2035:Drivers/STM32F1xx_HAL_Driver/Src/stm32f1xx_hal_can.c ****             errorcode |= HAL_CAN_ERROR_BD;
2036:Drivers/STM32F1xx_HAL_Driver/Src/stm32f1xx_hal_can.c ****             break;
2037:Drivers/STM32F1xx_HAL_Driver/Src/stm32f1xx_hal_can.c ****           case (CAN_ESR_LEC_2 | CAN_ESR_LEC_1):
2038:Drivers/STM32F1xx_HAL_Driver/Src/stm32f1xx_hal_can.c ****             /* Set CAN error code to CRC error */
2039:Drivers/STM32F1xx_HAL_Driver/Src/stm32f1xx_hal_can.c ****             errorcode |= HAL_CAN_ERROR_CRC;
2040:Drivers/STM32F1xx_HAL_Driver/Src/stm32f1xx_hal_can.c ****             break;
2041:Drivers/STM32F1xx_HAL_Driver/Src/stm32f1xx_hal_can.c ****           default:
2042:Drivers/STM32F1xx_HAL_Driver/Src/stm32f1xx_hal_can.c ****             break;
 3089              		.loc 1 2042 13
 3090 02f6 1DE0     		b	.L154
 3091              	.L150:
2019:Drivers/STM32F1xx_HAL_Driver/Src/stm32f1xx_hal_can.c ****             break;
 3092              		.loc 1 2019 23
 3093 02f8 7B6A     		ldr	r3, [r7, #36]
 3094 02fa 43F00803 		orr	r3, r3, #8
 3095 02fe 7B62     		str	r3, [r7, #36]
2020:Drivers/STM32F1xx_HAL_Driver/Src/stm32f1xx_hal_can.c ****           case (CAN_ESR_LEC_1):
 3096              		.loc 1 2020 13
 3097 0300 19E0     		b	.L152
 3098              	.L151:
2023:Drivers/STM32F1xx_HAL_Driver/Src/stm32f1xx_hal_can.c ****             break;
 3099              		.loc 1 2023 23
 3100 0302 7B6A     		ldr	r3, [r7, #36]
 3101 0304 43F01003 		orr	r3, r3, #16
 3102 0308 7B62     		str	r3, [r7, #36]
2024:Drivers/STM32F1xx_HAL_Driver/Src/stm32f1xx_hal_can.c ****           case (CAN_ESR_LEC_1 | CAN_ESR_LEC_0):
 3103              		.loc 1 2024 13
 3104 030a 14E0     		b	.L152
 3105              	.L149:
2027:Drivers/STM32F1xx_HAL_Driver/Src/stm32f1xx_hal_can.c ****             break;
ARM GAS  /var/folders/g3/s0qwt8r95936n9ghz4hhpdwm0000gn/T//ccJNxob3.s 			page 109


 3106              		.loc 1 2027 23
 3107 030c 7B6A     		ldr	r3, [r7, #36]
 3108 030e 43F02003 		orr	r3, r3, #32
 3109 0312 7B62     		str	r3, [r7, #36]
2028:Drivers/STM32F1xx_HAL_Driver/Src/stm32f1xx_hal_can.c ****           case (CAN_ESR_LEC_2):
 3110              		.loc 1 2028 13
 3111 0314 0FE0     		b	.L152
 3112              	.L148:
2031:Drivers/STM32F1xx_HAL_Driver/Src/stm32f1xx_hal_can.c ****             break;
 3113              		.loc 1 2031 23
 3114 0316 7B6A     		ldr	r3, [r7, #36]
 3115 0318 43F04003 		orr	r3, r3, #64
 3116 031c 7B62     		str	r3, [r7, #36]
2032:Drivers/STM32F1xx_HAL_Driver/Src/stm32f1xx_hal_can.c ****           case (CAN_ESR_LEC_2 | CAN_ESR_LEC_0):
 3117              		.loc 1 2032 13
 3118 031e 0AE0     		b	.L152
 3119              	.L147:
2035:Drivers/STM32F1xx_HAL_Driver/Src/stm32f1xx_hal_can.c ****             break;
 3120              		.loc 1 2035 23
 3121 0320 7B6A     		ldr	r3, [r7, #36]
 3122 0322 43F08003 		orr	r3, r3, #128
 3123 0326 7B62     		str	r3, [r7, #36]
2036:Drivers/STM32F1xx_HAL_Driver/Src/stm32f1xx_hal_can.c ****           case (CAN_ESR_LEC_2 | CAN_ESR_LEC_1):
 3124              		.loc 1 2036 13
 3125 0328 05E0     		b	.L152
 3126              	.L145:
2039:Drivers/STM32F1xx_HAL_Driver/Src/stm32f1xx_hal_can.c ****             break;
 3127              		.loc 1 2039 23
 3128 032a 7B6A     		ldr	r3, [r7, #36]
 3129 032c 43F48073 		orr	r3, r3, #256
 3130 0330 7B62     		str	r3, [r7, #36]
2040:Drivers/STM32F1xx_HAL_Driver/Src/stm32f1xx_hal_can.c ****           default:
 3131              		.loc 1 2040 13
 3132 0332 00E0     		b	.L152
 3133              	.L154:
 3134              		.loc 1 2042 13
 3135 0334 00BF     		nop
 3136              	.L152:
2043:Drivers/STM32F1xx_HAL_Driver/Src/stm32f1xx_hal_can.c ****         }
2044:Drivers/STM32F1xx_HAL_Driver/Src/stm32f1xx_hal_can.c **** 
2045:Drivers/STM32F1xx_HAL_Driver/Src/stm32f1xx_hal_can.c ****         /* Clear Last error code Flag */
2046:Drivers/STM32F1xx_HAL_Driver/Src/stm32f1xx_hal_can.c ****         CLEAR_BIT(hcan->Instance->ESR, CAN_ESR_LEC);
 3137              		.loc 1 2046 9
 3138 0336 7B68     		ldr	r3, [r7, #4]
 3139 0338 1B68     		ldr	r3, [r3]
 3140 033a 9A69     		ldr	r2, [r3, #24]
 3141 033c 7B68     		ldr	r3, [r7, #4]
 3142 033e 1B68     		ldr	r3, [r3]
 3143 0340 22F07002 		bic	r2, r2, #112
 3144 0344 9A61     		str	r2, [r3, #24]
 3145              	.L141:
2047:Drivers/STM32F1xx_HAL_Driver/Src/stm32f1xx_hal_can.c ****       }
2048:Drivers/STM32F1xx_HAL_Driver/Src/stm32f1xx_hal_can.c ****     }
2049:Drivers/STM32F1xx_HAL_Driver/Src/stm32f1xx_hal_can.c **** 
2050:Drivers/STM32F1xx_HAL_Driver/Src/stm32f1xx_hal_can.c ****     /* Clear ERRI Flag */
2051:Drivers/STM32F1xx_HAL_Driver/Src/stm32f1xx_hal_can.c ****     __HAL_CAN_CLEAR_FLAG(hcan, CAN_FLAG_ERRI);
 3146              		.loc 1 2051 5
ARM GAS  /var/folders/g3/s0qwt8r95936n9ghz4hhpdwm0000gn/T//ccJNxob3.s 			page 110


 3147 0346 7B68     		ldr	r3, [r7, #4]
 3148 0348 1B68     		ldr	r3, [r3]
 3149 034a 0422     		movs	r2, #4
 3150 034c 5A60     		str	r2, [r3, #4]
 3151              	.L140:
2052:Drivers/STM32F1xx_HAL_Driver/Src/stm32f1xx_hal_can.c ****   }
2053:Drivers/STM32F1xx_HAL_Driver/Src/stm32f1xx_hal_can.c **** 
2054:Drivers/STM32F1xx_HAL_Driver/Src/stm32f1xx_hal_can.c ****   /* Call the Error call Back in case of Errors */
2055:Drivers/STM32F1xx_HAL_Driver/Src/stm32f1xx_hal_can.c ****   if (errorcode != HAL_CAN_ERROR_NONE)
 3152              		.loc 1 2055 6
 3153 034e 7B6A     		ldr	r3, [r7, #36]
 3154 0350 002B     		cmp	r3, #0
 3155 0352 08D0     		beq	.L155
2056:Drivers/STM32F1xx_HAL_Driver/Src/stm32f1xx_hal_can.c ****   {
2057:Drivers/STM32F1xx_HAL_Driver/Src/stm32f1xx_hal_can.c ****     /* Update error code in handle */
2058:Drivers/STM32F1xx_HAL_Driver/Src/stm32f1xx_hal_can.c ****     hcan->ErrorCode |= errorcode;
 3156              		.loc 1 2058 21
 3157 0354 7B68     		ldr	r3, [r7, #4]
 3158 0356 5A6A     		ldr	r2, [r3, #36]
 3159 0358 7B6A     		ldr	r3, [r7, #36]
 3160 035a 1A43     		orrs	r2, r2, r3
 3161 035c 7B68     		ldr	r3, [r7, #4]
 3162 035e 5A62     		str	r2, [r3, #36]
2059:Drivers/STM32F1xx_HAL_Driver/Src/stm32f1xx_hal_can.c **** 
2060:Drivers/STM32F1xx_HAL_Driver/Src/stm32f1xx_hal_can.c ****     /* Call Error callback function */
2061:Drivers/STM32F1xx_HAL_Driver/Src/stm32f1xx_hal_can.c **** #if USE_HAL_CAN_REGISTER_CALLBACKS == 1
2062:Drivers/STM32F1xx_HAL_Driver/Src/stm32f1xx_hal_can.c ****     /* Call registered callback*/
2063:Drivers/STM32F1xx_HAL_Driver/Src/stm32f1xx_hal_can.c ****     hcan->ErrorCallback(hcan);
2064:Drivers/STM32F1xx_HAL_Driver/Src/stm32f1xx_hal_can.c **** #else
2065:Drivers/STM32F1xx_HAL_Driver/Src/stm32f1xx_hal_can.c ****     /* Call weak (surcharged) callback */
2066:Drivers/STM32F1xx_HAL_Driver/Src/stm32f1xx_hal_can.c ****     HAL_CAN_ErrorCallback(hcan);
 3163              		.loc 1 2066 5
 3164 0360 7868     		ldr	r0, [r7, #4]
 3165 0362 FFF7FEFF 		bl	HAL_CAN_ErrorCallback
 3166              	.L155:
2067:Drivers/STM32F1xx_HAL_Driver/Src/stm32f1xx_hal_can.c **** #endif /* USE_HAL_CAN_REGISTER_CALLBACKS */
2068:Drivers/STM32F1xx_HAL_Driver/Src/stm32f1xx_hal_can.c ****   }
2069:Drivers/STM32F1xx_HAL_Driver/Src/stm32f1xx_hal_can.c **** }
 3167              		.loc 1 2069 1
 3168 0366 00BF     		nop
 3169 0368 2837     		adds	r7, r7, #40
 3170              	.LCFI113:
 3171              		.cfi_def_cfa_offset 8
 3172 036a BD46     		mov	sp, r7
 3173              	.LCFI114:
 3174              		.cfi_def_cfa_register 13
 3175              		@ sp needed
 3176 036c 80BD     		pop	{r7, pc}
 3177              		.cfi_endproc
 3178              	.LFE84:
 3180              		.section	.text.HAL_CAN_TxMailbox0CompleteCallback,"ax",%progbits
 3181              		.align	1
 3182              		.weak	HAL_CAN_TxMailbox0CompleteCallback
 3183              		.syntax unified
 3184              		.thumb
 3185              		.thumb_func
 3187              	HAL_CAN_TxMailbox0CompleteCallback:
ARM GAS  /var/folders/g3/s0qwt8r95936n9ghz4hhpdwm0000gn/T//ccJNxob3.s 			page 111


 3188              	.LFB85:
2070:Drivers/STM32F1xx_HAL_Driver/Src/stm32f1xx_hal_can.c **** 
2071:Drivers/STM32F1xx_HAL_Driver/Src/stm32f1xx_hal_can.c **** /**
2072:Drivers/STM32F1xx_HAL_Driver/Src/stm32f1xx_hal_can.c ****   * @}
2073:Drivers/STM32F1xx_HAL_Driver/Src/stm32f1xx_hal_can.c ****   */
2074:Drivers/STM32F1xx_HAL_Driver/Src/stm32f1xx_hal_can.c **** 
2075:Drivers/STM32F1xx_HAL_Driver/Src/stm32f1xx_hal_can.c **** /** @defgroup CAN_Exported_Functions_Group5 Callback functions
2076:Drivers/STM32F1xx_HAL_Driver/Src/stm32f1xx_hal_can.c ****   * @brief   CAN Callback functions
2077:Drivers/STM32F1xx_HAL_Driver/Src/stm32f1xx_hal_can.c ****   *
2078:Drivers/STM32F1xx_HAL_Driver/Src/stm32f1xx_hal_can.c **** @verbatim
2079:Drivers/STM32F1xx_HAL_Driver/Src/stm32f1xx_hal_can.c ****   ==============================================================================
2080:Drivers/STM32F1xx_HAL_Driver/Src/stm32f1xx_hal_can.c ****                           ##### Callback functions #####
2081:Drivers/STM32F1xx_HAL_Driver/Src/stm32f1xx_hal_can.c ****   ==============================================================================
2082:Drivers/STM32F1xx_HAL_Driver/Src/stm32f1xx_hal_can.c ****     [..]
2083:Drivers/STM32F1xx_HAL_Driver/Src/stm32f1xx_hal_can.c ****     This subsection provides the following callback functions:
2084:Drivers/STM32F1xx_HAL_Driver/Src/stm32f1xx_hal_can.c ****       (+) HAL_CAN_TxMailbox0CompleteCallback
2085:Drivers/STM32F1xx_HAL_Driver/Src/stm32f1xx_hal_can.c ****       (+) HAL_CAN_TxMailbox1CompleteCallback
2086:Drivers/STM32F1xx_HAL_Driver/Src/stm32f1xx_hal_can.c ****       (+) HAL_CAN_TxMailbox2CompleteCallback
2087:Drivers/STM32F1xx_HAL_Driver/Src/stm32f1xx_hal_can.c ****       (+) HAL_CAN_TxMailbox0AbortCallback
2088:Drivers/STM32F1xx_HAL_Driver/Src/stm32f1xx_hal_can.c ****       (+) HAL_CAN_TxMailbox1AbortCallback
2089:Drivers/STM32F1xx_HAL_Driver/Src/stm32f1xx_hal_can.c ****       (+) HAL_CAN_TxMailbox2AbortCallback
2090:Drivers/STM32F1xx_HAL_Driver/Src/stm32f1xx_hal_can.c ****       (+) HAL_CAN_RxFifo0MsgPendingCallback
2091:Drivers/STM32F1xx_HAL_Driver/Src/stm32f1xx_hal_can.c ****       (+) HAL_CAN_RxFifo0FullCallback
2092:Drivers/STM32F1xx_HAL_Driver/Src/stm32f1xx_hal_can.c ****       (+) HAL_CAN_RxFifo1MsgPendingCallback
2093:Drivers/STM32F1xx_HAL_Driver/Src/stm32f1xx_hal_can.c ****       (+) HAL_CAN_RxFifo1FullCallback
2094:Drivers/STM32F1xx_HAL_Driver/Src/stm32f1xx_hal_can.c ****       (+) HAL_CAN_SleepCallback
2095:Drivers/STM32F1xx_HAL_Driver/Src/stm32f1xx_hal_can.c ****       (+) HAL_CAN_WakeUpFromRxMsgCallback
2096:Drivers/STM32F1xx_HAL_Driver/Src/stm32f1xx_hal_can.c ****       (+) HAL_CAN_ErrorCallback
2097:Drivers/STM32F1xx_HAL_Driver/Src/stm32f1xx_hal_can.c **** 
2098:Drivers/STM32F1xx_HAL_Driver/Src/stm32f1xx_hal_can.c **** @endverbatim
2099:Drivers/STM32F1xx_HAL_Driver/Src/stm32f1xx_hal_can.c ****   * @{
2100:Drivers/STM32F1xx_HAL_Driver/Src/stm32f1xx_hal_can.c ****   */
2101:Drivers/STM32F1xx_HAL_Driver/Src/stm32f1xx_hal_can.c **** 
2102:Drivers/STM32F1xx_HAL_Driver/Src/stm32f1xx_hal_can.c **** /**
2103:Drivers/STM32F1xx_HAL_Driver/Src/stm32f1xx_hal_can.c ****   * @brief  Transmission Mailbox 0 complete callback.
2104:Drivers/STM32F1xx_HAL_Driver/Src/stm32f1xx_hal_can.c ****   * @param  hcan pointer to a CAN_HandleTypeDef structure that contains
2105:Drivers/STM32F1xx_HAL_Driver/Src/stm32f1xx_hal_can.c ****   *         the configuration information for the specified CAN.
2106:Drivers/STM32F1xx_HAL_Driver/Src/stm32f1xx_hal_can.c ****   * @retval None
2107:Drivers/STM32F1xx_HAL_Driver/Src/stm32f1xx_hal_can.c ****   */
2108:Drivers/STM32F1xx_HAL_Driver/Src/stm32f1xx_hal_can.c **** __weak void HAL_CAN_TxMailbox0CompleteCallback(CAN_HandleTypeDef *hcan)
2109:Drivers/STM32F1xx_HAL_Driver/Src/stm32f1xx_hal_can.c **** {
 3189              		.loc 1 2109 1
 3190              		.cfi_startproc
 3191              		@ args = 0, pretend = 0, frame = 8
 3192              		@ frame_needed = 1, uses_anonymous_args = 0
 3193              		@ link register save eliminated.
 3194 0000 80B4     		push	{r7}
 3195              	.LCFI115:
 3196              		.cfi_def_cfa_offset 4
 3197              		.cfi_offset 7, -4
 3198 0002 83B0     		sub	sp, sp, #12
 3199              	.LCFI116:
 3200              		.cfi_def_cfa_offset 16
 3201 0004 00AF     		add	r7, sp, #0
 3202              	.LCFI117:
 3203              		.cfi_def_cfa_register 7
 3204 0006 7860     		str	r0, [r7, #4]
ARM GAS  /var/folders/g3/s0qwt8r95936n9ghz4hhpdwm0000gn/T//ccJNxob3.s 			page 112


2110:Drivers/STM32F1xx_HAL_Driver/Src/stm32f1xx_hal_can.c ****   /* Prevent unused argument(s) compilation warning */
2111:Drivers/STM32F1xx_HAL_Driver/Src/stm32f1xx_hal_can.c ****   UNUSED(hcan);
2112:Drivers/STM32F1xx_HAL_Driver/Src/stm32f1xx_hal_can.c **** 
2113:Drivers/STM32F1xx_HAL_Driver/Src/stm32f1xx_hal_can.c ****   /* NOTE : This function Should not be modified, when the callback is needed,
2114:Drivers/STM32F1xx_HAL_Driver/Src/stm32f1xx_hal_can.c ****             the HAL_CAN_TxMailbox0CompleteCallback could be implemented in the
2115:Drivers/STM32F1xx_HAL_Driver/Src/stm32f1xx_hal_can.c ****             user file
2116:Drivers/STM32F1xx_HAL_Driver/Src/stm32f1xx_hal_can.c ****    */
2117:Drivers/STM32F1xx_HAL_Driver/Src/stm32f1xx_hal_can.c **** }
 3205              		.loc 1 2117 1
 3206 0008 00BF     		nop
 3207 000a 0C37     		adds	r7, r7, #12
 3208              	.LCFI118:
 3209              		.cfi_def_cfa_offset 4
 3210 000c BD46     		mov	sp, r7
 3211              	.LCFI119:
 3212              		.cfi_def_cfa_register 13
 3213              		@ sp needed
 3214 000e 80BC     		pop	{r7}
 3215              	.LCFI120:
 3216              		.cfi_restore 7
 3217              		.cfi_def_cfa_offset 0
 3218 0010 7047     		bx	lr
 3219              		.cfi_endproc
 3220              	.LFE85:
 3222              		.section	.text.HAL_CAN_TxMailbox1CompleteCallback,"ax",%progbits
 3223              		.align	1
 3224              		.weak	HAL_CAN_TxMailbox1CompleteCallback
 3225              		.syntax unified
 3226              		.thumb
 3227              		.thumb_func
 3229              	HAL_CAN_TxMailbox1CompleteCallback:
 3230              	.LFB86:
2118:Drivers/STM32F1xx_HAL_Driver/Src/stm32f1xx_hal_can.c **** 
2119:Drivers/STM32F1xx_HAL_Driver/Src/stm32f1xx_hal_can.c **** /**
2120:Drivers/STM32F1xx_HAL_Driver/Src/stm32f1xx_hal_can.c ****   * @brief  Transmission Mailbox 1 complete callback.
2121:Drivers/STM32F1xx_HAL_Driver/Src/stm32f1xx_hal_can.c ****   * @param  hcan pointer to a CAN_HandleTypeDef structure that contains
2122:Drivers/STM32F1xx_HAL_Driver/Src/stm32f1xx_hal_can.c ****   *         the configuration information for the specified CAN.
2123:Drivers/STM32F1xx_HAL_Driver/Src/stm32f1xx_hal_can.c ****   * @retval None
2124:Drivers/STM32F1xx_HAL_Driver/Src/stm32f1xx_hal_can.c ****   */
2125:Drivers/STM32F1xx_HAL_Driver/Src/stm32f1xx_hal_can.c **** __weak void HAL_CAN_TxMailbox1CompleteCallback(CAN_HandleTypeDef *hcan)
2126:Drivers/STM32F1xx_HAL_Driver/Src/stm32f1xx_hal_can.c **** {
 3231              		.loc 1 2126 1
 3232              		.cfi_startproc
 3233              		@ args = 0, pretend = 0, frame = 8
 3234              		@ frame_needed = 1, uses_anonymous_args = 0
 3235              		@ link register save eliminated.
 3236 0000 80B4     		push	{r7}
 3237              	.LCFI121:
 3238              		.cfi_def_cfa_offset 4
 3239              		.cfi_offset 7, -4
 3240 0002 83B0     		sub	sp, sp, #12
 3241              	.LCFI122:
 3242              		.cfi_def_cfa_offset 16
 3243 0004 00AF     		add	r7, sp, #0
 3244              	.LCFI123:
 3245              		.cfi_def_cfa_register 7
 3246 0006 7860     		str	r0, [r7, #4]
ARM GAS  /var/folders/g3/s0qwt8r95936n9ghz4hhpdwm0000gn/T//ccJNxob3.s 			page 113


2127:Drivers/STM32F1xx_HAL_Driver/Src/stm32f1xx_hal_can.c ****   /* Prevent unused argument(s) compilation warning */
2128:Drivers/STM32F1xx_HAL_Driver/Src/stm32f1xx_hal_can.c ****   UNUSED(hcan);
2129:Drivers/STM32F1xx_HAL_Driver/Src/stm32f1xx_hal_can.c **** 
2130:Drivers/STM32F1xx_HAL_Driver/Src/stm32f1xx_hal_can.c ****   /* NOTE : This function Should not be modified, when the callback is needed,
2131:Drivers/STM32F1xx_HAL_Driver/Src/stm32f1xx_hal_can.c ****             the HAL_CAN_TxMailbox1CompleteCallback could be implemented in the
2132:Drivers/STM32F1xx_HAL_Driver/Src/stm32f1xx_hal_can.c ****             user file
2133:Drivers/STM32F1xx_HAL_Driver/Src/stm32f1xx_hal_can.c ****    */
2134:Drivers/STM32F1xx_HAL_Driver/Src/stm32f1xx_hal_can.c **** }
 3247              		.loc 1 2134 1
 3248 0008 00BF     		nop
 3249 000a 0C37     		adds	r7, r7, #12
 3250              	.LCFI124:
 3251              		.cfi_def_cfa_offset 4
 3252 000c BD46     		mov	sp, r7
 3253              	.LCFI125:
 3254              		.cfi_def_cfa_register 13
 3255              		@ sp needed
 3256 000e 80BC     		pop	{r7}
 3257              	.LCFI126:
 3258              		.cfi_restore 7
 3259              		.cfi_def_cfa_offset 0
 3260 0010 7047     		bx	lr
 3261              		.cfi_endproc
 3262              	.LFE86:
 3264              		.section	.text.HAL_CAN_TxMailbox2CompleteCallback,"ax",%progbits
 3265              		.align	1
 3266              		.weak	HAL_CAN_TxMailbox2CompleteCallback
 3267              		.syntax unified
 3268              		.thumb
 3269              		.thumb_func
 3271              	HAL_CAN_TxMailbox2CompleteCallback:
 3272              	.LFB87:
2135:Drivers/STM32F1xx_HAL_Driver/Src/stm32f1xx_hal_can.c **** 
2136:Drivers/STM32F1xx_HAL_Driver/Src/stm32f1xx_hal_can.c **** /**
2137:Drivers/STM32F1xx_HAL_Driver/Src/stm32f1xx_hal_can.c ****   * @brief  Transmission Mailbox 2 complete callback.
2138:Drivers/STM32F1xx_HAL_Driver/Src/stm32f1xx_hal_can.c ****   * @param  hcan pointer to a CAN_HandleTypeDef structure that contains
2139:Drivers/STM32F1xx_HAL_Driver/Src/stm32f1xx_hal_can.c ****   *         the configuration information for the specified CAN.
2140:Drivers/STM32F1xx_HAL_Driver/Src/stm32f1xx_hal_can.c ****   * @retval None
2141:Drivers/STM32F1xx_HAL_Driver/Src/stm32f1xx_hal_can.c ****   */
2142:Drivers/STM32F1xx_HAL_Driver/Src/stm32f1xx_hal_can.c **** __weak void HAL_CAN_TxMailbox2CompleteCallback(CAN_HandleTypeDef *hcan)
2143:Drivers/STM32F1xx_HAL_Driver/Src/stm32f1xx_hal_can.c **** {
 3273              		.loc 1 2143 1
 3274              		.cfi_startproc
 3275              		@ args = 0, pretend = 0, frame = 8
 3276              		@ frame_needed = 1, uses_anonymous_args = 0
 3277              		@ link register save eliminated.
 3278 0000 80B4     		push	{r7}
 3279              	.LCFI127:
 3280              		.cfi_def_cfa_offset 4
 3281              		.cfi_offset 7, -4
 3282 0002 83B0     		sub	sp, sp, #12
 3283              	.LCFI128:
 3284              		.cfi_def_cfa_offset 16
 3285 0004 00AF     		add	r7, sp, #0
 3286              	.LCFI129:
 3287              		.cfi_def_cfa_register 7
 3288 0006 7860     		str	r0, [r7, #4]
ARM GAS  /var/folders/g3/s0qwt8r95936n9ghz4hhpdwm0000gn/T//ccJNxob3.s 			page 114


2144:Drivers/STM32F1xx_HAL_Driver/Src/stm32f1xx_hal_can.c ****   /* Prevent unused argument(s) compilation warning */
2145:Drivers/STM32F1xx_HAL_Driver/Src/stm32f1xx_hal_can.c ****   UNUSED(hcan);
2146:Drivers/STM32F1xx_HAL_Driver/Src/stm32f1xx_hal_can.c **** 
2147:Drivers/STM32F1xx_HAL_Driver/Src/stm32f1xx_hal_can.c ****   /* NOTE : This function Should not be modified, when the callback is needed,
2148:Drivers/STM32F1xx_HAL_Driver/Src/stm32f1xx_hal_can.c ****             the HAL_CAN_TxMailbox2CompleteCallback could be implemented in the
2149:Drivers/STM32F1xx_HAL_Driver/Src/stm32f1xx_hal_can.c ****             user file
2150:Drivers/STM32F1xx_HAL_Driver/Src/stm32f1xx_hal_can.c ****    */
2151:Drivers/STM32F1xx_HAL_Driver/Src/stm32f1xx_hal_can.c **** }
 3289              		.loc 1 2151 1
 3290 0008 00BF     		nop
 3291 000a 0C37     		adds	r7, r7, #12
 3292              	.LCFI130:
 3293              		.cfi_def_cfa_offset 4
 3294 000c BD46     		mov	sp, r7
 3295              	.LCFI131:
 3296              		.cfi_def_cfa_register 13
 3297              		@ sp needed
 3298 000e 80BC     		pop	{r7}
 3299              	.LCFI132:
 3300              		.cfi_restore 7
 3301              		.cfi_def_cfa_offset 0
 3302 0010 7047     		bx	lr
 3303              		.cfi_endproc
 3304              	.LFE87:
 3306              		.section	.text.HAL_CAN_TxMailbox0AbortCallback,"ax",%progbits
 3307              		.align	1
 3308              		.weak	HAL_CAN_TxMailbox0AbortCallback
 3309              		.syntax unified
 3310              		.thumb
 3311              		.thumb_func
 3313              	HAL_CAN_TxMailbox0AbortCallback:
 3314              	.LFB88:
2152:Drivers/STM32F1xx_HAL_Driver/Src/stm32f1xx_hal_can.c **** 
2153:Drivers/STM32F1xx_HAL_Driver/Src/stm32f1xx_hal_can.c **** /**
2154:Drivers/STM32F1xx_HAL_Driver/Src/stm32f1xx_hal_can.c ****   * @brief  Transmission Mailbox 0 Cancellation callback.
2155:Drivers/STM32F1xx_HAL_Driver/Src/stm32f1xx_hal_can.c ****   * @param  hcan pointer to an CAN_HandleTypeDef structure that contains
2156:Drivers/STM32F1xx_HAL_Driver/Src/stm32f1xx_hal_can.c ****   *         the configuration information for the specified CAN.
2157:Drivers/STM32F1xx_HAL_Driver/Src/stm32f1xx_hal_can.c ****   * @retval None
2158:Drivers/STM32F1xx_HAL_Driver/Src/stm32f1xx_hal_can.c ****   */
2159:Drivers/STM32F1xx_HAL_Driver/Src/stm32f1xx_hal_can.c **** __weak void HAL_CAN_TxMailbox0AbortCallback(CAN_HandleTypeDef *hcan)
2160:Drivers/STM32F1xx_HAL_Driver/Src/stm32f1xx_hal_can.c **** {
 3315              		.loc 1 2160 1
 3316              		.cfi_startproc
 3317              		@ args = 0, pretend = 0, frame = 8
 3318              		@ frame_needed = 1, uses_anonymous_args = 0
 3319              		@ link register save eliminated.
 3320 0000 80B4     		push	{r7}
 3321              	.LCFI133:
 3322              		.cfi_def_cfa_offset 4
 3323              		.cfi_offset 7, -4
 3324 0002 83B0     		sub	sp, sp, #12
 3325              	.LCFI134:
 3326              		.cfi_def_cfa_offset 16
 3327 0004 00AF     		add	r7, sp, #0
 3328              	.LCFI135:
 3329              		.cfi_def_cfa_register 7
 3330 0006 7860     		str	r0, [r7, #4]
ARM GAS  /var/folders/g3/s0qwt8r95936n9ghz4hhpdwm0000gn/T//ccJNxob3.s 			page 115


2161:Drivers/STM32F1xx_HAL_Driver/Src/stm32f1xx_hal_can.c ****   /* Prevent unused argument(s) compilation warning */
2162:Drivers/STM32F1xx_HAL_Driver/Src/stm32f1xx_hal_can.c ****   UNUSED(hcan);
2163:Drivers/STM32F1xx_HAL_Driver/Src/stm32f1xx_hal_can.c **** 
2164:Drivers/STM32F1xx_HAL_Driver/Src/stm32f1xx_hal_can.c ****   /* NOTE : This function Should not be modified, when the callback is needed,
2165:Drivers/STM32F1xx_HAL_Driver/Src/stm32f1xx_hal_can.c ****             the HAL_CAN_TxMailbox0AbortCallback could be implemented in the
2166:Drivers/STM32F1xx_HAL_Driver/Src/stm32f1xx_hal_can.c ****             user file
2167:Drivers/STM32F1xx_HAL_Driver/Src/stm32f1xx_hal_can.c ****    */
2168:Drivers/STM32F1xx_HAL_Driver/Src/stm32f1xx_hal_can.c **** }
 3331              		.loc 1 2168 1
 3332 0008 00BF     		nop
 3333 000a 0C37     		adds	r7, r7, #12
 3334              	.LCFI136:
 3335              		.cfi_def_cfa_offset 4
 3336 000c BD46     		mov	sp, r7
 3337              	.LCFI137:
 3338              		.cfi_def_cfa_register 13
 3339              		@ sp needed
 3340 000e 80BC     		pop	{r7}
 3341              	.LCFI138:
 3342              		.cfi_restore 7
 3343              		.cfi_def_cfa_offset 0
 3344 0010 7047     		bx	lr
 3345              		.cfi_endproc
 3346              	.LFE88:
 3348              		.section	.text.HAL_CAN_TxMailbox1AbortCallback,"ax",%progbits
 3349              		.align	1
 3350              		.weak	HAL_CAN_TxMailbox1AbortCallback
 3351              		.syntax unified
 3352              		.thumb
 3353              		.thumb_func
 3355              	HAL_CAN_TxMailbox1AbortCallback:
 3356              	.LFB89:
2169:Drivers/STM32F1xx_HAL_Driver/Src/stm32f1xx_hal_can.c **** 
2170:Drivers/STM32F1xx_HAL_Driver/Src/stm32f1xx_hal_can.c **** /**
2171:Drivers/STM32F1xx_HAL_Driver/Src/stm32f1xx_hal_can.c ****   * @brief  Transmission Mailbox 1 Cancellation callback.
2172:Drivers/STM32F1xx_HAL_Driver/Src/stm32f1xx_hal_can.c ****   * @param  hcan pointer to an CAN_HandleTypeDef structure that contains
2173:Drivers/STM32F1xx_HAL_Driver/Src/stm32f1xx_hal_can.c ****   *         the configuration information for the specified CAN.
2174:Drivers/STM32F1xx_HAL_Driver/Src/stm32f1xx_hal_can.c ****   * @retval None
2175:Drivers/STM32F1xx_HAL_Driver/Src/stm32f1xx_hal_can.c ****   */
2176:Drivers/STM32F1xx_HAL_Driver/Src/stm32f1xx_hal_can.c **** __weak void HAL_CAN_TxMailbox1AbortCallback(CAN_HandleTypeDef *hcan)
2177:Drivers/STM32F1xx_HAL_Driver/Src/stm32f1xx_hal_can.c **** {
 3357              		.loc 1 2177 1
 3358              		.cfi_startproc
 3359              		@ args = 0, pretend = 0, frame = 8
 3360              		@ frame_needed = 1, uses_anonymous_args = 0
 3361              		@ link register save eliminated.
 3362 0000 80B4     		push	{r7}
 3363              	.LCFI139:
 3364              		.cfi_def_cfa_offset 4
 3365              		.cfi_offset 7, -4
 3366 0002 83B0     		sub	sp, sp, #12
 3367              	.LCFI140:
 3368              		.cfi_def_cfa_offset 16
 3369 0004 00AF     		add	r7, sp, #0
 3370              	.LCFI141:
 3371              		.cfi_def_cfa_register 7
 3372 0006 7860     		str	r0, [r7, #4]
ARM GAS  /var/folders/g3/s0qwt8r95936n9ghz4hhpdwm0000gn/T//ccJNxob3.s 			page 116


2178:Drivers/STM32F1xx_HAL_Driver/Src/stm32f1xx_hal_can.c ****   /* Prevent unused argument(s) compilation warning */
2179:Drivers/STM32F1xx_HAL_Driver/Src/stm32f1xx_hal_can.c ****   UNUSED(hcan);
2180:Drivers/STM32F1xx_HAL_Driver/Src/stm32f1xx_hal_can.c **** 
2181:Drivers/STM32F1xx_HAL_Driver/Src/stm32f1xx_hal_can.c ****   /* NOTE : This function Should not be modified, when the callback is needed,
2182:Drivers/STM32F1xx_HAL_Driver/Src/stm32f1xx_hal_can.c ****             the HAL_CAN_TxMailbox1AbortCallback could be implemented in the
2183:Drivers/STM32F1xx_HAL_Driver/Src/stm32f1xx_hal_can.c ****             user file
2184:Drivers/STM32F1xx_HAL_Driver/Src/stm32f1xx_hal_can.c ****    */
2185:Drivers/STM32F1xx_HAL_Driver/Src/stm32f1xx_hal_can.c **** }
 3373              		.loc 1 2185 1
 3374 0008 00BF     		nop
 3375 000a 0C37     		adds	r7, r7, #12
 3376              	.LCFI142:
 3377              		.cfi_def_cfa_offset 4
 3378 000c BD46     		mov	sp, r7
 3379              	.LCFI143:
 3380              		.cfi_def_cfa_register 13
 3381              		@ sp needed
 3382 000e 80BC     		pop	{r7}
 3383              	.LCFI144:
 3384              		.cfi_restore 7
 3385              		.cfi_def_cfa_offset 0
 3386 0010 7047     		bx	lr
 3387              		.cfi_endproc
 3388              	.LFE89:
 3390              		.section	.text.HAL_CAN_TxMailbox2AbortCallback,"ax",%progbits
 3391              		.align	1
 3392              		.weak	HAL_CAN_TxMailbox2AbortCallback
 3393              		.syntax unified
 3394              		.thumb
 3395              		.thumb_func
 3397              	HAL_CAN_TxMailbox2AbortCallback:
 3398              	.LFB90:
2186:Drivers/STM32F1xx_HAL_Driver/Src/stm32f1xx_hal_can.c **** 
2187:Drivers/STM32F1xx_HAL_Driver/Src/stm32f1xx_hal_can.c **** /**
2188:Drivers/STM32F1xx_HAL_Driver/Src/stm32f1xx_hal_can.c ****   * @brief  Transmission Mailbox 2 Cancellation callback.
2189:Drivers/STM32F1xx_HAL_Driver/Src/stm32f1xx_hal_can.c ****   * @param  hcan pointer to an CAN_HandleTypeDef structure that contains
2190:Drivers/STM32F1xx_HAL_Driver/Src/stm32f1xx_hal_can.c ****   *         the configuration information for the specified CAN.
2191:Drivers/STM32F1xx_HAL_Driver/Src/stm32f1xx_hal_can.c ****   * @retval None
2192:Drivers/STM32F1xx_HAL_Driver/Src/stm32f1xx_hal_can.c ****   */
2193:Drivers/STM32F1xx_HAL_Driver/Src/stm32f1xx_hal_can.c **** __weak void HAL_CAN_TxMailbox2AbortCallback(CAN_HandleTypeDef *hcan)
2194:Drivers/STM32F1xx_HAL_Driver/Src/stm32f1xx_hal_can.c **** {
 3399              		.loc 1 2194 1
 3400              		.cfi_startproc
 3401              		@ args = 0, pretend = 0, frame = 8
 3402              		@ frame_needed = 1, uses_anonymous_args = 0
 3403              		@ link register save eliminated.
 3404 0000 80B4     		push	{r7}
 3405              	.LCFI145:
 3406              		.cfi_def_cfa_offset 4
 3407              		.cfi_offset 7, -4
 3408 0002 83B0     		sub	sp, sp, #12
 3409              	.LCFI146:
 3410              		.cfi_def_cfa_offset 16
 3411 0004 00AF     		add	r7, sp, #0
 3412              	.LCFI147:
 3413              		.cfi_def_cfa_register 7
 3414 0006 7860     		str	r0, [r7, #4]
ARM GAS  /var/folders/g3/s0qwt8r95936n9ghz4hhpdwm0000gn/T//ccJNxob3.s 			page 117


2195:Drivers/STM32F1xx_HAL_Driver/Src/stm32f1xx_hal_can.c ****   /* Prevent unused argument(s) compilation warning */
2196:Drivers/STM32F1xx_HAL_Driver/Src/stm32f1xx_hal_can.c ****   UNUSED(hcan);
2197:Drivers/STM32F1xx_HAL_Driver/Src/stm32f1xx_hal_can.c **** 
2198:Drivers/STM32F1xx_HAL_Driver/Src/stm32f1xx_hal_can.c ****   /* NOTE : This function Should not be modified, when the callback is needed,
2199:Drivers/STM32F1xx_HAL_Driver/Src/stm32f1xx_hal_can.c ****             the HAL_CAN_TxMailbox2AbortCallback could be implemented in the
2200:Drivers/STM32F1xx_HAL_Driver/Src/stm32f1xx_hal_can.c ****             user file
2201:Drivers/STM32F1xx_HAL_Driver/Src/stm32f1xx_hal_can.c ****    */
2202:Drivers/STM32F1xx_HAL_Driver/Src/stm32f1xx_hal_can.c **** }
 3415              		.loc 1 2202 1
 3416 0008 00BF     		nop
 3417 000a 0C37     		adds	r7, r7, #12
 3418              	.LCFI148:
 3419              		.cfi_def_cfa_offset 4
 3420 000c BD46     		mov	sp, r7
 3421              	.LCFI149:
 3422              		.cfi_def_cfa_register 13
 3423              		@ sp needed
 3424 000e 80BC     		pop	{r7}
 3425              	.LCFI150:
 3426              		.cfi_restore 7
 3427              		.cfi_def_cfa_offset 0
 3428 0010 7047     		bx	lr
 3429              		.cfi_endproc
 3430              	.LFE90:
 3432              		.section	.text.HAL_CAN_RxFifo0MsgPendingCallback,"ax",%progbits
 3433              		.align	1
 3434              		.weak	HAL_CAN_RxFifo0MsgPendingCallback
 3435              		.syntax unified
 3436              		.thumb
 3437              		.thumb_func
 3439              	HAL_CAN_RxFifo0MsgPendingCallback:
 3440              	.LFB91:
2203:Drivers/STM32F1xx_HAL_Driver/Src/stm32f1xx_hal_can.c **** 
2204:Drivers/STM32F1xx_HAL_Driver/Src/stm32f1xx_hal_can.c **** /**
2205:Drivers/STM32F1xx_HAL_Driver/Src/stm32f1xx_hal_can.c ****   * @brief  Rx FIFO 0 message pending callback.
2206:Drivers/STM32F1xx_HAL_Driver/Src/stm32f1xx_hal_can.c ****   * @param  hcan pointer to a CAN_HandleTypeDef structure that contains
2207:Drivers/STM32F1xx_HAL_Driver/Src/stm32f1xx_hal_can.c ****   *         the configuration information for the specified CAN.
2208:Drivers/STM32F1xx_HAL_Driver/Src/stm32f1xx_hal_can.c ****   * @retval None
2209:Drivers/STM32F1xx_HAL_Driver/Src/stm32f1xx_hal_can.c ****   */
2210:Drivers/STM32F1xx_HAL_Driver/Src/stm32f1xx_hal_can.c **** __weak void HAL_CAN_RxFifo0MsgPendingCallback(CAN_HandleTypeDef *hcan)
2211:Drivers/STM32F1xx_HAL_Driver/Src/stm32f1xx_hal_can.c **** {
 3441              		.loc 1 2211 1
 3442              		.cfi_startproc
 3443              		@ args = 0, pretend = 0, frame = 8
 3444              		@ frame_needed = 1, uses_anonymous_args = 0
 3445              		@ link register save eliminated.
 3446 0000 80B4     		push	{r7}
 3447              	.LCFI151:
 3448              		.cfi_def_cfa_offset 4
 3449              		.cfi_offset 7, -4
 3450 0002 83B0     		sub	sp, sp, #12
 3451              	.LCFI152:
 3452              		.cfi_def_cfa_offset 16
 3453 0004 00AF     		add	r7, sp, #0
 3454              	.LCFI153:
 3455              		.cfi_def_cfa_register 7
 3456 0006 7860     		str	r0, [r7, #4]
ARM GAS  /var/folders/g3/s0qwt8r95936n9ghz4hhpdwm0000gn/T//ccJNxob3.s 			page 118


2212:Drivers/STM32F1xx_HAL_Driver/Src/stm32f1xx_hal_can.c ****   /* Prevent unused argument(s) compilation warning */
2213:Drivers/STM32F1xx_HAL_Driver/Src/stm32f1xx_hal_can.c ****   UNUSED(hcan);
2214:Drivers/STM32F1xx_HAL_Driver/Src/stm32f1xx_hal_can.c **** 
2215:Drivers/STM32F1xx_HAL_Driver/Src/stm32f1xx_hal_can.c ****   /* NOTE : This function Should not be modified, when the callback is needed,
2216:Drivers/STM32F1xx_HAL_Driver/Src/stm32f1xx_hal_can.c ****             the HAL_CAN_RxFifo0MsgPendingCallback could be implemented in the
2217:Drivers/STM32F1xx_HAL_Driver/Src/stm32f1xx_hal_can.c ****             user file
2218:Drivers/STM32F1xx_HAL_Driver/Src/stm32f1xx_hal_can.c ****    */
2219:Drivers/STM32F1xx_HAL_Driver/Src/stm32f1xx_hal_can.c **** }
 3457              		.loc 1 2219 1
 3458 0008 00BF     		nop
 3459 000a 0C37     		adds	r7, r7, #12
 3460              	.LCFI154:
 3461              		.cfi_def_cfa_offset 4
 3462 000c BD46     		mov	sp, r7
 3463              	.LCFI155:
 3464              		.cfi_def_cfa_register 13
 3465              		@ sp needed
 3466 000e 80BC     		pop	{r7}
 3467              	.LCFI156:
 3468              		.cfi_restore 7
 3469              		.cfi_def_cfa_offset 0
 3470 0010 7047     		bx	lr
 3471              		.cfi_endproc
 3472              	.LFE91:
 3474              		.section	.text.HAL_CAN_RxFifo0FullCallback,"ax",%progbits
 3475              		.align	1
 3476              		.weak	HAL_CAN_RxFifo0FullCallback
 3477              		.syntax unified
 3478              		.thumb
 3479              		.thumb_func
 3481              	HAL_CAN_RxFifo0FullCallback:
 3482              	.LFB92:
2220:Drivers/STM32F1xx_HAL_Driver/Src/stm32f1xx_hal_can.c **** 
2221:Drivers/STM32F1xx_HAL_Driver/Src/stm32f1xx_hal_can.c **** /**
2222:Drivers/STM32F1xx_HAL_Driver/Src/stm32f1xx_hal_can.c ****   * @brief  Rx FIFO 0 full callback.
2223:Drivers/STM32F1xx_HAL_Driver/Src/stm32f1xx_hal_can.c ****   * @param  hcan pointer to a CAN_HandleTypeDef structure that contains
2224:Drivers/STM32F1xx_HAL_Driver/Src/stm32f1xx_hal_can.c ****   *         the configuration information for the specified CAN.
2225:Drivers/STM32F1xx_HAL_Driver/Src/stm32f1xx_hal_can.c ****   * @retval None
2226:Drivers/STM32F1xx_HAL_Driver/Src/stm32f1xx_hal_can.c ****   */
2227:Drivers/STM32F1xx_HAL_Driver/Src/stm32f1xx_hal_can.c **** __weak void HAL_CAN_RxFifo0FullCallback(CAN_HandleTypeDef *hcan)
2228:Drivers/STM32F1xx_HAL_Driver/Src/stm32f1xx_hal_can.c **** {
 3483              		.loc 1 2228 1
 3484              		.cfi_startproc
 3485              		@ args = 0, pretend = 0, frame = 8
 3486              		@ frame_needed = 1, uses_anonymous_args = 0
 3487              		@ link register save eliminated.
 3488 0000 80B4     		push	{r7}
 3489              	.LCFI157:
 3490              		.cfi_def_cfa_offset 4
 3491              		.cfi_offset 7, -4
 3492 0002 83B0     		sub	sp, sp, #12
 3493              	.LCFI158:
 3494              		.cfi_def_cfa_offset 16
 3495 0004 00AF     		add	r7, sp, #0
 3496              	.LCFI159:
 3497              		.cfi_def_cfa_register 7
 3498 0006 7860     		str	r0, [r7, #4]
ARM GAS  /var/folders/g3/s0qwt8r95936n9ghz4hhpdwm0000gn/T//ccJNxob3.s 			page 119


2229:Drivers/STM32F1xx_HAL_Driver/Src/stm32f1xx_hal_can.c ****   /* Prevent unused argument(s) compilation warning */
2230:Drivers/STM32F1xx_HAL_Driver/Src/stm32f1xx_hal_can.c ****   UNUSED(hcan);
2231:Drivers/STM32F1xx_HAL_Driver/Src/stm32f1xx_hal_can.c **** 
2232:Drivers/STM32F1xx_HAL_Driver/Src/stm32f1xx_hal_can.c ****   /* NOTE : This function Should not be modified, when the callback is needed,
2233:Drivers/STM32F1xx_HAL_Driver/Src/stm32f1xx_hal_can.c ****             the HAL_CAN_RxFifo0FullCallback could be implemented in the user
2234:Drivers/STM32F1xx_HAL_Driver/Src/stm32f1xx_hal_can.c ****             file
2235:Drivers/STM32F1xx_HAL_Driver/Src/stm32f1xx_hal_can.c ****    */
2236:Drivers/STM32F1xx_HAL_Driver/Src/stm32f1xx_hal_can.c **** }
 3499              		.loc 1 2236 1
 3500 0008 00BF     		nop
 3501 000a 0C37     		adds	r7, r7, #12
 3502              	.LCFI160:
 3503              		.cfi_def_cfa_offset 4
 3504 000c BD46     		mov	sp, r7
 3505              	.LCFI161:
 3506              		.cfi_def_cfa_register 13
 3507              		@ sp needed
 3508 000e 80BC     		pop	{r7}
 3509              	.LCFI162:
 3510              		.cfi_restore 7
 3511              		.cfi_def_cfa_offset 0
 3512 0010 7047     		bx	lr
 3513              		.cfi_endproc
 3514              	.LFE92:
 3516              		.section	.text.HAL_CAN_RxFifo1MsgPendingCallback,"ax",%progbits
 3517              		.align	1
 3518              		.weak	HAL_CAN_RxFifo1MsgPendingCallback
 3519              		.syntax unified
 3520              		.thumb
 3521              		.thumb_func
 3523              	HAL_CAN_RxFifo1MsgPendingCallback:
 3524              	.LFB93:
2237:Drivers/STM32F1xx_HAL_Driver/Src/stm32f1xx_hal_can.c **** 
2238:Drivers/STM32F1xx_HAL_Driver/Src/stm32f1xx_hal_can.c **** /**
2239:Drivers/STM32F1xx_HAL_Driver/Src/stm32f1xx_hal_can.c ****   * @brief  Rx FIFO 1 message pending callback.
2240:Drivers/STM32F1xx_HAL_Driver/Src/stm32f1xx_hal_can.c ****   * @param  hcan pointer to a CAN_HandleTypeDef structure that contains
2241:Drivers/STM32F1xx_HAL_Driver/Src/stm32f1xx_hal_can.c ****   *         the configuration information for the specified CAN.
2242:Drivers/STM32F1xx_HAL_Driver/Src/stm32f1xx_hal_can.c ****   * @retval None
2243:Drivers/STM32F1xx_HAL_Driver/Src/stm32f1xx_hal_can.c ****   */
2244:Drivers/STM32F1xx_HAL_Driver/Src/stm32f1xx_hal_can.c **** __weak void HAL_CAN_RxFifo1MsgPendingCallback(CAN_HandleTypeDef *hcan)
2245:Drivers/STM32F1xx_HAL_Driver/Src/stm32f1xx_hal_can.c **** {
 3525              		.loc 1 2245 1
 3526              		.cfi_startproc
 3527              		@ args = 0, pretend = 0, frame = 8
 3528              		@ frame_needed = 1, uses_anonymous_args = 0
 3529              		@ link register save eliminated.
 3530 0000 80B4     		push	{r7}
 3531              	.LCFI163:
 3532              		.cfi_def_cfa_offset 4
 3533              		.cfi_offset 7, -4
 3534 0002 83B0     		sub	sp, sp, #12
 3535              	.LCFI164:
 3536              		.cfi_def_cfa_offset 16
 3537 0004 00AF     		add	r7, sp, #0
 3538              	.LCFI165:
 3539              		.cfi_def_cfa_register 7
 3540 0006 7860     		str	r0, [r7, #4]
ARM GAS  /var/folders/g3/s0qwt8r95936n9ghz4hhpdwm0000gn/T//ccJNxob3.s 			page 120


2246:Drivers/STM32F1xx_HAL_Driver/Src/stm32f1xx_hal_can.c ****   /* Prevent unused argument(s) compilation warning */
2247:Drivers/STM32F1xx_HAL_Driver/Src/stm32f1xx_hal_can.c ****   UNUSED(hcan);
2248:Drivers/STM32F1xx_HAL_Driver/Src/stm32f1xx_hal_can.c **** 
2249:Drivers/STM32F1xx_HAL_Driver/Src/stm32f1xx_hal_can.c ****   /* NOTE : This function Should not be modified, when the callback is needed,
2250:Drivers/STM32F1xx_HAL_Driver/Src/stm32f1xx_hal_can.c ****             the HAL_CAN_RxFifo1MsgPendingCallback could be implemented in the
2251:Drivers/STM32F1xx_HAL_Driver/Src/stm32f1xx_hal_can.c ****             user file
2252:Drivers/STM32F1xx_HAL_Driver/Src/stm32f1xx_hal_can.c ****    */
2253:Drivers/STM32F1xx_HAL_Driver/Src/stm32f1xx_hal_can.c **** }
 3541              		.loc 1 2253 1
 3542 0008 00BF     		nop
 3543 000a 0C37     		adds	r7, r7, #12
 3544              	.LCFI166:
 3545              		.cfi_def_cfa_offset 4
 3546 000c BD46     		mov	sp, r7
 3547              	.LCFI167:
 3548              		.cfi_def_cfa_register 13
 3549              		@ sp needed
 3550 000e 80BC     		pop	{r7}
 3551              	.LCFI168:
 3552              		.cfi_restore 7
 3553              		.cfi_def_cfa_offset 0
 3554 0010 7047     		bx	lr
 3555              		.cfi_endproc
 3556              	.LFE93:
 3558              		.section	.text.HAL_CAN_RxFifo1FullCallback,"ax",%progbits
 3559              		.align	1
 3560              		.weak	HAL_CAN_RxFifo1FullCallback
 3561              		.syntax unified
 3562              		.thumb
 3563              		.thumb_func
 3565              	HAL_CAN_RxFifo1FullCallback:
 3566              	.LFB94:
2254:Drivers/STM32F1xx_HAL_Driver/Src/stm32f1xx_hal_can.c **** 
2255:Drivers/STM32F1xx_HAL_Driver/Src/stm32f1xx_hal_can.c **** /**
2256:Drivers/STM32F1xx_HAL_Driver/Src/stm32f1xx_hal_can.c ****   * @brief  Rx FIFO 1 full callback.
2257:Drivers/STM32F1xx_HAL_Driver/Src/stm32f1xx_hal_can.c ****   * @param  hcan pointer to a CAN_HandleTypeDef structure that contains
2258:Drivers/STM32F1xx_HAL_Driver/Src/stm32f1xx_hal_can.c ****   *         the configuration information for the specified CAN.
2259:Drivers/STM32F1xx_HAL_Driver/Src/stm32f1xx_hal_can.c ****   * @retval None
2260:Drivers/STM32F1xx_HAL_Driver/Src/stm32f1xx_hal_can.c ****   */
2261:Drivers/STM32F1xx_HAL_Driver/Src/stm32f1xx_hal_can.c **** __weak void HAL_CAN_RxFifo1FullCallback(CAN_HandleTypeDef *hcan)
2262:Drivers/STM32F1xx_HAL_Driver/Src/stm32f1xx_hal_can.c **** {
 3567              		.loc 1 2262 1
 3568              		.cfi_startproc
 3569              		@ args = 0, pretend = 0, frame = 8
 3570              		@ frame_needed = 1, uses_anonymous_args = 0
 3571              		@ link register save eliminated.
 3572 0000 80B4     		push	{r7}
 3573              	.LCFI169:
 3574              		.cfi_def_cfa_offset 4
 3575              		.cfi_offset 7, -4
 3576 0002 83B0     		sub	sp, sp, #12
 3577              	.LCFI170:
 3578              		.cfi_def_cfa_offset 16
 3579 0004 00AF     		add	r7, sp, #0
 3580              	.LCFI171:
 3581              		.cfi_def_cfa_register 7
 3582 0006 7860     		str	r0, [r7, #4]
ARM GAS  /var/folders/g3/s0qwt8r95936n9ghz4hhpdwm0000gn/T//ccJNxob3.s 			page 121


2263:Drivers/STM32F1xx_HAL_Driver/Src/stm32f1xx_hal_can.c ****   /* Prevent unused argument(s) compilation warning */
2264:Drivers/STM32F1xx_HAL_Driver/Src/stm32f1xx_hal_can.c ****   UNUSED(hcan);
2265:Drivers/STM32F1xx_HAL_Driver/Src/stm32f1xx_hal_can.c **** 
2266:Drivers/STM32F1xx_HAL_Driver/Src/stm32f1xx_hal_can.c ****   /* NOTE : This function Should not be modified, when the callback is needed,
2267:Drivers/STM32F1xx_HAL_Driver/Src/stm32f1xx_hal_can.c ****             the HAL_CAN_RxFifo1FullCallback could be implemented in the user
2268:Drivers/STM32F1xx_HAL_Driver/Src/stm32f1xx_hal_can.c ****             file
2269:Drivers/STM32F1xx_HAL_Driver/Src/stm32f1xx_hal_can.c ****    */
2270:Drivers/STM32F1xx_HAL_Driver/Src/stm32f1xx_hal_can.c **** }
 3583              		.loc 1 2270 1
 3584 0008 00BF     		nop
 3585 000a 0C37     		adds	r7, r7, #12
 3586              	.LCFI172:
 3587              		.cfi_def_cfa_offset 4
 3588 000c BD46     		mov	sp, r7
 3589              	.LCFI173:
 3590              		.cfi_def_cfa_register 13
 3591              		@ sp needed
 3592 000e 80BC     		pop	{r7}
 3593              	.LCFI174:
 3594              		.cfi_restore 7
 3595              		.cfi_def_cfa_offset 0
 3596 0010 7047     		bx	lr
 3597              		.cfi_endproc
 3598              	.LFE94:
 3600              		.section	.text.HAL_CAN_SleepCallback,"ax",%progbits
 3601              		.align	1
 3602              		.weak	HAL_CAN_SleepCallback
 3603              		.syntax unified
 3604              		.thumb
 3605              		.thumb_func
 3607              	HAL_CAN_SleepCallback:
 3608              	.LFB95:
2271:Drivers/STM32F1xx_HAL_Driver/Src/stm32f1xx_hal_can.c **** 
2272:Drivers/STM32F1xx_HAL_Driver/Src/stm32f1xx_hal_can.c **** /**
2273:Drivers/STM32F1xx_HAL_Driver/Src/stm32f1xx_hal_can.c ****   * @brief  Sleep callback.
2274:Drivers/STM32F1xx_HAL_Driver/Src/stm32f1xx_hal_can.c ****   * @param  hcan pointer to a CAN_HandleTypeDef structure that contains
2275:Drivers/STM32F1xx_HAL_Driver/Src/stm32f1xx_hal_can.c ****   *         the configuration information for the specified CAN.
2276:Drivers/STM32F1xx_HAL_Driver/Src/stm32f1xx_hal_can.c ****   * @retval None
2277:Drivers/STM32F1xx_HAL_Driver/Src/stm32f1xx_hal_can.c ****   */
2278:Drivers/STM32F1xx_HAL_Driver/Src/stm32f1xx_hal_can.c **** __weak void HAL_CAN_SleepCallback(CAN_HandleTypeDef *hcan)
2279:Drivers/STM32F1xx_HAL_Driver/Src/stm32f1xx_hal_can.c **** {
 3609              		.loc 1 2279 1
 3610              		.cfi_startproc
 3611              		@ args = 0, pretend = 0, frame = 8
 3612              		@ frame_needed = 1, uses_anonymous_args = 0
 3613              		@ link register save eliminated.
 3614 0000 80B4     		push	{r7}
 3615              	.LCFI175:
 3616              		.cfi_def_cfa_offset 4
 3617              		.cfi_offset 7, -4
 3618 0002 83B0     		sub	sp, sp, #12
 3619              	.LCFI176:
 3620              		.cfi_def_cfa_offset 16
 3621 0004 00AF     		add	r7, sp, #0
 3622              	.LCFI177:
 3623              		.cfi_def_cfa_register 7
 3624 0006 7860     		str	r0, [r7, #4]
ARM GAS  /var/folders/g3/s0qwt8r95936n9ghz4hhpdwm0000gn/T//ccJNxob3.s 			page 122


2280:Drivers/STM32F1xx_HAL_Driver/Src/stm32f1xx_hal_can.c ****   /* Prevent unused argument(s) compilation warning */
2281:Drivers/STM32F1xx_HAL_Driver/Src/stm32f1xx_hal_can.c ****   UNUSED(hcan);
2282:Drivers/STM32F1xx_HAL_Driver/Src/stm32f1xx_hal_can.c **** 
2283:Drivers/STM32F1xx_HAL_Driver/Src/stm32f1xx_hal_can.c ****   /* NOTE : This function Should not be modified, when the callback is needed,
2284:Drivers/STM32F1xx_HAL_Driver/Src/stm32f1xx_hal_can.c ****             the HAL_CAN_SleepCallback could be implemented in the user file
2285:Drivers/STM32F1xx_HAL_Driver/Src/stm32f1xx_hal_can.c ****    */
2286:Drivers/STM32F1xx_HAL_Driver/Src/stm32f1xx_hal_can.c **** }
 3625              		.loc 1 2286 1
 3626 0008 00BF     		nop
 3627 000a 0C37     		adds	r7, r7, #12
 3628              	.LCFI178:
 3629              		.cfi_def_cfa_offset 4
 3630 000c BD46     		mov	sp, r7
 3631              	.LCFI179:
 3632              		.cfi_def_cfa_register 13
 3633              		@ sp needed
 3634 000e 80BC     		pop	{r7}
 3635              	.LCFI180:
 3636              		.cfi_restore 7
 3637              		.cfi_def_cfa_offset 0
 3638 0010 7047     		bx	lr
 3639              		.cfi_endproc
 3640              	.LFE95:
 3642              		.section	.text.HAL_CAN_WakeUpFromRxMsgCallback,"ax",%progbits
 3643              		.align	1
 3644              		.weak	HAL_CAN_WakeUpFromRxMsgCallback
 3645              		.syntax unified
 3646              		.thumb
 3647              		.thumb_func
 3649              	HAL_CAN_WakeUpFromRxMsgCallback:
 3650              	.LFB96:
2287:Drivers/STM32F1xx_HAL_Driver/Src/stm32f1xx_hal_can.c **** 
2288:Drivers/STM32F1xx_HAL_Driver/Src/stm32f1xx_hal_can.c **** /**
2289:Drivers/STM32F1xx_HAL_Driver/Src/stm32f1xx_hal_can.c ****   * @brief  WakeUp from Rx message callback.
2290:Drivers/STM32F1xx_HAL_Driver/Src/stm32f1xx_hal_can.c ****   * @param  hcan pointer to a CAN_HandleTypeDef structure that contains
2291:Drivers/STM32F1xx_HAL_Driver/Src/stm32f1xx_hal_can.c ****   *         the configuration information for the specified CAN.
2292:Drivers/STM32F1xx_HAL_Driver/Src/stm32f1xx_hal_can.c ****   * @retval None
2293:Drivers/STM32F1xx_HAL_Driver/Src/stm32f1xx_hal_can.c ****   */
2294:Drivers/STM32F1xx_HAL_Driver/Src/stm32f1xx_hal_can.c **** __weak void HAL_CAN_WakeUpFromRxMsgCallback(CAN_HandleTypeDef *hcan)
2295:Drivers/STM32F1xx_HAL_Driver/Src/stm32f1xx_hal_can.c **** {
 3651              		.loc 1 2295 1
 3652              		.cfi_startproc
 3653              		@ args = 0, pretend = 0, frame = 8
 3654              		@ frame_needed = 1, uses_anonymous_args = 0
 3655              		@ link register save eliminated.
 3656 0000 80B4     		push	{r7}
 3657              	.LCFI181:
 3658              		.cfi_def_cfa_offset 4
 3659              		.cfi_offset 7, -4
 3660 0002 83B0     		sub	sp, sp, #12
 3661              	.LCFI182:
 3662              		.cfi_def_cfa_offset 16
 3663 0004 00AF     		add	r7, sp, #0
 3664              	.LCFI183:
 3665              		.cfi_def_cfa_register 7
 3666 0006 7860     		str	r0, [r7, #4]
2296:Drivers/STM32F1xx_HAL_Driver/Src/stm32f1xx_hal_can.c ****   /* Prevent unused argument(s) compilation warning */
ARM GAS  /var/folders/g3/s0qwt8r95936n9ghz4hhpdwm0000gn/T//ccJNxob3.s 			page 123


2297:Drivers/STM32F1xx_HAL_Driver/Src/stm32f1xx_hal_can.c ****   UNUSED(hcan);
2298:Drivers/STM32F1xx_HAL_Driver/Src/stm32f1xx_hal_can.c **** 
2299:Drivers/STM32F1xx_HAL_Driver/Src/stm32f1xx_hal_can.c ****   /* NOTE : This function Should not be modified, when the callback is needed,
2300:Drivers/STM32F1xx_HAL_Driver/Src/stm32f1xx_hal_can.c ****             the HAL_CAN_WakeUpFromRxMsgCallback could be implemented in the
2301:Drivers/STM32F1xx_HAL_Driver/Src/stm32f1xx_hal_can.c ****             user file
2302:Drivers/STM32F1xx_HAL_Driver/Src/stm32f1xx_hal_can.c ****    */
2303:Drivers/STM32F1xx_HAL_Driver/Src/stm32f1xx_hal_can.c **** }
 3667              		.loc 1 2303 1
 3668 0008 00BF     		nop
 3669 000a 0C37     		adds	r7, r7, #12
 3670              	.LCFI184:
 3671              		.cfi_def_cfa_offset 4
 3672 000c BD46     		mov	sp, r7
 3673              	.LCFI185:
 3674              		.cfi_def_cfa_register 13
 3675              		@ sp needed
 3676 000e 80BC     		pop	{r7}
 3677              	.LCFI186:
 3678              		.cfi_restore 7
 3679              		.cfi_def_cfa_offset 0
 3680 0010 7047     		bx	lr
 3681              		.cfi_endproc
 3682              	.LFE96:
 3684              		.section	.text.HAL_CAN_ErrorCallback,"ax",%progbits
 3685              		.align	1
 3686              		.weak	HAL_CAN_ErrorCallback
 3687              		.syntax unified
 3688              		.thumb
 3689              		.thumb_func
 3691              	HAL_CAN_ErrorCallback:
 3692              	.LFB97:
2304:Drivers/STM32F1xx_HAL_Driver/Src/stm32f1xx_hal_can.c **** 
2305:Drivers/STM32F1xx_HAL_Driver/Src/stm32f1xx_hal_can.c **** /**
2306:Drivers/STM32F1xx_HAL_Driver/Src/stm32f1xx_hal_can.c ****   * @brief  Error CAN callback.
2307:Drivers/STM32F1xx_HAL_Driver/Src/stm32f1xx_hal_can.c ****   * @param  hcan pointer to a CAN_HandleTypeDef structure that contains
2308:Drivers/STM32F1xx_HAL_Driver/Src/stm32f1xx_hal_can.c ****   *         the configuration information for the specified CAN.
2309:Drivers/STM32F1xx_HAL_Driver/Src/stm32f1xx_hal_can.c ****   * @retval None
2310:Drivers/STM32F1xx_HAL_Driver/Src/stm32f1xx_hal_can.c ****   */
2311:Drivers/STM32F1xx_HAL_Driver/Src/stm32f1xx_hal_can.c **** __weak void HAL_CAN_ErrorCallback(CAN_HandleTypeDef *hcan)
2312:Drivers/STM32F1xx_HAL_Driver/Src/stm32f1xx_hal_can.c **** {
 3693              		.loc 1 2312 1
 3694              		.cfi_startproc
 3695              		@ args = 0, pretend = 0, frame = 8
 3696              		@ frame_needed = 1, uses_anonymous_args = 0
 3697              		@ link register save eliminated.
 3698 0000 80B4     		push	{r7}
 3699              	.LCFI187:
 3700              		.cfi_def_cfa_offset 4
 3701              		.cfi_offset 7, -4
 3702 0002 83B0     		sub	sp, sp, #12
 3703              	.LCFI188:
 3704              		.cfi_def_cfa_offset 16
 3705 0004 00AF     		add	r7, sp, #0
 3706              	.LCFI189:
 3707              		.cfi_def_cfa_register 7
 3708 0006 7860     		str	r0, [r7, #4]
2313:Drivers/STM32F1xx_HAL_Driver/Src/stm32f1xx_hal_can.c ****   /* Prevent unused argument(s) compilation warning */
ARM GAS  /var/folders/g3/s0qwt8r95936n9ghz4hhpdwm0000gn/T//ccJNxob3.s 			page 124


2314:Drivers/STM32F1xx_HAL_Driver/Src/stm32f1xx_hal_can.c ****   UNUSED(hcan);
2315:Drivers/STM32F1xx_HAL_Driver/Src/stm32f1xx_hal_can.c **** 
2316:Drivers/STM32F1xx_HAL_Driver/Src/stm32f1xx_hal_can.c ****   /* NOTE : This function Should not be modified, when the callback is needed,
2317:Drivers/STM32F1xx_HAL_Driver/Src/stm32f1xx_hal_can.c ****             the HAL_CAN_ErrorCallback could be implemented in the user file
2318:Drivers/STM32F1xx_HAL_Driver/Src/stm32f1xx_hal_can.c ****    */
2319:Drivers/STM32F1xx_HAL_Driver/Src/stm32f1xx_hal_can.c **** }
 3709              		.loc 1 2319 1
 3710 0008 00BF     		nop
 3711 000a 0C37     		adds	r7, r7, #12
 3712              	.LCFI190:
 3713              		.cfi_def_cfa_offset 4
 3714 000c BD46     		mov	sp, r7
 3715              	.LCFI191:
 3716              		.cfi_def_cfa_register 13
 3717              		@ sp needed
 3718 000e 80BC     		pop	{r7}
 3719              	.LCFI192:
 3720              		.cfi_restore 7
 3721              		.cfi_def_cfa_offset 0
 3722 0010 7047     		bx	lr
 3723              		.cfi_endproc
 3724              	.LFE97:
 3726              		.section	.text.HAL_CAN_GetState,"ax",%progbits
 3727              		.align	1
 3728              		.global	HAL_CAN_GetState
 3729              		.syntax unified
 3730              		.thumb
 3731              		.thumb_func
 3733              	HAL_CAN_GetState:
 3734              	.LFB98:
2320:Drivers/STM32F1xx_HAL_Driver/Src/stm32f1xx_hal_can.c **** 
2321:Drivers/STM32F1xx_HAL_Driver/Src/stm32f1xx_hal_can.c **** /**
2322:Drivers/STM32F1xx_HAL_Driver/Src/stm32f1xx_hal_can.c ****   * @}
2323:Drivers/STM32F1xx_HAL_Driver/Src/stm32f1xx_hal_can.c ****   */
2324:Drivers/STM32F1xx_HAL_Driver/Src/stm32f1xx_hal_can.c **** 
2325:Drivers/STM32F1xx_HAL_Driver/Src/stm32f1xx_hal_can.c **** /** @defgroup CAN_Exported_Functions_Group6 Peripheral State and Error functions
2326:Drivers/STM32F1xx_HAL_Driver/Src/stm32f1xx_hal_can.c ****   * @brief   CAN Peripheral State functions
2327:Drivers/STM32F1xx_HAL_Driver/Src/stm32f1xx_hal_can.c ****   *
2328:Drivers/STM32F1xx_HAL_Driver/Src/stm32f1xx_hal_can.c **** @verbatim
2329:Drivers/STM32F1xx_HAL_Driver/Src/stm32f1xx_hal_can.c ****   ==============================================================================
2330:Drivers/STM32F1xx_HAL_Driver/Src/stm32f1xx_hal_can.c ****             ##### Peripheral State and Error functions #####
2331:Drivers/STM32F1xx_HAL_Driver/Src/stm32f1xx_hal_can.c ****   ==============================================================================
2332:Drivers/STM32F1xx_HAL_Driver/Src/stm32f1xx_hal_can.c ****     [..]
2333:Drivers/STM32F1xx_HAL_Driver/Src/stm32f1xx_hal_can.c ****     This subsection provides functions allowing to :
2334:Drivers/STM32F1xx_HAL_Driver/Src/stm32f1xx_hal_can.c ****       (+) HAL_CAN_GetState()  : Return the CAN state.
2335:Drivers/STM32F1xx_HAL_Driver/Src/stm32f1xx_hal_can.c ****       (+) HAL_CAN_GetError()  : Return the CAN error codes if any.
2336:Drivers/STM32F1xx_HAL_Driver/Src/stm32f1xx_hal_can.c ****       (+) HAL_CAN_ResetError(): Reset the CAN error codes if any.
2337:Drivers/STM32F1xx_HAL_Driver/Src/stm32f1xx_hal_can.c **** 
2338:Drivers/STM32F1xx_HAL_Driver/Src/stm32f1xx_hal_can.c **** @endverbatim
2339:Drivers/STM32F1xx_HAL_Driver/Src/stm32f1xx_hal_can.c ****   * @{
2340:Drivers/STM32F1xx_HAL_Driver/Src/stm32f1xx_hal_can.c ****   */
2341:Drivers/STM32F1xx_HAL_Driver/Src/stm32f1xx_hal_can.c **** 
2342:Drivers/STM32F1xx_HAL_Driver/Src/stm32f1xx_hal_can.c **** /**
2343:Drivers/STM32F1xx_HAL_Driver/Src/stm32f1xx_hal_can.c ****   * @brief  Return the CAN state.
2344:Drivers/STM32F1xx_HAL_Driver/Src/stm32f1xx_hal_can.c ****   * @param  hcan pointer to a CAN_HandleTypeDef structure that contains
2345:Drivers/STM32F1xx_HAL_Driver/Src/stm32f1xx_hal_can.c ****   *         the configuration information for the specified CAN.
2346:Drivers/STM32F1xx_HAL_Driver/Src/stm32f1xx_hal_can.c ****   * @retval HAL state
ARM GAS  /var/folders/g3/s0qwt8r95936n9ghz4hhpdwm0000gn/T//ccJNxob3.s 			page 125


2347:Drivers/STM32F1xx_HAL_Driver/Src/stm32f1xx_hal_can.c ****   */
2348:Drivers/STM32F1xx_HAL_Driver/Src/stm32f1xx_hal_can.c **** HAL_CAN_StateTypeDef HAL_CAN_GetState(const CAN_HandleTypeDef *hcan)
2349:Drivers/STM32F1xx_HAL_Driver/Src/stm32f1xx_hal_can.c **** {
 3735              		.loc 1 2349 1
 3736              		.cfi_startproc
 3737              		@ args = 0, pretend = 0, frame = 16
 3738              		@ frame_needed = 1, uses_anonymous_args = 0
 3739              		@ link register save eliminated.
 3740 0000 80B4     		push	{r7}
 3741              	.LCFI193:
 3742              		.cfi_def_cfa_offset 4
 3743              		.cfi_offset 7, -4
 3744 0002 85B0     		sub	sp, sp, #20
 3745              	.LCFI194:
 3746              		.cfi_def_cfa_offset 24
 3747 0004 00AF     		add	r7, sp, #0
 3748              	.LCFI195:
 3749              		.cfi_def_cfa_register 7
 3750 0006 7860     		str	r0, [r7, #4]
2350:Drivers/STM32F1xx_HAL_Driver/Src/stm32f1xx_hal_can.c ****   HAL_CAN_StateTypeDef state = hcan->State;
 3751              		.loc 1 2350 24
 3752 0008 7B68     		ldr	r3, [r7, #4]
 3753 000a 93F82030 		ldrb	r3, [r3, #32]
 3754 000e FB73     		strb	r3, [r7, #15]
2351:Drivers/STM32F1xx_HAL_Driver/Src/stm32f1xx_hal_can.c **** 
2352:Drivers/STM32F1xx_HAL_Driver/Src/stm32f1xx_hal_can.c ****   if ((state == HAL_CAN_STATE_READY) ||
 3755              		.loc 1 2352 6
 3756 0010 FB7B     		ldrb	r3, [r7, #15]	@ zero_extendqisi2
 3757 0012 012B     		cmp	r3, #1
 3758 0014 02D0     		beq	.L170
 3759              		.loc 1 2352 38 discriminator 1
 3760 0016 FB7B     		ldrb	r3, [r7, #15]	@ zero_extendqisi2
 3761 0018 022B     		cmp	r3, #2
 3762 001a 12D1     		bne	.L171
 3763              	.L170:
2353:Drivers/STM32F1xx_HAL_Driver/Src/stm32f1xx_hal_can.c ****       (state == HAL_CAN_STATE_LISTENING))
2354:Drivers/STM32F1xx_HAL_Driver/Src/stm32f1xx_hal_can.c ****   {
2355:Drivers/STM32F1xx_HAL_Driver/Src/stm32f1xx_hal_can.c ****     /* Check sleep mode acknowledge flag */
2356:Drivers/STM32F1xx_HAL_Driver/Src/stm32f1xx_hal_can.c ****     if ((hcan->Instance->MSR & CAN_MSR_SLAK) != 0U)
 3764              		.loc 1 2356 14
 3765 001c 7B68     		ldr	r3, [r7, #4]
 3766 001e 1B68     		ldr	r3, [r3]
 3767              		.loc 1 2356 24
 3768 0020 5B68     		ldr	r3, [r3, #4]
 3769              		.loc 1 2356 30
 3770 0022 03F00203 		and	r3, r3, #2
 3771              		.loc 1 2356 8
 3772 0026 002B     		cmp	r3, #0
 3773 0028 02D0     		beq	.L172
2357:Drivers/STM32F1xx_HAL_Driver/Src/stm32f1xx_hal_can.c ****     {
2358:Drivers/STM32F1xx_HAL_Driver/Src/stm32f1xx_hal_can.c ****       /* Sleep mode is active */
2359:Drivers/STM32F1xx_HAL_Driver/Src/stm32f1xx_hal_can.c ****       state = HAL_CAN_STATE_SLEEP_ACTIVE;
 3774              		.loc 1 2359 13
 3775 002a 0423     		movs	r3, #4
 3776 002c FB73     		strb	r3, [r7, #15]
 3777 002e 08E0     		b	.L171
 3778              	.L172:
ARM GAS  /var/folders/g3/s0qwt8r95936n9ghz4hhpdwm0000gn/T//ccJNxob3.s 			page 126


2360:Drivers/STM32F1xx_HAL_Driver/Src/stm32f1xx_hal_can.c ****     }
2361:Drivers/STM32F1xx_HAL_Driver/Src/stm32f1xx_hal_can.c ****     /* Check sleep mode request flag */
2362:Drivers/STM32F1xx_HAL_Driver/Src/stm32f1xx_hal_can.c ****     else if ((hcan->Instance->MCR & CAN_MCR_SLEEP) != 0U)
 3779              		.loc 1 2362 19
 3780 0030 7B68     		ldr	r3, [r7, #4]
 3781 0032 1B68     		ldr	r3, [r3]
 3782              		.loc 1 2362 29
 3783 0034 1B68     		ldr	r3, [r3]
 3784              		.loc 1 2362 35
 3785 0036 03F00203 		and	r3, r3, #2
 3786              		.loc 1 2362 13
 3787 003a 002B     		cmp	r3, #0
 3788 003c 01D0     		beq	.L171
2363:Drivers/STM32F1xx_HAL_Driver/Src/stm32f1xx_hal_can.c ****     {
2364:Drivers/STM32F1xx_HAL_Driver/Src/stm32f1xx_hal_can.c ****       /* Sleep mode request is pending */
2365:Drivers/STM32F1xx_HAL_Driver/Src/stm32f1xx_hal_can.c ****       state = HAL_CAN_STATE_SLEEP_PENDING;
 3789              		.loc 1 2365 13
 3790 003e 0323     		movs	r3, #3
 3791 0040 FB73     		strb	r3, [r7, #15]
 3792              	.L171:
2366:Drivers/STM32F1xx_HAL_Driver/Src/stm32f1xx_hal_can.c ****     }
2367:Drivers/STM32F1xx_HAL_Driver/Src/stm32f1xx_hal_can.c ****     else
2368:Drivers/STM32F1xx_HAL_Driver/Src/stm32f1xx_hal_can.c ****     {
2369:Drivers/STM32F1xx_HAL_Driver/Src/stm32f1xx_hal_can.c ****       /* Neither sleep mode request nor sleep mode acknowledge */
2370:Drivers/STM32F1xx_HAL_Driver/Src/stm32f1xx_hal_can.c ****     }
2371:Drivers/STM32F1xx_HAL_Driver/Src/stm32f1xx_hal_can.c ****   }
2372:Drivers/STM32F1xx_HAL_Driver/Src/stm32f1xx_hal_can.c **** 
2373:Drivers/STM32F1xx_HAL_Driver/Src/stm32f1xx_hal_can.c ****   /* Return CAN state */
2374:Drivers/STM32F1xx_HAL_Driver/Src/stm32f1xx_hal_can.c ****   return state;
 3793              		.loc 1 2374 10
 3794 0042 FB7B     		ldrb	r3, [r7, #15]	@ zero_extendqisi2
2375:Drivers/STM32F1xx_HAL_Driver/Src/stm32f1xx_hal_can.c **** }
 3795              		.loc 1 2375 1
 3796 0044 1846     		mov	r0, r3
 3797 0046 1437     		adds	r7, r7, #20
 3798              	.LCFI196:
 3799              		.cfi_def_cfa_offset 4
 3800 0048 BD46     		mov	sp, r7
 3801              	.LCFI197:
 3802              		.cfi_def_cfa_register 13
 3803              		@ sp needed
 3804 004a 80BC     		pop	{r7}
 3805              	.LCFI198:
 3806              		.cfi_restore 7
 3807              		.cfi_def_cfa_offset 0
 3808 004c 7047     		bx	lr
 3809              		.cfi_endproc
 3810              	.LFE98:
 3812              		.section	.text.HAL_CAN_GetError,"ax",%progbits
 3813              		.align	1
 3814              		.global	HAL_CAN_GetError
 3815              		.syntax unified
 3816              		.thumb
 3817              		.thumb_func
 3819              	HAL_CAN_GetError:
 3820              	.LFB99:
2376:Drivers/STM32F1xx_HAL_Driver/Src/stm32f1xx_hal_can.c **** 
ARM GAS  /var/folders/g3/s0qwt8r95936n9ghz4hhpdwm0000gn/T//ccJNxob3.s 			page 127


2377:Drivers/STM32F1xx_HAL_Driver/Src/stm32f1xx_hal_can.c **** /**
2378:Drivers/STM32F1xx_HAL_Driver/Src/stm32f1xx_hal_can.c ****   * @brief  Return the CAN error code.
2379:Drivers/STM32F1xx_HAL_Driver/Src/stm32f1xx_hal_can.c ****   * @param  hcan pointer to a CAN_HandleTypeDef structure that contains
2380:Drivers/STM32F1xx_HAL_Driver/Src/stm32f1xx_hal_can.c ****   *         the configuration information for the specified CAN.
2381:Drivers/STM32F1xx_HAL_Driver/Src/stm32f1xx_hal_can.c ****   * @retval CAN Error Code
2382:Drivers/STM32F1xx_HAL_Driver/Src/stm32f1xx_hal_can.c ****   */
2383:Drivers/STM32F1xx_HAL_Driver/Src/stm32f1xx_hal_can.c **** uint32_t HAL_CAN_GetError(const CAN_HandleTypeDef *hcan)
2384:Drivers/STM32F1xx_HAL_Driver/Src/stm32f1xx_hal_can.c **** {
 3821              		.loc 1 2384 1
 3822              		.cfi_startproc
 3823              		@ args = 0, pretend = 0, frame = 8
 3824              		@ frame_needed = 1, uses_anonymous_args = 0
 3825              		@ link register save eliminated.
 3826 0000 80B4     		push	{r7}
 3827              	.LCFI199:
 3828              		.cfi_def_cfa_offset 4
 3829              		.cfi_offset 7, -4
 3830 0002 83B0     		sub	sp, sp, #12
 3831              	.LCFI200:
 3832              		.cfi_def_cfa_offset 16
 3833 0004 00AF     		add	r7, sp, #0
 3834              	.LCFI201:
 3835              		.cfi_def_cfa_register 7
 3836 0006 7860     		str	r0, [r7, #4]
2385:Drivers/STM32F1xx_HAL_Driver/Src/stm32f1xx_hal_can.c ****   /* Return CAN error code */
2386:Drivers/STM32F1xx_HAL_Driver/Src/stm32f1xx_hal_can.c ****   return hcan->ErrorCode;
 3837              		.loc 1 2386 14
 3838 0008 7B68     		ldr	r3, [r7, #4]
 3839 000a 5B6A     		ldr	r3, [r3, #36]
2387:Drivers/STM32F1xx_HAL_Driver/Src/stm32f1xx_hal_can.c **** }
 3840              		.loc 1 2387 1
 3841 000c 1846     		mov	r0, r3
 3842 000e 0C37     		adds	r7, r7, #12
 3843              	.LCFI202:
 3844              		.cfi_def_cfa_offset 4
 3845 0010 BD46     		mov	sp, r7
 3846              	.LCFI203:
 3847              		.cfi_def_cfa_register 13
 3848              		@ sp needed
 3849 0012 80BC     		pop	{r7}
 3850              	.LCFI204:
 3851              		.cfi_restore 7
 3852              		.cfi_def_cfa_offset 0
 3853 0014 7047     		bx	lr
 3854              		.cfi_endproc
 3855              	.LFE99:
 3857              		.section	.text.HAL_CAN_ResetError,"ax",%progbits
 3858              		.align	1
 3859              		.global	HAL_CAN_ResetError
 3860              		.syntax unified
 3861              		.thumb
 3862              		.thumb_func
 3864              	HAL_CAN_ResetError:
 3865              	.LFB100:
2388:Drivers/STM32F1xx_HAL_Driver/Src/stm32f1xx_hal_can.c **** 
2389:Drivers/STM32F1xx_HAL_Driver/Src/stm32f1xx_hal_can.c **** /**
2390:Drivers/STM32F1xx_HAL_Driver/Src/stm32f1xx_hal_can.c ****   * @brief  Reset the CAN error code.
ARM GAS  /var/folders/g3/s0qwt8r95936n9ghz4hhpdwm0000gn/T//ccJNxob3.s 			page 128


2391:Drivers/STM32F1xx_HAL_Driver/Src/stm32f1xx_hal_can.c ****   * @param  hcan pointer to a CAN_HandleTypeDef structure that contains
2392:Drivers/STM32F1xx_HAL_Driver/Src/stm32f1xx_hal_can.c ****   *         the configuration information for the specified CAN.
2393:Drivers/STM32F1xx_HAL_Driver/Src/stm32f1xx_hal_can.c ****   * @retval HAL status
2394:Drivers/STM32F1xx_HAL_Driver/Src/stm32f1xx_hal_can.c ****   */
2395:Drivers/STM32F1xx_HAL_Driver/Src/stm32f1xx_hal_can.c **** HAL_StatusTypeDef HAL_CAN_ResetError(CAN_HandleTypeDef *hcan)
2396:Drivers/STM32F1xx_HAL_Driver/Src/stm32f1xx_hal_can.c **** {
 3866              		.loc 1 2396 1
 3867              		.cfi_startproc
 3868              		@ args = 0, pretend = 0, frame = 16
 3869              		@ frame_needed = 1, uses_anonymous_args = 0
 3870              		@ link register save eliminated.
 3871 0000 80B4     		push	{r7}
 3872              	.LCFI205:
 3873              		.cfi_def_cfa_offset 4
 3874              		.cfi_offset 7, -4
 3875 0002 85B0     		sub	sp, sp, #20
 3876              	.LCFI206:
 3877              		.cfi_def_cfa_offset 24
 3878 0004 00AF     		add	r7, sp, #0
 3879              	.LCFI207:
 3880              		.cfi_def_cfa_register 7
 3881 0006 7860     		str	r0, [r7, #4]
2397:Drivers/STM32F1xx_HAL_Driver/Src/stm32f1xx_hal_can.c ****   HAL_StatusTypeDef status = HAL_OK;
 3882              		.loc 1 2397 21
 3883 0008 0023     		movs	r3, #0
 3884 000a FB73     		strb	r3, [r7, #15]
2398:Drivers/STM32F1xx_HAL_Driver/Src/stm32f1xx_hal_can.c ****   HAL_CAN_StateTypeDef state = hcan->State;
 3885              		.loc 1 2398 24
 3886 000c 7B68     		ldr	r3, [r7, #4]
 3887 000e 93F82030 		ldrb	r3, [r3, #32]
 3888 0012 BB73     		strb	r3, [r7, #14]
2399:Drivers/STM32F1xx_HAL_Driver/Src/stm32f1xx_hal_can.c **** 
2400:Drivers/STM32F1xx_HAL_Driver/Src/stm32f1xx_hal_can.c ****   if ((state == HAL_CAN_STATE_READY) ||
 3889              		.loc 1 2400 6
 3890 0014 BB7B     		ldrb	r3, [r7, #14]	@ zero_extendqisi2
 3891 0016 012B     		cmp	r3, #1
 3892 0018 02D0     		beq	.L177
 3893              		.loc 1 2400 38 discriminator 1
 3894 001a BB7B     		ldrb	r3, [r7, #14]	@ zero_extendqisi2
 3895 001c 022B     		cmp	r3, #2
 3896 001e 03D1     		bne	.L178
 3897              	.L177:
2401:Drivers/STM32F1xx_HAL_Driver/Src/stm32f1xx_hal_can.c ****       (state == HAL_CAN_STATE_LISTENING))
2402:Drivers/STM32F1xx_HAL_Driver/Src/stm32f1xx_hal_can.c ****   {
2403:Drivers/STM32F1xx_HAL_Driver/Src/stm32f1xx_hal_can.c ****     /* Reset CAN error code */
2404:Drivers/STM32F1xx_HAL_Driver/Src/stm32f1xx_hal_can.c ****     hcan->ErrorCode = 0U;
 3898              		.loc 1 2404 21
 3899 0020 7B68     		ldr	r3, [r7, #4]
 3900 0022 0022     		movs	r2, #0
 3901 0024 5A62     		str	r2, [r3, #36]
 3902 0026 07E0     		b	.L179
 3903              	.L178:
2405:Drivers/STM32F1xx_HAL_Driver/Src/stm32f1xx_hal_can.c ****   }
2406:Drivers/STM32F1xx_HAL_Driver/Src/stm32f1xx_hal_can.c ****   else
2407:Drivers/STM32F1xx_HAL_Driver/Src/stm32f1xx_hal_can.c ****   {
2408:Drivers/STM32F1xx_HAL_Driver/Src/stm32f1xx_hal_can.c ****     /* Update error code */
2409:Drivers/STM32F1xx_HAL_Driver/Src/stm32f1xx_hal_can.c ****     hcan->ErrorCode |= HAL_CAN_ERROR_NOT_INITIALIZED;
ARM GAS  /var/folders/g3/s0qwt8r95936n9ghz4hhpdwm0000gn/T//ccJNxob3.s 			page 129


 3904              		.loc 1 2409 21
 3905 0028 7B68     		ldr	r3, [r7, #4]
 3906 002a 5B6A     		ldr	r3, [r3, #36]
 3907 002c 43F48022 		orr	r2, r3, #262144
 3908 0030 7B68     		ldr	r3, [r7, #4]
 3909 0032 5A62     		str	r2, [r3, #36]
2410:Drivers/STM32F1xx_HAL_Driver/Src/stm32f1xx_hal_can.c **** 
2411:Drivers/STM32F1xx_HAL_Driver/Src/stm32f1xx_hal_can.c ****     status = HAL_ERROR;
 3910              		.loc 1 2411 12
 3911 0034 0123     		movs	r3, #1
 3912 0036 FB73     		strb	r3, [r7, #15]
 3913              	.L179:
2412:Drivers/STM32F1xx_HAL_Driver/Src/stm32f1xx_hal_can.c ****   }
2413:Drivers/STM32F1xx_HAL_Driver/Src/stm32f1xx_hal_can.c **** 
2414:Drivers/STM32F1xx_HAL_Driver/Src/stm32f1xx_hal_can.c ****   /* Return the status */
2415:Drivers/STM32F1xx_HAL_Driver/Src/stm32f1xx_hal_can.c ****   return status;
 3914              		.loc 1 2415 10
 3915 0038 FB7B     		ldrb	r3, [r7, #15]	@ zero_extendqisi2
2416:Drivers/STM32F1xx_HAL_Driver/Src/stm32f1xx_hal_can.c **** }
 3916              		.loc 1 2416 1
 3917 003a 1846     		mov	r0, r3
 3918 003c 1437     		adds	r7, r7, #20
 3919              	.LCFI208:
 3920              		.cfi_def_cfa_offset 4
 3921 003e BD46     		mov	sp, r7
 3922              	.LCFI209:
 3923              		.cfi_def_cfa_register 13
 3924              		@ sp needed
 3925 0040 80BC     		pop	{r7}
 3926              	.LCFI210:
 3927              		.cfi_restore 7
 3928              		.cfi_def_cfa_offset 0
 3929 0042 7047     		bx	lr
 3930              		.cfi_endproc
 3931              	.LFE100:
 3933              		.text
 3934              	.Letext0:
 3935              		.file 3 "/Users/lr-2002/Applications/gcc-arm-none-eabi-10.3-2021.10/arm-none-eabi/include/machine/
 3936              		.file 4 "/Users/lr-2002/Applications/gcc-arm-none-eabi-10.3-2021.10/arm-none-eabi/include/sys/_std
 3937              		.file 5 "Drivers/CMSIS/Device/ST/STM32F1xx/Include/stm32f103xb.h"
 3938              		.file 6 "Drivers/CMSIS/Device/ST/STM32F1xx/Include/stm32f1xx.h"
 3939              		.file 7 "Drivers/STM32F1xx_HAL_Driver/Inc/stm32f1xx_hal_def.h"
 3940              		.file 8 "Drivers/STM32F1xx_HAL_Driver/Inc/stm32f1xx_hal_can.h"
ARM GAS  /var/folders/g3/s0qwt8r95936n9ghz4hhpdwm0000gn/T//ccJNxob3.s 			page 130


DEFINED SYMBOLS
                            *ABS*:0000000000000000 stm32f1xx_hal_can.c
/var/folders/g3/s0qwt8r95936n9ghz4hhpdwm0000gn/T//ccJNxob3.s:18     .text.HAL_CAN_Init:0000000000000000 $t
/var/folders/g3/s0qwt8r95936n9ghz4hhpdwm0000gn/T//ccJNxob3.s:24     .text.HAL_CAN_Init:0000000000000000 HAL_CAN_Init
/var/folders/g3/s0qwt8r95936n9ghz4hhpdwm0000gn/T//ccJNxob3.s:427    .text.HAL_CAN_MspInit:0000000000000000 HAL_CAN_MspInit
/var/folders/g3/s0qwt8r95936n9ghz4hhpdwm0000gn/T//ccJNxob3.s:350    .text.HAL_CAN_DeInit:0000000000000000 $t
/var/folders/g3/s0qwt8r95936n9ghz4hhpdwm0000gn/T//ccJNxob3.s:356    .text.HAL_CAN_DeInit:0000000000000000 HAL_CAN_DeInit
/var/folders/g3/s0qwt8r95936n9ghz4hhpdwm0000gn/T//ccJNxob3.s:897    .text.HAL_CAN_Stop:0000000000000000 HAL_CAN_Stop
/var/folders/g3/s0qwt8r95936n9ghz4hhpdwm0000gn/T//ccJNxob3.s:469    .text.HAL_CAN_MspDeInit:0000000000000000 HAL_CAN_MspDeInit
/var/folders/g3/s0qwt8r95936n9ghz4hhpdwm0000gn/T//ccJNxob3.s:421    .text.HAL_CAN_MspInit:0000000000000000 $t
/var/folders/g3/s0qwt8r95936n9ghz4hhpdwm0000gn/T//ccJNxob3.s:463    .text.HAL_CAN_MspDeInit:0000000000000000 $t
/var/folders/g3/s0qwt8r95936n9ghz4hhpdwm0000gn/T//ccJNxob3.s:505    .text.HAL_CAN_ConfigFilter:0000000000000000 $t
/var/folders/g3/s0qwt8r95936n9ghz4hhpdwm0000gn/T//ccJNxob3.s:511    .text.HAL_CAN_ConfigFilter:0000000000000000 HAL_CAN_ConfigFilter
/var/folders/g3/s0qwt8r95936n9ghz4hhpdwm0000gn/T//ccJNxob3.s:778    .text.HAL_CAN_Start:0000000000000000 $t
/var/folders/g3/s0qwt8r95936n9ghz4hhpdwm0000gn/T//ccJNxob3.s:784    .text.HAL_CAN_Start:0000000000000000 HAL_CAN_Start
/var/folders/g3/s0qwt8r95936n9ghz4hhpdwm0000gn/T//ccJNxob3.s:891    .text.HAL_CAN_Stop:0000000000000000 $t
/var/folders/g3/s0qwt8r95936n9ghz4hhpdwm0000gn/T//ccJNxob3.s:1008   .text.HAL_CAN_RequestSleep:0000000000000000 $t
/var/folders/g3/s0qwt8r95936n9ghz4hhpdwm0000gn/T//ccJNxob3.s:1014   .text.HAL_CAN_RequestSleep:0000000000000000 HAL_CAN_RequestSleep
/var/folders/g3/s0qwt8r95936n9ghz4hhpdwm0000gn/T//ccJNxob3.s:1084   .text.HAL_CAN_WakeUp:0000000000000000 $t
/var/folders/g3/s0qwt8r95936n9ghz4hhpdwm0000gn/T//ccJNxob3.s:1090   .text.HAL_CAN_WakeUp:0000000000000000 HAL_CAN_WakeUp
/var/folders/g3/s0qwt8r95936n9ghz4hhpdwm0000gn/T//ccJNxob3.s:1193   .text.HAL_CAN_WakeUp:0000000000000078 $d
/var/folders/g3/s0qwt8r95936n9ghz4hhpdwm0000gn/T//ccJNxob3.s:1198   .text.HAL_CAN_IsSleepActive:0000000000000000 $t
/var/folders/g3/s0qwt8r95936n9ghz4hhpdwm0000gn/T//ccJNxob3.s:1204   .text.HAL_CAN_IsSleepActive:0000000000000000 HAL_CAN_IsSleepActive
/var/folders/g3/s0qwt8r95936n9ghz4hhpdwm0000gn/T//ccJNxob3.s:1272   .text.HAL_CAN_AddTxMessage:0000000000000000 $t
/var/folders/g3/s0qwt8r95936n9ghz4hhpdwm0000gn/T//ccJNxob3.s:1278   .text.HAL_CAN_AddTxMessage:0000000000000000 HAL_CAN_AddTxMessage
/var/folders/g3/s0qwt8r95936n9ghz4hhpdwm0000gn/T//ccJNxob3.s:1550   .text.HAL_CAN_AbortTxRequest:0000000000000000 $t
/var/folders/g3/s0qwt8r95936n9ghz4hhpdwm0000gn/T//ccJNxob3.s:1556   .text.HAL_CAN_AbortTxRequest:0000000000000000 HAL_CAN_AbortTxRequest
/var/folders/g3/s0qwt8r95936n9ghz4hhpdwm0000gn/T//ccJNxob3.s:1664   .text.HAL_CAN_GetTxMailboxesFreeLevel:0000000000000000 $t
/var/folders/g3/s0qwt8r95936n9ghz4hhpdwm0000gn/T//ccJNxob3.s:1670   .text.HAL_CAN_GetTxMailboxesFreeLevel:0000000000000000 HAL_CAN_GetTxMailboxesFreeLevel
/var/folders/g3/s0qwt8r95936n9ghz4hhpdwm0000gn/T//ccJNxob3.s:1769   .text.HAL_CAN_IsTxMessagePending:0000000000000000 $t
/var/folders/g3/s0qwt8r95936n9ghz4hhpdwm0000gn/T//ccJNxob3.s:1775   .text.HAL_CAN_IsTxMessagePending:0000000000000000 HAL_CAN_IsTxMessagePending
/var/folders/g3/s0qwt8r95936n9ghz4hhpdwm0000gn/T//ccJNxob3.s:1850   .text.HAL_CAN_GetTxTimestamp:0000000000000000 $t
/var/folders/g3/s0qwt8r95936n9ghz4hhpdwm0000gn/T//ccJNxob3.s:1856   .text.HAL_CAN_GetTxTimestamp:0000000000000000 HAL_CAN_GetTxTimestamp
/var/folders/g3/s0qwt8r95936n9ghz4hhpdwm0000gn/T//ccJNxob3.s:1950   .text.HAL_CAN_GetRxMessage:0000000000000000 $t
/var/folders/g3/s0qwt8r95936n9ghz4hhpdwm0000gn/T//ccJNxob3.s:1956   .text.HAL_CAN_GetRxMessage:0000000000000000 HAL_CAN_GetRxMessage
/var/folders/g3/s0qwt8r95936n9ghz4hhpdwm0000gn/T//ccJNxob3.s:2362   .text.HAL_CAN_GetRxFifoFillLevel:0000000000000000 $t
/var/folders/g3/s0qwt8r95936n9ghz4hhpdwm0000gn/T//ccJNxob3.s:2368   .text.HAL_CAN_GetRxFifoFillLevel:0000000000000000 HAL_CAN_GetRxFifoFillLevel
/var/folders/g3/s0qwt8r95936n9ghz4hhpdwm0000gn/T//ccJNxob3.s:2446   .text.HAL_CAN_ActivateNotification:0000000000000000 $t
/var/folders/g3/s0qwt8r95936n9ghz4hhpdwm0000gn/T//ccJNxob3.s:2452   .text.HAL_CAN_ActivateNotification:0000000000000000 HAL_CAN_ActivateNotification
/var/folders/g3/s0qwt8r95936n9ghz4hhpdwm0000gn/T//ccJNxob3.s:2524   .text.HAL_CAN_DeactivateNotification:0000000000000000 $t
/var/folders/g3/s0qwt8r95936n9ghz4hhpdwm0000gn/T//ccJNxob3.s:2530   .text.HAL_CAN_DeactivateNotification:0000000000000000 HAL_CAN_DeactivateNotification
/var/folders/g3/s0qwt8r95936n9ghz4hhpdwm0000gn/T//ccJNxob3.s:2603   .text.HAL_CAN_IRQHandler:0000000000000000 $t
/var/folders/g3/s0qwt8r95936n9ghz4hhpdwm0000gn/T//ccJNxob3.s:2609   .text.HAL_CAN_IRQHandler:0000000000000000 HAL_CAN_IRQHandler
/var/folders/g3/s0qwt8r95936n9ghz4hhpdwm0000gn/T//ccJNxob3.s:3187   .text.HAL_CAN_TxMailbox0CompleteCallback:0000000000000000 HAL_CAN_TxMailbox0CompleteCallback
/var/folders/g3/s0qwt8r95936n9ghz4hhpdwm0000gn/T//ccJNxob3.s:3313   .text.HAL_CAN_TxMailbox0AbortCallback:0000000000000000 HAL_CAN_TxMailbox0AbortCallback
/var/folders/g3/s0qwt8r95936n9ghz4hhpdwm0000gn/T//ccJNxob3.s:3229   .text.HAL_CAN_TxMailbox1CompleteCallback:0000000000000000 HAL_CAN_TxMailbox1CompleteCallback
/var/folders/g3/s0qwt8r95936n9ghz4hhpdwm0000gn/T//ccJNxob3.s:3355   .text.HAL_CAN_TxMailbox1AbortCallback:0000000000000000 HAL_CAN_TxMailbox1AbortCallback
/var/folders/g3/s0qwt8r95936n9ghz4hhpdwm0000gn/T//ccJNxob3.s:3271   .text.HAL_CAN_TxMailbox2CompleteCallback:0000000000000000 HAL_CAN_TxMailbox2CompleteCallback
/var/folders/g3/s0qwt8r95936n9ghz4hhpdwm0000gn/T//ccJNxob3.s:3397   .text.HAL_CAN_TxMailbox2AbortCallback:0000000000000000 HAL_CAN_TxMailbox2AbortCallback
/var/folders/g3/s0qwt8r95936n9ghz4hhpdwm0000gn/T//ccJNxob3.s:3481   .text.HAL_CAN_RxFifo0FullCallback:0000000000000000 HAL_CAN_RxFifo0FullCallback
/var/folders/g3/s0qwt8r95936n9ghz4hhpdwm0000gn/T//ccJNxob3.s:3439   .text.HAL_CAN_RxFifo0MsgPendingCallback:0000000000000000 HAL_CAN_RxFifo0MsgPendingCallback
/var/folders/g3/s0qwt8r95936n9ghz4hhpdwm0000gn/T//ccJNxob3.s:3565   .text.HAL_CAN_RxFifo1FullCallback:0000000000000000 HAL_CAN_RxFifo1FullCallback
/var/folders/g3/s0qwt8r95936n9ghz4hhpdwm0000gn/T//ccJNxob3.s:3523   .text.HAL_CAN_RxFifo1MsgPendingCallback:0000000000000000 HAL_CAN_RxFifo1MsgPendingCallback
/var/folders/g3/s0qwt8r95936n9ghz4hhpdwm0000gn/T//ccJNxob3.s:3607   .text.HAL_CAN_SleepCallback:0000000000000000 HAL_CAN_SleepCallback
/var/folders/g3/s0qwt8r95936n9ghz4hhpdwm0000gn/T//ccJNxob3.s:3649   .text.HAL_CAN_WakeUpFromRxMsgCallback:0000000000000000 HAL_CAN_WakeUpFromRxMsgCallback
/var/folders/g3/s0qwt8r95936n9ghz4hhpdwm0000gn/T//ccJNxob3.s:3691   .text.HAL_CAN_ErrorCallback:0000000000000000 HAL_CAN_ErrorCallback
/var/folders/g3/s0qwt8r95936n9ghz4hhpdwm0000gn/T//ccJNxob3.s:3181   .text.HAL_CAN_TxMailbox0CompleteCallback:0000000000000000 $t
ARM GAS  /var/folders/g3/s0qwt8r95936n9ghz4hhpdwm0000gn/T//ccJNxob3.s 			page 131


/var/folders/g3/s0qwt8r95936n9ghz4hhpdwm0000gn/T//ccJNxob3.s:3223   .text.HAL_CAN_TxMailbox1CompleteCallback:0000000000000000 $t
/var/folders/g3/s0qwt8r95936n9ghz4hhpdwm0000gn/T//ccJNxob3.s:3265   .text.HAL_CAN_TxMailbox2CompleteCallback:0000000000000000 $t
/var/folders/g3/s0qwt8r95936n9ghz4hhpdwm0000gn/T//ccJNxob3.s:3307   .text.HAL_CAN_TxMailbox0AbortCallback:0000000000000000 $t
/var/folders/g3/s0qwt8r95936n9ghz4hhpdwm0000gn/T//ccJNxob3.s:3349   .text.HAL_CAN_TxMailbox1AbortCallback:0000000000000000 $t
/var/folders/g3/s0qwt8r95936n9ghz4hhpdwm0000gn/T//ccJNxob3.s:3391   .text.HAL_CAN_TxMailbox2AbortCallback:0000000000000000 $t
/var/folders/g3/s0qwt8r95936n9ghz4hhpdwm0000gn/T//ccJNxob3.s:3433   .text.HAL_CAN_RxFifo0MsgPendingCallback:0000000000000000 $t
/var/folders/g3/s0qwt8r95936n9ghz4hhpdwm0000gn/T//ccJNxob3.s:3475   .text.HAL_CAN_RxFifo0FullCallback:0000000000000000 $t
/var/folders/g3/s0qwt8r95936n9ghz4hhpdwm0000gn/T//ccJNxob3.s:3517   .text.HAL_CAN_RxFifo1MsgPendingCallback:0000000000000000 $t
/var/folders/g3/s0qwt8r95936n9ghz4hhpdwm0000gn/T//ccJNxob3.s:3559   .text.HAL_CAN_RxFifo1FullCallback:0000000000000000 $t
/var/folders/g3/s0qwt8r95936n9ghz4hhpdwm0000gn/T//ccJNxob3.s:3601   .text.HAL_CAN_SleepCallback:0000000000000000 $t
/var/folders/g3/s0qwt8r95936n9ghz4hhpdwm0000gn/T//ccJNxob3.s:3643   .text.HAL_CAN_WakeUpFromRxMsgCallback:0000000000000000 $t
/var/folders/g3/s0qwt8r95936n9ghz4hhpdwm0000gn/T//ccJNxob3.s:3685   .text.HAL_CAN_ErrorCallback:0000000000000000 $t
/var/folders/g3/s0qwt8r95936n9ghz4hhpdwm0000gn/T//ccJNxob3.s:3727   .text.HAL_CAN_GetState:0000000000000000 $t
/var/folders/g3/s0qwt8r95936n9ghz4hhpdwm0000gn/T//ccJNxob3.s:3733   .text.HAL_CAN_GetState:0000000000000000 HAL_CAN_GetState
/var/folders/g3/s0qwt8r95936n9ghz4hhpdwm0000gn/T//ccJNxob3.s:3813   .text.HAL_CAN_GetError:0000000000000000 $t
/var/folders/g3/s0qwt8r95936n9ghz4hhpdwm0000gn/T//ccJNxob3.s:3819   .text.HAL_CAN_GetError:0000000000000000 HAL_CAN_GetError
/var/folders/g3/s0qwt8r95936n9ghz4hhpdwm0000gn/T//ccJNxob3.s:3858   .text.HAL_CAN_ResetError:0000000000000000 $t
/var/folders/g3/s0qwt8r95936n9ghz4hhpdwm0000gn/T//ccJNxob3.s:3864   .text.HAL_CAN_ResetError:0000000000000000 HAL_CAN_ResetError

UNDEFINED SYMBOLS
HAL_GetTick
