ARM GAS  /var/folders/xf/tcndk8390ml5xdpfw93qkhpm0000gn/T//cceFQQPk.s 			page 1


   1              		.cpu cortex-m3
   2              		.arch armv7-m
   3              		.fpu softvfp
   4              		.eabi_attribute 20, 1
   5              		.eabi_attribute 21, 1
   6              		.eabi_attribute 23, 3
   7              		.eabi_attribute 24, 1
   8              		.eabi_attribute 25, 1
   9              		.eabi_attribute 26, 1
  10              		.eabi_attribute 30, 6
  11              		.eabi_attribute 34, 1
  12              		.eabi_attribute 18, 4
  13              		.file	"stm32f1xx_hal_pcd.c"
  14              		.text
  15              	.Ltext0:
  16              		.cfi_sections	.debug_frame
  17              		.section	.text.HAL_PCD_Init,"ax",%progbits
  18              		.align	1
  19              		.global	HAL_PCD_Init
  20              		.syntax unified
  21              		.thumb
  22              		.thumb_func
  24              	HAL_PCD_Init:
  25              	.LFB65:
  26              		.file 1 "Drivers/STM32F1xx_HAL_Driver/Src/stm32f1xx_hal_pcd.c"
   1:Drivers/STM32F1xx_HAL_Driver/Src/stm32f1xx_hal_pcd.c **** /**
   2:Drivers/STM32F1xx_HAL_Driver/Src/stm32f1xx_hal_pcd.c ****   ******************************************************************************
   3:Drivers/STM32F1xx_HAL_Driver/Src/stm32f1xx_hal_pcd.c ****   * @file    stm32f1xx_hal_pcd.c
   4:Drivers/STM32F1xx_HAL_Driver/Src/stm32f1xx_hal_pcd.c ****   * @author  MCD Application Team
   5:Drivers/STM32F1xx_HAL_Driver/Src/stm32f1xx_hal_pcd.c ****   * @brief   PCD HAL module driver.
   6:Drivers/STM32F1xx_HAL_Driver/Src/stm32f1xx_hal_pcd.c ****   *          This file provides firmware functions to manage the following
   7:Drivers/STM32F1xx_HAL_Driver/Src/stm32f1xx_hal_pcd.c ****   *          functionalities of the USB Peripheral Controller:
   8:Drivers/STM32F1xx_HAL_Driver/Src/stm32f1xx_hal_pcd.c ****   *           + Initialization and de-initialization functions
   9:Drivers/STM32F1xx_HAL_Driver/Src/stm32f1xx_hal_pcd.c ****   *           + IO operation functions
  10:Drivers/STM32F1xx_HAL_Driver/Src/stm32f1xx_hal_pcd.c ****   *           + Peripheral Control functions
  11:Drivers/STM32F1xx_HAL_Driver/Src/stm32f1xx_hal_pcd.c ****   *           + Peripheral State functions
  12:Drivers/STM32F1xx_HAL_Driver/Src/stm32f1xx_hal_pcd.c ****   *
  13:Drivers/STM32F1xx_HAL_Driver/Src/stm32f1xx_hal_pcd.c ****   ******************************************************************************
  14:Drivers/STM32F1xx_HAL_Driver/Src/stm32f1xx_hal_pcd.c ****   * @attention
  15:Drivers/STM32F1xx_HAL_Driver/Src/stm32f1xx_hal_pcd.c ****   *
  16:Drivers/STM32F1xx_HAL_Driver/Src/stm32f1xx_hal_pcd.c ****   * Copyright (c) 2016 STMicroelectronics.
  17:Drivers/STM32F1xx_HAL_Driver/Src/stm32f1xx_hal_pcd.c ****   * All rights reserved.
  18:Drivers/STM32F1xx_HAL_Driver/Src/stm32f1xx_hal_pcd.c ****   *
  19:Drivers/STM32F1xx_HAL_Driver/Src/stm32f1xx_hal_pcd.c ****   * This software is licensed under terms that can be found in the LICENSE file
  20:Drivers/STM32F1xx_HAL_Driver/Src/stm32f1xx_hal_pcd.c ****   * in the root directory of this software component.
  21:Drivers/STM32F1xx_HAL_Driver/Src/stm32f1xx_hal_pcd.c ****   * If no LICENSE file comes with this software, it is provided AS-IS.
  22:Drivers/STM32F1xx_HAL_Driver/Src/stm32f1xx_hal_pcd.c ****   *
  23:Drivers/STM32F1xx_HAL_Driver/Src/stm32f1xx_hal_pcd.c ****   ******************************************************************************
  24:Drivers/STM32F1xx_HAL_Driver/Src/stm32f1xx_hal_pcd.c ****   @verbatim
  25:Drivers/STM32F1xx_HAL_Driver/Src/stm32f1xx_hal_pcd.c ****   ==============================================================================
  26:Drivers/STM32F1xx_HAL_Driver/Src/stm32f1xx_hal_pcd.c ****                     ##### How to use this driver #####
  27:Drivers/STM32F1xx_HAL_Driver/Src/stm32f1xx_hal_pcd.c ****   ==============================================================================
  28:Drivers/STM32F1xx_HAL_Driver/Src/stm32f1xx_hal_pcd.c ****     [..]
  29:Drivers/STM32F1xx_HAL_Driver/Src/stm32f1xx_hal_pcd.c ****       The PCD HAL driver can be used as follows:
  30:Drivers/STM32F1xx_HAL_Driver/Src/stm32f1xx_hal_pcd.c **** 
  31:Drivers/STM32F1xx_HAL_Driver/Src/stm32f1xx_hal_pcd.c ****      (#) Declare a PCD_HandleTypeDef handle structure, for example:
  32:Drivers/STM32F1xx_HAL_Driver/Src/stm32f1xx_hal_pcd.c ****          PCD_HandleTypeDef  hpcd;
ARM GAS  /var/folders/xf/tcndk8390ml5xdpfw93qkhpm0000gn/T//cceFQQPk.s 			page 2


  33:Drivers/STM32F1xx_HAL_Driver/Src/stm32f1xx_hal_pcd.c **** 
  34:Drivers/STM32F1xx_HAL_Driver/Src/stm32f1xx_hal_pcd.c ****      (#) Fill parameters of Init structure in HCD handle
  35:Drivers/STM32F1xx_HAL_Driver/Src/stm32f1xx_hal_pcd.c **** 
  36:Drivers/STM32F1xx_HAL_Driver/Src/stm32f1xx_hal_pcd.c ****      (#) Call HAL_PCD_Init() API to initialize the PCD peripheral (Core, Device core, ...)
  37:Drivers/STM32F1xx_HAL_Driver/Src/stm32f1xx_hal_pcd.c **** 
  38:Drivers/STM32F1xx_HAL_Driver/Src/stm32f1xx_hal_pcd.c ****      (#) Initialize the PCD low level resources through the HAL_PCD_MspInit() API:
  39:Drivers/STM32F1xx_HAL_Driver/Src/stm32f1xx_hal_pcd.c ****          (##) Enable the PCD/USB Low Level interface clock using
  40:Drivers/STM32F1xx_HAL_Driver/Src/stm32f1xx_hal_pcd.c ****               (+++) __HAL_RCC_USB_CLK_ENABLE(); For USB Device FS peripheral
  41:Drivers/STM32F1xx_HAL_Driver/Src/stm32f1xx_hal_pcd.c ****               (+++) __HAL_RCC_USB_OTG_FS_CLK_ENABLE();
  42:Drivers/STM32F1xx_HAL_Driver/Src/stm32f1xx_hal_pcd.c **** 
  43:Drivers/STM32F1xx_HAL_Driver/Src/stm32f1xx_hal_pcd.c ****          (##) Initialize the related GPIO clocks
  44:Drivers/STM32F1xx_HAL_Driver/Src/stm32f1xx_hal_pcd.c ****          (##) Configure PCD pin-out
  45:Drivers/STM32F1xx_HAL_Driver/Src/stm32f1xx_hal_pcd.c ****          (##) Configure PCD NVIC interrupt
  46:Drivers/STM32F1xx_HAL_Driver/Src/stm32f1xx_hal_pcd.c **** 
  47:Drivers/STM32F1xx_HAL_Driver/Src/stm32f1xx_hal_pcd.c ****      (#)Associate the Upper USB device stack to the HAL PCD Driver:
  48:Drivers/STM32F1xx_HAL_Driver/Src/stm32f1xx_hal_pcd.c ****          (##) hpcd.pData = pdev;
  49:Drivers/STM32F1xx_HAL_Driver/Src/stm32f1xx_hal_pcd.c **** 
  50:Drivers/STM32F1xx_HAL_Driver/Src/stm32f1xx_hal_pcd.c ****      (#)Enable PCD transmission and reception:
  51:Drivers/STM32F1xx_HAL_Driver/Src/stm32f1xx_hal_pcd.c ****          (##) HAL_PCD_Start();
  52:Drivers/STM32F1xx_HAL_Driver/Src/stm32f1xx_hal_pcd.c **** 
  53:Drivers/STM32F1xx_HAL_Driver/Src/stm32f1xx_hal_pcd.c ****   @endverbatim
  54:Drivers/STM32F1xx_HAL_Driver/Src/stm32f1xx_hal_pcd.c ****   ******************************************************************************
  55:Drivers/STM32F1xx_HAL_Driver/Src/stm32f1xx_hal_pcd.c ****   */
  56:Drivers/STM32F1xx_HAL_Driver/Src/stm32f1xx_hal_pcd.c **** 
  57:Drivers/STM32F1xx_HAL_Driver/Src/stm32f1xx_hal_pcd.c **** /* Includes ------------------------------------------------------------------*/
  58:Drivers/STM32F1xx_HAL_Driver/Src/stm32f1xx_hal_pcd.c **** #include "stm32f1xx_hal.h"
  59:Drivers/STM32F1xx_HAL_Driver/Src/stm32f1xx_hal_pcd.c **** 
  60:Drivers/STM32F1xx_HAL_Driver/Src/stm32f1xx_hal_pcd.c **** /** @addtogroup STM32F1xx_HAL_Driver
  61:Drivers/STM32F1xx_HAL_Driver/Src/stm32f1xx_hal_pcd.c ****   * @{
  62:Drivers/STM32F1xx_HAL_Driver/Src/stm32f1xx_hal_pcd.c ****   */
  63:Drivers/STM32F1xx_HAL_Driver/Src/stm32f1xx_hal_pcd.c **** 
  64:Drivers/STM32F1xx_HAL_Driver/Src/stm32f1xx_hal_pcd.c **** /** @defgroup PCD PCD
  65:Drivers/STM32F1xx_HAL_Driver/Src/stm32f1xx_hal_pcd.c ****   * @brief PCD HAL module driver
  66:Drivers/STM32F1xx_HAL_Driver/Src/stm32f1xx_hal_pcd.c ****   * @{
  67:Drivers/STM32F1xx_HAL_Driver/Src/stm32f1xx_hal_pcd.c ****   */
  68:Drivers/STM32F1xx_HAL_Driver/Src/stm32f1xx_hal_pcd.c **** 
  69:Drivers/STM32F1xx_HAL_Driver/Src/stm32f1xx_hal_pcd.c **** #ifdef HAL_PCD_MODULE_ENABLED
  70:Drivers/STM32F1xx_HAL_Driver/Src/stm32f1xx_hal_pcd.c **** 
  71:Drivers/STM32F1xx_HAL_Driver/Src/stm32f1xx_hal_pcd.c **** #if defined (USB) || defined (USB_OTG_FS)
  72:Drivers/STM32F1xx_HAL_Driver/Src/stm32f1xx_hal_pcd.c **** 
  73:Drivers/STM32F1xx_HAL_Driver/Src/stm32f1xx_hal_pcd.c **** /* Private types -------------------------------------------------------------*/
  74:Drivers/STM32F1xx_HAL_Driver/Src/stm32f1xx_hal_pcd.c **** /* Private variables ---------------------------------------------------------*/
  75:Drivers/STM32F1xx_HAL_Driver/Src/stm32f1xx_hal_pcd.c **** /* Private constants ---------------------------------------------------------*/
  76:Drivers/STM32F1xx_HAL_Driver/Src/stm32f1xx_hal_pcd.c **** /* Private macros ------------------------------------------------------------*/
  77:Drivers/STM32F1xx_HAL_Driver/Src/stm32f1xx_hal_pcd.c **** /** @defgroup PCD_Private_Macros PCD Private Macros
  78:Drivers/STM32F1xx_HAL_Driver/Src/stm32f1xx_hal_pcd.c ****   * @{
  79:Drivers/STM32F1xx_HAL_Driver/Src/stm32f1xx_hal_pcd.c ****   */
  80:Drivers/STM32F1xx_HAL_Driver/Src/stm32f1xx_hal_pcd.c **** #define PCD_MIN(a, b)  (((a) < (b)) ? (a) : (b))
  81:Drivers/STM32F1xx_HAL_Driver/Src/stm32f1xx_hal_pcd.c **** #define PCD_MAX(a, b)  (((a) > (b)) ? (a) : (b))
  82:Drivers/STM32F1xx_HAL_Driver/Src/stm32f1xx_hal_pcd.c **** /**
  83:Drivers/STM32F1xx_HAL_Driver/Src/stm32f1xx_hal_pcd.c ****   * @}
  84:Drivers/STM32F1xx_HAL_Driver/Src/stm32f1xx_hal_pcd.c ****   */
  85:Drivers/STM32F1xx_HAL_Driver/Src/stm32f1xx_hal_pcd.c **** 
  86:Drivers/STM32F1xx_HAL_Driver/Src/stm32f1xx_hal_pcd.c **** /* Private functions prototypes ----------------------------------------------*/
  87:Drivers/STM32F1xx_HAL_Driver/Src/stm32f1xx_hal_pcd.c **** /** @defgroup PCD_Private_Functions PCD Private Functions
  88:Drivers/STM32F1xx_HAL_Driver/Src/stm32f1xx_hal_pcd.c ****   * @{
  89:Drivers/STM32F1xx_HAL_Driver/Src/stm32f1xx_hal_pcd.c ****   */
ARM GAS  /var/folders/xf/tcndk8390ml5xdpfw93qkhpm0000gn/T//cceFQQPk.s 			page 3


  90:Drivers/STM32F1xx_HAL_Driver/Src/stm32f1xx_hal_pcd.c **** #if defined (USB_OTG_FS)
  91:Drivers/STM32F1xx_HAL_Driver/Src/stm32f1xx_hal_pcd.c **** static HAL_StatusTypeDef PCD_WriteEmptyTxFifo(PCD_HandleTypeDef *hpcd, uint32_t epnum);
  92:Drivers/STM32F1xx_HAL_Driver/Src/stm32f1xx_hal_pcd.c **** static HAL_StatusTypeDef PCD_EP_OutXfrComplete_int(PCD_HandleTypeDef *hpcd, uint32_t epnum);
  93:Drivers/STM32F1xx_HAL_Driver/Src/stm32f1xx_hal_pcd.c **** static HAL_StatusTypeDef PCD_EP_OutSetupPacket_int(PCD_HandleTypeDef *hpcd, uint32_t epnum);
  94:Drivers/STM32F1xx_HAL_Driver/Src/stm32f1xx_hal_pcd.c **** #endif /* defined (USB_OTG_FS) */
  95:Drivers/STM32F1xx_HAL_Driver/Src/stm32f1xx_hal_pcd.c **** 
  96:Drivers/STM32F1xx_HAL_Driver/Src/stm32f1xx_hal_pcd.c **** #if defined (USB)
  97:Drivers/STM32F1xx_HAL_Driver/Src/stm32f1xx_hal_pcd.c **** static HAL_StatusTypeDef PCD_EP_ISR_Handler(PCD_HandleTypeDef *hpcd);
  98:Drivers/STM32F1xx_HAL_Driver/Src/stm32f1xx_hal_pcd.c **** #if (USE_USB_DOUBLE_BUFFER == 1U)
  99:Drivers/STM32F1xx_HAL_Driver/Src/stm32f1xx_hal_pcd.c **** static HAL_StatusTypeDef HAL_PCD_EP_DB_Transmit(PCD_HandleTypeDef *hpcd, PCD_EPTypeDef *ep, uint16_
 100:Drivers/STM32F1xx_HAL_Driver/Src/stm32f1xx_hal_pcd.c **** static uint16_t HAL_PCD_EP_DB_Receive(PCD_HandleTypeDef *hpcd, PCD_EPTypeDef *ep, uint16_t wEPVal);
 101:Drivers/STM32F1xx_HAL_Driver/Src/stm32f1xx_hal_pcd.c **** #endif /* (USE_USB_DOUBLE_BUFFER == 1U) */
 102:Drivers/STM32F1xx_HAL_Driver/Src/stm32f1xx_hal_pcd.c **** #endif /* defined (USB) */
 103:Drivers/STM32F1xx_HAL_Driver/Src/stm32f1xx_hal_pcd.c **** /**
 104:Drivers/STM32F1xx_HAL_Driver/Src/stm32f1xx_hal_pcd.c ****   * @}
 105:Drivers/STM32F1xx_HAL_Driver/Src/stm32f1xx_hal_pcd.c ****   */
 106:Drivers/STM32F1xx_HAL_Driver/Src/stm32f1xx_hal_pcd.c **** 
 107:Drivers/STM32F1xx_HAL_Driver/Src/stm32f1xx_hal_pcd.c **** /* Exported functions --------------------------------------------------------*/
 108:Drivers/STM32F1xx_HAL_Driver/Src/stm32f1xx_hal_pcd.c **** /** @defgroup PCD_Exported_Functions PCD Exported Functions
 109:Drivers/STM32F1xx_HAL_Driver/Src/stm32f1xx_hal_pcd.c ****   * @{
 110:Drivers/STM32F1xx_HAL_Driver/Src/stm32f1xx_hal_pcd.c ****   */
 111:Drivers/STM32F1xx_HAL_Driver/Src/stm32f1xx_hal_pcd.c **** 
 112:Drivers/STM32F1xx_HAL_Driver/Src/stm32f1xx_hal_pcd.c **** /** @defgroup PCD_Exported_Functions_Group1 Initialization and de-initialization functions
 113:Drivers/STM32F1xx_HAL_Driver/Src/stm32f1xx_hal_pcd.c ****   *  @brief    Initialization and Configuration functions
 114:Drivers/STM32F1xx_HAL_Driver/Src/stm32f1xx_hal_pcd.c ****   *
 115:Drivers/STM32F1xx_HAL_Driver/Src/stm32f1xx_hal_pcd.c **** @verbatim
 116:Drivers/STM32F1xx_HAL_Driver/Src/stm32f1xx_hal_pcd.c ****  ===============================================================================
 117:Drivers/STM32F1xx_HAL_Driver/Src/stm32f1xx_hal_pcd.c ****             ##### Initialization and de-initialization functions #####
 118:Drivers/STM32F1xx_HAL_Driver/Src/stm32f1xx_hal_pcd.c ****  ===============================================================================
 119:Drivers/STM32F1xx_HAL_Driver/Src/stm32f1xx_hal_pcd.c ****     [..]  This section provides functions allowing to:
 120:Drivers/STM32F1xx_HAL_Driver/Src/stm32f1xx_hal_pcd.c **** 
 121:Drivers/STM32F1xx_HAL_Driver/Src/stm32f1xx_hal_pcd.c **** @endverbatim
 122:Drivers/STM32F1xx_HAL_Driver/Src/stm32f1xx_hal_pcd.c ****   * @{
 123:Drivers/STM32F1xx_HAL_Driver/Src/stm32f1xx_hal_pcd.c ****   */
 124:Drivers/STM32F1xx_HAL_Driver/Src/stm32f1xx_hal_pcd.c **** 
 125:Drivers/STM32F1xx_HAL_Driver/Src/stm32f1xx_hal_pcd.c **** /**
 126:Drivers/STM32F1xx_HAL_Driver/Src/stm32f1xx_hal_pcd.c ****   * @brief  Initializes the PCD according to the specified
 127:Drivers/STM32F1xx_HAL_Driver/Src/stm32f1xx_hal_pcd.c ****   *         parameters in the PCD_InitTypeDef and initialize the associated handle.
 128:Drivers/STM32F1xx_HAL_Driver/Src/stm32f1xx_hal_pcd.c ****   * @param  hpcd PCD handle
 129:Drivers/STM32F1xx_HAL_Driver/Src/stm32f1xx_hal_pcd.c ****   * @retval HAL status
 130:Drivers/STM32F1xx_HAL_Driver/Src/stm32f1xx_hal_pcd.c ****   */
 131:Drivers/STM32F1xx_HAL_Driver/Src/stm32f1xx_hal_pcd.c **** HAL_StatusTypeDef HAL_PCD_Init(PCD_HandleTypeDef *hpcd)
 132:Drivers/STM32F1xx_HAL_Driver/Src/stm32f1xx_hal_pcd.c **** {
  27              		.loc 1 132 1
  28              		.cfi_startproc
  29              		@ args = 0, pretend = 0, frame = 16
  30              		@ frame_needed = 1, uses_anonymous_args = 0
  31 0000 80B5     		push	{r7, lr}
  32              	.LCFI0:
  33              		.cfi_def_cfa_offset 8
  34              		.cfi_offset 7, -8
  35              		.cfi_offset 14, -4
  36 0002 84B0     		sub	sp, sp, #16
  37              	.LCFI1:
  38              		.cfi_def_cfa_offset 24
  39 0004 00AF     		add	r7, sp, #0
  40              	.LCFI2:
ARM GAS  /var/folders/xf/tcndk8390ml5xdpfw93qkhpm0000gn/T//cceFQQPk.s 			page 4


  41              		.cfi_def_cfa_register 7
  42 0006 7860     		str	r0, [r7, #4]
 133:Drivers/STM32F1xx_HAL_Driver/Src/stm32f1xx_hal_pcd.c ****   uint8_t i;
 134:Drivers/STM32F1xx_HAL_Driver/Src/stm32f1xx_hal_pcd.c **** 
 135:Drivers/STM32F1xx_HAL_Driver/Src/stm32f1xx_hal_pcd.c ****   /* Check the PCD handle allocation */
 136:Drivers/STM32F1xx_HAL_Driver/Src/stm32f1xx_hal_pcd.c ****   if (hpcd == NULL)
  43              		.loc 1 136 6
  44 0008 7B68     		ldr	r3, [r7, #4]
  45 000a 002B     		cmp	r3, #0
  46 000c 01D1     		bne	.L2
 137:Drivers/STM32F1xx_HAL_Driver/Src/stm32f1xx_hal_pcd.c ****   {
 138:Drivers/STM32F1xx_HAL_Driver/Src/stm32f1xx_hal_pcd.c ****     return HAL_ERROR;
  47              		.loc 1 138 12
  48 000e 0123     		movs	r3, #1
  49 0010 E8E0     		b	.L3
  50              	.L2:
 139:Drivers/STM32F1xx_HAL_Driver/Src/stm32f1xx_hal_pcd.c ****   }
 140:Drivers/STM32F1xx_HAL_Driver/Src/stm32f1xx_hal_pcd.c **** 
 141:Drivers/STM32F1xx_HAL_Driver/Src/stm32f1xx_hal_pcd.c ****   /* Check the parameters */
 142:Drivers/STM32F1xx_HAL_Driver/Src/stm32f1xx_hal_pcd.c ****   assert_param(IS_PCD_ALL_INSTANCE(hpcd->Instance));
 143:Drivers/STM32F1xx_HAL_Driver/Src/stm32f1xx_hal_pcd.c **** 
 144:Drivers/STM32F1xx_HAL_Driver/Src/stm32f1xx_hal_pcd.c ****   if (hpcd->State == HAL_PCD_STATE_RESET)
  51              		.loc 1 144 11
  52 0012 7B68     		ldr	r3, [r7, #4]
  53 0014 93F89132 		ldrb	r3, [r3, #657]
  54 0018 DBB2     		uxtb	r3, r3
  55              		.loc 1 144 6
  56 001a 002B     		cmp	r3, #0
  57 001c 06D1     		bne	.L4
 145:Drivers/STM32F1xx_HAL_Driver/Src/stm32f1xx_hal_pcd.c ****   {
 146:Drivers/STM32F1xx_HAL_Driver/Src/stm32f1xx_hal_pcd.c ****     /* Allocate lock resource and initialize it */
 147:Drivers/STM32F1xx_HAL_Driver/Src/stm32f1xx_hal_pcd.c ****     hpcd->Lock = HAL_UNLOCKED;
  58              		.loc 1 147 16
  59 001e 7B68     		ldr	r3, [r7, #4]
  60 0020 0022     		movs	r2, #0
  61 0022 83F89022 		strb	r2, [r3, #656]
 148:Drivers/STM32F1xx_HAL_Driver/Src/stm32f1xx_hal_pcd.c **** 
 149:Drivers/STM32F1xx_HAL_Driver/Src/stm32f1xx_hal_pcd.c **** #if (USE_HAL_PCD_REGISTER_CALLBACKS == 1U)
 150:Drivers/STM32F1xx_HAL_Driver/Src/stm32f1xx_hal_pcd.c ****     hpcd->SOFCallback = HAL_PCD_SOFCallback;
 151:Drivers/STM32F1xx_HAL_Driver/Src/stm32f1xx_hal_pcd.c ****     hpcd->SetupStageCallback = HAL_PCD_SetupStageCallback;
 152:Drivers/STM32F1xx_HAL_Driver/Src/stm32f1xx_hal_pcd.c ****     hpcd->ResetCallback = HAL_PCD_ResetCallback;
 153:Drivers/STM32F1xx_HAL_Driver/Src/stm32f1xx_hal_pcd.c ****     hpcd->SuspendCallback = HAL_PCD_SuspendCallback;
 154:Drivers/STM32F1xx_HAL_Driver/Src/stm32f1xx_hal_pcd.c ****     hpcd->ResumeCallback = HAL_PCD_ResumeCallback;
 155:Drivers/STM32F1xx_HAL_Driver/Src/stm32f1xx_hal_pcd.c ****     hpcd->ConnectCallback = HAL_PCD_ConnectCallback;
 156:Drivers/STM32F1xx_HAL_Driver/Src/stm32f1xx_hal_pcd.c ****     hpcd->DisconnectCallback = HAL_PCD_DisconnectCallback;
 157:Drivers/STM32F1xx_HAL_Driver/Src/stm32f1xx_hal_pcd.c ****     hpcd->DataOutStageCallback = HAL_PCD_DataOutStageCallback;
 158:Drivers/STM32F1xx_HAL_Driver/Src/stm32f1xx_hal_pcd.c ****     hpcd->DataInStageCallback = HAL_PCD_DataInStageCallback;
 159:Drivers/STM32F1xx_HAL_Driver/Src/stm32f1xx_hal_pcd.c ****     hpcd->ISOOUTIncompleteCallback = HAL_PCD_ISOOUTIncompleteCallback;
 160:Drivers/STM32F1xx_HAL_Driver/Src/stm32f1xx_hal_pcd.c ****     hpcd->ISOINIncompleteCallback = HAL_PCD_ISOINIncompleteCallback;
 161:Drivers/STM32F1xx_HAL_Driver/Src/stm32f1xx_hal_pcd.c **** 
 162:Drivers/STM32F1xx_HAL_Driver/Src/stm32f1xx_hal_pcd.c ****     if (hpcd->MspInitCallback == NULL)
 163:Drivers/STM32F1xx_HAL_Driver/Src/stm32f1xx_hal_pcd.c ****     {
 164:Drivers/STM32F1xx_HAL_Driver/Src/stm32f1xx_hal_pcd.c ****       hpcd->MspInitCallback = HAL_PCD_MspInit;
 165:Drivers/STM32F1xx_HAL_Driver/Src/stm32f1xx_hal_pcd.c ****     }
 166:Drivers/STM32F1xx_HAL_Driver/Src/stm32f1xx_hal_pcd.c **** 
 167:Drivers/STM32F1xx_HAL_Driver/Src/stm32f1xx_hal_pcd.c ****     /* Init the low level hardware */
 168:Drivers/STM32F1xx_HAL_Driver/Src/stm32f1xx_hal_pcd.c ****     hpcd->MspInitCallback(hpcd);
ARM GAS  /var/folders/xf/tcndk8390ml5xdpfw93qkhpm0000gn/T//cceFQQPk.s 			page 5


 169:Drivers/STM32F1xx_HAL_Driver/Src/stm32f1xx_hal_pcd.c **** #else
 170:Drivers/STM32F1xx_HAL_Driver/Src/stm32f1xx_hal_pcd.c ****     /* Init the low level hardware : GPIO, CLOCK, NVIC... */
 171:Drivers/STM32F1xx_HAL_Driver/Src/stm32f1xx_hal_pcd.c ****     HAL_PCD_MspInit(hpcd);
  62              		.loc 1 171 5
  63 0026 7868     		ldr	r0, [r7, #4]
  64 0028 FFF7FEFF 		bl	HAL_PCD_MspInit
  65              	.L4:
 172:Drivers/STM32F1xx_HAL_Driver/Src/stm32f1xx_hal_pcd.c **** #endif /* (USE_HAL_PCD_REGISTER_CALLBACKS) */
 173:Drivers/STM32F1xx_HAL_Driver/Src/stm32f1xx_hal_pcd.c ****   }
 174:Drivers/STM32F1xx_HAL_Driver/Src/stm32f1xx_hal_pcd.c **** 
 175:Drivers/STM32F1xx_HAL_Driver/Src/stm32f1xx_hal_pcd.c ****   hpcd->State = HAL_PCD_STATE_BUSY;
  66              		.loc 1 175 15
  67 002c 7B68     		ldr	r3, [r7, #4]
  68 002e 0322     		movs	r2, #3
  69 0030 83F89122 		strb	r2, [r3, #657]
 176:Drivers/STM32F1xx_HAL_Driver/Src/stm32f1xx_hal_pcd.c **** 
 177:Drivers/STM32F1xx_HAL_Driver/Src/stm32f1xx_hal_pcd.c ****   /* Disable DMA mode for FS instance */
 178:Drivers/STM32F1xx_HAL_Driver/Src/stm32f1xx_hal_pcd.c ****   hpcd->Init.dma_enable = 0U;
  70              		.loc 1 178 25
  71 0034 7B68     		ldr	r3, [r7, #4]
  72 0036 0022     		movs	r2, #0
  73 0038 5A71     		strb	r2, [r3, #5]
 179:Drivers/STM32F1xx_HAL_Driver/Src/stm32f1xx_hal_pcd.c **** 
 180:Drivers/STM32F1xx_HAL_Driver/Src/stm32f1xx_hal_pcd.c ****   /* Disable the Interrupts */
 181:Drivers/STM32F1xx_HAL_Driver/Src/stm32f1xx_hal_pcd.c ****   __HAL_PCD_DISABLE(hpcd);
  74              		.loc 1 181 3
  75 003a 7B68     		ldr	r3, [r7, #4]
  76 003c 1B68     		ldr	r3, [r3]
  77 003e 1846     		mov	r0, r3
  78 0040 FFF7FEFF 		bl	USB_DisableGlobalInt
 182:Drivers/STM32F1xx_HAL_Driver/Src/stm32f1xx_hal_pcd.c **** 
 183:Drivers/STM32F1xx_HAL_Driver/Src/stm32f1xx_hal_pcd.c ****   /*Init the Core (common init.) */
 184:Drivers/STM32F1xx_HAL_Driver/Src/stm32f1xx_hal_pcd.c ****   if (USB_CoreInit(hpcd->Instance, hpcd->Init) != HAL_OK)
  79              		.loc 1 184 24
  80 0044 7B68     		ldr	r3, [r7, #4]
  81 0046 1868     		ldr	r0, [r3]
  82              		.loc 1 184 7
  83 0048 7B68     		ldr	r3, [r7, #4]
  84 004a 0433     		adds	r3, r3, #4
  85 004c 0ECB     		ldm	r3, {r1, r2, r3}
  86 004e FFF7FEFF 		bl	USB_CoreInit
  87 0052 0346     		mov	r3, r0
  88              		.loc 1 184 6
  89 0054 002B     		cmp	r3, #0
  90 0056 05D0     		beq	.L5
 185:Drivers/STM32F1xx_HAL_Driver/Src/stm32f1xx_hal_pcd.c ****   {
 186:Drivers/STM32F1xx_HAL_Driver/Src/stm32f1xx_hal_pcd.c ****     hpcd->State = HAL_PCD_STATE_ERROR;
  91              		.loc 1 186 17
  92 0058 7B68     		ldr	r3, [r7, #4]
  93 005a 0222     		movs	r2, #2
  94 005c 83F89122 		strb	r2, [r3, #657]
 187:Drivers/STM32F1xx_HAL_Driver/Src/stm32f1xx_hal_pcd.c ****     return HAL_ERROR;
  95              		.loc 1 187 12
  96 0060 0123     		movs	r3, #1
  97 0062 BFE0     		b	.L3
  98              	.L5:
 188:Drivers/STM32F1xx_HAL_Driver/Src/stm32f1xx_hal_pcd.c ****   }
ARM GAS  /var/folders/xf/tcndk8390ml5xdpfw93qkhpm0000gn/T//cceFQQPk.s 			page 6


 189:Drivers/STM32F1xx_HAL_Driver/Src/stm32f1xx_hal_pcd.c **** 
 190:Drivers/STM32F1xx_HAL_Driver/Src/stm32f1xx_hal_pcd.c ****   /* Force Device Mode */
 191:Drivers/STM32F1xx_HAL_Driver/Src/stm32f1xx_hal_pcd.c ****   if (USB_SetCurrentMode(hpcd->Instance, USB_DEVICE_MODE) != HAL_OK)
  99              		.loc 1 191 30
 100 0064 7B68     		ldr	r3, [r7, #4]
 101 0066 1B68     		ldr	r3, [r3]
 102              		.loc 1 191 7
 103 0068 0021     		movs	r1, #0
 104 006a 1846     		mov	r0, r3
 105 006c FFF7FEFF 		bl	USB_SetCurrentMode
 106 0070 0346     		mov	r3, r0
 107              		.loc 1 191 6
 108 0072 002B     		cmp	r3, #0
 109 0074 05D0     		beq	.L6
 192:Drivers/STM32F1xx_HAL_Driver/Src/stm32f1xx_hal_pcd.c ****   {
 193:Drivers/STM32F1xx_HAL_Driver/Src/stm32f1xx_hal_pcd.c ****     hpcd->State = HAL_PCD_STATE_ERROR;
 110              		.loc 1 193 17
 111 0076 7B68     		ldr	r3, [r7, #4]
 112 0078 0222     		movs	r2, #2
 113 007a 83F89122 		strb	r2, [r3, #657]
 194:Drivers/STM32F1xx_HAL_Driver/Src/stm32f1xx_hal_pcd.c ****     return HAL_ERROR;
 114              		.loc 1 194 12
 115 007e 0123     		movs	r3, #1
 116 0080 B0E0     		b	.L3
 117              	.L6:
 195:Drivers/STM32F1xx_HAL_Driver/Src/stm32f1xx_hal_pcd.c ****   }
 196:Drivers/STM32F1xx_HAL_Driver/Src/stm32f1xx_hal_pcd.c **** 
 197:Drivers/STM32F1xx_HAL_Driver/Src/stm32f1xx_hal_pcd.c ****   /* Init endpoints structures */
 198:Drivers/STM32F1xx_HAL_Driver/Src/stm32f1xx_hal_pcd.c ****   for (i = 0U; i < hpcd->Init.dev_endpoints; i++)
 118              		.loc 1 198 10
 119 0082 0023     		movs	r3, #0
 120 0084 FB73     		strb	r3, [r7, #15]
 121              		.loc 1 198 3
 122 0086 3EE0     		b	.L7
 123              	.L8:
 199:Drivers/STM32F1xx_HAL_Driver/Src/stm32f1xx_hal_pcd.c ****   {
 200:Drivers/STM32F1xx_HAL_Driver/Src/stm32f1xx_hal_pcd.c ****     /* Init ep structure */
 201:Drivers/STM32F1xx_HAL_Driver/Src/stm32f1xx_hal_pcd.c ****     hpcd->IN_ep[i].is_in = 1U;
 124              		.loc 1 201 19 discriminator 3
 125 0088 FA7B     		ldrb	r2, [r7, #15]	@ zero_extendqisi2
 126              		.loc 1 201 26 discriminator 3
 127 008a 7968     		ldr	r1, [r7, #4]
 128 008c 1346     		mov	r3, r2
 129 008e 9B00     		lsls	r3, r3, #2
 130 0090 1344     		add	r3, r3, r2
 131 0092 DB00     		lsls	r3, r3, #3
 132 0094 0B44     		add	r3, r3, r1
 133 0096 1133     		adds	r3, r3, #17
 134 0098 0122     		movs	r2, #1
 135 009a 1A70     		strb	r2, [r3]
 202:Drivers/STM32F1xx_HAL_Driver/Src/stm32f1xx_hal_pcd.c ****     hpcd->IN_ep[i].num = i;
 136              		.loc 1 202 19 discriminator 3
 137 009c FA7B     		ldrb	r2, [r7, #15]	@ zero_extendqisi2
 138              		.loc 1 202 24 discriminator 3
 139 009e 7968     		ldr	r1, [r7, #4]
 140 00a0 1346     		mov	r3, r2
 141 00a2 9B00     		lsls	r3, r3, #2
ARM GAS  /var/folders/xf/tcndk8390ml5xdpfw93qkhpm0000gn/T//cceFQQPk.s 			page 7


 142 00a4 1344     		add	r3, r3, r2
 143 00a6 DB00     		lsls	r3, r3, #3
 144 00a8 0B44     		add	r3, r3, r1
 145 00aa 1033     		adds	r3, r3, #16
 146 00ac FA7B     		ldrb	r2, [r7, #15]
 147 00ae 1A70     		strb	r2, [r3]
 203:Drivers/STM32F1xx_HAL_Driver/Src/stm32f1xx_hal_pcd.c **** #if defined (USB_OTG_FS)
 204:Drivers/STM32F1xx_HAL_Driver/Src/stm32f1xx_hal_pcd.c ****     hpcd->IN_ep[i].tx_fifo_num = i;
 205:Drivers/STM32F1xx_HAL_Driver/Src/stm32f1xx_hal_pcd.c **** #endif /* defined (USB_OTG_FS) */
 206:Drivers/STM32F1xx_HAL_Driver/Src/stm32f1xx_hal_pcd.c ****     /* Control until ep is activated */
 207:Drivers/STM32F1xx_HAL_Driver/Src/stm32f1xx_hal_pcd.c ****     hpcd->IN_ep[i].type = EP_TYPE_CTRL;
 148              		.loc 1 207 19 discriminator 3
 149 00b0 FA7B     		ldrb	r2, [r7, #15]	@ zero_extendqisi2
 150              		.loc 1 207 25 discriminator 3
 151 00b2 7968     		ldr	r1, [r7, #4]
 152 00b4 1346     		mov	r3, r2
 153 00b6 9B00     		lsls	r3, r3, #2
 154 00b8 1344     		add	r3, r3, r2
 155 00ba DB00     		lsls	r3, r3, #3
 156 00bc 0B44     		add	r3, r3, r1
 157 00be 1333     		adds	r3, r3, #19
 158 00c0 0022     		movs	r2, #0
 159 00c2 1A70     		strb	r2, [r3]
 208:Drivers/STM32F1xx_HAL_Driver/Src/stm32f1xx_hal_pcd.c ****     hpcd->IN_ep[i].maxpacket = 0U;
 160              		.loc 1 208 19 discriminator 3
 161 00c4 FA7B     		ldrb	r2, [r7, #15]	@ zero_extendqisi2
 162              		.loc 1 208 30 discriminator 3
 163 00c6 7968     		ldr	r1, [r7, #4]
 164 00c8 1346     		mov	r3, r2
 165 00ca 9B00     		lsls	r3, r3, #2
 166 00cc 1344     		add	r3, r3, r2
 167 00ce DB00     		lsls	r3, r3, #3
 168 00d0 0B44     		add	r3, r3, r1
 169 00d2 2033     		adds	r3, r3, #32
 170 00d4 0022     		movs	r2, #0
 171 00d6 1A60     		str	r2, [r3]
 209:Drivers/STM32F1xx_HAL_Driver/Src/stm32f1xx_hal_pcd.c ****     hpcd->IN_ep[i].xfer_buff = 0U;
 172              		.loc 1 209 19 discriminator 3
 173 00d8 FA7B     		ldrb	r2, [r7, #15]	@ zero_extendqisi2
 174              		.loc 1 209 30 discriminator 3
 175 00da 7968     		ldr	r1, [r7, #4]
 176 00dc 1346     		mov	r3, r2
 177 00de 9B00     		lsls	r3, r3, #2
 178 00e0 1344     		add	r3, r3, r2
 179 00e2 DB00     		lsls	r3, r3, #3
 180 00e4 0B44     		add	r3, r3, r1
 181 00e6 2433     		adds	r3, r3, #36
 182 00e8 0022     		movs	r2, #0
 183 00ea 1A60     		str	r2, [r3]
 210:Drivers/STM32F1xx_HAL_Driver/Src/stm32f1xx_hal_pcd.c ****     hpcd->IN_ep[i].xfer_len = 0U;
 184              		.loc 1 210 19 discriminator 3
 185 00ec FB7B     		ldrb	r3, [r7, #15]	@ zero_extendqisi2
 186              		.loc 1 210 29 discriminator 3
 187 00ee 7968     		ldr	r1, [r7, #4]
 188 00f0 5A1C     		adds	r2, r3, #1
 189 00f2 1346     		mov	r3, r2
 190 00f4 9B00     		lsls	r3, r3, #2
ARM GAS  /var/folders/xf/tcndk8390ml5xdpfw93qkhpm0000gn/T//cceFQQPk.s 			page 8


 191 00f6 1344     		add	r3, r3, r2
 192 00f8 DB00     		lsls	r3, r3, #3
 193 00fa 0B44     		add	r3, r3, r1
 194 00fc 0022     		movs	r2, #0
 195 00fe 1A60     		str	r2, [r3]
 198:Drivers/STM32F1xx_HAL_Driver/Src/stm32f1xx_hal_pcd.c ****   {
 196              		.loc 1 198 47 discriminator 3
 197 0100 FB7B     		ldrb	r3, [r7, #15]	@ zero_extendqisi2
 198 0102 0133     		adds	r3, r3, #1
 199 0104 FB73     		strb	r3, [r7, #15]
 200              	.L7:
 198:Drivers/STM32F1xx_HAL_Driver/Src/stm32f1xx_hal_pcd.c ****   {
 201              		.loc 1 198 30 discriminator 1
 202 0106 7B68     		ldr	r3, [r7, #4]
 203 0108 1B79     		ldrb	r3, [r3, #4]	@ zero_extendqisi2
 198:Drivers/STM32F1xx_HAL_Driver/Src/stm32f1xx_hal_pcd.c ****   {
 204              		.loc 1 198 3 discriminator 1
 205 010a FA7B     		ldrb	r2, [r7, #15]	@ zero_extendqisi2
 206 010c 9A42     		cmp	r2, r3
 207 010e BBD3     		bcc	.L8
 211:Drivers/STM32F1xx_HAL_Driver/Src/stm32f1xx_hal_pcd.c ****   }
 212:Drivers/STM32F1xx_HAL_Driver/Src/stm32f1xx_hal_pcd.c **** 
 213:Drivers/STM32F1xx_HAL_Driver/Src/stm32f1xx_hal_pcd.c ****   for (i = 0U; i < hpcd->Init.dev_endpoints; i++)
 208              		.loc 1 213 10
 209 0110 0023     		movs	r3, #0
 210 0112 FB73     		strb	r3, [r7, #15]
 211              		.loc 1 213 3
 212 0114 44E0     		b	.L9
 213              	.L10:
 214:Drivers/STM32F1xx_HAL_Driver/Src/stm32f1xx_hal_pcd.c ****   {
 215:Drivers/STM32F1xx_HAL_Driver/Src/stm32f1xx_hal_pcd.c ****     hpcd->OUT_ep[i].is_in = 0U;
 214              		.loc 1 215 20 discriminator 3
 215 0116 FA7B     		ldrb	r2, [r7, #15]	@ zero_extendqisi2
 216              		.loc 1 215 27 discriminator 3
 217 0118 7968     		ldr	r1, [r7, #4]
 218 011a 1346     		mov	r3, r2
 219 011c 9B00     		lsls	r3, r3, #2
 220 011e 1344     		add	r3, r3, r2
 221 0120 DB00     		lsls	r3, r3, #3
 222 0122 0B44     		add	r3, r3, r1
 223 0124 03F25113 		addw	r3, r3, #337
 224 0128 0022     		movs	r2, #0
 225 012a 1A70     		strb	r2, [r3]
 216:Drivers/STM32F1xx_HAL_Driver/Src/stm32f1xx_hal_pcd.c ****     hpcd->OUT_ep[i].num = i;
 226              		.loc 1 216 20 discriminator 3
 227 012c FA7B     		ldrb	r2, [r7, #15]	@ zero_extendqisi2
 228              		.loc 1 216 25 discriminator 3
 229 012e 7968     		ldr	r1, [r7, #4]
 230 0130 1346     		mov	r3, r2
 231 0132 9B00     		lsls	r3, r3, #2
 232 0134 1344     		add	r3, r3, r2
 233 0136 DB00     		lsls	r3, r3, #3
 234 0138 0B44     		add	r3, r3, r1
 235 013a 03F5A873 		add	r3, r3, #336
 236 013e FA7B     		ldrb	r2, [r7, #15]
 237 0140 1A70     		strb	r2, [r3]
 217:Drivers/STM32F1xx_HAL_Driver/Src/stm32f1xx_hal_pcd.c ****     /* Control until ep is activated */
ARM GAS  /var/folders/xf/tcndk8390ml5xdpfw93qkhpm0000gn/T//cceFQQPk.s 			page 9


 218:Drivers/STM32F1xx_HAL_Driver/Src/stm32f1xx_hal_pcd.c ****     hpcd->OUT_ep[i].type = EP_TYPE_CTRL;
 238              		.loc 1 218 20 discriminator 3
 239 0142 FA7B     		ldrb	r2, [r7, #15]	@ zero_extendqisi2
 240              		.loc 1 218 26 discriminator 3
 241 0144 7968     		ldr	r1, [r7, #4]
 242 0146 1346     		mov	r3, r2
 243 0148 9B00     		lsls	r3, r3, #2
 244 014a 1344     		add	r3, r3, r2
 245 014c DB00     		lsls	r3, r3, #3
 246 014e 0B44     		add	r3, r3, r1
 247 0150 03F25313 		addw	r3, r3, #339
 248 0154 0022     		movs	r2, #0
 249 0156 1A70     		strb	r2, [r3]
 219:Drivers/STM32F1xx_HAL_Driver/Src/stm32f1xx_hal_pcd.c ****     hpcd->OUT_ep[i].maxpacket = 0U;
 250              		.loc 1 219 20 discriminator 3
 251 0158 FA7B     		ldrb	r2, [r7, #15]	@ zero_extendqisi2
 252              		.loc 1 219 31 discriminator 3
 253 015a 7968     		ldr	r1, [r7, #4]
 254 015c 1346     		mov	r3, r2
 255 015e 9B00     		lsls	r3, r3, #2
 256 0160 1344     		add	r3, r3, r2
 257 0162 DB00     		lsls	r3, r3, #3
 258 0164 0B44     		add	r3, r3, r1
 259 0166 03F5B073 		add	r3, r3, #352
 260 016a 0022     		movs	r2, #0
 261 016c 1A60     		str	r2, [r3]
 220:Drivers/STM32F1xx_HAL_Driver/Src/stm32f1xx_hal_pcd.c ****     hpcd->OUT_ep[i].xfer_buff = 0U;
 262              		.loc 1 220 20 discriminator 3
 263 016e FA7B     		ldrb	r2, [r7, #15]	@ zero_extendqisi2
 264              		.loc 1 220 31 discriminator 3
 265 0170 7968     		ldr	r1, [r7, #4]
 266 0172 1346     		mov	r3, r2
 267 0174 9B00     		lsls	r3, r3, #2
 268 0176 1344     		add	r3, r3, r2
 269 0178 DB00     		lsls	r3, r3, #3
 270 017a 0B44     		add	r3, r3, r1
 271 017c 03F5B273 		add	r3, r3, #356
 272 0180 0022     		movs	r2, #0
 273 0182 1A60     		str	r2, [r3]
 221:Drivers/STM32F1xx_HAL_Driver/Src/stm32f1xx_hal_pcd.c ****     hpcd->OUT_ep[i].xfer_len = 0U;
 274              		.loc 1 221 20 discriminator 3
 275 0184 FA7B     		ldrb	r2, [r7, #15]	@ zero_extendqisi2
 276              		.loc 1 221 30 discriminator 3
 277 0186 7968     		ldr	r1, [r7, #4]
 278 0188 1346     		mov	r3, r2
 279 018a 9B00     		lsls	r3, r3, #2
 280 018c 1344     		add	r3, r3, r2
 281 018e DB00     		lsls	r3, r3, #3
 282 0190 0B44     		add	r3, r3, r1
 283 0192 03F5B473 		add	r3, r3, #360
 284 0196 0022     		movs	r2, #0
 285 0198 1A60     		str	r2, [r3]
 213:Drivers/STM32F1xx_HAL_Driver/Src/stm32f1xx_hal_pcd.c ****   {
 286              		.loc 1 213 47 discriminator 3
 287 019a FB7B     		ldrb	r3, [r7, #15]	@ zero_extendqisi2
 288 019c 0133     		adds	r3, r3, #1
 289 019e FB73     		strb	r3, [r7, #15]
ARM GAS  /var/folders/xf/tcndk8390ml5xdpfw93qkhpm0000gn/T//cceFQQPk.s 			page 10


 290              	.L9:
 213:Drivers/STM32F1xx_HAL_Driver/Src/stm32f1xx_hal_pcd.c ****   {
 291              		.loc 1 213 30 discriminator 1
 292 01a0 7B68     		ldr	r3, [r7, #4]
 293 01a2 1B79     		ldrb	r3, [r3, #4]	@ zero_extendqisi2
 213:Drivers/STM32F1xx_HAL_Driver/Src/stm32f1xx_hal_pcd.c ****   {
 294              		.loc 1 213 3 discriminator 1
 295 01a4 FA7B     		ldrb	r2, [r7, #15]	@ zero_extendqisi2
 296 01a6 9A42     		cmp	r2, r3
 297 01a8 B5D3     		bcc	.L10
 222:Drivers/STM32F1xx_HAL_Driver/Src/stm32f1xx_hal_pcd.c ****   }
 223:Drivers/STM32F1xx_HAL_Driver/Src/stm32f1xx_hal_pcd.c **** 
 224:Drivers/STM32F1xx_HAL_Driver/Src/stm32f1xx_hal_pcd.c ****   /* Init Device */
 225:Drivers/STM32F1xx_HAL_Driver/Src/stm32f1xx_hal_pcd.c ****   if (USB_DevInit(hpcd->Instance, hpcd->Init) != HAL_OK)
 298              		.loc 1 225 23
 299 01aa 7B68     		ldr	r3, [r7, #4]
 300 01ac 1868     		ldr	r0, [r3]
 301              		.loc 1 225 7
 302 01ae 7B68     		ldr	r3, [r7, #4]
 303 01b0 0433     		adds	r3, r3, #4
 304 01b2 0ECB     		ldm	r3, {r1, r2, r3}
 305 01b4 FFF7FEFF 		bl	USB_DevInit
 306 01b8 0346     		mov	r3, r0
 307              		.loc 1 225 6
 308 01ba 002B     		cmp	r3, #0
 309 01bc 05D0     		beq	.L11
 226:Drivers/STM32F1xx_HAL_Driver/Src/stm32f1xx_hal_pcd.c ****   {
 227:Drivers/STM32F1xx_HAL_Driver/Src/stm32f1xx_hal_pcd.c ****     hpcd->State = HAL_PCD_STATE_ERROR;
 310              		.loc 1 227 17
 311 01be 7B68     		ldr	r3, [r7, #4]
 312 01c0 0222     		movs	r2, #2
 313 01c2 83F89122 		strb	r2, [r3, #657]
 228:Drivers/STM32F1xx_HAL_Driver/Src/stm32f1xx_hal_pcd.c ****     return HAL_ERROR;
 314              		.loc 1 228 12
 315 01c6 0123     		movs	r3, #1
 316 01c8 0CE0     		b	.L3
 317              	.L11:
 229:Drivers/STM32F1xx_HAL_Driver/Src/stm32f1xx_hal_pcd.c ****   }
 230:Drivers/STM32F1xx_HAL_Driver/Src/stm32f1xx_hal_pcd.c **** 
 231:Drivers/STM32F1xx_HAL_Driver/Src/stm32f1xx_hal_pcd.c ****   hpcd->USB_Address = 0U;
 318              		.loc 1 231 21
 319 01ca 7B68     		ldr	r3, [r7, #4]
 320 01cc 0022     		movs	r2, #0
 321 01ce 5A73     		strb	r2, [r3, #13]
 232:Drivers/STM32F1xx_HAL_Driver/Src/stm32f1xx_hal_pcd.c ****   hpcd->State = HAL_PCD_STATE_READY;
 322              		.loc 1 232 15
 323 01d0 7B68     		ldr	r3, [r7, #4]
 324 01d2 0122     		movs	r2, #1
 325 01d4 83F89122 		strb	r2, [r3, #657]
 233:Drivers/STM32F1xx_HAL_Driver/Src/stm32f1xx_hal_pcd.c ****   (void)USB_DevDisconnect(hpcd->Instance);
 326              		.loc 1 233 31
 327 01d8 7B68     		ldr	r3, [r7, #4]
 328 01da 1B68     		ldr	r3, [r3]
 329              		.loc 1 233 9
 330 01dc 1846     		mov	r0, r3
 331 01de FFF7FEFF 		bl	USB_DevDisconnect
 234:Drivers/STM32F1xx_HAL_Driver/Src/stm32f1xx_hal_pcd.c **** 
ARM GAS  /var/folders/xf/tcndk8390ml5xdpfw93qkhpm0000gn/T//cceFQQPk.s 			page 11


 235:Drivers/STM32F1xx_HAL_Driver/Src/stm32f1xx_hal_pcd.c ****   return HAL_OK;
 332              		.loc 1 235 10
 333 01e2 0023     		movs	r3, #0
 334              	.L3:
 236:Drivers/STM32F1xx_HAL_Driver/Src/stm32f1xx_hal_pcd.c **** }
 335              		.loc 1 236 1
 336 01e4 1846     		mov	r0, r3
 337 01e6 1037     		adds	r7, r7, #16
 338              	.LCFI3:
 339              		.cfi_def_cfa_offset 8
 340 01e8 BD46     		mov	sp, r7
 341              	.LCFI4:
 342              		.cfi_def_cfa_register 13
 343              		@ sp needed
 344 01ea 80BD     		pop	{r7, pc}
 345              		.cfi_endproc
 346              	.LFE65:
 348              		.section	.text.HAL_PCD_DeInit,"ax",%progbits
 349              		.align	1
 350              		.global	HAL_PCD_DeInit
 351              		.syntax unified
 352              		.thumb
 353              		.thumb_func
 355              	HAL_PCD_DeInit:
 356              	.LFB66:
 237:Drivers/STM32F1xx_HAL_Driver/Src/stm32f1xx_hal_pcd.c **** 
 238:Drivers/STM32F1xx_HAL_Driver/Src/stm32f1xx_hal_pcd.c **** /**
 239:Drivers/STM32F1xx_HAL_Driver/Src/stm32f1xx_hal_pcd.c ****   * @brief  DeInitializes the PCD peripheral.
 240:Drivers/STM32F1xx_HAL_Driver/Src/stm32f1xx_hal_pcd.c ****   * @param  hpcd PCD handle
 241:Drivers/STM32F1xx_HAL_Driver/Src/stm32f1xx_hal_pcd.c ****   * @retval HAL status
 242:Drivers/STM32F1xx_HAL_Driver/Src/stm32f1xx_hal_pcd.c ****   */
 243:Drivers/STM32F1xx_HAL_Driver/Src/stm32f1xx_hal_pcd.c **** HAL_StatusTypeDef HAL_PCD_DeInit(PCD_HandleTypeDef *hpcd)
 244:Drivers/STM32F1xx_HAL_Driver/Src/stm32f1xx_hal_pcd.c **** {
 357              		.loc 1 244 1
 358              		.cfi_startproc
 359              		@ args = 0, pretend = 0, frame = 8
 360              		@ frame_needed = 1, uses_anonymous_args = 0
 361 0000 80B5     		push	{r7, lr}
 362              	.LCFI5:
 363              		.cfi_def_cfa_offset 8
 364              		.cfi_offset 7, -8
 365              		.cfi_offset 14, -4
 366 0002 82B0     		sub	sp, sp, #8
 367              	.LCFI6:
 368              		.cfi_def_cfa_offset 16
 369 0004 00AF     		add	r7, sp, #0
 370              	.LCFI7:
 371              		.cfi_def_cfa_register 7
 372 0006 7860     		str	r0, [r7, #4]
 245:Drivers/STM32F1xx_HAL_Driver/Src/stm32f1xx_hal_pcd.c ****   /* Check the PCD handle allocation */
 246:Drivers/STM32F1xx_HAL_Driver/Src/stm32f1xx_hal_pcd.c ****   if (hpcd == NULL)
 373              		.loc 1 246 6
 374 0008 7B68     		ldr	r3, [r7, #4]
 375 000a 002B     		cmp	r3, #0
 376 000c 01D1     		bne	.L13
 247:Drivers/STM32F1xx_HAL_Driver/Src/stm32f1xx_hal_pcd.c ****   {
 248:Drivers/STM32F1xx_HAL_Driver/Src/stm32f1xx_hal_pcd.c ****     return HAL_ERROR;
ARM GAS  /var/folders/xf/tcndk8390ml5xdpfw93qkhpm0000gn/T//cceFQQPk.s 			page 12


 377              		.loc 1 248 12
 378 000e 0123     		movs	r3, #1
 379 0010 15E0     		b	.L14
 380              	.L13:
 249:Drivers/STM32F1xx_HAL_Driver/Src/stm32f1xx_hal_pcd.c ****   }
 250:Drivers/STM32F1xx_HAL_Driver/Src/stm32f1xx_hal_pcd.c **** 
 251:Drivers/STM32F1xx_HAL_Driver/Src/stm32f1xx_hal_pcd.c ****   hpcd->State = HAL_PCD_STATE_BUSY;
 381              		.loc 1 251 15
 382 0012 7B68     		ldr	r3, [r7, #4]
 383 0014 0322     		movs	r2, #3
 384 0016 83F89122 		strb	r2, [r3, #657]
 252:Drivers/STM32F1xx_HAL_Driver/Src/stm32f1xx_hal_pcd.c **** 
 253:Drivers/STM32F1xx_HAL_Driver/Src/stm32f1xx_hal_pcd.c ****   /* Stop Device */
 254:Drivers/STM32F1xx_HAL_Driver/Src/stm32f1xx_hal_pcd.c ****   if (USB_StopDevice(hpcd->Instance) != HAL_OK)
 385              		.loc 1 254 26
 386 001a 7B68     		ldr	r3, [r7, #4]
 387 001c 1B68     		ldr	r3, [r3]
 388              		.loc 1 254 7
 389 001e 1846     		mov	r0, r3
 390 0020 FFF7FEFF 		bl	USB_StopDevice
 391 0024 0346     		mov	r3, r0
 392              		.loc 1 254 6
 393 0026 002B     		cmp	r3, #0
 394 0028 01D0     		beq	.L15
 255:Drivers/STM32F1xx_HAL_Driver/Src/stm32f1xx_hal_pcd.c ****   {
 256:Drivers/STM32F1xx_HAL_Driver/Src/stm32f1xx_hal_pcd.c ****     return HAL_ERROR;
 395              		.loc 1 256 12
 396 002a 0123     		movs	r3, #1
 397 002c 07E0     		b	.L14
 398              	.L15:
 257:Drivers/STM32F1xx_HAL_Driver/Src/stm32f1xx_hal_pcd.c ****   }
 258:Drivers/STM32F1xx_HAL_Driver/Src/stm32f1xx_hal_pcd.c **** 
 259:Drivers/STM32F1xx_HAL_Driver/Src/stm32f1xx_hal_pcd.c **** #if (USE_HAL_PCD_REGISTER_CALLBACKS == 1U)
 260:Drivers/STM32F1xx_HAL_Driver/Src/stm32f1xx_hal_pcd.c ****   if (hpcd->MspDeInitCallback == NULL)
 261:Drivers/STM32F1xx_HAL_Driver/Src/stm32f1xx_hal_pcd.c ****   {
 262:Drivers/STM32F1xx_HAL_Driver/Src/stm32f1xx_hal_pcd.c ****     hpcd->MspDeInitCallback = HAL_PCD_MspDeInit; /* Legacy weak MspDeInit  */
 263:Drivers/STM32F1xx_HAL_Driver/Src/stm32f1xx_hal_pcd.c ****   }
 264:Drivers/STM32F1xx_HAL_Driver/Src/stm32f1xx_hal_pcd.c **** 
 265:Drivers/STM32F1xx_HAL_Driver/Src/stm32f1xx_hal_pcd.c ****   /* DeInit the low level hardware */
 266:Drivers/STM32F1xx_HAL_Driver/Src/stm32f1xx_hal_pcd.c ****   hpcd->MspDeInitCallback(hpcd);
 267:Drivers/STM32F1xx_HAL_Driver/Src/stm32f1xx_hal_pcd.c **** #else
 268:Drivers/STM32F1xx_HAL_Driver/Src/stm32f1xx_hal_pcd.c ****   /* DeInit the low level hardware: CLOCK, NVIC.*/
 269:Drivers/STM32F1xx_HAL_Driver/Src/stm32f1xx_hal_pcd.c ****   HAL_PCD_MspDeInit(hpcd);
 399              		.loc 1 269 3
 400 002e 7868     		ldr	r0, [r7, #4]
 401 0030 FFF7FEFF 		bl	HAL_PCD_MspDeInit
 270:Drivers/STM32F1xx_HAL_Driver/Src/stm32f1xx_hal_pcd.c **** #endif /* USE_HAL_PCD_REGISTER_CALLBACKS */
 271:Drivers/STM32F1xx_HAL_Driver/Src/stm32f1xx_hal_pcd.c **** 
 272:Drivers/STM32F1xx_HAL_Driver/Src/stm32f1xx_hal_pcd.c ****   hpcd->State = HAL_PCD_STATE_RESET;
 402              		.loc 1 272 15
 403 0034 7B68     		ldr	r3, [r7, #4]
 404 0036 0022     		movs	r2, #0
 405 0038 83F89122 		strb	r2, [r3, #657]
 273:Drivers/STM32F1xx_HAL_Driver/Src/stm32f1xx_hal_pcd.c **** 
 274:Drivers/STM32F1xx_HAL_Driver/Src/stm32f1xx_hal_pcd.c ****   return HAL_OK;
 406              		.loc 1 274 10
 407 003c 0023     		movs	r3, #0
ARM GAS  /var/folders/xf/tcndk8390ml5xdpfw93qkhpm0000gn/T//cceFQQPk.s 			page 13


 408              	.L14:
 275:Drivers/STM32F1xx_HAL_Driver/Src/stm32f1xx_hal_pcd.c **** }
 409              		.loc 1 275 1
 410 003e 1846     		mov	r0, r3
 411 0040 0837     		adds	r7, r7, #8
 412              	.LCFI8:
 413              		.cfi_def_cfa_offset 8
 414 0042 BD46     		mov	sp, r7
 415              	.LCFI9:
 416              		.cfi_def_cfa_register 13
 417              		@ sp needed
 418 0044 80BD     		pop	{r7, pc}
 419              		.cfi_endproc
 420              	.LFE66:
 422              		.section	.text.HAL_PCD_MspInit,"ax",%progbits
 423              		.align	1
 424              		.weak	HAL_PCD_MspInit
 425              		.syntax unified
 426              		.thumb
 427              		.thumb_func
 429              	HAL_PCD_MspInit:
 430              	.LFB67:
 276:Drivers/STM32F1xx_HAL_Driver/Src/stm32f1xx_hal_pcd.c **** 
 277:Drivers/STM32F1xx_HAL_Driver/Src/stm32f1xx_hal_pcd.c **** /**
 278:Drivers/STM32F1xx_HAL_Driver/Src/stm32f1xx_hal_pcd.c ****   * @brief  Initializes the PCD MSP.
 279:Drivers/STM32F1xx_HAL_Driver/Src/stm32f1xx_hal_pcd.c ****   * @param  hpcd PCD handle
 280:Drivers/STM32F1xx_HAL_Driver/Src/stm32f1xx_hal_pcd.c ****   * @retval None
 281:Drivers/STM32F1xx_HAL_Driver/Src/stm32f1xx_hal_pcd.c ****   */
 282:Drivers/STM32F1xx_HAL_Driver/Src/stm32f1xx_hal_pcd.c **** __weak void HAL_PCD_MspInit(PCD_HandleTypeDef *hpcd)
 283:Drivers/STM32F1xx_HAL_Driver/Src/stm32f1xx_hal_pcd.c **** {
 431              		.loc 1 283 1
 432              		.cfi_startproc
 433              		@ args = 0, pretend = 0, frame = 8
 434              		@ frame_needed = 1, uses_anonymous_args = 0
 435              		@ link register save eliminated.
 436 0000 80B4     		push	{r7}
 437              	.LCFI10:
 438              		.cfi_def_cfa_offset 4
 439              		.cfi_offset 7, -4
 440 0002 83B0     		sub	sp, sp, #12
 441              	.LCFI11:
 442              		.cfi_def_cfa_offset 16
 443 0004 00AF     		add	r7, sp, #0
 444              	.LCFI12:
 445              		.cfi_def_cfa_register 7
 446 0006 7860     		str	r0, [r7, #4]
 284:Drivers/STM32F1xx_HAL_Driver/Src/stm32f1xx_hal_pcd.c ****   /* Prevent unused argument(s) compilation warning */
 285:Drivers/STM32F1xx_HAL_Driver/Src/stm32f1xx_hal_pcd.c ****   UNUSED(hpcd);
 286:Drivers/STM32F1xx_HAL_Driver/Src/stm32f1xx_hal_pcd.c **** 
 287:Drivers/STM32F1xx_HAL_Driver/Src/stm32f1xx_hal_pcd.c ****   /* NOTE : This function should not be modified, when the callback is needed,
 288:Drivers/STM32F1xx_HAL_Driver/Src/stm32f1xx_hal_pcd.c ****             the HAL_PCD_MspInit could be implemented in the user file
 289:Drivers/STM32F1xx_HAL_Driver/Src/stm32f1xx_hal_pcd.c ****    */
 290:Drivers/STM32F1xx_HAL_Driver/Src/stm32f1xx_hal_pcd.c **** }
 447              		.loc 1 290 1
 448 0008 00BF     		nop
 449 000a 0C37     		adds	r7, r7, #12
 450              	.LCFI13:
ARM GAS  /var/folders/xf/tcndk8390ml5xdpfw93qkhpm0000gn/T//cceFQQPk.s 			page 14


 451              		.cfi_def_cfa_offset 4
 452 000c BD46     		mov	sp, r7
 453              	.LCFI14:
 454              		.cfi_def_cfa_register 13
 455              		@ sp needed
 456 000e 80BC     		pop	{r7}
 457              	.LCFI15:
 458              		.cfi_restore 7
 459              		.cfi_def_cfa_offset 0
 460 0010 7047     		bx	lr
 461              		.cfi_endproc
 462              	.LFE67:
 464              		.section	.text.HAL_PCD_MspDeInit,"ax",%progbits
 465              		.align	1
 466              		.weak	HAL_PCD_MspDeInit
 467              		.syntax unified
 468              		.thumb
 469              		.thumb_func
 471              	HAL_PCD_MspDeInit:
 472              	.LFB68:
 291:Drivers/STM32F1xx_HAL_Driver/Src/stm32f1xx_hal_pcd.c **** 
 292:Drivers/STM32F1xx_HAL_Driver/Src/stm32f1xx_hal_pcd.c **** /**
 293:Drivers/STM32F1xx_HAL_Driver/Src/stm32f1xx_hal_pcd.c ****   * @brief  DeInitializes PCD MSP.
 294:Drivers/STM32F1xx_HAL_Driver/Src/stm32f1xx_hal_pcd.c ****   * @param  hpcd PCD handle
 295:Drivers/STM32F1xx_HAL_Driver/Src/stm32f1xx_hal_pcd.c ****   * @retval None
 296:Drivers/STM32F1xx_HAL_Driver/Src/stm32f1xx_hal_pcd.c ****   */
 297:Drivers/STM32F1xx_HAL_Driver/Src/stm32f1xx_hal_pcd.c **** __weak void HAL_PCD_MspDeInit(PCD_HandleTypeDef *hpcd)
 298:Drivers/STM32F1xx_HAL_Driver/Src/stm32f1xx_hal_pcd.c **** {
 473              		.loc 1 298 1
 474              		.cfi_startproc
 475              		@ args = 0, pretend = 0, frame = 8
 476              		@ frame_needed = 1, uses_anonymous_args = 0
 477              		@ link register save eliminated.
 478 0000 80B4     		push	{r7}
 479              	.LCFI16:
 480              		.cfi_def_cfa_offset 4
 481              		.cfi_offset 7, -4
 482 0002 83B0     		sub	sp, sp, #12
 483              	.LCFI17:
 484              		.cfi_def_cfa_offset 16
 485 0004 00AF     		add	r7, sp, #0
 486              	.LCFI18:
 487              		.cfi_def_cfa_register 7
 488 0006 7860     		str	r0, [r7, #4]
 299:Drivers/STM32F1xx_HAL_Driver/Src/stm32f1xx_hal_pcd.c ****   /* Prevent unused argument(s) compilation warning */
 300:Drivers/STM32F1xx_HAL_Driver/Src/stm32f1xx_hal_pcd.c ****   UNUSED(hpcd);
 301:Drivers/STM32F1xx_HAL_Driver/Src/stm32f1xx_hal_pcd.c **** 
 302:Drivers/STM32F1xx_HAL_Driver/Src/stm32f1xx_hal_pcd.c ****   /* NOTE : This function should not be modified, when the callback is needed,
 303:Drivers/STM32F1xx_HAL_Driver/Src/stm32f1xx_hal_pcd.c ****             the HAL_PCD_MspDeInit could be implemented in the user file
 304:Drivers/STM32F1xx_HAL_Driver/Src/stm32f1xx_hal_pcd.c ****    */
 305:Drivers/STM32F1xx_HAL_Driver/Src/stm32f1xx_hal_pcd.c **** }
 489              		.loc 1 305 1
 490 0008 00BF     		nop
 491 000a 0C37     		adds	r7, r7, #12
 492              	.LCFI19:
 493              		.cfi_def_cfa_offset 4
 494 000c BD46     		mov	sp, r7
ARM GAS  /var/folders/xf/tcndk8390ml5xdpfw93qkhpm0000gn/T//cceFQQPk.s 			page 15


 495              	.LCFI20:
 496              		.cfi_def_cfa_register 13
 497              		@ sp needed
 498 000e 80BC     		pop	{r7}
 499              	.LCFI21:
 500              		.cfi_restore 7
 501              		.cfi_def_cfa_offset 0
 502 0010 7047     		bx	lr
 503              		.cfi_endproc
 504              	.LFE68:
 506              		.section	.text.HAL_PCD_Start,"ax",%progbits
 507              		.align	1
 508              		.global	HAL_PCD_Start
 509              		.syntax unified
 510              		.thumb
 511              		.thumb_func
 513              	HAL_PCD_Start:
 514              	.LFB69:
 306:Drivers/STM32F1xx_HAL_Driver/Src/stm32f1xx_hal_pcd.c **** 
 307:Drivers/STM32F1xx_HAL_Driver/Src/stm32f1xx_hal_pcd.c **** #if (USE_HAL_PCD_REGISTER_CALLBACKS == 1U)
 308:Drivers/STM32F1xx_HAL_Driver/Src/stm32f1xx_hal_pcd.c **** /**
 309:Drivers/STM32F1xx_HAL_Driver/Src/stm32f1xx_hal_pcd.c ****   * @brief  Register a User USB PCD Callback
 310:Drivers/STM32F1xx_HAL_Driver/Src/stm32f1xx_hal_pcd.c ****   *         To be used instead of the weak predefined callback
 311:Drivers/STM32F1xx_HAL_Driver/Src/stm32f1xx_hal_pcd.c ****   * @param  hpcd USB PCD handle
 312:Drivers/STM32F1xx_HAL_Driver/Src/stm32f1xx_hal_pcd.c ****   * @param  CallbackID ID of the callback to be registered
 313:Drivers/STM32F1xx_HAL_Driver/Src/stm32f1xx_hal_pcd.c ****   *         This parameter can be one of the following values:
 314:Drivers/STM32F1xx_HAL_Driver/Src/stm32f1xx_hal_pcd.c ****   *          @arg @ref HAL_PCD_SOF_CB_ID USB PCD SOF callback ID
 315:Drivers/STM32F1xx_HAL_Driver/Src/stm32f1xx_hal_pcd.c ****   *          @arg @ref HAL_PCD_SETUPSTAGE_CB_ID USB PCD Setup callback ID
 316:Drivers/STM32F1xx_HAL_Driver/Src/stm32f1xx_hal_pcd.c ****   *          @arg @ref HAL_PCD_RESET_CB_ID USB PCD Reset callback ID
 317:Drivers/STM32F1xx_HAL_Driver/Src/stm32f1xx_hal_pcd.c ****   *          @arg @ref HAL_PCD_SUSPEND_CB_ID USB PCD Suspend callback ID
 318:Drivers/STM32F1xx_HAL_Driver/Src/stm32f1xx_hal_pcd.c ****   *          @arg @ref HAL_PCD_RESUME_CB_ID USB PCD Resume callback ID
 319:Drivers/STM32F1xx_HAL_Driver/Src/stm32f1xx_hal_pcd.c ****   *          @arg @ref HAL_PCD_CONNECT_CB_ID USB PCD Connect callback ID
 320:Drivers/STM32F1xx_HAL_Driver/Src/stm32f1xx_hal_pcd.c ****   *          @arg @ref HAL_PCD_DISCONNECT_CB_ID USB PCD Disconnect callback ID
 321:Drivers/STM32F1xx_HAL_Driver/Src/stm32f1xx_hal_pcd.c ****   *          @arg @ref HAL_PCD_MSPINIT_CB_ID MspDeInit callback ID
 322:Drivers/STM32F1xx_HAL_Driver/Src/stm32f1xx_hal_pcd.c ****   *          @arg @ref HAL_PCD_MSPDEINIT_CB_ID MspDeInit callback ID
 323:Drivers/STM32F1xx_HAL_Driver/Src/stm32f1xx_hal_pcd.c ****   * @param  pCallback pointer to the Callback function
 324:Drivers/STM32F1xx_HAL_Driver/Src/stm32f1xx_hal_pcd.c ****   * @retval HAL status
 325:Drivers/STM32F1xx_HAL_Driver/Src/stm32f1xx_hal_pcd.c ****   */
 326:Drivers/STM32F1xx_HAL_Driver/Src/stm32f1xx_hal_pcd.c **** HAL_StatusTypeDef HAL_PCD_RegisterCallback(PCD_HandleTypeDef *hpcd,
 327:Drivers/STM32F1xx_HAL_Driver/Src/stm32f1xx_hal_pcd.c ****                                            HAL_PCD_CallbackIDTypeDef CallbackID,
 328:Drivers/STM32F1xx_HAL_Driver/Src/stm32f1xx_hal_pcd.c ****                                            pPCD_CallbackTypeDef pCallback)
 329:Drivers/STM32F1xx_HAL_Driver/Src/stm32f1xx_hal_pcd.c **** {
 330:Drivers/STM32F1xx_HAL_Driver/Src/stm32f1xx_hal_pcd.c ****   HAL_StatusTypeDef status = HAL_OK;
 331:Drivers/STM32F1xx_HAL_Driver/Src/stm32f1xx_hal_pcd.c **** 
 332:Drivers/STM32F1xx_HAL_Driver/Src/stm32f1xx_hal_pcd.c ****   if (pCallback == NULL)
 333:Drivers/STM32F1xx_HAL_Driver/Src/stm32f1xx_hal_pcd.c ****   {
 334:Drivers/STM32F1xx_HAL_Driver/Src/stm32f1xx_hal_pcd.c ****     /* Update the error code */
 335:Drivers/STM32F1xx_HAL_Driver/Src/stm32f1xx_hal_pcd.c ****     hpcd->ErrorCode |= HAL_PCD_ERROR_INVALID_CALLBACK;
 336:Drivers/STM32F1xx_HAL_Driver/Src/stm32f1xx_hal_pcd.c ****     return HAL_ERROR;
 337:Drivers/STM32F1xx_HAL_Driver/Src/stm32f1xx_hal_pcd.c ****   }
 338:Drivers/STM32F1xx_HAL_Driver/Src/stm32f1xx_hal_pcd.c ****   /* Process locked */
 339:Drivers/STM32F1xx_HAL_Driver/Src/stm32f1xx_hal_pcd.c ****   __HAL_LOCK(hpcd);
 340:Drivers/STM32F1xx_HAL_Driver/Src/stm32f1xx_hal_pcd.c **** 
 341:Drivers/STM32F1xx_HAL_Driver/Src/stm32f1xx_hal_pcd.c ****   if (hpcd->State == HAL_PCD_STATE_READY)
 342:Drivers/STM32F1xx_HAL_Driver/Src/stm32f1xx_hal_pcd.c ****   {
 343:Drivers/STM32F1xx_HAL_Driver/Src/stm32f1xx_hal_pcd.c ****     switch (CallbackID)
 344:Drivers/STM32F1xx_HAL_Driver/Src/stm32f1xx_hal_pcd.c ****     {
ARM GAS  /var/folders/xf/tcndk8390ml5xdpfw93qkhpm0000gn/T//cceFQQPk.s 			page 16


 345:Drivers/STM32F1xx_HAL_Driver/Src/stm32f1xx_hal_pcd.c ****       case HAL_PCD_SOF_CB_ID :
 346:Drivers/STM32F1xx_HAL_Driver/Src/stm32f1xx_hal_pcd.c ****         hpcd->SOFCallback = pCallback;
 347:Drivers/STM32F1xx_HAL_Driver/Src/stm32f1xx_hal_pcd.c ****         break;
 348:Drivers/STM32F1xx_HAL_Driver/Src/stm32f1xx_hal_pcd.c **** 
 349:Drivers/STM32F1xx_HAL_Driver/Src/stm32f1xx_hal_pcd.c ****       case HAL_PCD_SETUPSTAGE_CB_ID :
 350:Drivers/STM32F1xx_HAL_Driver/Src/stm32f1xx_hal_pcd.c ****         hpcd->SetupStageCallback = pCallback;
 351:Drivers/STM32F1xx_HAL_Driver/Src/stm32f1xx_hal_pcd.c ****         break;
 352:Drivers/STM32F1xx_HAL_Driver/Src/stm32f1xx_hal_pcd.c **** 
 353:Drivers/STM32F1xx_HAL_Driver/Src/stm32f1xx_hal_pcd.c ****       case HAL_PCD_RESET_CB_ID :
 354:Drivers/STM32F1xx_HAL_Driver/Src/stm32f1xx_hal_pcd.c ****         hpcd->ResetCallback = pCallback;
 355:Drivers/STM32F1xx_HAL_Driver/Src/stm32f1xx_hal_pcd.c ****         break;
 356:Drivers/STM32F1xx_HAL_Driver/Src/stm32f1xx_hal_pcd.c **** 
 357:Drivers/STM32F1xx_HAL_Driver/Src/stm32f1xx_hal_pcd.c ****       case HAL_PCD_SUSPEND_CB_ID :
 358:Drivers/STM32F1xx_HAL_Driver/Src/stm32f1xx_hal_pcd.c ****         hpcd->SuspendCallback = pCallback;
 359:Drivers/STM32F1xx_HAL_Driver/Src/stm32f1xx_hal_pcd.c ****         break;
 360:Drivers/STM32F1xx_HAL_Driver/Src/stm32f1xx_hal_pcd.c **** 
 361:Drivers/STM32F1xx_HAL_Driver/Src/stm32f1xx_hal_pcd.c ****       case HAL_PCD_RESUME_CB_ID :
 362:Drivers/STM32F1xx_HAL_Driver/Src/stm32f1xx_hal_pcd.c ****         hpcd->ResumeCallback = pCallback;
 363:Drivers/STM32F1xx_HAL_Driver/Src/stm32f1xx_hal_pcd.c ****         break;
 364:Drivers/STM32F1xx_HAL_Driver/Src/stm32f1xx_hal_pcd.c **** 
 365:Drivers/STM32F1xx_HAL_Driver/Src/stm32f1xx_hal_pcd.c ****       case HAL_PCD_CONNECT_CB_ID :
 366:Drivers/STM32F1xx_HAL_Driver/Src/stm32f1xx_hal_pcd.c ****         hpcd->ConnectCallback = pCallback;
 367:Drivers/STM32F1xx_HAL_Driver/Src/stm32f1xx_hal_pcd.c ****         break;
 368:Drivers/STM32F1xx_HAL_Driver/Src/stm32f1xx_hal_pcd.c **** 
 369:Drivers/STM32F1xx_HAL_Driver/Src/stm32f1xx_hal_pcd.c ****       case HAL_PCD_DISCONNECT_CB_ID :
 370:Drivers/STM32F1xx_HAL_Driver/Src/stm32f1xx_hal_pcd.c ****         hpcd->DisconnectCallback = pCallback;
 371:Drivers/STM32F1xx_HAL_Driver/Src/stm32f1xx_hal_pcd.c ****         break;
 372:Drivers/STM32F1xx_HAL_Driver/Src/stm32f1xx_hal_pcd.c **** 
 373:Drivers/STM32F1xx_HAL_Driver/Src/stm32f1xx_hal_pcd.c ****       case HAL_PCD_MSPINIT_CB_ID :
 374:Drivers/STM32F1xx_HAL_Driver/Src/stm32f1xx_hal_pcd.c ****         hpcd->MspInitCallback = pCallback;
 375:Drivers/STM32F1xx_HAL_Driver/Src/stm32f1xx_hal_pcd.c ****         break;
 376:Drivers/STM32F1xx_HAL_Driver/Src/stm32f1xx_hal_pcd.c **** 
 377:Drivers/STM32F1xx_HAL_Driver/Src/stm32f1xx_hal_pcd.c ****       case HAL_PCD_MSPDEINIT_CB_ID :
 378:Drivers/STM32F1xx_HAL_Driver/Src/stm32f1xx_hal_pcd.c ****         hpcd->MspDeInitCallback = pCallback;
 379:Drivers/STM32F1xx_HAL_Driver/Src/stm32f1xx_hal_pcd.c ****         break;
 380:Drivers/STM32F1xx_HAL_Driver/Src/stm32f1xx_hal_pcd.c **** 
 381:Drivers/STM32F1xx_HAL_Driver/Src/stm32f1xx_hal_pcd.c ****       default :
 382:Drivers/STM32F1xx_HAL_Driver/Src/stm32f1xx_hal_pcd.c ****         /* Update the error code */
 383:Drivers/STM32F1xx_HAL_Driver/Src/stm32f1xx_hal_pcd.c ****         hpcd->ErrorCode |= HAL_PCD_ERROR_INVALID_CALLBACK;
 384:Drivers/STM32F1xx_HAL_Driver/Src/stm32f1xx_hal_pcd.c ****         /* Return error status */
 385:Drivers/STM32F1xx_HAL_Driver/Src/stm32f1xx_hal_pcd.c ****         status =  HAL_ERROR;
 386:Drivers/STM32F1xx_HAL_Driver/Src/stm32f1xx_hal_pcd.c ****         break;
 387:Drivers/STM32F1xx_HAL_Driver/Src/stm32f1xx_hal_pcd.c ****     }
 388:Drivers/STM32F1xx_HAL_Driver/Src/stm32f1xx_hal_pcd.c ****   }
 389:Drivers/STM32F1xx_HAL_Driver/Src/stm32f1xx_hal_pcd.c ****   else if (hpcd->State == HAL_PCD_STATE_RESET)
 390:Drivers/STM32F1xx_HAL_Driver/Src/stm32f1xx_hal_pcd.c ****   {
 391:Drivers/STM32F1xx_HAL_Driver/Src/stm32f1xx_hal_pcd.c ****     switch (CallbackID)
 392:Drivers/STM32F1xx_HAL_Driver/Src/stm32f1xx_hal_pcd.c ****     {
 393:Drivers/STM32F1xx_HAL_Driver/Src/stm32f1xx_hal_pcd.c ****       case HAL_PCD_MSPINIT_CB_ID :
 394:Drivers/STM32F1xx_HAL_Driver/Src/stm32f1xx_hal_pcd.c ****         hpcd->MspInitCallback = pCallback;
 395:Drivers/STM32F1xx_HAL_Driver/Src/stm32f1xx_hal_pcd.c ****         break;
 396:Drivers/STM32F1xx_HAL_Driver/Src/stm32f1xx_hal_pcd.c **** 
 397:Drivers/STM32F1xx_HAL_Driver/Src/stm32f1xx_hal_pcd.c ****       case HAL_PCD_MSPDEINIT_CB_ID :
 398:Drivers/STM32F1xx_HAL_Driver/Src/stm32f1xx_hal_pcd.c ****         hpcd->MspDeInitCallback = pCallback;
 399:Drivers/STM32F1xx_HAL_Driver/Src/stm32f1xx_hal_pcd.c ****         break;
 400:Drivers/STM32F1xx_HAL_Driver/Src/stm32f1xx_hal_pcd.c **** 
 401:Drivers/STM32F1xx_HAL_Driver/Src/stm32f1xx_hal_pcd.c ****       default :
ARM GAS  /var/folders/xf/tcndk8390ml5xdpfw93qkhpm0000gn/T//cceFQQPk.s 			page 17


 402:Drivers/STM32F1xx_HAL_Driver/Src/stm32f1xx_hal_pcd.c ****         /* Update the error code */
 403:Drivers/STM32F1xx_HAL_Driver/Src/stm32f1xx_hal_pcd.c ****         hpcd->ErrorCode |= HAL_PCD_ERROR_INVALID_CALLBACK;
 404:Drivers/STM32F1xx_HAL_Driver/Src/stm32f1xx_hal_pcd.c ****         /* Return error status */
 405:Drivers/STM32F1xx_HAL_Driver/Src/stm32f1xx_hal_pcd.c ****         status =  HAL_ERROR;
 406:Drivers/STM32F1xx_HAL_Driver/Src/stm32f1xx_hal_pcd.c ****         break;
 407:Drivers/STM32F1xx_HAL_Driver/Src/stm32f1xx_hal_pcd.c ****     }
 408:Drivers/STM32F1xx_HAL_Driver/Src/stm32f1xx_hal_pcd.c ****   }
 409:Drivers/STM32F1xx_HAL_Driver/Src/stm32f1xx_hal_pcd.c ****   else
 410:Drivers/STM32F1xx_HAL_Driver/Src/stm32f1xx_hal_pcd.c ****   {
 411:Drivers/STM32F1xx_HAL_Driver/Src/stm32f1xx_hal_pcd.c ****     /* Update the error code */
 412:Drivers/STM32F1xx_HAL_Driver/Src/stm32f1xx_hal_pcd.c ****     hpcd->ErrorCode |= HAL_PCD_ERROR_INVALID_CALLBACK;
 413:Drivers/STM32F1xx_HAL_Driver/Src/stm32f1xx_hal_pcd.c ****     /* Return error status */
 414:Drivers/STM32F1xx_HAL_Driver/Src/stm32f1xx_hal_pcd.c ****     status =  HAL_ERROR;
 415:Drivers/STM32F1xx_HAL_Driver/Src/stm32f1xx_hal_pcd.c ****   }
 416:Drivers/STM32F1xx_HAL_Driver/Src/stm32f1xx_hal_pcd.c **** 
 417:Drivers/STM32F1xx_HAL_Driver/Src/stm32f1xx_hal_pcd.c ****   /* Release Lock */
 418:Drivers/STM32F1xx_HAL_Driver/Src/stm32f1xx_hal_pcd.c ****   __HAL_UNLOCK(hpcd);
 419:Drivers/STM32F1xx_HAL_Driver/Src/stm32f1xx_hal_pcd.c ****   return status;
 420:Drivers/STM32F1xx_HAL_Driver/Src/stm32f1xx_hal_pcd.c **** }
 421:Drivers/STM32F1xx_HAL_Driver/Src/stm32f1xx_hal_pcd.c **** 
 422:Drivers/STM32F1xx_HAL_Driver/Src/stm32f1xx_hal_pcd.c **** /**
 423:Drivers/STM32F1xx_HAL_Driver/Src/stm32f1xx_hal_pcd.c ****   * @brief  Unregister an USB PCD Callback
 424:Drivers/STM32F1xx_HAL_Driver/Src/stm32f1xx_hal_pcd.c ****   *         USB PCD callback is redirected to the weak predefined callback
 425:Drivers/STM32F1xx_HAL_Driver/Src/stm32f1xx_hal_pcd.c ****   * @param  hpcd USB PCD handle
 426:Drivers/STM32F1xx_HAL_Driver/Src/stm32f1xx_hal_pcd.c ****   * @param  CallbackID ID of the callback to be unregistered
 427:Drivers/STM32F1xx_HAL_Driver/Src/stm32f1xx_hal_pcd.c ****   *         This parameter can be one of the following values:
 428:Drivers/STM32F1xx_HAL_Driver/Src/stm32f1xx_hal_pcd.c ****   *          @arg @ref HAL_PCD_SOF_CB_ID USB PCD SOF callback ID
 429:Drivers/STM32F1xx_HAL_Driver/Src/stm32f1xx_hal_pcd.c ****   *          @arg @ref HAL_PCD_SETUPSTAGE_CB_ID USB PCD Setup callback ID
 430:Drivers/STM32F1xx_HAL_Driver/Src/stm32f1xx_hal_pcd.c ****   *          @arg @ref HAL_PCD_RESET_CB_ID USB PCD Reset callback ID
 431:Drivers/STM32F1xx_HAL_Driver/Src/stm32f1xx_hal_pcd.c ****   *          @arg @ref HAL_PCD_SUSPEND_CB_ID USB PCD Suspend callback ID
 432:Drivers/STM32F1xx_HAL_Driver/Src/stm32f1xx_hal_pcd.c ****   *          @arg @ref HAL_PCD_RESUME_CB_ID USB PCD Resume callback ID
 433:Drivers/STM32F1xx_HAL_Driver/Src/stm32f1xx_hal_pcd.c ****   *          @arg @ref HAL_PCD_CONNECT_CB_ID USB PCD Connect callback ID
 434:Drivers/STM32F1xx_HAL_Driver/Src/stm32f1xx_hal_pcd.c ****   *          @arg @ref HAL_PCD_DISCONNECT_CB_ID USB PCD Disconnect callback ID
 435:Drivers/STM32F1xx_HAL_Driver/Src/stm32f1xx_hal_pcd.c ****   *          @arg @ref HAL_PCD_MSPINIT_CB_ID MspDeInit callback ID
 436:Drivers/STM32F1xx_HAL_Driver/Src/stm32f1xx_hal_pcd.c ****   *          @arg @ref HAL_PCD_MSPDEINIT_CB_ID MspDeInit callback ID
 437:Drivers/STM32F1xx_HAL_Driver/Src/stm32f1xx_hal_pcd.c ****   * @retval HAL status
 438:Drivers/STM32F1xx_HAL_Driver/Src/stm32f1xx_hal_pcd.c ****   */
 439:Drivers/STM32F1xx_HAL_Driver/Src/stm32f1xx_hal_pcd.c **** HAL_StatusTypeDef HAL_PCD_UnRegisterCallback(PCD_HandleTypeDef *hpcd, HAL_PCD_CallbackIDTypeDef Cal
 440:Drivers/STM32F1xx_HAL_Driver/Src/stm32f1xx_hal_pcd.c **** {
 441:Drivers/STM32F1xx_HAL_Driver/Src/stm32f1xx_hal_pcd.c ****   HAL_StatusTypeDef status = HAL_OK;
 442:Drivers/STM32F1xx_HAL_Driver/Src/stm32f1xx_hal_pcd.c **** 
 443:Drivers/STM32F1xx_HAL_Driver/Src/stm32f1xx_hal_pcd.c ****   /* Process locked */
 444:Drivers/STM32F1xx_HAL_Driver/Src/stm32f1xx_hal_pcd.c ****   __HAL_LOCK(hpcd);
 445:Drivers/STM32F1xx_HAL_Driver/Src/stm32f1xx_hal_pcd.c **** 
 446:Drivers/STM32F1xx_HAL_Driver/Src/stm32f1xx_hal_pcd.c ****   /* Setup Legacy weak Callbacks  */
 447:Drivers/STM32F1xx_HAL_Driver/Src/stm32f1xx_hal_pcd.c ****   if (hpcd->State == HAL_PCD_STATE_READY)
 448:Drivers/STM32F1xx_HAL_Driver/Src/stm32f1xx_hal_pcd.c ****   {
 449:Drivers/STM32F1xx_HAL_Driver/Src/stm32f1xx_hal_pcd.c ****     switch (CallbackID)
 450:Drivers/STM32F1xx_HAL_Driver/Src/stm32f1xx_hal_pcd.c ****     {
 451:Drivers/STM32F1xx_HAL_Driver/Src/stm32f1xx_hal_pcd.c ****       case HAL_PCD_SOF_CB_ID :
 452:Drivers/STM32F1xx_HAL_Driver/Src/stm32f1xx_hal_pcd.c ****         hpcd->SOFCallback = HAL_PCD_SOFCallback;
 453:Drivers/STM32F1xx_HAL_Driver/Src/stm32f1xx_hal_pcd.c ****         break;
 454:Drivers/STM32F1xx_HAL_Driver/Src/stm32f1xx_hal_pcd.c **** 
 455:Drivers/STM32F1xx_HAL_Driver/Src/stm32f1xx_hal_pcd.c ****       case HAL_PCD_SETUPSTAGE_CB_ID :
 456:Drivers/STM32F1xx_HAL_Driver/Src/stm32f1xx_hal_pcd.c ****         hpcd->SetupStageCallback = HAL_PCD_SetupStageCallback;
 457:Drivers/STM32F1xx_HAL_Driver/Src/stm32f1xx_hal_pcd.c ****         break;
 458:Drivers/STM32F1xx_HAL_Driver/Src/stm32f1xx_hal_pcd.c **** 
ARM GAS  /var/folders/xf/tcndk8390ml5xdpfw93qkhpm0000gn/T//cceFQQPk.s 			page 18


 459:Drivers/STM32F1xx_HAL_Driver/Src/stm32f1xx_hal_pcd.c ****       case HAL_PCD_RESET_CB_ID :
 460:Drivers/STM32F1xx_HAL_Driver/Src/stm32f1xx_hal_pcd.c ****         hpcd->ResetCallback = HAL_PCD_ResetCallback;
 461:Drivers/STM32F1xx_HAL_Driver/Src/stm32f1xx_hal_pcd.c ****         break;
 462:Drivers/STM32F1xx_HAL_Driver/Src/stm32f1xx_hal_pcd.c **** 
 463:Drivers/STM32F1xx_HAL_Driver/Src/stm32f1xx_hal_pcd.c ****       case HAL_PCD_SUSPEND_CB_ID :
 464:Drivers/STM32F1xx_HAL_Driver/Src/stm32f1xx_hal_pcd.c ****         hpcd->SuspendCallback = HAL_PCD_SuspendCallback;
 465:Drivers/STM32F1xx_HAL_Driver/Src/stm32f1xx_hal_pcd.c ****         break;
 466:Drivers/STM32F1xx_HAL_Driver/Src/stm32f1xx_hal_pcd.c **** 
 467:Drivers/STM32F1xx_HAL_Driver/Src/stm32f1xx_hal_pcd.c ****       case HAL_PCD_RESUME_CB_ID :
 468:Drivers/STM32F1xx_HAL_Driver/Src/stm32f1xx_hal_pcd.c ****         hpcd->ResumeCallback = HAL_PCD_ResumeCallback;
 469:Drivers/STM32F1xx_HAL_Driver/Src/stm32f1xx_hal_pcd.c ****         break;
 470:Drivers/STM32F1xx_HAL_Driver/Src/stm32f1xx_hal_pcd.c **** 
 471:Drivers/STM32F1xx_HAL_Driver/Src/stm32f1xx_hal_pcd.c ****       case HAL_PCD_CONNECT_CB_ID :
 472:Drivers/STM32F1xx_HAL_Driver/Src/stm32f1xx_hal_pcd.c ****         hpcd->ConnectCallback = HAL_PCD_ConnectCallback;
 473:Drivers/STM32F1xx_HAL_Driver/Src/stm32f1xx_hal_pcd.c ****         break;
 474:Drivers/STM32F1xx_HAL_Driver/Src/stm32f1xx_hal_pcd.c **** 
 475:Drivers/STM32F1xx_HAL_Driver/Src/stm32f1xx_hal_pcd.c ****       case HAL_PCD_DISCONNECT_CB_ID :
 476:Drivers/STM32F1xx_HAL_Driver/Src/stm32f1xx_hal_pcd.c ****         hpcd->DisconnectCallback = HAL_PCD_DisconnectCallback;
 477:Drivers/STM32F1xx_HAL_Driver/Src/stm32f1xx_hal_pcd.c ****         break;
 478:Drivers/STM32F1xx_HAL_Driver/Src/stm32f1xx_hal_pcd.c **** 
 479:Drivers/STM32F1xx_HAL_Driver/Src/stm32f1xx_hal_pcd.c ****       case HAL_PCD_MSPINIT_CB_ID :
 480:Drivers/STM32F1xx_HAL_Driver/Src/stm32f1xx_hal_pcd.c ****         hpcd->MspInitCallback = HAL_PCD_MspInit;
 481:Drivers/STM32F1xx_HAL_Driver/Src/stm32f1xx_hal_pcd.c ****         break;
 482:Drivers/STM32F1xx_HAL_Driver/Src/stm32f1xx_hal_pcd.c **** 
 483:Drivers/STM32F1xx_HAL_Driver/Src/stm32f1xx_hal_pcd.c ****       case HAL_PCD_MSPDEINIT_CB_ID :
 484:Drivers/STM32F1xx_HAL_Driver/Src/stm32f1xx_hal_pcd.c ****         hpcd->MspDeInitCallback = HAL_PCD_MspDeInit;
 485:Drivers/STM32F1xx_HAL_Driver/Src/stm32f1xx_hal_pcd.c ****         break;
 486:Drivers/STM32F1xx_HAL_Driver/Src/stm32f1xx_hal_pcd.c **** 
 487:Drivers/STM32F1xx_HAL_Driver/Src/stm32f1xx_hal_pcd.c ****       default :
 488:Drivers/STM32F1xx_HAL_Driver/Src/stm32f1xx_hal_pcd.c ****         /* Update the error code */
 489:Drivers/STM32F1xx_HAL_Driver/Src/stm32f1xx_hal_pcd.c ****         hpcd->ErrorCode |= HAL_PCD_ERROR_INVALID_CALLBACK;
 490:Drivers/STM32F1xx_HAL_Driver/Src/stm32f1xx_hal_pcd.c **** 
 491:Drivers/STM32F1xx_HAL_Driver/Src/stm32f1xx_hal_pcd.c ****         /* Return error status */
 492:Drivers/STM32F1xx_HAL_Driver/Src/stm32f1xx_hal_pcd.c ****         status =  HAL_ERROR;
 493:Drivers/STM32F1xx_HAL_Driver/Src/stm32f1xx_hal_pcd.c ****         break;
 494:Drivers/STM32F1xx_HAL_Driver/Src/stm32f1xx_hal_pcd.c ****     }
 495:Drivers/STM32F1xx_HAL_Driver/Src/stm32f1xx_hal_pcd.c ****   }
 496:Drivers/STM32F1xx_HAL_Driver/Src/stm32f1xx_hal_pcd.c ****   else if (hpcd->State == HAL_PCD_STATE_RESET)
 497:Drivers/STM32F1xx_HAL_Driver/Src/stm32f1xx_hal_pcd.c ****   {
 498:Drivers/STM32F1xx_HAL_Driver/Src/stm32f1xx_hal_pcd.c ****     switch (CallbackID)
 499:Drivers/STM32F1xx_HAL_Driver/Src/stm32f1xx_hal_pcd.c ****     {
 500:Drivers/STM32F1xx_HAL_Driver/Src/stm32f1xx_hal_pcd.c ****       case HAL_PCD_MSPINIT_CB_ID :
 501:Drivers/STM32F1xx_HAL_Driver/Src/stm32f1xx_hal_pcd.c ****         hpcd->MspInitCallback = HAL_PCD_MspInit;
 502:Drivers/STM32F1xx_HAL_Driver/Src/stm32f1xx_hal_pcd.c ****         break;
 503:Drivers/STM32F1xx_HAL_Driver/Src/stm32f1xx_hal_pcd.c **** 
 504:Drivers/STM32F1xx_HAL_Driver/Src/stm32f1xx_hal_pcd.c ****       case HAL_PCD_MSPDEINIT_CB_ID :
 505:Drivers/STM32F1xx_HAL_Driver/Src/stm32f1xx_hal_pcd.c ****         hpcd->MspDeInitCallback = HAL_PCD_MspDeInit;
 506:Drivers/STM32F1xx_HAL_Driver/Src/stm32f1xx_hal_pcd.c ****         break;
 507:Drivers/STM32F1xx_HAL_Driver/Src/stm32f1xx_hal_pcd.c **** 
 508:Drivers/STM32F1xx_HAL_Driver/Src/stm32f1xx_hal_pcd.c ****       default :
 509:Drivers/STM32F1xx_HAL_Driver/Src/stm32f1xx_hal_pcd.c ****         /* Update the error code */
 510:Drivers/STM32F1xx_HAL_Driver/Src/stm32f1xx_hal_pcd.c ****         hpcd->ErrorCode |= HAL_PCD_ERROR_INVALID_CALLBACK;
 511:Drivers/STM32F1xx_HAL_Driver/Src/stm32f1xx_hal_pcd.c **** 
 512:Drivers/STM32F1xx_HAL_Driver/Src/stm32f1xx_hal_pcd.c ****         /* Return error status */
 513:Drivers/STM32F1xx_HAL_Driver/Src/stm32f1xx_hal_pcd.c ****         status =  HAL_ERROR;
 514:Drivers/STM32F1xx_HAL_Driver/Src/stm32f1xx_hal_pcd.c ****         break;
 515:Drivers/STM32F1xx_HAL_Driver/Src/stm32f1xx_hal_pcd.c ****     }
ARM GAS  /var/folders/xf/tcndk8390ml5xdpfw93qkhpm0000gn/T//cceFQQPk.s 			page 19


 516:Drivers/STM32F1xx_HAL_Driver/Src/stm32f1xx_hal_pcd.c ****   }
 517:Drivers/STM32F1xx_HAL_Driver/Src/stm32f1xx_hal_pcd.c ****   else
 518:Drivers/STM32F1xx_HAL_Driver/Src/stm32f1xx_hal_pcd.c ****   {
 519:Drivers/STM32F1xx_HAL_Driver/Src/stm32f1xx_hal_pcd.c ****     /* Update the error code */
 520:Drivers/STM32F1xx_HAL_Driver/Src/stm32f1xx_hal_pcd.c ****     hpcd->ErrorCode |= HAL_PCD_ERROR_INVALID_CALLBACK;
 521:Drivers/STM32F1xx_HAL_Driver/Src/stm32f1xx_hal_pcd.c **** 
 522:Drivers/STM32F1xx_HAL_Driver/Src/stm32f1xx_hal_pcd.c ****     /* Return error status */
 523:Drivers/STM32F1xx_HAL_Driver/Src/stm32f1xx_hal_pcd.c ****     status =  HAL_ERROR;
 524:Drivers/STM32F1xx_HAL_Driver/Src/stm32f1xx_hal_pcd.c ****   }
 525:Drivers/STM32F1xx_HAL_Driver/Src/stm32f1xx_hal_pcd.c **** 
 526:Drivers/STM32F1xx_HAL_Driver/Src/stm32f1xx_hal_pcd.c ****   /* Release Lock */
 527:Drivers/STM32F1xx_HAL_Driver/Src/stm32f1xx_hal_pcd.c ****   __HAL_UNLOCK(hpcd);
 528:Drivers/STM32F1xx_HAL_Driver/Src/stm32f1xx_hal_pcd.c ****   return status;
 529:Drivers/STM32F1xx_HAL_Driver/Src/stm32f1xx_hal_pcd.c **** }
 530:Drivers/STM32F1xx_HAL_Driver/Src/stm32f1xx_hal_pcd.c **** 
 531:Drivers/STM32F1xx_HAL_Driver/Src/stm32f1xx_hal_pcd.c **** /**
 532:Drivers/STM32F1xx_HAL_Driver/Src/stm32f1xx_hal_pcd.c ****   * @brief  Register USB PCD Data OUT Stage Callback
 533:Drivers/STM32F1xx_HAL_Driver/Src/stm32f1xx_hal_pcd.c ****   *         To be used instead of the weak HAL_PCD_DataOutStageCallback() predefined callback
 534:Drivers/STM32F1xx_HAL_Driver/Src/stm32f1xx_hal_pcd.c ****   * @param  hpcd PCD handle
 535:Drivers/STM32F1xx_HAL_Driver/Src/stm32f1xx_hal_pcd.c ****   * @param  pCallback pointer to the USB PCD Data OUT Stage Callback function
 536:Drivers/STM32F1xx_HAL_Driver/Src/stm32f1xx_hal_pcd.c ****   * @retval HAL status
 537:Drivers/STM32F1xx_HAL_Driver/Src/stm32f1xx_hal_pcd.c ****   */
 538:Drivers/STM32F1xx_HAL_Driver/Src/stm32f1xx_hal_pcd.c **** HAL_StatusTypeDef HAL_PCD_RegisterDataOutStageCallback(PCD_HandleTypeDef *hpcd,
 539:Drivers/STM32F1xx_HAL_Driver/Src/stm32f1xx_hal_pcd.c ****                                                        pPCD_DataOutStageCallbackTypeDef pCallback)
 540:Drivers/STM32F1xx_HAL_Driver/Src/stm32f1xx_hal_pcd.c **** {
 541:Drivers/STM32F1xx_HAL_Driver/Src/stm32f1xx_hal_pcd.c ****   HAL_StatusTypeDef status = HAL_OK;
 542:Drivers/STM32F1xx_HAL_Driver/Src/stm32f1xx_hal_pcd.c **** 
 543:Drivers/STM32F1xx_HAL_Driver/Src/stm32f1xx_hal_pcd.c ****   if (pCallback == NULL)
 544:Drivers/STM32F1xx_HAL_Driver/Src/stm32f1xx_hal_pcd.c ****   {
 545:Drivers/STM32F1xx_HAL_Driver/Src/stm32f1xx_hal_pcd.c ****     /* Update the error code */
 546:Drivers/STM32F1xx_HAL_Driver/Src/stm32f1xx_hal_pcd.c ****     hpcd->ErrorCode |= HAL_PCD_ERROR_INVALID_CALLBACK;
 547:Drivers/STM32F1xx_HAL_Driver/Src/stm32f1xx_hal_pcd.c **** 
 548:Drivers/STM32F1xx_HAL_Driver/Src/stm32f1xx_hal_pcd.c ****     return HAL_ERROR;
 549:Drivers/STM32F1xx_HAL_Driver/Src/stm32f1xx_hal_pcd.c ****   }
 550:Drivers/STM32F1xx_HAL_Driver/Src/stm32f1xx_hal_pcd.c **** 
 551:Drivers/STM32F1xx_HAL_Driver/Src/stm32f1xx_hal_pcd.c ****   /* Process locked */
 552:Drivers/STM32F1xx_HAL_Driver/Src/stm32f1xx_hal_pcd.c ****   __HAL_LOCK(hpcd);
 553:Drivers/STM32F1xx_HAL_Driver/Src/stm32f1xx_hal_pcd.c **** 
 554:Drivers/STM32F1xx_HAL_Driver/Src/stm32f1xx_hal_pcd.c ****   if (hpcd->State == HAL_PCD_STATE_READY)
 555:Drivers/STM32F1xx_HAL_Driver/Src/stm32f1xx_hal_pcd.c ****   {
 556:Drivers/STM32F1xx_HAL_Driver/Src/stm32f1xx_hal_pcd.c ****     hpcd->DataOutStageCallback = pCallback;
 557:Drivers/STM32F1xx_HAL_Driver/Src/stm32f1xx_hal_pcd.c ****   }
 558:Drivers/STM32F1xx_HAL_Driver/Src/stm32f1xx_hal_pcd.c ****   else
 559:Drivers/STM32F1xx_HAL_Driver/Src/stm32f1xx_hal_pcd.c ****   {
 560:Drivers/STM32F1xx_HAL_Driver/Src/stm32f1xx_hal_pcd.c ****     /* Update the error code */
 561:Drivers/STM32F1xx_HAL_Driver/Src/stm32f1xx_hal_pcd.c ****     hpcd->ErrorCode |= HAL_PCD_ERROR_INVALID_CALLBACK;
 562:Drivers/STM32F1xx_HAL_Driver/Src/stm32f1xx_hal_pcd.c **** 
 563:Drivers/STM32F1xx_HAL_Driver/Src/stm32f1xx_hal_pcd.c ****     /* Return error status */
 564:Drivers/STM32F1xx_HAL_Driver/Src/stm32f1xx_hal_pcd.c ****     status =  HAL_ERROR;
 565:Drivers/STM32F1xx_HAL_Driver/Src/stm32f1xx_hal_pcd.c ****   }
 566:Drivers/STM32F1xx_HAL_Driver/Src/stm32f1xx_hal_pcd.c **** 
 567:Drivers/STM32F1xx_HAL_Driver/Src/stm32f1xx_hal_pcd.c ****   /* Release Lock */
 568:Drivers/STM32F1xx_HAL_Driver/Src/stm32f1xx_hal_pcd.c ****   __HAL_UNLOCK(hpcd);
 569:Drivers/STM32F1xx_HAL_Driver/Src/stm32f1xx_hal_pcd.c **** 
 570:Drivers/STM32F1xx_HAL_Driver/Src/stm32f1xx_hal_pcd.c ****   return status;
 571:Drivers/STM32F1xx_HAL_Driver/Src/stm32f1xx_hal_pcd.c **** }
 572:Drivers/STM32F1xx_HAL_Driver/Src/stm32f1xx_hal_pcd.c **** 
ARM GAS  /var/folders/xf/tcndk8390ml5xdpfw93qkhpm0000gn/T//cceFQQPk.s 			page 20


 573:Drivers/STM32F1xx_HAL_Driver/Src/stm32f1xx_hal_pcd.c **** /**
 574:Drivers/STM32F1xx_HAL_Driver/Src/stm32f1xx_hal_pcd.c ****   * @brief  Unregister the USB PCD Data OUT Stage Callback
 575:Drivers/STM32F1xx_HAL_Driver/Src/stm32f1xx_hal_pcd.c ****   *         USB PCD Data OUT Stage Callback is redirected to the weak HAL_PCD_DataOutStageCallback(
 576:Drivers/STM32F1xx_HAL_Driver/Src/stm32f1xx_hal_pcd.c ****   * @param  hpcd PCD handle
 577:Drivers/STM32F1xx_HAL_Driver/Src/stm32f1xx_hal_pcd.c ****   * @retval HAL status
 578:Drivers/STM32F1xx_HAL_Driver/Src/stm32f1xx_hal_pcd.c ****   */
 579:Drivers/STM32F1xx_HAL_Driver/Src/stm32f1xx_hal_pcd.c **** HAL_StatusTypeDef HAL_PCD_UnRegisterDataOutStageCallback(PCD_HandleTypeDef *hpcd)
 580:Drivers/STM32F1xx_HAL_Driver/Src/stm32f1xx_hal_pcd.c **** {
 581:Drivers/STM32F1xx_HAL_Driver/Src/stm32f1xx_hal_pcd.c ****   HAL_StatusTypeDef status = HAL_OK;
 582:Drivers/STM32F1xx_HAL_Driver/Src/stm32f1xx_hal_pcd.c **** 
 583:Drivers/STM32F1xx_HAL_Driver/Src/stm32f1xx_hal_pcd.c ****   /* Process locked */
 584:Drivers/STM32F1xx_HAL_Driver/Src/stm32f1xx_hal_pcd.c ****   __HAL_LOCK(hpcd);
 585:Drivers/STM32F1xx_HAL_Driver/Src/stm32f1xx_hal_pcd.c **** 
 586:Drivers/STM32F1xx_HAL_Driver/Src/stm32f1xx_hal_pcd.c ****   if (hpcd->State == HAL_PCD_STATE_READY)
 587:Drivers/STM32F1xx_HAL_Driver/Src/stm32f1xx_hal_pcd.c ****   {
 588:Drivers/STM32F1xx_HAL_Driver/Src/stm32f1xx_hal_pcd.c ****     hpcd->DataOutStageCallback = HAL_PCD_DataOutStageCallback; /* Legacy weak DataOutStageCallback 
 589:Drivers/STM32F1xx_HAL_Driver/Src/stm32f1xx_hal_pcd.c ****   }
 590:Drivers/STM32F1xx_HAL_Driver/Src/stm32f1xx_hal_pcd.c ****   else
 591:Drivers/STM32F1xx_HAL_Driver/Src/stm32f1xx_hal_pcd.c ****   {
 592:Drivers/STM32F1xx_HAL_Driver/Src/stm32f1xx_hal_pcd.c ****     /* Update the error code */
 593:Drivers/STM32F1xx_HAL_Driver/Src/stm32f1xx_hal_pcd.c ****     hpcd->ErrorCode |= HAL_PCD_ERROR_INVALID_CALLBACK;
 594:Drivers/STM32F1xx_HAL_Driver/Src/stm32f1xx_hal_pcd.c **** 
 595:Drivers/STM32F1xx_HAL_Driver/Src/stm32f1xx_hal_pcd.c ****     /* Return error status */
 596:Drivers/STM32F1xx_HAL_Driver/Src/stm32f1xx_hal_pcd.c ****     status =  HAL_ERROR;
 597:Drivers/STM32F1xx_HAL_Driver/Src/stm32f1xx_hal_pcd.c ****   }
 598:Drivers/STM32F1xx_HAL_Driver/Src/stm32f1xx_hal_pcd.c **** 
 599:Drivers/STM32F1xx_HAL_Driver/Src/stm32f1xx_hal_pcd.c ****   /* Release Lock */
 600:Drivers/STM32F1xx_HAL_Driver/Src/stm32f1xx_hal_pcd.c ****   __HAL_UNLOCK(hpcd);
 601:Drivers/STM32F1xx_HAL_Driver/Src/stm32f1xx_hal_pcd.c **** 
 602:Drivers/STM32F1xx_HAL_Driver/Src/stm32f1xx_hal_pcd.c ****   return status;
 603:Drivers/STM32F1xx_HAL_Driver/Src/stm32f1xx_hal_pcd.c **** }
 604:Drivers/STM32F1xx_HAL_Driver/Src/stm32f1xx_hal_pcd.c **** 
 605:Drivers/STM32F1xx_HAL_Driver/Src/stm32f1xx_hal_pcd.c **** /**
 606:Drivers/STM32F1xx_HAL_Driver/Src/stm32f1xx_hal_pcd.c ****   * @brief  Register USB PCD Data IN Stage Callback
 607:Drivers/STM32F1xx_HAL_Driver/Src/stm32f1xx_hal_pcd.c ****   *         To be used instead of the weak HAL_PCD_DataInStageCallback() predefined callback
 608:Drivers/STM32F1xx_HAL_Driver/Src/stm32f1xx_hal_pcd.c ****   * @param  hpcd PCD handle
 609:Drivers/STM32F1xx_HAL_Driver/Src/stm32f1xx_hal_pcd.c ****   * @param  pCallback pointer to the USB PCD Data IN Stage Callback function
 610:Drivers/STM32F1xx_HAL_Driver/Src/stm32f1xx_hal_pcd.c ****   * @retval HAL status
 611:Drivers/STM32F1xx_HAL_Driver/Src/stm32f1xx_hal_pcd.c ****   */
 612:Drivers/STM32F1xx_HAL_Driver/Src/stm32f1xx_hal_pcd.c **** HAL_StatusTypeDef HAL_PCD_RegisterDataInStageCallback(PCD_HandleTypeDef *hpcd,
 613:Drivers/STM32F1xx_HAL_Driver/Src/stm32f1xx_hal_pcd.c ****                                                       pPCD_DataInStageCallbackTypeDef pCallback)
 614:Drivers/STM32F1xx_HAL_Driver/Src/stm32f1xx_hal_pcd.c **** {
 615:Drivers/STM32F1xx_HAL_Driver/Src/stm32f1xx_hal_pcd.c ****   HAL_StatusTypeDef status = HAL_OK;
 616:Drivers/STM32F1xx_HAL_Driver/Src/stm32f1xx_hal_pcd.c **** 
 617:Drivers/STM32F1xx_HAL_Driver/Src/stm32f1xx_hal_pcd.c ****   if (pCallback == NULL)
 618:Drivers/STM32F1xx_HAL_Driver/Src/stm32f1xx_hal_pcd.c ****   {
 619:Drivers/STM32F1xx_HAL_Driver/Src/stm32f1xx_hal_pcd.c ****     /* Update the error code */
 620:Drivers/STM32F1xx_HAL_Driver/Src/stm32f1xx_hal_pcd.c ****     hpcd->ErrorCode |= HAL_PCD_ERROR_INVALID_CALLBACK;
 621:Drivers/STM32F1xx_HAL_Driver/Src/stm32f1xx_hal_pcd.c **** 
 622:Drivers/STM32F1xx_HAL_Driver/Src/stm32f1xx_hal_pcd.c ****     return HAL_ERROR;
 623:Drivers/STM32F1xx_HAL_Driver/Src/stm32f1xx_hal_pcd.c ****   }
 624:Drivers/STM32F1xx_HAL_Driver/Src/stm32f1xx_hal_pcd.c **** 
 625:Drivers/STM32F1xx_HAL_Driver/Src/stm32f1xx_hal_pcd.c ****   /* Process locked */
 626:Drivers/STM32F1xx_HAL_Driver/Src/stm32f1xx_hal_pcd.c ****   __HAL_LOCK(hpcd);
 627:Drivers/STM32F1xx_HAL_Driver/Src/stm32f1xx_hal_pcd.c **** 
 628:Drivers/STM32F1xx_HAL_Driver/Src/stm32f1xx_hal_pcd.c ****   if (hpcd->State == HAL_PCD_STATE_READY)
 629:Drivers/STM32F1xx_HAL_Driver/Src/stm32f1xx_hal_pcd.c ****   {
ARM GAS  /var/folders/xf/tcndk8390ml5xdpfw93qkhpm0000gn/T//cceFQQPk.s 			page 21


 630:Drivers/STM32F1xx_HAL_Driver/Src/stm32f1xx_hal_pcd.c ****     hpcd->DataInStageCallback = pCallback;
 631:Drivers/STM32F1xx_HAL_Driver/Src/stm32f1xx_hal_pcd.c ****   }
 632:Drivers/STM32F1xx_HAL_Driver/Src/stm32f1xx_hal_pcd.c ****   else
 633:Drivers/STM32F1xx_HAL_Driver/Src/stm32f1xx_hal_pcd.c ****   {
 634:Drivers/STM32F1xx_HAL_Driver/Src/stm32f1xx_hal_pcd.c ****     /* Update the error code */
 635:Drivers/STM32F1xx_HAL_Driver/Src/stm32f1xx_hal_pcd.c ****     hpcd->ErrorCode |= HAL_PCD_ERROR_INVALID_CALLBACK;
 636:Drivers/STM32F1xx_HAL_Driver/Src/stm32f1xx_hal_pcd.c **** 
 637:Drivers/STM32F1xx_HAL_Driver/Src/stm32f1xx_hal_pcd.c ****     /* Return error status */
 638:Drivers/STM32F1xx_HAL_Driver/Src/stm32f1xx_hal_pcd.c ****     status =  HAL_ERROR;
 639:Drivers/STM32F1xx_HAL_Driver/Src/stm32f1xx_hal_pcd.c ****   }
 640:Drivers/STM32F1xx_HAL_Driver/Src/stm32f1xx_hal_pcd.c **** 
 641:Drivers/STM32F1xx_HAL_Driver/Src/stm32f1xx_hal_pcd.c ****   /* Release Lock */
 642:Drivers/STM32F1xx_HAL_Driver/Src/stm32f1xx_hal_pcd.c ****   __HAL_UNLOCK(hpcd);
 643:Drivers/STM32F1xx_HAL_Driver/Src/stm32f1xx_hal_pcd.c **** 
 644:Drivers/STM32F1xx_HAL_Driver/Src/stm32f1xx_hal_pcd.c ****   return status;
 645:Drivers/STM32F1xx_HAL_Driver/Src/stm32f1xx_hal_pcd.c **** }
 646:Drivers/STM32F1xx_HAL_Driver/Src/stm32f1xx_hal_pcd.c **** 
 647:Drivers/STM32F1xx_HAL_Driver/Src/stm32f1xx_hal_pcd.c **** /**
 648:Drivers/STM32F1xx_HAL_Driver/Src/stm32f1xx_hal_pcd.c ****   * @brief  Unregister the USB PCD Data IN Stage Callback
 649:Drivers/STM32F1xx_HAL_Driver/Src/stm32f1xx_hal_pcd.c ****   *         USB PCD Data OUT Stage Callback is redirected to the weak HAL_PCD_DataInStageCallback()
 650:Drivers/STM32F1xx_HAL_Driver/Src/stm32f1xx_hal_pcd.c ****   * @param  hpcd PCD handle
 651:Drivers/STM32F1xx_HAL_Driver/Src/stm32f1xx_hal_pcd.c ****   * @retval HAL status
 652:Drivers/STM32F1xx_HAL_Driver/Src/stm32f1xx_hal_pcd.c ****   */
 653:Drivers/STM32F1xx_HAL_Driver/Src/stm32f1xx_hal_pcd.c **** HAL_StatusTypeDef HAL_PCD_UnRegisterDataInStageCallback(PCD_HandleTypeDef *hpcd)
 654:Drivers/STM32F1xx_HAL_Driver/Src/stm32f1xx_hal_pcd.c **** {
 655:Drivers/STM32F1xx_HAL_Driver/Src/stm32f1xx_hal_pcd.c ****   HAL_StatusTypeDef status = HAL_OK;
 656:Drivers/STM32F1xx_HAL_Driver/Src/stm32f1xx_hal_pcd.c **** 
 657:Drivers/STM32F1xx_HAL_Driver/Src/stm32f1xx_hal_pcd.c ****   /* Process locked */
 658:Drivers/STM32F1xx_HAL_Driver/Src/stm32f1xx_hal_pcd.c ****   __HAL_LOCK(hpcd);
 659:Drivers/STM32F1xx_HAL_Driver/Src/stm32f1xx_hal_pcd.c **** 
 660:Drivers/STM32F1xx_HAL_Driver/Src/stm32f1xx_hal_pcd.c ****   if (hpcd->State == HAL_PCD_STATE_READY)
 661:Drivers/STM32F1xx_HAL_Driver/Src/stm32f1xx_hal_pcd.c ****   {
 662:Drivers/STM32F1xx_HAL_Driver/Src/stm32f1xx_hal_pcd.c ****     hpcd->DataInStageCallback = HAL_PCD_DataInStageCallback; /* Legacy weak DataInStageCallback  */
 663:Drivers/STM32F1xx_HAL_Driver/Src/stm32f1xx_hal_pcd.c ****   }
 664:Drivers/STM32F1xx_HAL_Driver/Src/stm32f1xx_hal_pcd.c ****   else
 665:Drivers/STM32F1xx_HAL_Driver/Src/stm32f1xx_hal_pcd.c ****   {
 666:Drivers/STM32F1xx_HAL_Driver/Src/stm32f1xx_hal_pcd.c ****     /* Update the error code */
 667:Drivers/STM32F1xx_HAL_Driver/Src/stm32f1xx_hal_pcd.c ****     hpcd->ErrorCode |= HAL_PCD_ERROR_INVALID_CALLBACK;
 668:Drivers/STM32F1xx_HAL_Driver/Src/stm32f1xx_hal_pcd.c **** 
 669:Drivers/STM32F1xx_HAL_Driver/Src/stm32f1xx_hal_pcd.c ****     /* Return error status */
 670:Drivers/STM32F1xx_HAL_Driver/Src/stm32f1xx_hal_pcd.c ****     status =  HAL_ERROR;
 671:Drivers/STM32F1xx_HAL_Driver/Src/stm32f1xx_hal_pcd.c ****   }
 672:Drivers/STM32F1xx_HAL_Driver/Src/stm32f1xx_hal_pcd.c **** 
 673:Drivers/STM32F1xx_HAL_Driver/Src/stm32f1xx_hal_pcd.c ****   /* Release Lock */
 674:Drivers/STM32F1xx_HAL_Driver/Src/stm32f1xx_hal_pcd.c ****   __HAL_UNLOCK(hpcd);
 675:Drivers/STM32F1xx_HAL_Driver/Src/stm32f1xx_hal_pcd.c **** 
 676:Drivers/STM32F1xx_HAL_Driver/Src/stm32f1xx_hal_pcd.c ****   return status;
 677:Drivers/STM32F1xx_HAL_Driver/Src/stm32f1xx_hal_pcd.c **** }
 678:Drivers/STM32F1xx_HAL_Driver/Src/stm32f1xx_hal_pcd.c **** 
 679:Drivers/STM32F1xx_HAL_Driver/Src/stm32f1xx_hal_pcd.c **** /**
 680:Drivers/STM32F1xx_HAL_Driver/Src/stm32f1xx_hal_pcd.c ****   * @brief  Register USB PCD Iso OUT incomplete Callback
 681:Drivers/STM32F1xx_HAL_Driver/Src/stm32f1xx_hal_pcd.c ****   *         To be used instead of the weak HAL_PCD_ISOOUTIncompleteCallback() predefined callback
 682:Drivers/STM32F1xx_HAL_Driver/Src/stm32f1xx_hal_pcd.c ****   * @param  hpcd PCD handle
 683:Drivers/STM32F1xx_HAL_Driver/Src/stm32f1xx_hal_pcd.c ****   * @param  pCallback pointer to the USB PCD Iso OUT incomplete Callback function
 684:Drivers/STM32F1xx_HAL_Driver/Src/stm32f1xx_hal_pcd.c ****   * @retval HAL status
 685:Drivers/STM32F1xx_HAL_Driver/Src/stm32f1xx_hal_pcd.c ****   */
 686:Drivers/STM32F1xx_HAL_Driver/Src/stm32f1xx_hal_pcd.c **** HAL_StatusTypeDef HAL_PCD_RegisterIsoOutIncpltCallback(PCD_HandleTypeDef *hpcd,
ARM GAS  /var/folders/xf/tcndk8390ml5xdpfw93qkhpm0000gn/T//cceFQQPk.s 			page 22


 687:Drivers/STM32F1xx_HAL_Driver/Src/stm32f1xx_hal_pcd.c ****                                                        pPCD_IsoOutIncpltCallbackTypeDef pCallback)
 688:Drivers/STM32F1xx_HAL_Driver/Src/stm32f1xx_hal_pcd.c **** {
 689:Drivers/STM32F1xx_HAL_Driver/Src/stm32f1xx_hal_pcd.c ****   HAL_StatusTypeDef status = HAL_OK;
 690:Drivers/STM32F1xx_HAL_Driver/Src/stm32f1xx_hal_pcd.c **** 
 691:Drivers/STM32F1xx_HAL_Driver/Src/stm32f1xx_hal_pcd.c ****   if (pCallback == NULL)
 692:Drivers/STM32F1xx_HAL_Driver/Src/stm32f1xx_hal_pcd.c ****   {
 693:Drivers/STM32F1xx_HAL_Driver/Src/stm32f1xx_hal_pcd.c ****     /* Update the error code */
 694:Drivers/STM32F1xx_HAL_Driver/Src/stm32f1xx_hal_pcd.c ****     hpcd->ErrorCode |= HAL_PCD_ERROR_INVALID_CALLBACK;
 695:Drivers/STM32F1xx_HAL_Driver/Src/stm32f1xx_hal_pcd.c **** 
 696:Drivers/STM32F1xx_HAL_Driver/Src/stm32f1xx_hal_pcd.c ****     return HAL_ERROR;
 697:Drivers/STM32F1xx_HAL_Driver/Src/stm32f1xx_hal_pcd.c ****   }
 698:Drivers/STM32F1xx_HAL_Driver/Src/stm32f1xx_hal_pcd.c **** 
 699:Drivers/STM32F1xx_HAL_Driver/Src/stm32f1xx_hal_pcd.c ****   /* Process locked */
 700:Drivers/STM32F1xx_HAL_Driver/Src/stm32f1xx_hal_pcd.c ****   __HAL_LOCK(hpcd);
 701:Drivers/STM32F1xx_HAL_Driver/Src/stm32f1xx_hal_pcd.c **** 
 702:Drivers/STM32F1xx_HAL_Driver/Src/stm32f1xx_hal_pcd.c ****   if (hpcd->State == HAL_PCD_STATE_READY)
 703:Drivers/STM32F1xx_HAL_Driver/Src/stm32f1xx_hal_pcd.c ****   {
 704:Drivers/STM32F1xx_HAL_Driver/Src/stm32f1xx_hal_pcd.c ****     hpcd->ISOOUTIncompleteCallback = pCallback;
 705:Drivers/STM32F1xx_HAL_Driver/Src/stm32f1xx_hal_pcd.c ****   }
 706:Drivers/STM32F1xx_HAL_Driver/Src/stm32f1xx_hal_pcd.c ****   else
 707:Drivers/STM32F1xx_HAL_Driver/Src/stm32f1xx_hal_pcd.c ****   {
 708:Drivers/STM32F1xx_HAL_Driver/Src/stm32f1xx_hal_pcd.c ****     /* Update the error code */
 709:Drivers/STM32F1xx_HAL_Driver/Src/stm32f1xx_hal_pcd.c ****     hpcd->ErrorCode |= HAL_PCD_ERROR_INVALID_CALLBACK;
 710:Drivers/STM32F1xx_HAL_Driver/Src/stm32f1xx_hal_pcd.c **** 
 711:Drivers/STM32F1xx_HAL_Driver/Src/stm32f1xx_hal_pcd.c ****     /* Return error status */
 712:Drivers/STM32F1xx_HAL_Driver/Src/stm32f1xx_hal_pcd.c ****     status =  HAL_ERROR;
 713:Drivers/STM32F1xx_HAL_Driver/Src/stm32f1xx_hal_pcd.c ****   }
 714:Drivers/STM32F1xx_HAL_Driver/Src/stm32f1xx_hal_pcd.c **** 
 715:Drivers/STM32F1xx_HAL_Driver/Src/stm32f1xx_hal_pcd.c ****   /* Release Lock */
 716:Drivers/STM32F1xx_HAL_Driver/Src/stm32f1xx_hal_pcd.c ****   __HAL_UNLOCK(hpcd);
 717:Drivers/STM32F1xx_HAL_Driver/Src/stm32f1xx_hal_pcd.c **** 
 718:Drivers/STM32F1xx_HAL_Driver/Src/stm32f1xx_hal_pcd.c ****   return status;
 719:Drivers/STM32F1xx_HAL_Driver/Src/stm32f1xx_hal_pcd.c **** }
 720:Drivers/STM32F1xx_HAL_Driver/Src/stm32f1xx_hal_pcd.c **** 
 721:Drivers/STM32F1xx_HAL_Driver/Src/stm32f1xx_hal_pcd.c **** /**
 722:Drivers/STM32F1xx_HAL_Driver/Src/stm32f1xx_hal_pcd.c ****   * @brief  Unregister the USB PCD Iso OUT incomplete Callback
 723:Drivers/STM32F1xx_HAL_Driver/Src/stm32f1xx_hal_pcd.c ****   *         USB PCD Iso OUT incomplete Callback is redirected
 724:Drivers/STM32F1xx_HAL_Driver/Src/stm32f1xx_hal_pcd.c ****   *         to the weak HAL_PCD_ISOOUTIncompleteCallback() predefined callback
 725:Drivers/STM32F1xx_HAL_Driver/Src/stm32f1xx_hal_pcd.c ****   * @param  hpcd PCD handle
 726:Drivers/STM32F1xx_HAL_Driver/Src/stm32f1xx_hal_pcd.c ****   * @retval HAL status
 727:Drivers/STM32F1xx_HAL_Driver/Src/stm32f1xx_hal_pcd.c ****   */
 728:Drivers/STM32F1xx_HAL_Driver/Src/stm32f1xx_hal_pcd.c **** HAL_StatusTypeDef HAL_PCD_UnRegisterIsoOutIncpltCallback(PCD_HandleTypeDef *hpcd)
 729:Drivers/STM32F1xx_HAL_Driver/Src/stm32f1xx_hal_pcd.c **** {
 730:Drivers/STM32F1xx_HAL_Driver/Src/stm32f1xx_hal_pcd.c ****   HAL_StatusTypeDef status = HAL_OK;
 731:Drivers/STM32F1xx_HAL_Driver/Src/stm32f1xx_hal_pcd.c **** 
 732:Drivers/STM32F1xx_HAL_Driver/Src/stm32f1xx_hal_pcd.c ****   /* Process locked */
 733:Drivers/STM32F1xx_HAL_Driver/Src/stm32f1xx_hal_pcd.c ****   __HAL_LOCK(hpcd);
 734:Drivers/STM32F1xx_HAL_Driver/Src/stm32f1xx_hal_pcd.c **** 
 735:Drivers/STM32F1xx_HAL_Driver/Src/stm32f1xx_hal_pcd.c ****   if (hpcd->State == HAL_PCD_STATE_READY)
 736:Drivers/STM32F1xx_HAL_Driver/Src/stm32f1xx_hal_pcd.c ****   {
 737:Drivers/STM32F1xx_HAL_Driver/Src/stm32f1xx_hal_pcd.c ****     hpcd->ISOOUTIncompleteCallback = HAL_PCD_ISOOUTIncompleteCallback; /* Legacy weak ISOOUTIncompl
 738:Drivers/STM32F1xx_HAL_Driver/Src/stm32f1xx_hal_pcd.c ****   }
 739:Drivers/STM32F1xx_HAL_Driver/Src/stm32f1xx_hal_pcd.c ****   else
 740:Drivers/STM32F1xx_HAL_Driver/Src/stm32f1xx_hal_pcd.c ****   {
 741:Drivers/STM32F1xx_HAL_Driver/Src/stm32f1xx_hal_pcd.c ****     /* Update the error code */
 742:Drivers/STM32F1xx_HAL_Driver/Src/stm32f1xx_hal_pcd.c ****     hpcd->ErrorCode |= HAL_PCD_ERROR_INVALID_CALLBACK;
 743:Drivers/STM32F1xx_HAL_Driver/Src/stm32f1xx_hal_pcd.c **** 
ARM GAS  /var/folders/xf/tcndk8390ml5xdpfw93qkhpm0000gn/T//cceFQQPk.s 			page 23


 744:Drivers/STM32F1xx_HAL_Driver/Src/stm32f1xx_hal_pcd.c ****     /* Return error status */
 745:Drivers/STM32F1xx_HAL_Driver/Src/stm32f1xx_hal_pcd.c ****     status =  HAL_ERROR;
 746:Drivers/STM32F1xx_HAL_Driver/Src/stm32f1xx_hal_pcd.c ****   }
 747:Drivers/STM32F1xx_HAL_Driver/Src/stm32f1xx_hal_pcd.c **** 
 748:Drivers/STM32F1xx_HAL_Driver/Src/stm32f1xx_hal_pcd.c ****   /* Release Lock */
 749:Drivers/STM32F1xx_HAL_Driver/Src/stm32f1xx_hal_pcd.c ****   __HAL_UNLOCK(hpcd);
 750:Drivers/STM32F1xx_HAL_Driver/Src/stm32f1xx_hal_pcd.c **** 
 751:Drivers/STM32F1xx_HAL_Driver/Src/stm32f1xx_hal_pcd.c ****   return status;
 752:Drivers/STM32F1xx_HAL_Driver/Src/stm32f1xx_hal_pcd.c **** }
 753:Drivers/STM32F1xx_HAL_Driver/Src/stm32f1xx_hal_pcd.c **** 
 754:Drivers/STM32F1xx_HAL_Driver/Src/stm32f1xx_hal_pcd.c **** /**
 755:Drivers/STM32F1xx_HAL_Driver/Src/stm32f1xx_hal_pcd.c ****   * @brief  Register USB PCD Iso IN incomplete Callback
 756:Drivers/STM32F1xx_HAL_Driver/Src/stm32f1xx_hal_pcd.c ****   *         To be used instead of the weak HAL_PCD_ISOINIncompleteCallback() predefined callback
 757:Drivers/STM32F1xx_HAL_Driver/Src/stm32f1xx_hal_pcd.c ****   * @param  hpcd PCD handle
 758:Drivers/STM32F1xx_HAL_Driver/Src/stm32f1xx_hal_pcd.c ****   * @param  pCallback pointer to the USB PCD Iso IN incomplete Callback function
 759:Drivers/STM32F1xx_HAL_Driver/Src/stm32f1xx_hal_pcd.c ****   * @retval HAL status
 760:Drivers/STM32F1xx_HAL_Driver/Src/stm32f1xx_hal_pcd.c ****   */
 761:Drivers/STM32F1xx_HAL_Driver/Src/stm32f1xx_hal_pcd.c **** HAL_StatusTypeDef HAL_PCD_RegisterIsoInIncpltCallback(PCD_HandleTypeDef *hpcd,
 762:Drivers/STM32F1xx_HAL_Driver/Src/stm32f1xx_hal_pcd.c ****                                                       pPCD_IsoInIncpltCallbackTypeDef pCallback)
 763:Drivers/STM32F1xx_HAL_Driver/Src/stm32f1xx_hal_pcd.c **** {
 764:Drivers/STM32F1xx_HAL_Driver/Src/stm32f1xx_hal_pcd.c ****   HAL_StatusTypeDef status = HAL_OK;
 765:Drivers/STM32F1xx_HAL_Driver/Src/stm32f1xx_hal_pcd.c **** 
 766:Drivers/STM32F1xx_HAL_Driver/Src/stm32f1xx_hal_pcd.c ****   if (pCallback == NULL)
 767:Drivers/STM32F1xx_HAL_Driver/Src/stm32f1xx_hal_pcd.c ****   {
 768:Drivers/STM32F1xx_HAL_Driver/Src/stm32f1xx_hal_pcd.c ****     /* Update the error code */
 769:Drivers/STM32F1xx_HAL_Driver/Src/stm32f1xx_hal_pcd.c ****     hpcd->ErrorCode |= HAL_PCD_ERROR_INVALID_CALLBACK;
 770:Drivers/STM32F1xx_HAL_Driver/Src/stm32f1xx_hal_pcd.c **** 
 771:Drivers/STM32F1xx_HAL_Driver/Src/stm32f1xx_hal_pcd.c ****     return HAL_ERROR;
 772:Drivers/STM32F1xx_HAL_Driver/Src/stm32f1xx_hal_pcd.c ****   }
 773:Drivers/STM32F1xx_HAL_Driver/Src/stm32f1xx_hal_pcd.c **** 
 774:Drivers/STM32F1xx_HAL_Driver/Src/stm32f1xx_hal_pcd.c ****   /* Process locked */
 775:Drivers/STM32F1xx_HAL_Driver/Src/stm32f1xx_hal_pcd.c ****   __HAL_LOCK(hpcd);
 776:Drivers/STM32F1xx_HAL_Driver/Src/stm32f1xx_hal_pcd.c **** 
 777:Drivers/STM32F1xx_HAL_Driver/Src/stm32f1xx_hal_pcd.c ****   if (hpcd->State == HAL_PCD_STATE_READY)
 778:Drivers/STM32F1xx_HAL_Driver/Src/stm32f1xx_hal_pcd.c ****   {
 779:Drivers/STM32F1xx_HAL_Driver/Src/stm32f1xx_hal_pcd.c ****     hpcd->ISOINIncompleteCallback = pCallback;
 780:Drivers/STM32F1xx_HAL_Driver/Src/stm32f1xx_hal_pcd.c ****   }
 781:Drivers/STM32F1xx_HAL_Driver/Src/stm32f1xx_hal_pcd.c ****   else
 782:Drivers/STM32F1xx_HAL_Driver/Src/stm32f1xx_hal_pcd.c ****   {
 783:Drivers/STM32F1xx_HAL_Driver/Src/stm32f1xx_hal_pcd.c ****     /* Update the error code */
 784:Drivers/STM32F1xx_HAL_Driver/Src/stm32f1xx_hal_pcd.c ****     hpcd->ErrorCode |= HAL_PCD_ERROR_INVALID_CALLBACK;
 785:Drivers/STM32F1xx_HAL_Driver/Src/stm32f1xx_hal_pcd.c **** 
 786:Drivers/STM32F1xx_HAL_Driver/Src/stm32f1xx_hal_pcd.c ****     /* Return error status */
 787:Drivers/STM32F1xx_HAL_Driver/Src/stm32f1xx_hal_pcd.c ****     status =  HAL_ERROR;
 788:Drivers/STM32F1xx_HAL_Driver/Src/stm32f1xx_hal_pcd.c ****   }
 789:Drivers/STM32F1xx_HAL_Driver/Src/stm32f1xx_hal_pcd.c **** 
 790:Drivers/STM32F1xx_HAL_Driver/Src/stm32f1xx_hal_pcd.c ****   /* Release Lock */
 791:Drivers/STM32F1xx_HAL_Driver/Src/stm32f1xx_hal_pcd.c ****   __HAL_UNLOCK(hpcd);
 792:Drivers/STM32F1xx_HAL_Driver/Src/stm32f1xx_hal_pcd.c **** 
 793:Drivers/STM32F1xx_HAL_Driver/Src/stm32f1xx_hal_pcd.c ****   return status;
 794:Drivers/STM32F1xx_HAL_Driver/Src/stm32f1xx_hal_pcd.c **** }
 795:Drivers/STM32F1xx_HAL_Driver/Src/stm32f1xx_hal_pcd.c **** 
 796:Drivers/STM32F1xx_HAL_Driver/Src/stm32f1xx_hal_pcd.c **** /**
 797:Drivers/STM32F1xx_HAL_Driver/Src/stm32f1xx_hal_pcd.c ****   * @brief  Unregister the USB PCD Iso IN incomplete Callback
 798:Drivers/STM32F1xx_HAL_Driver/Src/stm32f1xx_hal_pcd.c ****   *         USB PCD Iso IN incomplete Callback is redirected
 799:Drivers/STM32F1xx_HAL_Driver/Src/stm32f1xx_hal_pcd.c ****   *         to the weak HAL_PCD_ISOINIncompleteCallback() predefined callback
 800:Drivers/STM32F1xx_HAL_Driver/Src/stm32f1xx_hal_pcd.c ****   * @param  hpcd PCD handle
ARM GAS  /var/folders/xf/tcndk8390ml5xdpfw93qkhpm0000gn/T//cceFQQPk.s 			page 24


 801:Drivers/STM32F1xx_HAL_Driver/Src/stm32f1xx_hal_pcd.c ****   * @retval HAL status
 802:Drivers/STM32F1xx_HAL_Driver/Src/stm32f1xx_hal_pcd.c ****   */
 803:Drivers/STM32F1xx_HAL_Driver/Src/stm32f1xx_hal_pcd.c **** HAL_StatusTypeDef HAL_PCD_UnRegisterIsoInIncpltCallback(PCD_HandleTypeDef *hpcd)
 804:Drivers/STM32F1xx_HAL_Driver/Src/stm32f1xx_hal_pcd.c **** {
 805:Drivers/STM32F1xx_HAL_Driver/Src/stm32f1xx_hal_pcd.c ****   HAL_StatusTypeDef status = HAL_OK;
 806:Drivers/STM32F1xx_HAL_Driver/Src/stm32f1xx_hal_pcd.c **** 
 807:Drivers/STM32F1xx_HAL_Driver/Src/stm32f1xx_hal_pcd.c ****   /* Process locked */
 808:Drivers/STM32F1xx_HAL_Driver/Src/stm32f1xx_hal_pcd.c ****   __HAL_LOCK(hpcd);
 809:Drivers/STM32F1xx_HAL_Driver/Src/stm32f1xx_hal_pcd.c **** 
 810:Drivers/STM32F1xx_HAL_Driver/Src/stm32f1xx_hal_pcd.c ****   if (hpcd->State == HAL_PCD_STATE_READY)
 811:Drivers/STM32F1xx_HAL_Driver/Src/stm32f1xx_hal_pcd.c ****   {
 812:Drivers/STM32F1xx_HAL_Driver/Src/stm32f1xx_hal_pcd.c ****     hpcd->ISOINIncompleteCallback = HAL_PCD_ISOINIncompleteCallback; /* Legacy weak ISOINIncomplete
 813:Drivers/STM32F1xx_HAL_Driver/Src/stm32f1xx_hal_pcd.c ****   }
 814:Drivers/STM32F1xx_HAL_Driver/Src/stm32f1xx_hal_pcd.c ****   else
 815:Drivers/STM32F1xx_HAL_Driver/Src/stm32f1xx_hal_pcd.c ****   {
 816:Drivers/STM32F1xx_HAL_Driver/Src/stm32f1xx_hal_pcd.c ****     /* Update the error code */
 817:Drivers/STM32F1xx_HAL_Driver/Src/stm32f1xx_hal_pcd.c ****     hpcd->ErrorCode |= HAL_PCD_ERROR_INVALID_CALLBACK;
 818:Drivers/STM32F1xx_HAL_Driver/Src/stm32f1xx_hal_pcd.c **** 
 819:Drivers/STM32F1xx_HAL_Driver/Src/stm32f1xx_hal_pcd.c ****     /* Return error status */
 820:Drivers/STM32F1xx_HAL_Driver/Src/stm32f1xx_hal_pcd.c ****     status =  HAL_ERROR;
 821:Drivers/STM32F1xx_HAL_Driver/Src/stm32f1xx_hal_pcd.c ****   }
 822:Drivers/STM32F1xx_HAL_Driver/Src/stm32f1xx_hal_pcd.c **** 
 823:Drivers/STM32F1xx_HAL_Driver/Src/stm32f1xx_hal_pcd.c ****   /* Release Lock */
 824:Drivers/STM32F1xx_HAL_Driver/Src/stm32f1xx_hal_pcd.c ****   __HAL_UNLOCK(hpcd);
 825:Drivers/STM32F1xx_HAL_Driver/Src/stm32f1xx_hal_pcd.c **** 
 826:Drivers/STM32F1xx_HAL_Driver/Src/stm32f1xx_hal_pcd.c ****   return status;
 827:Drivers/STM32F1xx_HAL_Driver/Src/stm32f1xx_hal_pcd.c **** }
 828:Drivers/STM32F1xx_HAL_Driver/Src/stm32f1xx_hal_pcd.c **** 
 829:Drivers/STM32F1xx_HAL_Driver/Src/stm32f1xx_hal_pcd.c **** #endif /* USE_HAL_PCD_REGISTER_CALLBACKS */
 830:Drivers/STM32F1xx_HAL_Driver/Src/stm32f1xx_hal_pcd.c **** 
 831:Drivers/STM32F1xx_HAL_Driver/Src/stm32f1xx_hal_pcd.c **** /**
 832:Drivers/STM32F1xx_HAL_Driver/Src/stm32f1xx_hal_pcd.c ****   * @}
 833:Drivers/STM32F1xx_HAL_Driver/Src/stm32f1xx_hal_pcd.c ****   */
 834:Drivers/STM32F1xx_HAL_Driver/Src/stm32f1xx_hal_pcd.c **** 
 835:Drivers/STM32F1xx_HAL_Driver/Src/stm32f1xx_hal_pcd.c **** /** @defgroup PCD_Exported_Functions_Group2 Input and Output operation functions
 836:Drivers/STM32F1xx_HAL_Driver/Src/stm32f1xx_hal_pcd.c ****   *  @brief   Data transfers functions
 837:Drivers/STM32F1xx_HAL_Driver/Src/stm32f1xx_hal_pcd.c ****   *
 838:Drivers/STM32F1xx_HAL_Driver/Src/stm32f1xx_hal_pcd.c **** @verbatim
 839:Drivers/STM32F1xx_HAL_Driver/Src/stm32f1xx_hal_pcd.c ****  ===============================================================================
 840:Drivers/STM32F1xx_HAL_Driver/Src/stm32f1xx_hal_pcd.c ****                       ##### IO operation functions #####
 841:Drivers/STM32F1xx_HAL_Driver/Src/stm32f1xx_hal_pcd.c ****  ===============================================================================
 842:Drivers/STM32F1xx_HAL_Driver/Src/stm32f1xx_hal_pcd.c ****     [..]
 843:Drivers/STM32F1xx_HAL_Driver/Src/stm32f1xx_hal_pcd.c ****     This subsection provides a set of functions allowing to manage the PCD data
 844:Drivers/STM32F1xx_HAL_Driver/Src/stm32f1xx_hal_pcd.c ****     transfers.
 845:Drivers/STM32F1xx_HAL_Driver/Src/stm32f1xx_hal_pcd.c **** 
 846:Drivers/STM32F1xx_HAL_Driver/Src/stm32f1xx_hal_pcd.c **** @endverbatim
 847:Drivers/STM32F1xx_HAL_Driver/Src/stm32f1xx_hal_pcd.c ****   * @{
 848:Drivers/STM32F1xx_HAL_Driver/Src/stm32f1xx_hal_pcd.c ****   */
 849:Drivers/STM32F1xx_HAL_Driver/Src/stm32f1xx_hal_pcd.c **** 
 850:Drivers/STM32F1xx_HAL_Driver/Src/stm32f1xx_hal_pcd.c **** /**
 851:Drivers/STM32F1xx_HAL_Driver/Src/stm32f1xx_hal_pcd.c ****   * @brief  Start the USB device
 852:Drivers/STM32F1xx_HAL_Driver/Src/stm32f1xx_hal_pcd.c ****   * @param  hpcd PCD handle
 853:Drivers/STM32F1xx_HAL_Driver/Src/stm32f1xx_hal_pcd.c ****   * @retval HAL status
 854:Drivers/STM32F1xx_HAL_Driver/Src/stm32f1xx_hal_pcd.c ****   */
 855:Drivers/STM32F1xx_HAL_Driver/Src/stm32f1xx_hal_pcd.c **** HAL_StatusTypeDef HAL_PCD_Start(PCD_HandleTypeDef *hpcd)
 856:Drivers/STM32F1xx_HAL_Driver/Src/stm32f1xx_hal_pcd.c **** {
 515              		.loc 1 856 1
ARM GAS  /var/folders/xf/tcndk8390ml5xdpfw93qkhpm0000gn/T//cceFQQPk.s 			page 25


 516              		.cfi_startproc
 517              		@ args = 0, pretend = 0, frame = 8
 518              		@ frame_needed = 1, uses_anonymous_args = 0
 519 0000 80B5     		push	{r7, lr}
 520              	.LCFI22:
 521              		.cfi_def_cfa_offset 8
 522              		.cfi_offset 7, -8
 523              		.cfi_offset 14, -4
 524 0002 82B0     		sub	sp, sp, #8
 525              	.LCFI23:
 526              		.cfi_def_cfa_offset 16
 527 0004 00AF     		add	r7, sp, #0
 528              	.LCFI24:
 529              		.cfi_def_cfa_register 7
 530 0006 7860     		str	r0, [r7, #4]
 857:Drivers/STM32F1xx_HAL_Driver/Src/stm32f1xx_hal_pcd.c ****   __HAL_LOCK(hpcd);
 531              		.loc 1 857 3
 532 0008 7B68     		ldr	r3, [r7, #4]
 533 000a 93F89032 		ldrb	r3, [r3, #656]	@ zero_extendqisi2
 534 000e 012B     		cmp	r3, #1
 535 0010 01D1     		bne	.L19
 536              		.loc 1 857 3 is_stmt 0 discriminator 1
 537 0012 0223     		movs	r3, #2
 538 0014 16E0     		b	.L20
 539              	.L19:
 540              		.loc 1 857 3 discriminator 2
 541 0016 7B68     		ldr	r3, [r7, #4]
 542 0018 0122     		movs	r2, #1
 543 001a 83F89022 		strb	r2, [r3, #656]
 858:Drivers/STM32F1xx_HAL_Driver/Src/stm32f1xx_hal_pcd.c ****   __HAL_PCD_ENABLE(hpcd);
 544              		.loc 1 858 3 is_stmt 1 discriminator 2
 545 001e 7B68     		ldr	r3, [r7, #4]
 546 0020 1B68     		ldr	r3, [r3]
 547 0022 1846     		mov	r0, r3
 548 0024 FFF7FEFF 		bl	USB_EnableGlobalInt
 859:Drivers/STM32F1xx_HAL_Driver/Src/stm32f1xx_hal_pcd.c **** 
 860:Drivers/STM32F1xx_HAL_Driver/Src/stm32f1xx_hal_pcd.c **** #if defined (USB)
 861:Drivers/STM32F1xx_HAL_Driver/Src/stm32f1xx_hal_pcd.c ****   HAL_PCDEx_SetConnectionState(hpcd, 1U);
 549              		.loc 1 861 3 discriminator 2
 550 0028 0121     		movs	r1, #1
 551 002a 7868     		ldr	r0, [r7, #4]
 552 002c FFF7FEFF 		bl	HAL_PCDEx_SetConnectionState
 862:Drivers/STM32F1xx_HAL_Driver/Src/stm32f1xx_hal_pcd.c **** #endif /* defined (USB) */
 863:Drivers/STM32F1xx_HAL_Driver/Src/stm32f1xx_hal_pcd.c **** 
 864:Drivers/STM32F1xx_HAL_Driver/Src/stm32f1xx_hal_pcd.c ****   (void)USB_DevConnect(hpcd->Instance);
 553              		.loc 1 864 28 discriminator 2
 554 0030 7B68     		ldr	r3, [r7, #4]
 555 0032 1B68     		ldr	r3, [r3]
 556              		.loc 1 864 9 discriminator 2
 557 0034 1846     		mov	r0, r3
 558 0036 FFF7FEFF 		bl	USB_DevConnect
 865:Drivers/STM32F1xx_HAL_Driver/Src/stm32f1xx_hal_pcd.c ****   __HAL_UNLOCK(hpcd);
 559              		.loc 1 865 3 discriminator 2
 560 003a 7B68     		ldr	r3, [r7, #4]
 561 003c 0022     		movs	r2, #0
 562 003e 83F89022 		strb	r2, [r3, #656]
 866:Drivers/STM32F1xx_HAL_Driver/Src/stm32f1xx_hal_pcd.c **** 
ARM GAS  /var/folders/xf/tcndk8390ml5xdpfw93qkhpm0000gn/T//cceFQQPk.s 			page 26


 867:Drivers/STM32F1xx_HAL_Driver/Src/stm32f1xx_hal_pcd.c ****   return HAL_OK;
 563              		.loc 1 867 10 discriminator 2
 564 0042 0023     		movs	r3, #0
 565              	.L20:
 868:Drivers/STM32F1xx_HAL_Driver/Src/stm32f1xx_hal_pcd.c **** }
 566              		.loc 1 868 1
 567 0044 1846     		mov	r0, r3
 568 0046 0837     		adds	r7, r7, #8
 569              	.LCFI25:
 570              		.cfi_def_cfa_offset 8
 571 0048 BD46     		mov	sp, r7
 572              	.LCFI26:
 573              		.cfi_def_cfa_register 13
 574              		@ sp needed
 575 004a 80BD     		pop	{r7, pc}
 576              		.cfi_endproc
 577              	.LFE69:
 579              		.section	.text.HAL_PCD_Stop,"ax",%progbits
 580              		.align	1
 581              		.global	HAL_PCD_Stop
 582              		.syntax unified
 583              		.thumb
 584              		.thumb_func
 586              	HAL_PCD_Stop:
 587              	.LFB70:
 869:Drivers/STM32F1xx_HAL_Driver/Src/stm32f1xx_hal_pcd.c **** 
 870:Drivers/STM32F1xx_HAL_Driver/Src/stm32f1xx_hal_pcd.c **** /**
 871:Drivers/STM32F1xx_HAL_Driver/Src/stm32f1xx_hal_pcd.c ****   * @brief  Stop the USB device.
 872:Drivers/STM32F1xx_HAL_Driver/Src/stm32f1xx_hal_pcd.c ****   * @param  hpcd PCD handle
 873:Drivers/STM32F1xx_HAL_Driver/Src/stm32f1xx_hal_pcd.c ****   * @retval HAL status
 874:Drivers/STM32F1xx_HAL_Driver/Src/stm32f1xx_hal_pcd.c ****   */
 875:Drivers/STM32F1xx_HAL_Driver/Src/stm32f1xx_hal_pcd.c **** HAL_StatusTypeDef HAL_PCD_Stop(PCD_HandleTypeDef *hpcd)
 876:Drivers/STM32F1xx_HAL_Driver/Src/stm32f1xx_hal_pcd.c **** {
 588              		.loc 1 876 1
 589              		.cfi_startproc
 590              		@ args = 0, pretend = 0, frame = 8
 591              		@ frame_needed = 1, uses_anonymous_args = 0
 592 0000 80B5     		push	{r7, lr}
 593              	.LCFI27:
 594              		.cfi_def_cfa_offset 8
 595              		.cfi_offset 7, -8
 596              		.cfi_offset 14, -4
 597 0002 82B0     		sub	sp, sp, #8
 598              	.LCFI28:
 599              		.cfi_def_cfa_offset 16
 600 0004 00AF     		add	r7, sp, #0
 601              	.LCFI29:
 602              		.cfi_def_cfa_register 7
 603 0006 7860     		str	r0, [r7, #4]
 877:Drivers/STM32F1xx_HAL_Driver/Src/stm32f1xx_hal_pcd.c ****   __HAL_LOCK(hpcd);
 604              		.loc 1 877 3
 605 0008 7B68     		ldr	r3, [r7, #4]
 606 000a 93F89032 		ldrb	r3, [r3, #656]	@ zero_extendqisi2
 607 000e 012B     		cmp	r3, #1
 608 0010 01D1     		bne	.L22
 609              		.loc 1 877 3 is_stmt 0 discriminator 1
 610 0012 0223     		movs	r3, #2
ARM GAS  /var/folders/xf/tcndk8390ml5xdpfw93qkhpm0000gn/T//cceFQQPk.s 			page 27


 611 0014 16E0     		b	.L23
 612              	.L22:
 613              		.loc 1 877 3 discriminator 2
 614 0016 7B68     		ldr	r3, [r7, #4]
 615 0018 0122     		movs	r2, #1
 616 001a 83F89022 		strb	r2, [r3, #656]
 878:Drivers/STM32F1xx_HAL_Driver/Src/stm32f1xx_hal_pcd.c ****   __HAL_PCD_DISABLE(hpcd);
 617              		.loc 1 878 3 is_stmt 1 discriminator 2
 618 001e 7B68     		ldr	r3, [r7, #4]
 619 0020 1B68     		ldr	r3, [r3]
 620 0022 1846     		mov	r0, r3
 621 0024 FFF7FEFF 		bl	USB_DisableGlobalInt
 879:Drivers/STM32F1xx_HAL_Driver/Src/stm32f1xx_hal_pcd.c **** 
 880:Drivers/STM32F1xx_HAL_Driver/Src/stm32f1xx_hal_pcd.c **** #if defined (USB)
 881:Drivers/STM32F1xx_HAL_Driver/Src/stm32f1xx_hal_pcd.c ****   HAL_PCDEx_SetConnectionState(hpcd, 0U);
 622              		.loc 1 881 3 discriminator 2
 623 0028 0021     		movs	r1, #0
 624 002a 7868     		ldr	r0, [r7, #4]
 625 002c FFF7FEFF 		bl	HAL_PCDEx_SetConnectionState
 882:Drivers/STM32F1xx_HAL_Driver/Src/stm32f1xx_hal_pcd.c **** #endif /* defined (USB) */
 883:Drivers/STM32F1xx_HAL_Driver/Src/stm32f1xx_hal_pcd.c **** 
 884:Drivers/STM32F1xx_HAL_Driver/Src/stm32f1xx_hal_pcd.c ****   (void)USB_DevDisconnect(hpcd->Instance);
 626              		.loc 1 884 31 discriminator 2
 627 0030 7B68     		ldr	r3, [r7, #4]
 628 0032 1B68     		ldr	r3, [r3]
 629              		.loc 1 884 9 discriminator 2
 630 0034 1846     		mov	r0, r3
 631 0036 FFF7FEFF 		bl	USB_DevDisconnect
 885:Drivers/STM32F1xx_HAL_Driver/Src/stm32f1xx_hal_pcd.c **** 
 886:Drivers/STM32F1xx_HAL_Driver/Src/stm32f1xx_hal_pcd.c **** #if defined (USB_OTG_FS)
 887:Drivers/STM32F1xx_HAL_Driver/Src/stm32f1xx_hal_pcd.c ****   (void)USB_FlushTxFifo(hpcd->Instance, 0x10U);
 888:Drivers/STM32F1xx_HAL_Driver/Src/stm32f1xx_hal_pcd.c **** #endif /* defined (USB_OTG_FS) */
 889:Drivers/STM32F1xx_HAL_Driver/Src/stm32f1xx_hal_pcd.c **** 
 890:Drivers/STM32F1xx_HAL_Driver/Src/stm32f1xx_hal_pcd.c ****   __HAL_UNLOCK(hpcd);
 632              		.loc 1 890 3 discriminator 2
 633 003a 7B68     		ldr	r3, [r7, #4]
 634 003c 0022     		movs	r2, #0
 635 003e 83F89022 		strb	r2, [r3, #656]
 891:Drivers/STM32F1xx_HAL_Driver/Src/stm32f1xx_hal_pcd.c **** 
 892:Drivers/STM32F1xx_HAL_Driver/Src/stm32f1xx_hal_pcd.c ****   return HAL_OK;
 636              		.loc 1 892 10 discriminator 2
 637 0042 0023     		movs	r3, #0
 638              	.L23:
 893:Drivers/STM32F1xx_HAL_Driver/Src/stm32f1xx_hal_pcd.c **** }
 639              		.loc 1 893 1
 640 0044 1846     		mov	r0, r3
 641 0046 0837     		adds	r7, r7, #8
 642              	.LCFI30:
 643              		.cfi_def_cfa_offset 8
 644 0048 BD46     		mov	sp, r7
 645              	.LCFI31:
 646              		.cfi_def_cfa_register 13
 647              		@ sp needed
 648 004a 80BD     		pop	{r7, pc}
 649              		.cfi_endproc
 650              	.LFE70:
 652              		.section	.text.HAL_PCD_IRQHandler,"ax",%progbits
ARM GAS  /var/folders/xf/tcndk8390ml5xdpfw93qkhpm0000gn/T//cceFQQPk.s 			page 28


 653              		.align	1
 654              		.global	HAL_PCD_IRQHandler
 655              		.syntax unified
 656              		.thumb
 657              		.thumb_func
 659              	HAL_PCD_IRQHandler:
 660              	.LFB71:
 894:Drivers/STM32F1xx_HAL_Driver/Src/stm32f1xx_hal_pcd.c **** 
 895:Drivers/STM32F1xx_HAL_Driver/Src/stm32f1xx_hal_pcd.c **** #if defined (USB_OTG_FS)
 896:Drivers/STM32F1xx_HAL_Driver/Src/stm32f1xx_hal_pcd.c **** /**
 897:Drivers/STM32F1xx_HAL_Driver/Src/stm32f1xx_hal_pcd.c ****   * @brief  Handles PCD interrupt request.
 898:Drivers/STM32F1xx_HAL_Driver/Src/stm32f1xx_hal_pcd.c ****   * @param  hpcd PCD handle
 899:Drivers/STM32F1xx_HAL_Driver/Src/stm32f1xx_hal_pcd.c ****   * @retval HAL status
 900:Drivers/STM32F1xx_HAL_Driver/Src/stm32f1xx_hal_pcd.c ****   */
 901:Drivers/STM32F1xx_HAL_Driver/Src/stm32f1xx_hal_pcd.c **** void HAL_PCD_IRQHandler(PCD_HandleTypeDef *hpcd)
 902:Drivers/STM32F1xx_HAL_Driver/Src/stm32f1xx_hal_pcd.c **** {
 903:Drivers/STM32F1xx_HAL_Driver/Src/stm32f1xx_hal_pcd.c ****   USB_OTG_GlobalTypeDef *USBx = hpcd->Instance;
 904:Drivers/STM32F1xx_HAL_Driver/Src/stm32f1xx_hal_pcd.c ****   uint32_t USBx_BASE = (uint32_t)USBx;
 905:Drivers/STM32F1xx_HAL_Driver/Src/stm32f1xx_hal_pcd.c ****   USB_OTG_EPTypeDef *ep;
 906:Drivers/STM32F1xx_HAL_Driver/Src/stm32f1xx_hal_pcd.c ****   uint32_t i;
 907:Drivers/STM32F1xx_HAL_Driver/Src/stm32f1xx_hal_pcd.c ****   uint32_t ep_intr;
 908:Drivers/STM32F1xx_HAL_Driver/Src/stm32f1xx_hal_pcd.c ****   uint32_t epint;
 909:Drivers/STM32F1xx_HAL_Driver/Src/stm32f1xx_hal_pcd.c ****   uint32_t epnum;
 910:Drivers/STM32F1xx_HAL_Driver/Src/stm32f1xx_hal_pcd.c ****   uint32_t fifoemptymsk;
 911:Drivers/STM32F1xx_HAL_Driver/Src/stm32f1xx_hal_pcd.c ****   uint32_t RegVal;
 912:Drivers/STM32F1xx_HAL_Driver/Src/stm32f1xx_hal_pcd.c **** 
 913:Drivers/STM32F1xx_HAL_Driver/Src/stm32f1xx_hal_pcd.c ****   /* ensure that we are in device mode */
 914:Drivers/STM32F1xx_HAL_Driver/Src/stm32f1xx_hal_pcd.c ****   if (USB_GetMode(hpcd->Instance) == USB_OTG_MODE_DEVICE)
 915:Drivers/STM32F1xx_HAL_Driver/Src/stm32f1xx_hal_pcd.c ****   {
 916:Drivers/STM32F1xx_HAL_Driver/Src/stm32f1xx_hal_pcd.c ****     /* avoid spurious interrupt */
 917:Drivers/STM32F1xx_HAL_Driver/Src/stm32f1xx_hal_pcd.c ****     if (__HAL_PCD_IS_INVALID_INTERRUPT(hpcd))
 918:Drivers/STM32F1xx_HAL_Driver/Src/stm32f1xx_hal_pcd.c ****     {
 919:Drivers/STM32F1xx_HAL_Driver/Src/stm32f1xx_hal_pcd.c ****       return;
 920:Drivers/STM32F1xx_HAL_Driver/Src/stm32f1xx_hal_pcd.c ****     }
 921:Drivers/STM32F1xx_HAL_Driver/Src/stm32f1xx_hal_pcd.c **** 
 922:Drivers/STM32F1xx_HAL_Driver/Src/stm32f1xx_hal_pcd.c ****     /* store current frame number */
 923:Drivers/STM32F1xx_HAL_Driver/Src/stm32f1xx_hal_pcd.c ****     hpcd->FrameNumber = (USBx_DEVICE->DSTS & USB_OTG_DSTS_FNSOF_Msk) >> USB_OTG_DSTS_FNSOF_Pos;
 924:Drivers/STM32F1xx_HAL_Driver/Src/stm32f1xx_hal_pcd.c **** 
 925:Drivers/STM32F1xx_HAL_Driver/Src/stm32f1xx_hal_pcd.c ****     if (__HAL_PCD_GET_FLAG(hpcd, USB_OTG_GINTSTS_MMIS))
 926:Drivers/STM32F1xx_HAL_Driver/Src/stm32f1xx_hal_pcd.c ****     {
 927:Drivers/STM32F1xx_HAL_Driver/Src/stm32f1xx_hal_pcd.c ****       /* incorrect mode, acknowledge the interrupt */
 928:Drivers/STM32F1xx_HAL_Driver/Src/stm32f1xx_hal_pcd.c ****       __HAL_PCD_CLEAR_FLAG(hpcd, USB_OTG_GINTSTS_MMIS);
 929:Drivers/STM32F1xx_HAL_Driver/Src/stm32f1xx_hal_pcd.c ****     }
 930:Drivers/STM32F1xx_HAL_Driver/Src/stm32f1xx_hal_pcd.c **** 
 931:Drivers/STM32F1xx_HAL_Driver/Src/stm32f1xx_hal_pcd.c ****     /* Handle RxQLevel Interrupt */
 932:Drivers/STM32F1xx_HAL_Driver/Src/stm32f1xx_hal_pcd.c ****     if (__HAL_PCD_GET_FLAG(hpcd, USB_OTG_GINTSTS_RXFLVL))
 933:Drivers/STM32F1xx_HAL_Driver/Src/stm32f1xx_hal_pcd.c ****     {
 934:Drivers/STM32F1xx_HAL_Driver/Src/stm32f1xx_hal_pcd.c ****       USB_MASK_INTERRUPT(hpcd->Instance, USB_OTG_GINTSTS_RXFLVL);
 935:Drivers/STM32F1xx_HAL_Driver/Src/stm32f1xx_hal_pcd.c **** 
 936:Drivers/STM32F1xx_HAL_Driver/Src/stm32f1xx_hal_pcd.c ****       RegVal = USBx->GRXSTSP;
 937:Drivers/STM32F1xx_HAL_Driver/Src/stm32f1xx_hal_pcd.c **** 
 938:Drivers/STM32F1xx_HAL_Driver/Src/stm32f1xx_hal_pcd.c ****       ep = &hpcd->OUT_ep[RegVal & USB_OTG_GRXSTSP_EPNUM];
 939:Drivers/STM32F1xx_HAL_Driver/Src/stm32f1xx_hal_pcd.c **** 
 940:Drivers/STM32F1xx_HAL_Driver/Src/stm32f1xx_hal_pcd.c ****       if (((RegVal & USB_OTG_GRXSTSP_PKTSTS) >> 17) ==  STS_DATA_UPDT)
 941:Drivers/STM32F1xx_HAL_Driver/Src/stm32f1xx_hal_pcd.c ****       {
 942:Drivers/STM32F1xx_HAL_Driver/Src/stm32f1xx_hal_pcd.c ****         if ((RegVal & USB_OTG_GRXSTSP_BCNT) != 0U)
 943:Drivers/STM32F1xx_HAL_Driver/Src/stm32f1xx_hal_pcd.c ****         {
ARM GAS  /var/folders/xf/tcndk8390ml5xdpfw93qkhpm0000gn/T//cceFQQPk.s 			page 29


 944:Drivers/STM32F1xx_HAL_Driver/Src/stm32f1xx_hal_pcd.c ****           (void)USB_ReadPacket(USBx, ep->xfer_buff,
 945:Drivers/STM32F1xx_HAL_Driver/Src/stm32f1xx_hal_pcd.c ****                                (uint16_t)((RegVal & USB_OTG_GRXSTSP_BCNT) >> 4));
 946:Drivers/STM32F1xx_HAL_Driver/Src/stm32f1xx_hal_pcd.c **** 
 947:Drivers/STM32F1xx_HAL_Driver/Src/stm32f1xx_hal_pcd.c ****           ep->xfer_buff += (RegVal & USB_OTG_GRXSTSP_BCNT) >> 4;
 948:Drivers/STM32F1xx_HAL_Driver/Src/stm32f1xx_hal_pcd.c ****           ep->xfer_count += (RegVal & USB_OTG_GRXSTSP_BCNT) >> 4;
 949:Drivers/STM32F1xx_HAL_Driver/Src/stm32f1xx_hal_pcd.c ****         }
 950:Drivers/STM32F1xx_HAL_Driver/Src/stm32f1xx_hal_pcd.c ****       }
 951:Drivers/STM32F1xx_HAL_Driver/Src/stm32f1xx_hal_pcd.c ****       else if (((RegVal & USB_OTG_GRXSTSP_PKTSTS) >> 17) == STS_SETUP_UPDT)
 952:Drivers/STM32F1xx_HAL_Driver/Src/stm32f1xx_hal_pcd.c ****       {
 953:Drivers/STM32F1xx_HAL_Driver/Src/stm32f1xx_hal_pcd.c ****         (void)USB_ReadPacket(USBx, (uint8_t *)hpcd->Setup, 8U);
 954:Drivers/STM32F1xx_HAL_Driver/Src/stm32f1xx_hal_pcd.c ****         ep->xfer_count += (RegVal & USB_OTG_GRXSTSP_BCNT) >> 4;
 955:Drivers/STM32F1xx_HAL_Driver/Src/stm32f1xx_hal_pcd.c ****       }
 956:Drivers/STM32F1xx_HAL_Driver/Src/stm32f1xx_hal_pcd.c ****       else
 957:Drivers/STM32F1xx_HAL_Driver/Src/stm32f1xx_hal_pcd.c ****       {
 958:Drivers/STM32F1xx_HAL_Driver/Src/stm32f1xx_hal_pcd.c ****         /* ... */
 959:Drivers/STM32F1xx_HAL_Driver/Src/stm32f1xx_hal_pcd.c ****       }
 960:Drivers/STM32F1xx_HAL_Driver/Src/stm32f1xx_hal_pcd.c **** 
 961:Drivers/STM32F1xx_HAL_Driver/Src/stm32f1xx_hal_pcd.c ****       USB_UNMASK_INTERRUPT(hpcd->Instance, USB_OTG_GINTSTS_RXFLVL);
 962:Drivers/STM32F1xx_HAL_Driver/Src/stm32f1xx_hal_pcd.c ****     }
 963:Drivers/STM32F1xx_HAL_Driver/Src/stm32f1xx_hal_pcd.c **** 
 964:Drivers/STM32F1xx_HAL_Driver/Src/stm32f1xx_hal_pcd.c ****     if (__HAL_PCD_GET_FLAG(hpcd, USB_OTG_GINTSTS_OEPINT))
 965:Drivers/STM32F1xx_HAL_Driver/Src/stm32f1xx_hal_pcd.c ****     {
 966:Drivers/STM32F1xx_HAL_Driver/Src/stm32f1xx_hal_pcd.c ****       epnum = 0U;
 967:Drivers/STM32F1xx_HAL_Driver/Src/stm32f1xx_hal_pcd.c **** 
 968:Drivers/STM32F1xx_HAL_Driver/Src/stm32f1xx_hal_pcd.c ****       /* Read in the device interrupt bits */
 969:Drivers/STM32F1xx_HAL_Driver/Src/stm32f1xx_hal_pcd.c ****       ep_intr = USB_ReadDevAllOutEpInterrupt(hpcd->Instance);
 970:Drivers/STM32F1xx_HAL_Driver/Src/stm32f1xx_hal_pcd.c **** 
 971:Drivers/STM32F1xx_HAL_Driver/Src/stm32f1xx_hal_pcd.c ****       while (ep_intr != 0U)
 972:Drivers/STM32F1xx_HAL_Driver/Src/stm32f1xx_hal_pcd.c ****       {
 973:Drivers/STM32F1xx_HAL_Driver/Src/stm32f1xx_hal_pcd.c ****         if ((ep_intr & 0x1U) != 0U)
 974:Drivers/STM32F1xx_HAL_Driver/Src/stm32f1xx_hal_pcd.c ****         {
 975:Drivers/STM32F1xx_HAL_Driver/Src/stm32f1xx_hal_pcd.c ****           epint = USB_ReadDevOutEPInterrupt(hpcd->Instance, (uint8_t)epnum);
 976:Drivers/STM32F1xx_HAL_Driver/Src/stm32f1xx_hal_pcd.c **** 
 977:Drivers/STM32F1xx_HAL_Driver/Src/stm32f1xx_hal_pcd.c ****           if ((epint & USB_OTG_DOEPINT_XFRC) == USB_OTG_DOEPINT_XFRC)
 978:Drivers/STM32F1xx_HAL_Driver/Src/stm32f1xx_hal_pcd.c ****           {
 979:Drivers/STM32F1xx_HAL_Driver/Src/stm32f1xx_hal_pcd.c ****             CLEAR_OUT_EP_INTR(epnum, USB_OTG_DOEPINT_XFRC);
 980:Drivers/STM32F1xx_HAL_Driver/Src/stm32f1xx_hal_pcd.c ****             (void)PCD_EP_OutXfrComplete_int(hpcd, epnum);
 981:Drivers/STM32F1xx_HAL_Driver/Src/stm32f1xx_hal_pcd.c ****           }
 982:Drivers/STM32F1xx_HAL_Driver/Src/stm32f1xx_hal_pcd.c **** 
 983:Drivers/STM32F1xx_HAL_Driver/Src/stm32f1xx_hal_pcd.c ****           if ((epint & USB_OTG_DOEPINT_STUP) == USB_OTG_DOEPINT_STUP)
 984:Drivers/STM32F1xx_HAL_Driver/Src/stm32f1xx_hal_pcd.c ****           {
 985:Drivers/STM32F1xx_HAL_Driver/Src/stm32f1xx_hal_pcd.c ****             CLEAR_OUT_EP_INTR(epnum, USB_OTG_DOEPINT_STUP);
 986:Drivers/STM32F1xx_HAL_Driver/Src/stm32f1xx_hal_pcd.c ****             /* Class B setup phase done for previous decoded setup */
 987:Drivers/STM32F1xx_HAL_Driver/Src/stm32f1xx_hal_pcd.c ****             (void)PCD_EP_OutSetupPacket_int(hpcd, epnum);
 988:Drivers/STM32F1xx_HAL_Driver/Src/stm32f1xx_hal_pcd.c ****           }
 989:Drivers/STM32F1xx_HAL_Driver/Src/stm32f1xx_hal_pcd.c **** 
 990:Drivers/STM32F1xx_HAL_Driver/Src/stm32f1xx_hal_pcd.c ****           if ((epint & USB_OTG_DOEPINT_OTEPDIS) == USB_OTG_DOEPINT_OTEPDIS)
 991:Drivers/STM32F1xx_HAL_Driver/Src/stm32f1xx_hal_pcd.c ****           {
 992:Drivers/STM32F1xx_HAL_Driver/Src/stm32f1xx_hal_pcd.c ****             CLEAR_OUT_EP_INTR(epnum, USB_OTG_DOEPINT_OTEPDIS);
 993:Drivers/STM32F1xx_HAL_Driver/Src/stm32f1xx_hal_pcd.c ****           }
 994:Drivers/STM32F1xx_HAL_Driver/Src/stm32f1xx_hal_pcd.c **** 
 995:Drivers/STM32F1xx_HAL_Driver/Src/stm32f1xx_hal_pcd.c ****           /* Clear OUT Endpoint disable interrupt */
 996:Drivers/STM32F1xx_HAL_Driver/Src/stm32f1xx_hal_pcd.c ****           if ((epint & USB_OTG_DOEPINT_EPDISD) == USB_OTG_DOEPINT_EPDISD)
 997:Drivers/STM32F1xx_HAL_Driver/Src/stm32f1xx_hal_pcd.c ****           {
 998:Drivers/STM32F1xx_HAL_Driver/Src/stm32f1xx_hal_pcd.c ****             if ((USBx->GINTSTS & USB_OTG_GINTSTS_BOUTNAKEFF) == USB_OTG_GINTSTS_BOUTNAKEFF)
 999:Drivers/STM32F1xx_HAL_Driver/Src/stm32f1xx_hal_pcd.c ****             {
1000:Drivers/STM32F1xx_HAL_Driver/Src/stm32f1xx_hal_pcd.c ****               USBx_DEVICE->DCTL |= USB_OTG_DCTL_CGONAK;
ARM GAS  /var/folders/xf/tcndk8390ml5xdpfw93qkhpm0000gn/T//cceFQQPk.s 			page 30


1001:Drivers/STM32F1xx_HAL_Driver/Src/stm32f1xx_hal_pcd.c ****             }
1002:Drivers/STM32F1xx_HAL_Driver/Src/stm32f1xx_hal_pcd.c **** 
1003:Drivers/STM32F1xx_HAL_Driver/Src/stm32f1xx_hal_pcd.c ****             ep = &hpcd->OUT_ep[epnum];
1004:Drivers/STM32F1xx_HAL_Driver/Src/stm32f1xx_hal_pcd.c **** 
1005:Drivers/STM32F1xx_HAL_Driver/Src/stm32f1xx_hal_pcd.c ****             if (ep->is_iso_incomplete == 1U)
1006:Drivers/STM32F1xx_HAL_Driver/Src/stm32f1xx_hal_pcd.c ****             {
1007:Drivers/STM32F1xx_HAL_Driver/Src/stm32f1xx_hal_pcd.c ****               ep->is_iso_incomplete = 0U;
1008:Drivers/STM32F1xx_HAL_Driver/Src/stm32f1xx_hal_pcd.c **** 
1009:Drivers/STM32F1xx_HAL_Driver/Src/stm32f1xx_hal_pcd.c **** #if (USE_HAL_PCD_REGISTER_CALLBACKS == 1U)
1010:Drivers/STM32F1xx_HAL_Driver/Src/stm32f1xx_hal_pcd.c ****               hpcd->ISOOUTIncompleteCallback(hpcd, (uint8_t)epnum);
1011:Drivers/STM32F1xx_HAL_Driver/Src/stm32f1xx_hal_pcd.c **** #else
1012:Drivers/STM32F1xx_HAL_Driver/Src/stm32f1xx_hal_pcd.c ****               HAL_PCD_ISOOUTIncompleteCallback(hpcd, (uint8_t)epnum);
1013:Drivers/STM32F1xx_HAL_Driver/Src/stm32f1xx_hal_pcd.c **** #endif /* USE_HAL_PCD_REGISTER_CALLBACKS */
1014:Drivers/STM32F1xx_HAL_Driver/Src/stm32f1xx_hal_pcd.c ****             }
1015:Drivers/STM32F1xx_HAL_Driver/Src/stm32f1xx_hal_pcd.c **** 
1016:Drivers/STM32F1xx_HAL_Driver/Src/stm32f1xx_hal_pcd.c ****             CLEAR_OUT_EP_INTR(epnum, USB_OTG_DOEPINT_EPDISD);
1017:Drivers/STM32F1xx_HAL_Driver/Src/stm32f1xx_hal_pcd.c ****           }
1018:Drivers/STM32F1xx_HAL_Driver/Src/stm32f1xx_hal_pcd.c **** 
1019:Drivers/STM32F1xx_HAL_Driver/Src/stm32f1xx_hal_pcd.c ****           /* Clear Status Phase Received interrupt */
1020:Drivers/STM32F1xx_HAL_Driver/Src/stm32f1xx_hal_pcd.c ****           if ((epint & USB_OTG_DOEPINT_OTEPSPR) == USB_OTG_DOEPINT_OTEPSPR)
1021:Drivers/STM32F1xx_HAL_Driver/Src/stm32f1xx_hal_pcd.c ****           {
1022:Drivers/STM32F1xx_HAL_Driver/Src/stm32f1xx_hal_pcd.c ****             CLEAR_OUT_EP_INTR(epnum, USB_OTG_DOEPINT_OTEPSPR);
1023:Drivers/STM32F1xx_HAL_Driver/Src/stm32f1xx_hal_pcd.c ****           }
1024:Drivers/STM32F1xx_HAL_Driver/Src/stm32f1xx_hal_pcd.c **** 
1025:Drivers/STM32F1xx_HAL_Driver/Src/stm32f1xx_hal_pcd.c ****           /* Clear OUT NAK interrupt */
1026:Drivers/STM32F1xx_HAL_Driver/Src/stm32f1xx_hal_pcd.c ****           if ((epint & USB_OTG_DOEPINT_NAK) == USB_OTG_DOEPINT_NAK)
1027:Drivers/STM32F1xx_HAL_Driver/Src/stm32f1xx_hal_pcd.c ****           {
1028:Drivers/STM32F1xx_HAL_Driver/Src/stm32f1xx_hal_pcd.c ****             CLEAR_OUT_EP_INTR(epnum, USB_OTG_DOEPINT_NAK);
1029:Drivers/STM32F1xx_HAL_Driver/Src/stm32f1xx_hal_pcd.c ****           }
1030:Drivers/STM32F1xx_HAL_Driver/Src/stm32f1xx_hal_pcd.c ****         }
1031:Drivers/STM32F1xx_HAL_Driver/Src/stm32f1xx_hal_pcd.c ****         epnum++;
1032:Drivers/STM32F1xx_HAL_Driver/Src/stm32f1xx_hal_pcd.c ****         ep_intr >>= 1U;
1033:Drivers/STM32F1xx_HAL_Driver/Src/stm32f1xx_hal_pcd.c ****       }
1034:Drivers/STM32F1xx_HAL_Driver/Src/stm32f1xx_hal_pcd.c ****     }
1035:Drivers/STM32F1xx_HAL_Driver/Src/stm32f1xx_hal_pcd.c **** 
1036:Drivers/STM32F1xx_HAL_Driver/Src/stm32f1xx_hal_pcd.c ****     if (__HAL_PCD_GET_FLAG(hpcd, USB_OTG_GINTSTS_IEPINT))
1037:Drivers/STM32F1xx_HAL_Driver/Src/stm32f1xx_hal_pcd.c ****     {
1038:Drivers/STM32F1xx_HAL_Driver/Src/stm32f1xx_hal_pcd.c ****       /* Read in the device interrupt bits */
1039:Drivers/STM32F1xx_HAL_Driver/Src/stm32f1xx_hal_pcd.c ****       ep_intr = USB_ReadDevAllInEpInterrupt(hpcd->Instance);
1040:Drivers/STM32F1xx_HAL_Driver/Src/stm32f1xx_hal_pcd.c **** 
1041:Drivers/STM32F1xx_HAL_Driver/Src/stm32f1xx_hal_pcd.c ****       epnum = 0U;
1042:Drivers/STM32F1xx_HAL_Driver/Src/stm32f1xx_hal_pcd.c **** 
1043:Drivers/STM32F1xx_HAL_Driver/Src/stm32f1xx_hal_pcd.c ****       while (ep_intr != 0U)
1044:Drivers/STM32F1xx_HAL_Driver/Src/stm32f1xx_hal_pcd.c ****       {
1045:Drivers/STM32F1xx_HAL_Driver/Src/stm32f1xx_hal_pcd.c ****         if ((ep_intr & 0x1U) != 0U) /* In ITR */
1046:Drivers/STM32F1xx_HAL_Driver/Src/stm32f1xx_hal_pcd.c ****         {
1047:Drivers/STM32F1xx_HAL_Driver/Src/stm32f1xx_hal_pcd.c ****           epint = USB_ReadDevInEPInterrupt(hpcd->Instance, (uint8_t)epnum);
1048:Drivers/STM32F1xx_HAL_Driver/Src/stm32f1xx_hal_pcd.c **** 
1049:Drivers/STM32F1xx_HAL_Driver/Src/stm32f1xx_hal_pcd.c ****           if ((epint & USB_OTG_DIEPINT_XFRC) == USB_OTG_DIEPINT_XFRC)
1050:Drivers/STM32F1xx_HAL_Driver/Src/stm32f1xx_hal_pcd.c ****           {
1051:Drivers/STM32F1xx_HAL_Driver/Src/stm32f1xx_hal_pcd.c ****             fifoemptymsk = (uint32_t)(0x1UL << (epnum & EP_ADDR_MSK));
1052:Drivers/STM32F1xx_HAL_Driver/Src/stm32f1xx_hal_pcd.c ****             USBx_DEVICE->DIEPEMPMSK &= ~fifoemptymsk;
1053:Drivers/STM32F1xx_HAL_Driver/Src/stm32f1xx_hal_pcd.c **** 
1054:Drivers/STM32F1xx_HAL_Driver/Src/stm32f1xx_hal_pcd.c ****             CLEAR_IN_EP_INTR(epnum, USB_OTG_DIEPINT_XFRC);
1055:Drivers/STM32F1xx_HAL_Driver/Src/stm32f1xx_hal_pcd.c **** 
1056:Drivers/STM32F1xx_HAL_Driver/Src/stm32f1xx_hal_pcd.c **** #if (USE_HAL_PCD_REGISTER_CALLBACKS == 1U)
1057:Drivers/STM32F1xx_HAL_Driver/Src/stm32f1xx_hal_pcd.c ****             hpcd->DataInStageCallback(hpcd, (uint8_t)epnum);
ARM GAS  /var/folders/xf/tcndk8390ml5xdpfw93qkhpm0000gn/T//cceFQQPk.s 			page 31


1058:Drivers/STM32F1xx_HAL_Driver/Src/stm32f1xx_hal_pcd.c **** #else
1059:Drivers/STM32F1xx_HAL_Driver/Src/stm32f1xx_hal_pcd.c ****             HAL_PCD_DataInStageCallback(hpcd, (uint8_t)epnum);
1060:Drivers/STM32F1xx_HAL_Driver/Src/stm32f1xx_hal_pcd.c **** #endif /* USE_HAL_PCD_REGISTER_CALLBACKS */
1061:Drivers/STM32F1xx_HAL_Driver/Src/stm32f1xx_hal_pcd.c ****           }
1062:Drivers/STM32F1xx_HAL_Driver/Src/stm32f1xx_hal_pcd.c ****           if ((epint & USB_OTG_DIEPINT_TOC) == USB_OTG_DIEPINT_TOC)
1063:Drivers/STM32F1xx_HAL_Driver/Src/stm32f1xx_hal_pcd.c ****           {
1064:Drivers/STM32F1xx_HAL_Driver/Src/stm32f1xx_hal_pcd.c ****             CLEAR_IN_EP_INTR(epnum, USB_OTG_DIEPINT_TOC);
1065:Drivers/STM32F1xx_HAL_Driver/Src/stm32f1xx_hal_pcd.c ****           }
1066:Drivers/STM32F1xx_HAL_Driver/Src/stm32f1xx_hal_pcd.c ****           if ((epint & USB_OTG_DIEPINT_ITTXFE) == USB_OTG_DIEPINT_ITTXFE)
1067:Drivers/STM32F1xx_HAL_Driver/Src/stm32f1xx_hal_pcd.c ****           {
1068:Drivers/STM32F1xx_HAL_Driver/Src/stm32f1xx_hal_pcd.c ****             CLEAR_IN_EP_INTR(epnum, USB_OTG_DIEPINT_ITTXFE);
1069:Drivers/STM32F1xx_HAL_Driver/Src/stm32f1xx_hal_pcd.c ****           }
1070:Drivers/STM32F1xx_HAL_Driver/Src/stm32f1xx_hal_pcd.c ****           if ((epint & USB_OTG_DIEPINT_INEPNE) == USB_OTG_DIEPINT_INEPNE)
1071:Drivers/STM32F1xx_HAL_Driver/Src/stm32f1xx_hal_pcd.c ****           {
1072:Drivers/STM32F1xx_HAL_Driver/Src/stm32f1xx_hal_pcd.c ****             CLEAR_IN_EP_INTR(epnum, USB_OTG_DIEPINT_INEPNE);
1073:Drivers/STM32F1xx_HAL_Driver/Src/stm32f1xx_hal_pcd.c ****           }
1074:Drivers/STM32F1xx_HAL_Driver/Src/stm32f1xx_hal_pcd.c ****           if ((epint & USB_OTG_DIEPINT_EPDISD) == USB_OTG_DIEPINT_EPDISD)
1075:Drivers/STM32F1xx_HAL_Driver/Src/stm32f1xx_hal_pcd.c ****           {
1076:Drivers/STM32F1xx_HAL_Driver/Src/stm32f1xx_hal_pcd.c ****             (void)USB_FlushTxFifo(USBx, epnum);
1077:Drivers/STM32F1xx_HAL_Driver/Src/stm32f1xx_hal_pcd.c **** 
1078:Drivers/STM32F1xx_HAL_Driver/Src/stm32f1xx_hal_pcd.c ****             ep = &hpcd->IN_ep[epnum];
1079:Drivers/STM32F1xx_HAL_Driver/Src/stm32f1xx_hal_pcd.c **** 
1080:Drivers/STM32F1xx_HAL_Driver/Src/stm32f1xx_hal_pcd.c ****             if (ep->is_iso_incomplete == 1U)
1081:Drivers/STM32F1xx_HAL_Driver/Src/stm32f1xx_hal_pcd.c ****             {
1082:Drivers/STM32F1xx_HAL_Driver/Src/stm32f1xx_hal_pcd.c ****               ep->is_iso_incomplete = 0U;
1083:Drivers/STM32F1xx_HAL_Driver/Src/stm32f1xx_hal_pcd.c **** 
1084:Drivers/STM32F1xx_HAL_Driver/Src/stm32f1xx_hal_pcd.c **** #if (USE_HAL_PCD_REGISTER_CALLBACKS == 1U)
1085:Drivers/STM32F1xx_HAL_Driver/Src/stm32f1xx_hal_pcd.c ****               hpcd->ISOINIncompleteCallback(hpcd, (uint8_t)epnum);
1086:Drivers/STM32F1xx_HAL_Driver/Src/stm32f1xx_hal_pcd.c **** #else
1087:Drivers/STM32F1xx_HAL_Driver/Src/stm32f1xx_hal_pcd.c ****               HAL_PCD_ISOINIncompleteCallback(hpcd, (uint8_t)epnum);
1088:Drivers/STM32F1xx_HAL_Driver/Src/stm32f1xx_hal_pcd.c **** #endif /* USE_HAL_PCD_REGISTER_CALLBACKS */
1089:Drivers/STM32F1xx_HAL_Driver/Src/stm32f1xx_hal_pcd.c ****             }
1090:Drivers/STM32F1xx_HAL_Driver/Src/stm32f1xx_hal_pcd.c **** 
1091:Drivers/STM32F1xx_HAL_Driver/Src/stm32f1xx_hal_pcd.c ****             CLEAR_IN_EP_INTR(epnum, USB_OTG_DIEPINT_EPDISD);
1092:Drivers/STM32F1xx_HAL_Driver/Src/stm32f1xx_hal_pcd.c ****           }
1093:Drivers/STM32F1xx_HAL_Driver/Src/stm32f1xx_hal_pcd.c ****           if ((epint & USB_OTG_DIEPINT_TXFE) == USB_OTG_DIEPINT_TXFE)
1094:Drivers/STM32F1xx_HAL_Driver/Src/stm32f1xx_hal_pcd.c ****           {
1095:Drivers/STM32F1xx_HAL_Driver/Src/stm32f1xx_hal_pcd.c ****             (void)PCD_WriteEmptyTxFifo(hpcd, epnum);
1096:Drivers/STM32F1xx_HAL_Driver/Src/stm32f1xx_hal_pcd.c ****           }
1097:Drivers/STM32F1xx_HAL_Driver/Src/stm32f1xx_hal_pcd.c ****         }
1098:Drivers/STM32F1xx_HAL_Driver/Src/stm32f1xx_hal_pcd.c ****         epnum++;
1099:Drivers/STM32F1xx_HAL_Driver/Src/stm32f1xx_hal_pcd.c ****         ep_intr >>= 1U;
1100:Drivers/STM32F1xx_HAL_Driver/Src/stm32f1xx_hal_pcd.c ****       }
1101:Drivers/STM32F1xx_HAL_Driver/Src/stm32f1xx_hal_pcd.c ****     }
1102:Drivers/STM32F1xx_HAL_Driver/Src/stm32f1xx_hal_pcd.c **** 
1103:Drivers/STM32F1xx_HAL_Driver/Src/stm32f1xx_hal_pcd.c ****     /* Handle Resume Interrupt */
1104:Drivers/STM32F1xx_HAL_Driver/Src/stm32f1xx_hal_pcd.c ****     if (__HAL_PCD_GET_FLAG(hpcd, USB_OTG_GINTSTS_WKUINT))
1105:Drivers/STM32F1xx_HAL_Driver/Src/stm32f1xx_hal_pcd.c ****     {
1106:Drivers/STM32F1xx_HAL_Driver/Src/stm32f1xx_hal_pcd.c ****       /* Clear the Remote Wake-up Signaling */
1107:Drivers/STM32F1xx_HAL_Driver/Src/stm32f1xx_hal_pcd.c ****       USBx_DEVICE->DCTL &= ~USB_OTG_DCTL_RWUSIG;
1108:Drivers/STM32F1xx_HAL_Driver/Src/stm32f1xx_hal_pcd.c **** 
1109:Drivers/STM32F1xx_HAL_Driver/Src/stm32f1xx_hal_pcd.c **** #if (USE_HAL_PCD_REGISTER_CALLBACKS == 1U)
1110:Drivers/STM32F1xx_HAL_Driver/Src/stm32f1xx_hal_pcd.c ****       hpcd->ResumeCallback(hpcd);
1111:Drivers/STM32F1xx_HAL_Driver/Src/stm32f1xx_hal_pcd.c **** #else
1112:Drivers/STM32F1xx_HAL_Driver/Src/stm32f1xx_hal_pcd.c ****       HAL_PCD_ResumeCallback(hpcd);
1113:Drivers/STM32F1xx_HAL_Driver/Src/stm32f1xx_hal_pcd.c **** #endif /* USE_HAL_PCD_REGISTER_CALLBACKS */
1114:Drivers/STM32F1xx_HAL_Driver/Src/stm32f1xx_hal_pcd.c **** 
ARM GAS  /var/folders/xf/tcndk8390ml5xdpfw93qkhpm0000gn/T//cceFQQPk.s 			page 32


1115:Drivers/STM32F1xx_HAL_Driver/Src/stm32f1xx_hal_pcd.c ****       __HAL_PCD_CLEAR_FLAG(hpcd, USB_OTG_GINTSTS_WKUINT);
1116:Drivers/STM32F1xx_HAL_Driver/Src/stm32f1xx_hal_pcd.c ****     }
1117:Drivers/STM32F1xx_HAL_Driver/Src/stm32f1xx_hal_pcd.c **** 
1118:Drivers/STM32F1xx_HAL_Driver/Src/stm32f1xx_hal_pcd.c ****     /* Handle Suspend Interrupt */
1119:Drivers/STM32F1xx_HAL_Driver/Src/stm32f1xx_hal_pcd.c ****     if (__HAL_PCD_GET_FLAG(hpcd, USB_OTG_GINTSTS_USBSUSP))
1120:Drivers/STM32F1xx_HAL_Driver/Src/stm32f1xx_hal_pcd.c ****     {
1121:Drivers/STM32F1xx_HAL_Driver/Src/stm32f1xx_hal_pcd.c ****       if ((USBx_DEVICE->DSTS & USB_OTG_DSTS_SUSPSTS) == USB_OTG_DSTS_SUSPSTS)
1122:Drivers/STM32F1xx_HAL_Driver/Src/stm32f1xx_hal_pcd.c ****       {
1123:Drivers/STM32F1xx_HAL_Driver/Src/stm32f1xx_hal_pcd.c **** #if (USE_HAL_PCD_REGISTER_CALLBACKS == 1U)
1124:Drivers/STM32F1xx_HAL_Driver/Src/stm32f1xx_hal_pcd.c ****         hpcd->SuspendCallback(hpcd);
1125:Drivers/STM32F1xx_HAL_Driver/Src/stm32f1xx_hal_pcd.c **** #else
1126:Drivers/STM32F1xx_HAL_Driver/Src/stm32f1xx_hal_pcd.c ****         HAL_PCD_SuspendCallback(hpcd);
1127:Drivers/STM32F1xx_HAL_Driver/Src/stm32f1xx_hal_pcd.c **** #endif /* USE_HAL_PCD_REGISTER_CALLBACKS */
1128:Drivers/STM32F1xx_HAL_Driver/Src/stm32f1xx_hal_pcd.c ****       }
1129:Drivers/STM32F1xx_HAL_Driver/Src/stm32f1xx_hal_pcd.c ****       __HAL_PCD_CLEAR_FLAG(hpcd, USB_OTG_GINTSTS_USBSUSP);
1130:Drivers/STM32F1xx_HAL_Driver/Src/stm32f1xx_hal_pcd.c ****     }
1131:Drivers/STM32F1xx_HAL_Driver/Src/stm32f1xx_hal_pcd.c ****     /* Handle Reset Interrupt */
1132:Drivers/STM32F1xx_HAL_Driver/Src/stm32f1xx_hal_pcd.c ****     if (__HAL_PCD_GET_FLAG(hpcd, USB_OTG_GINTSTS_USBRST))
1133:Drivers/STM32F1xx_HAL_Driver/Src/stm32f1xx_hal_pcd.c ****     {
1134:Drivers/STM32F1xx_HAL_Driver/Src/stm32f1xx_hal_pcd.c ****       USBx_DEVICE->DCTL &= ~USB_OTG_DCTL_RWUSIG;
1135:Drivers/STM32F1xx_HAL_Driver/Src/stm32f1xx_hal_pcd.c ****       (void)USB_FlushTxFifo(hpcd->Instance, 0x10U);
1136:Drivers/STM32F1xx_HAL_Driver/Src/stm32f1xx_hal_pcd.c **** 
1137:Drivers/STM32F1xx_HAL_Driver/Src/stm32f1xx_hal_pcd.c ****       for (i = 0U; i < hpcd->Init.dev_endpoints; i++)
1138:Drivers/STM32F1xx_HAL_Driver/Src/stm32f1xx_hal_pcd.c ****       {
1139:Drivers/STM32F1xx_HAL_Driver/Src/stm32f1xx_hal_pcd.c ****         USBx_INEP(i)->DIEPINT = 0xFB7FU;
1140:Drivers/STM32F1xx_HAL_Driver/Src/stm32f1xx_hal_pcd.c ****         USBx_INEP(i)->DIEPCTL &= ~USB_OTG_DIEPCTL_STALL;
1141:Drivers/STM32F1xx_HAL_Driver/Src/stm32f1xx_hal_pcd.c ****         USBx_OUTEP(i)->DOEPINT = 0xFB7FU;
1142:Drivers/STM32F1xx_HAL_Driver/Src/stm32f1xx_hal_pcd.c ****         USBx_OUTEP(i)->DOEPCTL &= ~USB_OTG_DOEPCTL_STALL;
1143:Drivers/STM32F1xx_HAL_Driver/Src/stm32f1xx_hal_pcd.c ****         USBx_OUTEP(i)->DOEPCTL |= USB_OTG_DOEPCTL_SNAK;
1144:Drivers/STM32F1xx_HAL_Driver/Src/stm32f1xx_hal_pcd.c ****       }
1145:Drivers/STM32F1xx_HAL_Driver/Src/stm32f1xx_hal_pcd.c ****       USBx_DEVICE->DAINTMSK |= 0x10001U;
1146:Drivers/STM32F1xx_HAL_Driver/Src/stm32f1xx_hal_pcd.c **** 
1147:Drivers/STM32F1xx_HAL_Driver/Src/stm32f1xx_hal_pcd.c ****       if (hpcd->Init.use_dedicated_ep1 != 0U)
1148:Drivers/STM32F1xx_HAL_Driver/Src/stm32f1xx_hal_pcd.c ****       {
1149:Drivers/STM32F1xx_HAL_Driver/Src/stm32f1xx_hal_pcd.c ****         USBx_DEVICE->DOUTEP1MSK |= USB_OTG_DOEPMSK_STUPM |
1150:Drivers/STM32F1xx_HAL_Driver/Src/stm32f1xx_hal_pcd.c ****                                    USB_OTG_DOEPMSK_XFRCM |
1151:Drivers/STM32F1xx_HAL_Driver/Src/stm32f1xx_hal_pcd.c ****                                    USB_OTG_DOEPMSK_EPDM;
1152:Drivers/STM32F1xx_HAL_Driver/Src/stm32f1xx_hal_pcd.c **** 
1153:Drivers/STM32F1xx_HAL_Driver/Src/stm32f1xx_hal_pcd.c ****         USBx_DEVICE->DINEP1MSK |= USB_OTG_DIEPMSK_TOM |
1154:Drivers/STM32F1xx_HAL_Driver/Src/stm32f1xx_hal_pcd.c ****                                   USB_OTG_DIEPMSK_XFRCM |
1155:Drivers/STM32F1xx_HAL_Driver/Src/stm32f1xx_hal_pcd.c ****                                   USB_OTG_DIEPMSK_EPDM;
1156:Drivers/STM32F1xx_HAL_Driver/Src/stm32f1xx_hal_pcd.c ****       }
1157:Drivers/STM32F1xx_HAL_Driver/Src/stm32f1xx_hal_pcd.c ****       else
1158:Drivers/STM32F1xx_HAL_Driver/Src/stm32f1xx_hal_pcd.c ****       {
1159:Drivers/STM32F1xx_HAL_Driver/Src/stm32f1xx_hal_pcd.c ****         USBx_DEVICE->DOEPMSK |= USB_OTG_DOEPMSK_STUPM |
1160:Drivers/STM32F1xx_HAL_Driver/Src/stm32f1xx_hal_pcd.c ****                                 USB_OTG_DOEPMSK_XFRCM |
1161:Drivers/STM32F1xx_HAL_Driver/Src/stm32f1xx_hal_pcd.c ****                                 USB_OTG_DOEPMSK_EPDM |
1162:Drivers/STM32F1xx_HAL_Driver/Src/stm32f1xx_hal_pcd.c ****                                 USB_OTG_DOEPMSK_OTEPSPRM |
1163:Drivers/STM32F1xx_HAL_Driver/Src/stm32f1xx_hal_pcd.c ****                                 USB_OTG_DOEPMSK_NAKM;
1164:Drivers/STM32F1xx_HAL_Driver/Src/stm32f1xx_hal_pcd.c **** 
1165:Drivers/STM32F1xx_HAL_Driver/Src/stm32f1xx_hal_pcd.c ****         USBx_DEVICE->DIEPMSK |= USB_OTG_DIEPMSK_TOM |
1166:Drivers/STM32F1xx_HAL_Driver/Src/stm32f1xx_hal_pcd.c ****                                 USB_OTG_DIEPMSK_XFRCM |
1167:Drivers/STM32F1xx_HAL_Driver/Src/stm32f1xx_hal_pcd.c ****                                 USB_OTG_DIEPMSK_EPDM;
1168:Drivers/STM32F1xx_HAL_Driver/Src/stm32f1xx_hal_pcd.c ****       }
1169:Drivers/STM32F1xx_HAL_Driver/Src/stm32f1xx_hal_pcd.c **** 
1170:Drivers/STM32F1xx_HAL_Driver/Src/stm32f1xx_hal_pcd.c ****       /* Set Default Address to 0 */
1171:Drivers/STM32F1xx_HAL_Driver/Src/stm32f1xx_hal_pcd.c ****       USBx_DEVICE->DCFG &= ~USB_OTG_DCFG_DAD;
ARM GAS  /var/folders/xf/tcndk8390ml5xdpfw93qkhpm0000gn/T//cceFQQPk.s 			page 33


1172:Drivers/STM32F1xx_HAL_Driver/Src/stm32f1xx_hal_pcd.c **** 
1173:Drivers/STM32F1xx_HAL_Driver/Src/stm32f1xx_hal_pcd.c ****       /* setup EP0 to receive SETUP packets */
1174:Drivers/STM32F1xx_HAL_Driver/Src/stm32f1xx_hal_pcd.c ****       (void)USB_EP0_OutStart(hpcd->Instance, (uint8_t *)hpcd->Setup);
1175:Drivers/STM32F1xx_HAL_Driver/Src/stm32f1xx_hal_pcd.c **** 
1176:Drivers/STM32F1xx_HAL_Driver/Src/stm32f1xx_hal_pcd.c ****       __HAL_PCD_CLEAR_FLAG(hpcd, USB_OTG_GINTSTS_USBRST);
1177:Drivers/STM32F1xx_HAL_Driver/Src/stm32f1xx_hal_pcd.c ****     }
1178:Drivers/STM32F1xx_HAL_Driver/Src/stm32f1xx_hal_pcd.c **** 
1179:Drivers/STM32F1xx_HAL_Driver/Src/stm32f1xx_hal_pcd.c ****     /* Handle Enumeration done Interrupt */
1180:Drivers/STM32F1xx_HAL_Driver/Src/stm32f1xx_hal_pcd.c ****     if (__HAL_PCD_GET_FLAG(hpcd, USB_OTG_GINTSTS_ENUMDNE))
1181:Drivers/STM32F1xx_HAL_Driver/Src/stm32f1xx_hal_pcd.c ****     {
1182:Drivers/STM32F1xx_HAL_Driver/Src/stm32f1xx_hal_pcd.c ****       (void)USB_ActivateSetup(hpcd->Instance);
1183:Drivers/STM32F1xx_HAL_Driver/Src/stm32f1xx_hal_pcd.c ****       hpcd->Init.speed = USB_GetDevSpeed(hpcd->Instance);
1184:Drivers/STM32F1xx_HAL_Driver/Src/stm32f1xx_hal_pcd.c **** 
1185:Drivers/STM32F1xx_HAL_Driver/Src/stm32f1xx_hal_pcd.c ****       /* Set USB Turnaround time */
1186:Drivers/STM32F1xx_HAL_Driver/Src/stm32f1xx_hal_pcd.c ****       (void)USB_SetTurnaroundTime(hpcd->Instance,
1187:Drivers/STM32F1xx_HAL_Driver/Src/stm32f1xx_hal_pcd.c ****                                   HAL_RCC_GetHCLKFreq(),
1188:Drivers/STM32F1xx_HAL_Driver/Src/stm32f1xx_hal_pcd.c ****                                   (uint8_t)hpcd->Init.speed);
1189:Drivers/STM32F1xx_HAL_Driver/Src/stm32f1xx_hal_pcd.c **** 
1190:Drivers/STM32F1xx_HAL_Driver/Src/stm32f1xx_hal_pcd.c **** #if (USE_HAL_PCD_REGISTER_CALLBACKS == 1U)
1191:Drivers/STM32F1xx_HAL_Driver/Src/stm32f1xx_hal_pcd.c ****       hpcd->ResetCallback(hpcd);
1192:Drivers/STM32F1xx_HAL_Driver/Src/stm32f1xx_hal_pcd.c **** #else
1193:Drivers/STM32F1xx_HAL_Driver/Src/stm32f1xx_hal_pcd.c ****       HAL_PCD_ResetCallback(hpcd);
1194:Drivers/STM32F1xx_HAL_Driver/Src/stm32f1xx_hal_pcd.c **** #endif /* USE_HAL_PCD_REGISTER_CALLBACKS */
1195:Drivers/STM32F1xx_HAL_Driver/Src/stm32f1xx_hal_pcd.c **** 
1196:Drivers/STM32F1xx_HAL_Driver/Src/stm32f1xx_hal_pcd.c ****       __HAL_PCD_CLEAR_FLAG(hpcd, USB_OTG_GINTSTS_ENUMDNE);
1197:Drivers/STM32F1xx_HAL_Driver/Src/stm32f1xx_hal_pcd.c ****     }
1198:Drivers/STM32F1xx_HAL_Driver/Src/stm32f1xx_hal_pcd.c **** 
1199:Drivers/STM32F1xx_HAL_Driver/Src/stm32f1xx_hal_pcd.c ****     /* Handle SOF Interrupt */
1200:Drivers/STM32F1xx_HAL_Driver/Src/stm32f1xx_hal_pcd.c ****     if (__HAL_PCD_GET_FLAG(hpcd, USB_OTG_GINTSTS_SOF))
1201:Drivers/STM32F1xx_HAL_Driver/Src/stm32f1xx_hal_pcd.c ****     {
1202:Drivers/STM32F1xx_HAL_Driver/Src/stm32f1xx_hal_pcd.c **** #if (USE_HAL_PCD_REGISTER_CALLBACKS == 1U)
1203:Drivers/STM32F1xx_HAL_Driver/Src/stm32f1xx_hal_pcd.c ****       hpcd->SOFCallback(hpcd);
1204:Drivers/STM32F1xx_HAL_Driver/Src/stm32f1xx_hal_pcd.c **** #else
1205:Drivers/STM32F1xx_HAL_Driver/Src/stm32f1xx_hal_pcd.c ****       HAL_PCD_SOFCallback(hpcd);
1206:Drivers/STM32F1xx_HAL_Driver/Src/stm32f1xx_hal_pcd.c **** #endif /* USE_HAL_PCD_REGISTER_CALLBACKS */
1207:Drivers/STM32F1xx_HAL_Driver/Src/stm32f1xx_hal_pcd.c **** 
1208:Drivers/STM32F1xx_HAL_Driver/Src/stm32f1xx_hal_pcd.c ****       __HAL_PCD_CLEAR_FLAG(hpcd, USB_OTG_GINTSTS_SOF);
1209:Drivers/STM32F1xx_HAL_Driver/Src/stm32f1xx_hal_pcd.c ****     }
1210:Drivers/STM32F1xx_HAL_Driver/Src/stm32f1xx_hal_pcd.c **** 
1211:Drivers/STM32F1xx_HAL_Driver/Src/stm32f1xx_hal_pcd.c ****     /* Handle Global OUT NAK effective Interrupt */
1212:Drivers/STM32F1xx_HAL_Driver/Src/stm32f1xx_hal_pcd.c ****     if (__HAL_PCD_GET_FLAG(hpcd, USB_OTG_GINTSTS_BOUTNAKEFF))
1213:Drivers/STM32F1xx_HAL_Driver/Src/stm32f1xx_hal_pcd.c ****     {
1214:Drivers/STM32F1xx_HAL_Driver/Src/stm32f1xx_hal_pcd.c ****       USBx->GINTMSK &= ~USB_OTG_GINTMSK_GONAKEFFM;
1215:Drivers/STM32F1xx_HAL_Driver/Src/stm32f1xx_hal_pcd.c **** 
1216:Drivers/STM32F1xx_HAL_Driver/Src/stm32f1xx_hal_pcd.c ****       for (epnum = 1U; epnum < hpcd->Init.dev_endpoints; epnum++)
1217:Drivers/STM32F1xx_HAL_Driver/Src/stm32f1xx_hal_pcd.c ****       {
1218:Drivers/STM32F1xx_HAL_Driver/Src/stm32f1xx_hal_pcd.c ****         if (hpcd->OUT_ep[epnum].is_iso_incomplete == 1U)
1219:Drivers/STM32F1xx_HAL_Driver/Src/stm32f1xx_hal_pcd.c ****         {
1220:Drivers/STM32F1xx_HAL_Driver/Src/stm32f1xx_hal_pcd.c ****           /* Abort current transaction and disable the EP */
1221:Drivers/STM32F1xx_HAL_Driver/Src/stm32f1xx_hal_pcd.c ****           (void)HAL_PCD_EP_Abort(hpcd, (uint8_t)epnum);
1222:Drivers/STM32F1xx_HAL_Driver/Src/stm32f1xx_hal_pcd.c ****         }
1223:Drivers/STM32F1xx_HAL_Driver/Src/stm32f1xx_hal_pcd.c ****       }
1224:Drivers/STM32F1xx_HAL_Driver/Src/stm32f1xx_hal_pcd.c ****     }
1225:Drivers/STM32F1xx_HAL_Driver/Src/stm32f1xx_hal_pcd.c **** 
1226:Drivers/STM32F1xx_HAL_Driver/Src/stm32f1xx_hal_pcd.c ****     /* Handle Incomplete ISO IN Interrupt */
1227:Drivers/STM32F1xx_HAL_Driver/Src/stm32f1xx_hal_pcd.c ****     if (__HAL_PCD_GET_FLAG(hpcd, USB_OTG_GINTSTS_IISOIXFR))
1228:Drivers/STM32F1xx_HAL_Driver/Src/stm32f1xx_hal_pcd.c ****     {
ARM GAS  /var/folders/xf/tcndk8390ml5xdpfw93qkhpm0000gn/T//cceFQQPk.s 			page 34


1229:Drivers/STM32F1xx_HAL_Driver/Src/stm32f1xx_hal_pcd.c ****       for (epnum = 1U; epnum < hpcd->Init.dev_endpoints; epnum++)
1230:Drivers/STM32F1xx_HAL_Driver/Src/stm32f1xx_hal_pcd.c ****       {
1231:Drivers/STM32F1xx_HAL_Driver/Src/stm32f1xx_hal_pcd.c ****         RegVal = USBx_INEP(epnum)->DIEPCTL;
1232:Drivers/STM32F1xx_HAL_Driver/Src/stm32f1xx_hal_pcd.c **** 
1233:Drivers/STM32F1xx_HAL_Driver/Src/stm32f1xx_hal_pcd.c ****         if ((hpcd->IN_ep[epnum].type == EP_TYPE_ISOC) &&
1234:Drivers/STM32F1xx_HAL_Driver/Src/stm32f1xx_hal_pcd.c ****             ((RegVal & USB_OTG_DIEPCTL_EPENA) == USB_OTG_DIEPCTL_EPENA))
1235:Drivers/STM32F1xx_HAL_Driver/Src/stm32f1xx_hal_pcd.c ****         {
1236:Drivers/STM32F1xx_HAL_Driver/Src/stm32f1xx_hal_pcd.c ****           hpcd->IN_ep[epnum].is_iso_incomplete = 1U;
1237:Drivers/STM32F1xx_HAL_Driver/Src/stm32f1xx_hal_pcd.c **** 
1238:Drivers/STM32F1xx_HAL_Driver/Src/stm32f1xx_hal_pcd.c ****           /* Abort current transaction and disable the EP */
1239:Drivers/STM32F1xx_HAL_Driver/Src/stm32f1xx_hal_pcd.c ****           (void)HAL_PCD_EP_Abort(hpcd, (uint8_t)(epnum | 0x80U));
1240:Drivers/STM32F1xx_HAL_Driver/Src/stm32f1xx_hal_pcd.c ****         }
1241:Drivers/STM32F1xx_HAL_Driver/Src/stm32f1xx_hal_pcd.c ****       }
1242:Drivers/STM32F1xx_HAL_Driver/Src/stm32f1xx_hal_pcd.c **** 
1243:Drivers/STM32F1xx_HAL_Driver/Src/stm32f1xx_hal_pcd.c ****       __HAL_PCD_CLEAR_FLAG(hpcd, USB_OTG_GINTSTS_IISOIXFR);
1244:Drivers/STM32F1xx_HAL_Driver/Src/stm32f1xx_hal_pcd.c ****     }
1245:Drivers/STM32F1xx_HAL_Driver/Src/stm32f1xx_hal_pcd.c **** 
1246:Drivers/STM32F1xx_HAL_Driver/Src/stm32f1xx_hal_pcd.c ****     /* Handle Incomplete ISO OUT Interrupt */
1247:Drivers/STM32F1xx_HAL_Driver/Src/stm32f1xx_hal_pcd.c ****     if (__HAL_PCD_GET_FLAG(hpcd, USB_OTG_GINTSTS_PXFR_INCOMPISOOUT))
1248:Drivers/STM32F1xx_HAL_Driver/Src/stm32f1xx_hal_pcd.c ****     {
1249:Drivers/STM32F1xx_HAL_Driver/Src/stm32f1xx_hal_pcd.c ****       for (epnum = 1U; epnum < hpcd->Init.dev_endpoints; epnum++)
1250:Drivers/STM32F1xx_HAL_Driver/Src/stm32f1xx_hal_pcd.c ****       {
1251:Drivers/STM32F1xx_HAL_Driver/Src/stm32f1xx_hal_pcd.c ****         RegVal = USBx_OUTEP(epnum)->DOEPCTL;
1252:Drivers/STM32F1xx_HAL_Driver/Src/stm32f1xx_hal_pcd.c **** 
1253:Drivers/STM32F1xx_HAL_Driver/Src/stm32f1xx_hal_pcd.c ****         if ((hpcd->OUT_ep[epnum].type == EP_TYPE_ISOC) &&
1254:Drivers/STM32F1xx_HAL_Driver/Src/stm32f1xx_hal_pcd.c ****             ((RegVal & USB_OTG_DOEPCTL_EPENA) == USB_OTG_DOEPCTL_EPENA) &&
1255:Drivers/STM32F1xx_HAL_Driver/Src/stm32f1xx_hal_pcd.c ****             ((RegVal & (0x1U << 16)) == (hpcd->FrameNumber & 0x1U)))
1256:Drivers/STM32F1xx_HAL_Driver/Src/stm32f1xx_hal_pcd.c ****         {
1257:Drivers/STM32F1xx_HAL_Driver/Src/stm32f1xx_hal_pcd.c ****           hpcd->OUT_ep[epnum].is_iso_incomplete = 1U;
1258:Drivers/STM32F1xx_HAL_Driver/Src/stm32f1xx_hal_pcd.c **** 
1259:Drivers/STM32F1xx_HAL_Driver/Src/stm32f1xx_hal_pcd.c ****           USBx->GINTMSK |= USB_OTG_GINTMSK_GONAKEFFM;
1260:Drivers/STM32F1xx_HAL_Driver/Src/stm32f1xx_hal_pcd.c **** 
1261:Drivers/STM32F1xx_HAL_Driver/Src/stm32f1xx_hal_pcd.c ****           if ((USBx->GINTSTS & USB_OTG_GINTSTS_BOUTNAKEFF) == 0U)
1262:Drivers/STM32F1xx_HAL_Driver/Src/stm32f1xx_hal_pcd.c ****           {
1263:Drivers/STM32F1xx_HAL_Driver/Src/stm32f1xx_hal_pcd.c ****             USBx_DEVICE->DCTL |= USB_OTG_DCTL_SGONAK;
1264:Drivers/STM32F1xx_HAL_Driver/Src/stm32f1xx_hal_pcd.c ****             break;
1265:Drivers/STM32F1xx_HAL_Driver/Src/stm32f1xx_hal_pcd.c ****           }
1266:Drivers/STM32F1xx_HAL_Driver/Src/stm32f1xx_hal_pcd.c ****         }
1267:Drivers/STM32F1xx_HAL_Driver/Src/stm32f1xx_hal_pcd.c ****       }
1268:Drivers/STM32F1xx_HAL_Driver/Src/stm32f1xx_hal_pcd.c **** 
1269:Drivers/STM32F1xx_HAL_Driver/Src/stm32f1xx_hal_pcd.c ****       __HAL_PCD_CLEAR_FLAG(hpcd, USB_OTG_GINTSTS_PXFR_INCOMPISOOUT);
1270:Drivers/STM32F1xx_HAL_Driver/Src/stm32f1xx_hal_pcd.c ****     }
1271:Drivers/STM32F1xx_HAL_Driver/Src/stm32f1xx_hal_pcd.c **** 
1272:Drivers/STM32F1xx_HAL_Driver/Src/stm32f1xx_hal_pcd.c ****     /* Handle Connection event Interrupt */
1273:Drivers/STM32F1xx_HAL_Driver/Src/stm32f1xx_hal_pcd.c ****     if (__HAL_PCD_GET_FLAG(hpcd, USB_OTG_GINTSTS_SRQINT))
1274:Drivers/STM32F1xx_HAL_Driver/Src/stm32f1xx_hal_pcd.c ****     {
1275:Drivers/STM32F1xx_HAL_Driver/Src/stm32f1xx_hal_pcd.c **** #if (USE_HAL_PCD_REGISTER_CALLBACKS == 1U)
1276:Drivers/STM32F1xx_HAL_Driver/Src/stm32f1xx_hal_pcd.c ****       hpcd->ConnectCallback(hpcd);
1277:Drivers/STM32F1xx_HAL_Driver/Src/stm32f1xx_hal_pcd.c **** #else
1278:Drivers/STM32F1xx_HAL_Driver/Src/stm32f1xx_hal_pcd.c ****       HAL_PCD_ConnectCallback(hpcd);
1279:Drivers/STM32F1xx_HAL_Driver/Src/stm32f1xx_hal_pcd.c **** #endif /* USE_HAL_PCD_REGISTER_CALLBACKS */
1280:Drivers/STM32F1xx_HAL_Driver/Src/stm32f1xx_hal_pcd.c **** 
1281:Drivers/STM32F1xx_HAL_Driver/Src/stm32f1xx_hal_pcd.c ****       __HAL_PCD_CLEAR_FLAG(hpcd, USB_OTG_GINTSTS_SRQINT);
1282:Drivers/STM32F1xx_HAL_Driver/Src/stm32f1xx_hal_pcd.c ****     }
1283:Drivers/STM32F1xx_HAL_Driver/Src/stm32f1xx_hal_pcd.c **** 
1284:Drivers/STM32F1xx_HAL_Driver/Src/stm32f1xx_hal_pcd.c ****     /* Handle Disconnection event Interrupt */
1285:Drivers/STM32F1xx_HAL_Driver/Src/stm32f1xx_hal_pcd.c ****     if (__HAL_PCD_GET_FLAG(hpcd, USB_OTG_GINTSTS_OTGINT))
ARM GAS  /var/folders/xf/tcndk8390ml5xdpfw93qkhpm0000gn/T//cceFQQPk.s 			page 35


1286:Drivers/STM32F1xx_HAL_Driver/Src/stm32f1xx_hal_pcd.c ****     {
1287:Drivers/STM32F1xx_HAL_Driver/Src/stm32f1xx_hal_pcd.c ****       RegVal = hpcd->Instance->GOTGINT;
1288:Drivers/STM32F1xx_HAL_Driver/Src/stm32f1xx_hal_pcd.c **** 
1289:Drivers/STM32F1xx_HAL_Driver/Src/stm32f1xx_hal_pcd.c ****       if ((RegVal & USB_OTG_GOTGINT_SEDET) == USB_OTG_GOTGINT_SEDET)
1290:Drivers/STM32F1xx_HAL_Driver/Src/stm32f1xx_hal_pcd.c ****       {
1291:Drivers/STM32F1xx_HAL_Driver/Src/stm32f1xx_hal_pcd.c **** #if (USE_HAL_PCD_REGISTER_CALLBACKS == 1U)
1292:Drivers/STM32F1xx_HAL_Driver/Src/stm32f1xx_hal_pcd.c ****         hpcd->DisconnectCallback(hpcd);
1293:Drivers/STM32F1xx_HAL_Driver/Src/stm32f1xx_hal_pcd.c **** #else
1294:Drivers/STM32F1xx_HAL_Driver/Src/stm32f1xx_hal_pcd.c ****         HAL_PCD_DisconnectCallback(hpcd);
1295:Drivers/STM32F1xx_HAL_Driver/Src/stm32f1xx_hal_pcd.c **** #endif /* USE_HAL_PCD_REGISTER_CALLBACKS */
1296:Drivers/STM32F1xx_HAL_Driver/Src/stm32f1xx_hal_pcd.c ****       }
1297:Drivers/STM32F1xx_HAL_Driver/Src/stm32f1xx_hal_pcd.c ****       hpcd->Instance->GOTGINT |= RegVal;
1298:Drivers/STM32F1xx_HAL_Driver/Src/stm32f1xx_hal_pcd.c ****     }
1299:Drivers/STM32F1xx_HAL_Driver/Src/stm32f1xx_hal_pcd.c ****   }
1300:Drivers/STM32F1xx_HAL_Driver/Src/stm32f1xx_hal_pcd.c **** }
1301:Drivers/STM32F1xx_HAL_Driver/Src/stm32f1xx_hal_pcd.c **** 
1302:Drivers/STM32F1xx_HAL_Driver/Src/stm32f1xx_hal_pcd.c **** 
1303:Drivers/STM32F1xx_HAL_Driver/Src/stm32f1xx_hal_pcd.c **** /**
1304:Drivers/STM32F1xx_HAL_Driver/Src/stm32f1xx_hal_pcd.c ****   * @brief  Handles PCD Wakeup interrupt request.
1305:Drivers/STM32F1xx_HAL_Driver/Src/stm32f1xx_hal_pcd.c ****   * @param  hpcd PCD handle
1306:Drivers/STM32F1xx_HAL_Driver/Src/stm32f1xx_hal_pcd.c ****   * @retval HAL status
1307:Drivers/STM32F1xx_HAL_Driver/Src/stm32f1xx_hal_pcd.c ****   */
1308:Drivers/STM32F1xx_HAL_Driver/Src/stm32f1xx_hal_pcd.c **** void HAL_PCD_WKUP_IRQHandler(PCD_HandleTypeDef *hpcd)
1309:Drivers/STM32F1xx_HAL_Driver/Src/stm32f1xx_hal_pcd.c **** {
1310:Drivers/STM32F1xx_HAL_Driver/Src/stm32f1xx_hal_pcd.c ****   /* Clear EXTI pending Bit */
1311:Drivers/STM32F1xx_HAL_Driver/Src/stm32f1xx_hal_pcd.c ****   __HAL_USB_OTG_FS_WAKEUP_EXTI_CLEAR_FLAG();
1312:Drivers/STM32F1xx_HAL_Driver/Src/stm32f1xx_hal_pcd.c **** }
1313:Drivers/STM32F1xx_HAL_Driver/Src/stm32f1xx_hal_pcd.c **** #endif /* defined (USB_OTG_FS) */
1314:Drivers/STM32F1xx_HAL_Driver/Src/stm32f1xx_hal_pcd.c **** 
1315:Drivers/STM32F1xx_HAL_Driver/Src/stm32f1xx_hal_pcd.c **** #if defined (USB)
1316:Drivers/STM32F1xx_HAL_Driver/Src/stm32f1xx_hal_pcd.c **** /**
1317:Drivers/STM32F1xx_HAL_Driver/Src/stm32f1xx_hal_pcd.c ****   * @brief  This function handles PCD interrupt request.
1318:Drivers/STM32F1xx_HAL_Driver/Src/stm32f1xx_hal_pcd.c ****   * @param  hpcd PCD handle
1319:Drivers/STM32F1xx_HAL_Driver/Src/stm32f1xx_hal_pcd.c ****   * @retval HAL status
1320:Drivers/STM32F1xx_HAL_Driver/Src/stm32f1xx_hal_pcd.c ****   */
1321:Drivers/STM32F1xx_HAL_Driver/Src/stm32f1xx_hal_pcd.c **** void HAL_PCD_IRQHandler(PCD_HandleTypeDef *hpcd)
1322:Drivers/STM32F1xx_HAL_Driver/Src/stm32f1xx_hal_pcd.c **** {
 661              		.loc 1 1322 1
 662              		.cfi_startproc
 663              		@ args = 0, pretend = 0, frame = 32
 664              		@ frame_needed = 1, uses_anonymous_args = 0
 665 0000 80B5     		push	{r7, lr}
 666              	.LCFI32:
 667              		.cfi_def_cfa_offset 8
 668              		.cfi_offset 7, -8
 669              		.cfi_offset 14, -4
 670 0002 88B0     		sub	sp, sp, #32
 671              	.LCFI33:
 672              		.cfi_def_cfa_offset 40
 673 0004 00AF     		add	r7, sp, #0
 674              	.LCFI34:
 675              		.cfi_def_cfa_register 7
 676 0006 7860     		str	r0, [r7, #4]
1323:Drivers/STM32F1xx_HAL_Driver/Src/stm32f1xx_hal_pcd.c ****   uint32_t wIstr = USB_ReadInterrupts(hpcd->Instance);
 677              		.loc 1 1323 43
 678 0008 7B68     		ldr	r3, [r7, #4]
 679 000a 1B68     		ldr	r3, [r3]
ARM GAS  /var/folders/xf/tcndk8390ml5xdpfw93qkhpm0000gn/T//cceFQQPk.s 			page 36


 680              		.loc 1 1323 20
 681 000c 1846     		mov	r0, r3
 682 000e FFF7FEFF 		bl	USB_ReadInterrupts
 683 0012 B861     		str	r0, [r7, #24]
1324:Drivers/STM32F1xx_HAL_Driver/Src/stm32f1xx_hal_pcd.c ****   uint16_t store_ep[8];
1325:Drivers/STM32F1xx_HAL_Driver/Src/stm32f1xx_hal_pcd.c ****   uint8_t i;
1326:Drivers/STM32F1xx_HAL_Driver/Src/stm32f1xx_hal_pcd.c **** 
1327:Drivers/STM32F1xx_HAL_Driver/Src/stm32f1xx_hal_pcd.c ****   if ((wIstr & USB_ISTR_CTR) == USB_ISTR_CTR)
 684              		.loc 1 1327 14
 685 0014 BB69     		ldr	r3, [r7, #24]
 686 0016 03F40043 		and	r3, r3, #32768
 687              		.loc 1 1327 6
 688 001a 002B     		cmp	r3, #0
 689 001c 03D0     		beq	.L25
1328:Drivers/STM32F1xx_HAL_Driver/Src/stm32f1xx_hal_pcd.c ****   {
1329:Drivers/STM32F1xx_HAL_Driver/Src/stm32f1xx_hal_pcd.c ****     /* servicing of the endpoint correct transfer interrupt */
1330:Drivers/STM32F1xx_HAL_Driver/Src/stm32f1xx_hal_pcd.c ****     /* clear of the CTR flag into the sub */
1331:Drivers/STM32F1xx_HAL_Driver/Src/stm32f1xx_hal_pcd.c ****     (void)PCD_EP_ISR_Handler(hpcd);
 690              		.loc 1 1331 11
 691 001e 7868     		ldr	r0, [r7, #4]
 692 0020 FFF7FEFF 		bl	PCD_EP_ISR_Handler
1332:Drivers/STM32F1xx_HAL_Driver/Src/stm32f1xx_hal_pcd.c **** 
1333:Drivers/STM32F1xx_HAL_Driver/Src/stm32f1xx_hal_pcd.c ****     return;
 693              		.loc 1 1333 5
 694 0024 19E1     		b	.L24
 695              	.L25:
1334:Drivers/STM32F1xx_HAL_Driver/Src/stm32f1xx_hal_pcd.c ****   }
1335:Drivers/STM32F1xx_HAL_Driver/Src/stm32f1xx_hal_pcd.c **** 
1336:Drivers/STM32F1xx_HAL_Driver/Src/stm32f1xx_hal_pcd.c ****   if ((wIstr & USB_ISTR_RESET) == USB_ISTR_RESET)
 696              		.loc 1 1336 14
 697 0026 BB69     		ldr	r3, [r7, #24]
 698 0028 03F48063 		and	r3, r3, #1024
 699              		.loc 1 1336 6
 700 002c 002B     		cmp	r3, #0
 701 002e 13D0     		beq	.L27
1337:Drivers/STM32F1xx_HAL_Driver/Src/stm32f1xx_hal_pcd.c ****   {
1338:Drivers/STM32F1xx_HAL_Driver/Src/stm32f1xx_hal_pcd.c ****     __HAL_PCD_CLEAR_FLAG(hpcd, USB_ISTR_RESET);
 702              		.loc 1 1338 5
 703 0030 7B68     		ldr	r3, [r7, #4]
 704 0032 1B68     		ldr	r3, [r3]
 705 0034 B3F84430 		ldrh	r3, [r3, #68]	@ movhi
 706 0038 9AB2     		uxth	r2, r3
 707 003a 7B68     		ldr	r3, [r7, #4]
 708 003c 1B68     		ldr	r3, [r3]
 709 003e 22F48062 		bic	r2, r2, #1024
 710 0042 92B2     		uxth	r2, r2
 711 0044 A3F84420 		strh	r2, [r3, #68]	@ movhi
1339:Drivers/STM32F1xx_HAL_Driver/Src/stm32f1xx_hal_pcd.c **** 
1340:Drivers/STM32F1xx_HAL_Driver/Src/stm32f1xx_hal_pcd.c **** #if (USE_HAL_PCD_REGISTER_CALLBACKS == 1U)
1341:Drivers/STM32F1xx_HAL_Driver/Src/stm32f1xx_hal_pcd.c ****     hpcd->ResetCallback(hpcd);
1342:Drivers/STM32F1xx_HAL_Driver/Src/stm32f1xx_hal_pcd.c **** #else
1343:Drivers/STM32F1xx_HAL_Driver/Src/stm32f1xx_hal_pcd.c ****     HAL_PCD_ResetCallback(hpcd);
 712              		.loc 1 1343 5
 713 0048 7868     		ldr	r0, [r7, #4]
 714 004a FFF7FEFF 		bl	HAL_PCD_ResetCallback
1344:Drivers/STM32F1xx_HAL_Driver/Src/stm32f1xx_hal_pcd.c **** #endif /* USE_HAL_PCD_REGISTER_CALLBACKS */
1345:Drivers/STM32F1xx_HAL_Driver/Src/stm32f1xx_hal_pcd.c **** 
ARM GAS  /var/folders/xf/tcndk8390ml5xdpfw93qkhpm0000gn/T//cceFQQPk.s 			page 37


1346:Drivers/STM32F1xx_HAL_Driver/Src/stm32f1xx_hal_pcd.c ****     (void)HAL_PCD_SetAddress(hpcd, 0U);
 715              		.loc 1 1346 11
 716 004e 0021     		movs	r1, #0
 717 0050 7868     		ldr	r0, [r7, #4]
 718 0052 FFF7FEFF 		bl	HAL_PCD_SetAddress
1347:Drivers/STM32F1xx_HAL_Driver/Src/stm32f1xx_hal_pcd.c **** 
1348:Drivers/STM32F1xx_HAL_Driver/Src/stm32f1xx_hal_pcd.c ****     return;
 719              		.loc 1 1348 5
 720 0056 00E1     		b	.L24
 721              	.L27:
1349:Drivers/STM32F1xx_HAL_Driver/Src/stm32f1xx_hal_pcd.c ****   }
1350:Drivers/STM32F1xx_HAL_Driver/Src/stm32f1xx_hal_pcd.c **** 
1351:Drivers/STM32F1xx_HAL_Driver/Src/stm32f1xx_hal_pcd.c ****   if ((wIstr & USB_ISTR_PMAOVR) == USB_ISTR_PMAOVR)
 722              		.loc 1 1351 14
 723 0058 BB69     		ldr	r3, [r7, #24]
 724 005a 03F48043 		and	r3, r3, #16384
 725              		.loc 1 1351 6
 726 005e 002B     		cmp	r3, #0
 727 0060 0CD0     		beq	.L28
1352:Drivers/STM32F1xx_HAL_Driver/Src/stm32f1xx_hal_pcd.c ****   {
1353:Drivers/STM32F1xx_HAL_Driver/Src/stm32f1xx_hal_pcd.c ****     __HAL_PCD_CLEAR_FLAG(hpcd, USB_ISTR_PMAOVR);
 728              		.loc 1 1353 5
 729 0062 7B68     		ldr	r3, [r7, #4]
 730 0064 1B68     		ldr	r3, [r3]
 731 0066 B3F84430 		ldrh	r3, [r3, #68]	@ movhi
 732 006a 9AB2     		uxth	r2, r3
 733 006c 7B68     		ldr	r3, [r7, #4]
 734 006e 1B68     		ldr	r3, [r3]
 735 0070 22F48042 		bic	r2, r2, #16384
 736 0074 92B2     		uxth	r2, r2
 737 0076 A3F84420 		strh	r2, [r3, #68]	@ movhi
1354:Drivers/STM32F1xx_HAL_Driver/Src/stm32f1xx_hal_pcd.c **** 
1355:Drivers/STM32F1xx_HAL_Driver/Src/stm32f1xx_hal_pcd.c ****     return;
 738              		.loc 1 1355 5
 739 007a EEE0     		b	.L24
 740              	.L28:
1356:Drivers/STM32F1xx_HAL_Driver/Src/stm32f1xx_hal_pcd.c ****   }
1357:Drivers/STM32F1xx_HAL_Driver/Src/stm32f1xx_hal_pcd.c **** 
1358:Drivers/STM32F1xx_HAL_Driver/Src/stm32f1xx_hal_pcd.c ****   if ((wIstr & USB_ISTR_ERR) == USB_ISTR_ERR)
 741              		.loc 1 1358 14
 742 007c BB69     		ldr	r3, [r7, #24]
 743 007e 03F40053 		and	r3, r3, #8192
 744              		.loc 1 1358 6
 745 0082 002B     		cmp	r3, #0
 746 0084 0CD0     		beq	.L29
1359:Drivers/STM32F1xx_HAL_Driver/Src/stm32f1xx_hal_pcd.c ****   {
1360:Drivers/STM32F1xx_HAL_Driver/Src/stm32f1xx_hal_pcd.c ****     __HAL_PCD_CLEAR_FLAG(hpcd, USB_ISTR_ERR);
 747              		.loc 1 1360 5
 748 0086 7B68     		ldr	r3, [r7, #4]
 749 0088 1B68     		ldr	r3, [r3]
 750 008a B3F84430 		ldrh	r3, [r3, #68]	@ movhi
 751 008e 9AB2     		uxth	r2, r3
 752 0090 7B68     		ldr	r3, [r7, #4]
 753 0092 1B68     		ldr	r3, [r3]
 754 0094 22F40052 		bic	r2, r2, #8192
 755 0098 92B2     		uxth	r2, r2
 756 009a A3F84420 		strh	r2, [r3, #68]	@ movhi
ARM GAS  /var/folders/xf/tcndk8390ml5xdpfw93qkhpm0000gn/T//cceFQQPk.s 			page 38


1361:Drivers/STM32F1xx_HAL_Driver/Src/stm32f1xx_hal_pcd.c **** 
1362:Drivers/STM32F1xx_HAL_Driver/Src/stm32f1xx_hal_pcd.c ****     return;
 757              		.loc 1 1362 5
 758 009e DCE0     		b	.L24
 759              	.L29:
1363:Drivers/STM32F1xx_HAL_Driver/Src/stm32f1xx_hal_pcd.c ****   }
1364:Drivers/STM32F1xx_HAL_Driver/Src/stm32f1xx_hal_pcd.c **** 
1365:Drivers/STM32F1xx_HAL_Driver/Src/stm32f1xx_hal_pcd.c ****   if ((wIstr & USB_ISTR_WKUP) == USB_ISTR_WKUP)
 760              		.loc 1 1365 14
 761 00a0 BB69     		ldr	r3, [r7, #24]
 762 00a2 03F48053 		and	r3, r3, #4096
 763              		.loc 1 1365 6
 764 00a6 002B     		cmp	r3, #0
 765 00a8 27D0     		beq	.L30
1366:Drivers/STM32F1xx_HAL_Driver/Src/stm32f1xx_hal_pcd.c ****   {
1367:Drivers/STM32F1xx_HAL_Driver/Src/stm32f1xx_hal_pcd.c ****     hpcd->Instance->CNTR &= (uint16_t) ~(USB_CNTR_LP_MODE);
 766              		.loc 1 1367 9
 767 00aa 7B68     		ldr	r3, [r7, #4]
 768 00ac 1B68     		ldr	r3, [r3]
 769              		.loc 1 1367 26
 770 00ae B3F84030 		ldrh	r3, [r3, #64]	@ movhi
 771 00b2 9AB2     		uxth	r2, r3
 772              		.loc 1 1367 9
 773 00b4 7B68     		ldr	r3, [r7, #4]
 774 00b6 1B68     		ldr	r3, [r3]
 775              		.loc 1 1367 26
 776 00b8 22F00402 		bic	r2, r2, #4
 777 00bc 92B2     		uxth	r2, r2
 778 00be A3F84020 		strh	r2, [r3, #64]	@ movhi
1368:Drivers/STM32F1xx_HAL_Driver/Src/stm32f1xx_hal_pcd.c ****     hpcd->Instance->CNTR &= (uint16_t) ~(USB_CNTR_FSUSP);
 779              		.loc 1 1368 9
 780 00c2 7B68     		ldr	r3, [r7, #4]
 781 00c4 1B68     		ldr	r3, [r3]
 782              		.loc 1 1368 26
 783 00c6 B3F84030 		ldrh	r3, [r3, #64]	@ movhi
 784 00ca 9AB2     		uxth	r2, r3
 785              		.loc 1 1368 9
 786 00cc 7B68     		ldr	r3, [r7, #4]
 787 00ce 1B68     		ldr	r3, [r3]
 788              		.loc 1 1368 26
 789 00d0 22F00802 		bic	r2, r2, #8
 790 00d4 92B2     		uxth	r2, r2
 791 00d6 A3F84020 		strh	r2, [r3, #64]	@ movhi
1369:Drivers/STM32F1xx_HAL_Driver/Src/stm32f1xx_hal_pcd.c **** 
1370:Drivers/STM32F1xx_HAL_Driver/Src/stm32f1xx_hal_pcd.c **** #if (USE_HAL_PCD_REGISTER_CALLBACKS == 1U)
1371:Drivers/STM32F1xx_HAL_Driver/Src/stm32f1xx_hal_pcd.c ****     hpcd->ResumeCallback(hpcd);
1372:Drivers/STM32F1xx_HAL_Driver/Src/stm32f1xx_hal_pcd.c **** #else
1373:Drivers/STM32F1xx_HAL_Driver/Src/stm32f1xx_hal_pcd.c ****     HAL_PCD_ResumeCallback(hpcd);
 792              		.loc 1 1373 5
 793 00da 7868     		ldr	r0, [r7, #4]
 794 00dc FFF7FEFF 		bl	HAL_PCD_ResumeCallback
1374:Drivers/STM32F1xx_HAL_Driver/Src/stm32f1xx_hal_pcd.c **** #endif /* USE_HAL_PCD_REGISTER_CALLBACKS */
1375:Drivers/STM32F1xx_HAL_Driver/Src/stm32f1xx_hal_pcd.c **** 
1376:Drivers/STM32F1xx_HAL_Driver/Src/stm32f1xx_hal_pcd.c ****     __HAL_PCD_CLEAR_FLAG(hpcd, USB_ISTR_WKUP);
 795              		.loc 1 1376 5
 796 00e0 7B68     		ldr	r3, [r7, #4]
 797 00e2 1B68     		ldr	r3, [r3]
ARM GAS  /var/folders/xf/tcndk8390ml5xdpfw93qkhpm0000gn/T//cceFQQPk.s 			page 39


 798 00e4 B3F84430 		ldrh	r3, [r3, #68]	@ movhi
 799 00e8 9AB2     		uxth	r2, r3
 800 00ea 7B68     		ldr	r3, [r7, #4]
 801 00ec 1B68     		ldr	r3, [r3]
 802 00ee 22F48052 		bic	r2, r2, #4096
 803 00f2 92B2     		uxth	r2, r2
 804 00f4 A3F84420 		strh	r2, [r3, #68]	@ movhi
1377:Drivers/STM32F1xx_HAL_Driver/Src/stm32f1xx_hal_pcd.c **** 
1378:Drivers/STM32F1xx_HAL_Driver/Src/stm32f1xx_hal_pcd.c ****     return;
 805              		.loc 1 1378 5
 806 00f8 AFE0     		b	.L24
 807              	.L30:
1379:Drivers/STM32F1xx_HAL_Driver/Src/stm32f1xx_hal_pcd.c ****   }
1380:Drivers/STM32F1xx_HAL_Driver/Src/stm32f1xx_hal_pcd.c **** 
1381:Drivers/STM32F1xx_HAL_Driver/Src/stm32f1xx_hal_pcd.c ****   if ((wIstr & USB_ISTR_SUSP) == USB_ISTR_SUSP)
 808              		.loc 1 1381 14
 809 00fa BB69     		ldr	r3, [r7, #24]
 810 00fc 03F40063 		and	r3, r3, #2048
 811              		.loc 1 1381 6
 812 0100 002B     		cmp	r3, #0
 813 0102 00F08380 		beq	.L31
1382:Drivers/STM32F1xx_HAL_Driver/Src/stm32f1xx_hal_pcd.c ****   {
1383:Drivers/STM32F1xx_HAL_Driver/Src/stm32f1xx_hal_pcd.c ****     /* WA: To Clear Wakeup flag if raised with suspend signal */
1384:Drivers/STM32F1xx_HAL_Driver/Src/stm32f1xx_hal_pcd.c **** 
1385:Drivers/STM32F1xx_HAL_Driver/Src/stm32f1xx_hal_pcd.c ****     /* Store Endpoint registers */
1386:Drivers/STM32F1xx_HAL_Driver/Src/stm32f1xx_hal_pcd.c ****     for (i = 0U; i < 8U; i++)
 814              		.loc 1 1386 12
 815 0106 0023     		movs	r3, #0
 816 0108 FB77     		strb	r3, [r7, #31]
 817              		.loc 1 1386 5
 818 010a 10E0     		b	.L32
 819              	.L33:
1387:Drivers/STM32F1xx_HAL_Driver/Src/stm32f1xx_hal_pcd.c ****     {
1388:Drivers/STM32F1xx_HAL_Driver/Src/stm32f1xx_hal_pcd.c ****       store_ep[i] = PCD_GET_ENDPOINT(hpcd->Instance, i);
 820              		.loc 1 1388 21 discriminator 3
 821 010c 7B68     		ldr	r3, [r7, #4]
 822 010e 1B68     		ldr	r3, [r3]
 823 0110 1A46     		mov	r2, r3
 824 0112 FB7F     		ldrb	r3, [r7, #31]	@ zero_extendqisi2
 825 0114 9B00     		lsls	r3, r3, #2
 826 0116 1A44     		add	r2, r2, r3
 827              		.loc 1 1388 15 discriminator 3
 828 0118 FB7F     		ldrb	r3, [r7, #31]	@ zero_extendqisi2
 829              		.loc 1 1388 21 discriminator 3
 830 011a 1288     		ldrh	r2, [r2]	@ movhi
 831 011c 92B2     		uxth	r2, r2
 832              		.loc 1 1388 19 discriminator 3
 833 011e 5B00     		lsls	r3, r3, #1
 834 0120 2033     		adds	r3, r3, #32
 835 0122 3B44     		add	r3, r3, r7
 836 0124 23F8182C 		strh	r2, [r3, #-24]	@ movhi
1386:Drivers/STM32F1xx_HAL_Driver/Src/stm32f1xx_hal_pcd.c ****     {
 837              		.loc 1 1386 27 discriminator 3
 838 0128 FB7F     		ldrb	r3, [r7, #31]	@ zero_extendqisi2
 839 012a 0133     		adds	r3, r3, #1
 840 012c FB77     		strb	r3, [r7, #31]
 841              	.L32:
ARM GAS  /var/folders/xf/tcndk8390ml5xdpfw93qkhpm0000gn/T//cceFQQPk.s 			page 40


1386:Drivers/STM32F1xx_HAL_Driver/Src/stm32f1xx_hal_pcd.c ****     {
 842              		.loc 1 1386 5 discriminator 1
 843 012e FB7F     		ldrb	r3, [r7, #31]	@ zero_extendqisi2
 844 0130 072B     		cmp	r3, #7
 845 0132 EBD9     		bls	.L33
1389:Drivers/STM32F1xx_HAL_Driver/Src/stm32f1xx_hal_pcd.c ****     }
1390:Drivers/STM32F1xx_HAL_Driver/Src/stm32f1xx_hal_pcd.c **** 
1391:Drivers/STM32F1xx_HAL_Driver/Src/stm32f1xx_hal_pcd.c ****     /* FORCE RESET */
1392:Drivers/STM32F1xx_HAL_Driver/Src/stm32f1xx_hal_pcd.c ****     hpcd->Instance->CNTR |= (uint16_t)(USB_CNTR_FRES);
 846              		.loc 1 1392 9
 847 0134 7B68     		ldr	r3, [r7, #4]
 848 0136 1B68     		ldr	r3, [r3]
 849              		.loc 1 1392 26
 850 0138 B3F84030 		ldrh	r3, [r3, #64]	@ movhi
 851 013c 9AB2     		uxth	r2, r3
 852              		.loc 1 1392 9
 853 013e 7B68     		ldr	r3, [r7, #4]
 854 0140 1B68     		ldr	r3, [r3]
 855              		.loc 1 1392 26
 856 0142 42F00102 		orr	r2, r2, #1
 857 0146 92B2     		uxth	r2, r2
 858 0148 A3F84020 		strh	r2, [r3, #64]	@ movhi
1393:Drivers/STM32F1xx_HAL_Driver/Src/stm32f1xx_hal_pcd.c **** 
1394:Drivers/STM32F1xx_HAL_Driver/Src/stm32f1xx_hal_pcd.c ****     /* CLEAR RESET */
1395:Drivers/STM32F1xx_HAL_Driver/Src/stm32f1xx_hal_pcd.c ****     hpcd->Instance->CNTR &= (uint16_t)(~USB_CNTR_FRES);
 859              		.loc 1 1395 9
 860 014c 7B68     		ldr	r3, [r7, #4]
 861 014e 1B68     		ldr	r3, [r3]
 862              		.loc 1 1395 26
 863 0150 B3F84030 		ldrh	r3, [r3, #64]	@ movhi
 864 0154 9AB2     		uxth	r2, r3
 865              		.loc 1 1395 9
 866 0156 7B68     		ldr	r3, [r7, #4]
 867 0158 1B68     		ldr	r3, [r3]
 868              		.loc 1 1395 26
 869 015a 22F00102 		bic	r2, r2, #1
 870 015e 92B2     		uxth	r2, r2
 871 0160 A3F84020 		strh	r2, [r3, #64]	@ movhi
1396:Drivers/STM32F1xx_HAL_Driver/Src/stm32f1xx_hal_pcd.c **** 
1397:Drivers/STM32F1xx_HAL_Driver/Src/stm32f1xx_hal_pcd.c ****     /* wait for reset flag in ISTR */
1398:Drivers/STM32F1xx_HAL_Driver/Src/stm32f1xx_hal_pcd.c ****     while ((hpcd->Instance->ISTR & USB_ISTR_RESET) == 0U)
 872              		.loc 1 1398 11
 873 0164 00BF     		nop
 874              	.L34:
 875              		.loc 1 1398 17 discriminator 1
 876 0166 7B68     		ldr	r3, [r7, #4]
 877 0168 1B68     		ldr	r3, [r3]
 878              		.loc 1 1398 27 discriminator 1
 879 016a B3F84430 		ldrh	r3, [r3, #68]	@ movhi
 880 016e 9BB2     		uxth	r3, r3
 881              		.loc 1 1398 34 discriminator 1
 882 0170 03F48063 		and	r3, r3, #1024
 883              		.loc 1 1398 11 discriminator 1
 884 0174 002B     		cmp	r3, #0
 885 0176 F6D0     		beq	.L34
1399:Drivers/STM32F1xx_HAL_Driver/Src/stm32f1xx_hal_pcd.c ****     {
1400:Drivers/STM32F1xx_HAL_Driver/Src/stm32f1xx_hal_pcd.c ****     }
ARM GAS  /var/folders/xf/tcndk8390ml5xdpfw93qkhpm0000gn/T//cceFQQPk.s 			page 41


1401:Drivers/STM32F1xx_HAL_Driver/Src/stm32f1xx_hal_pcd.c **** 
1402:Drivers/STM32F1xx_HAL_Driver/Src/stm32f1xx_hal_pcd.c ****     /* Clear Reset Flag */
1403:Drivers/STM32F1xx_HAL_Driver/Src/stm32f1xx_hal_pcd.c ****     __HAL_PCD_CLEAR_FLAG(hpcd, USB_ISTR_RESET);
 886              		.loc 1 1403 5
 887 0178 7B68     		ldr	r3, [r7, #4]
 888 017a 1B68     		ldr	r3, [r3]
 889 017c B3F84430 		ldrh	r3, [r3, #68]	@ movhi
 890 0180 9AB2     		uxth	r2, r3
 891 0182 7B68     		ldr	r3, [r7, #4]
 892 0184 1B68     		ldr	r3, [r3]
 893 0186 22F48062 		bic	r2, r2, #1024
 894 018a 92B2     		uxth	r2, r2
 895 018c A3F84420 		strh	r2, [r3, #68]	@ movhi
1404:Drivers/STM32F1xx_HAL_Driver/Src/stm32f1xx_hal_pcd.c **** 
1405:Drivers/STM32F1xx_HAL_Driver/Src/stm32f1xx_hal_pcd.c ****     /* Restore Registre */
1406:Drivers/STM32F1xx_HAL_Driver/Src/stm32f1xx_hal_pcd.c ****     for (i = 0U; i < 8U; i++)
 896              		.loc 1 1406 12
 897 0190 0023     		movs	r3, #0
 898 0192 FB77     		strb	r3, [r7, #31]
 899              		.loc 1 1406 5
 900 0194 0FE0     		b	.L35
 901              	.L36:
1407:Drivers/STM32F1xx_HAL_Driver/Src/stm32f1xx_hal_pcd.c ****     {
1408:Drivers/STM32F1xx_HAL_Driver/Src/stm32f1xx_hal_pcd.c ****       PCD_SET_ENDPOINT(hpcd->Instance, i, store_ep[i]);
 902              		.loc 1 1408 7 discriminator 3
 903 0196 FB7F     		ldrb	r3, [r7, #31]	@ zero_extendqisi2
 904 0198 7A68     		ldr	r2, [r7, #4]
 905 019a 1268     		ldr	r2, [r2]
 906 019c 1146     		mov	r1, r2
 907 019e FA7F     		ldrb	r2, [r7, #31]	@ zero_extendqisi2
 908 01a0 9200     		lsls	r2, r2, #2
 909 01a2 0A44     		add	r2, r2, r1
 910 01a4 5B00     		lsls	r3, r3, #1
 911 01a6 2033     		adds	r3, r3, #32
 912 01a8 3B44     		add	r3, r3, r7
 913 01aa 33F8183C 		ldrh	r3, [r3, #-24]
 914 01ae 1380     		strh	r3, [r2]	@ movhi
1406:Drivers/STM32F1xx_HAL_Driver/Src/stm32f1xx_hal_pcd.c ****     {
 915              		.loc 1 1406 27 discriminator 3
 916 01b0 FB7F     		ldrb	r3, [r7, #31]	@ zero_extendqisi2
 917 01b2 0133     		adds	r3, r3, #1
 918 01b4 FB77     		strb	r3, [r7, #31]
 919              	.L35:
1406:Drivers/STM32F1xx_HAL_Driver/Src/stm32f1xx_hal_pcd.c ****     {
 920              		.loc 1 1406 5 discriminator 1
 921 01b6 FB7F     		ldrb	r3, [r7, #31]	@ zero_extendqisi2
 922 01b8 072B     		cmp	r3, #7
 923 01ba ECD9     		bls	.L36
1409:Drivers/STM32F1xx_HAL_Driver/Src/stm32f1xx_hal_pcd.c ****     }
1410:Drivers/STM32F1xx_HAL_Driver/Src/stm32f1xx_hal_pcd.c **** 
1411:Drivers/STM32F1xx_HAL_Driver/Src/stm32f1xx_hal_pcd.c ****     /* Force low-power mode in the macrocell */
1412:Drivers/STM32F1xx_HAL_Driver/Src/stm32f1xx_hal_pcd.c ****     hpcd->Instance->CNTR |= (uint16_t)USB_CNTR_FSUSP;
 924              		.loc 1 1412 9
 925 01bc 7B68     		ldr	r3, [r7, #4]
 926 01be 1B68     		ldr	r3, [r3]
 927              		.loc 1 1412 26
 928 01c0 B3F84030 		ldrh	r3, [r3, #64]	@ movhi
ARM GAS  /var/folders/xf/tcndk8390ml5xdpfw93qkhpm0000gn/T//cceFQQPk.s 			page 42


 929 01c4 9AB2     		uxth	r2, r3
 930              		.loc 1 1412 9
 931 01c6 7B68     		ldr	r3, [r7, #4]
 932 01c8 1B68     		ldr	r3, [r3]
 933              		.loc 1 1412 26
 934 01ca 42F00802 		orr	r2, r2, #8
 935 01ce 92B2     		uxth	r2, r2
 936 01d0 A3F84020 		strh	r2, [r3, #64]	@ movhi
1413:Drivers/STM32F1xx_HAL_Driver/Src/stm32f1xx_hal_pcd.c **** 
1414:Drivers/STM32F1xx_HAL_Driver/Src/stm32f1xx_hal_pcd.c ****     /* clear of the ISTR bit must be done after setting of CNTR_FSUSP */
1415:Drivers/STM32F1xx_HAL_Driver/Src/stm32f1xx_hal_pcd.c ****     __HAL_PCD_CLEAR_FLAG(hpcd, USB_ISTR_SUSP);
 937              		.loc 1 1415 5
 938 01d4 7B68     		ldr	r3, [r7, #4]
 939 01d6 1B68     		ldr	r3, [r3]
 940 01d8 B3F84430 		ldrh	r3, [r3, #68]	@ movhi
 941 01dc 9AB2     		uxth	r2, r3
 942 01de 7B68     		ldr	r3, [r7, #4]
 943 01e0 1B68     		ldr	r3, [r3]
 944 01e2 22F40062 		bic	r2, r2, #2048
 945 01e6 92B2     		uxth	r2, r2
 946 01e8 A3F84420 		strh	r2, [r3, #68]	@ movhi
1416:Drivers/STM32F1xx_HAL_Driver/Src/stm32f1xx_hal_pcd.c **** 
1417:Drivers/STM32F1xx_HAL_Driver/Src/stm32f1xx_hal_pcd.c ****     hpcd->Instance->CNTR |= (uint16_t)USB_CNTR_LP_MODE;
 947              		.loc 1 1417 9
 948 01ec 7B68     		ldr	r3, [r7, #4]
 949 01ee 1B68     		ldr	r3, [r3]
 950              		.loc 1 1417 26
 951 01f0 B3F84030 		ldrh	r3, [r3, #64]	@ movhi
 952 01f4 9AB2     		uxth	r2, r3
 953              		.loc 1 1417 9
 954 01f6 7B68     		ldr	r3, [r7, #4]
 955 01f8 1B68     		ldr	r3, [r3]
 956              		.loc 1 1417 26
 957 01fa 42F00402 		orr	r2, r2, #4
 958 01fe 92B2     		uxth	r2, r2
 959 0200 A3F84020 		strh	r2, [r3, #64]	@ movhi
1418:Drivers/STM32F1xx_HAL_Driver/Src/stm32f1xx_hal_pcd.c **** 
1419:Drivers/STM32F1xx_HAL_Driver/Src/stm32f1xx_hal_pcd.c **** #if (USE_HAL_PCD_REGISTER_CALLBACKS == 1U)
1420:Drivers/STM32F1xx_HAL_Driver/Src/stm32f1xx_hal_pcd.c ****     hpcd->SuspendCallback(hpcd);
1421:Drivers/STM32F1xx_HAL_Driver/Src/stm32f1xx_hal_pcd.c **** #else
1422:Drivers/STM32F1xx_HAL_Driver/Src/stm32f1xx_hal_pcd.c ****     HAL_PCD_SuspendCallback(hpcd);
 960              		.loc 1 1422 5
 961 0204 7868     		ldr	r0, [r7, #4]
 962 0206 FFF7FEFF 		bl	HAL_PCD_SuspendCallback
1423:Drivers/STM32F1xx_HAL_Driver/Src/stm32f1xx_hal_pcd.c **** #endif /* USE_HAL_PCD_REGISTER_CALLBACKS */
1424:Drivers/STM32F1xx_HAL_Driver/Src/stm32f1xx_hal_pcd.c **** 
1425:Drivers/STM32F1xx_HAL_Driver/Src/stm32f1xx_hal_pcd.c ****     return;
 963              		.loc 1 1425 5
 964 020a 26E0     		b	.L24
 965              	.L31:
1426:Drivers/STM32F1xx_HAL_Driver/Src/stm32f1xx_hal_pcd.c ****   }
1427:Drivers/STM32F1xx_HAL_Driver/Src/stm32f1xx_hal_pcd.c **** 
1428:Drivers/STM32F1xx_HAL_Driver/Src/stm32f1xx_hal_pcd.c ****   if ((wIstr & USB_ISTR_SOF) == USB_ISTR_SOF)
 966              		.loc 1 1428 14
 967 020c BB69     		ldr	r3, [r7, #24]
 968 020e 03F40073 		and	r3, r3, #512
 969              		.loc 1 1428 6
ARM GAS  /var/folders/xf/tcndk8390ml5xdpfw93qkhpm0000gn/T//cceFQQPk.s 			page 43


 970 0212 002B     		cmp	r3, #0
 971 0214 0FD0     		beq	.L37
1429:Drivers/STM32F1xx_HAL_Driver/Src/stm32f1xx_hal_pcd.c ****   {
1430:Drivers/STM32F1xx_HAL_Driver/Src/stm32f1xx_hal_pcd.c ****     __HAL_PCD_CLEAR_FLAG(hpcd, USB_ISTR_SOF);
 972              		.loc 1 1430 5
 973 0216 7B68     		ldr	r3, [r7, #4]
 974 0218 1B68     		ldr	r3, [r3]
 975 021a B3F84430 		ldrh	r3, [r3, #68]	@ movhi
 976 021e 9AB2     		uxth	r2, r3
 977 0220 7B68     		ldr	r3, [r7, #4]
 978 0222 1B68     		ldr	r3, [r3]
 979 0224 22F40072 		bic	r2, r2, #512
 980 0228 92B2     		uxth	r2, r2
 981 022a A3F84420 		strh	r2, [r3, #68]	@ movhi
1431:Drivers/STM32F1xx_HAL_Driver/Src/stm32f1xx_hal_pcd.c **** 
1432:Drivers/STM32F1xx_HAL_Driver/Src/stm32f1xx_hal_pcd.c **** #if (USE_HAL_PCD_REGISTER_CALLBACKS == 1U)
1433:Drivers/STM32F1xx_HAL_Driver/Src/stm32f1xx_hal_pcd.c ****     hpcd->SOFCallback(hpcd);
1434:Drivers/STM32F1xx_HAL_Driver/Src/stm32f1xx_hal_pcd.c **** #else
1435:Drivers/STM32F1xx_HAL_Driver/Src/stm32f1xx_hal_pcd.c ****     HAL_PCD_SOFCallback(hpcd);
 982              		.loc 1 1435 5
 983 022e 7868     		ldr	r0, [r7, #4]
 984 0230 FFF7FEFF 		bl	HAL_PCD_SOFCallback
1436:Drivers/STM32F1xx_HAL_Driver/Src/stm32f1xx_hal_pcd.c **** #endif /* USE_HAL_PCD_REGISTER_CALLBACKS */
1437:Drivers/STM32F1xx_HAL_Driver/Src/stm32f1xx_hal_pcd.c **** 
1438:Drivers/STM32F1xx_HAL_Driver/Src/stm32f1xx_hal_pcd.c ****     return;
 985              		.loc 1 1438 5
 986 0234 11E0     		b	.L24
 987              	.L37:
1439:Drivers/STM32F1xx_HAL_Driver/Src/stm32f1xx_hal_pcd.c ****   }
1440:Drivers/STM32F1xx_HAL_Driver/Src/stm32f1xx_hal_pcd.c **** 
1441:Drivers/STM32F1xx_HAL_Driver/Src/stm32f1xx_hal_pcd.c ****   if ((wIstr & USB_ISTR_ESOF) == USB_ISTR_ESOF)
 988              		.loc 1 1441 14
 989 0236 BB69     		ldr	r3, [r7, #24]
 990 0238 03F48073 		and	r3, r3, #256
 991              		.loc 1 1441 6
 992 023c 002B     		cmp	r3, #0
 993 023e 0CD0     		beq	.L24
1442:Drivers/STM32F1xx_HAL_Driver/Src/stm32f1xx_hal_pcd.c ****   {
1443:Drivers/STM32F1xx_HAL_Driver/Src/stm32f1xx_hal_pcd.c ****     /* clear ESOF flag in ISTR */
1444:Drivers/STM32F1xx_HAL_Driver/Src/stm32f1xx_hal_pcd.c ****     __HAL_PCD_CLEAR_FLAG(hpcd, USB_ISTR_ESOF);
 994              		.loc 1 1444 5
 995 0240 7B68     		ldr	r3, [r7, #4]
 996 0242 1B68     		ldr	r3, [r3]
 997 0244 B3F84430 		ldrh	r3, [r3, #68]	@ movhi
 998 0248 9AB2     		uxth	r2, r3
 999 024a 7B68     		ldr	r3, [r7, #4]
 1000 024c 1B68     		ldr	r3, [r3]
 1001 024e 22F48072 		bic	r2, r2, #256
 1002 0252 92B2     		uxth	r2, r2
 1003 0254 A3F84420 		strh	r2, [r3, #68]	@ movhi
1445:Drivers/STM32F1xx_HAL_Driver/Src/stm32f1xx_hal_pcd.c **** 
1446:Drivers/STM32F1xx_HAL_Driver/Src/stm32f1xx_hal_pcd.c ****     return;
 1004              		.loc 1 1446 5
 1005 0258 00BF     		nop
 1006              	.L24:
1447:Drivers/STM32F1xx_HAL_Driver/Src/stm32f1xx_hal_pcd.c ****   }
1448:Drivers/STM32F1xx_HAL_Driver/Src/stm32f1xx_hal_pcd.c **** }
ARM GAS  /var/folders/xf/tcndk8390ml5xdpfw93qkhpm0000gn/T//cceFQQPk.s 			page 44


 1007              		.loc 1 1448 1
 1008 025a 2037     		adds	r7, r7, #32
 1009              	.LCFI35:
 1010              		.cfi_def_cfa_offset 8
 1011 025c BD46     		mov	sp, r7
 1012              	.LCFI36:
 1013              		.cfi_def_cfa_register 13
 1014              		@ sp needed
 1015 025e 80BD     		pop	{r7, pc}
 1016              		.cfi_endproc
 1017              	.LFE71:
 1019              		.section	.text.HAL_PCD_WKUP_IRQHandler,"ax",%progbits
 1020              		.align	1
 1021              		.global	HAL_PCD_WKUP_IRQHandler
 1022              		.syntax unified
 1023              		.thumb
 1024              		.thumb_func
 1026              	HAL_PCD_WKUP_IRQHandler:
 1027              	.LFB72:
1449:Drivers/STM32F1xx_HAL_Driver/Src/stm32f1xx_hal_pcd.c **** 
1450:Drivers/STM32F1xx_HAL_Driver/Src/stm32f1xx_hal_pcd.c **** 
1451:Drivers/STM32F1xx_HAL_Driver/Src/stm32f1xx_hal_pcd.c **** /**
1452:Drivers/STM32F1xx_HAL_Driver/Src/stm32f1xx_hal_pcd.c ****   * @brief  Handles PCD Wakeup interrupt request.
1453:Drivers/STM32F1xx_HAL_Driver/Src/stm32f1xx_hal_pcd.c ****   * @param  hpcd PCD handle
1454:Drivers/STM32F1xx_HAL_Driver/Src/stm32f1xx_hal_pcd.c ****   * @retval HAL status
1455:Drivers/STM32F1xx_HAL_Driver/Src/stm32f1xx_hal_pcd.c ****   */
1456:Drivers/STM32F1xx_HAL_Driver/Src/stm32f1xx_hal_pcd.c **** void HAL_PCD_WKUP_IRQHandler(PCD_HandleTypeDef *hpcd)
1457:Drivers/STM32F1xx_HAL_Driver/Src/stm32f1xx_hal_pcd.c **** {
 1028              		.loc 1 1457 1
 1029              		.cfi_startproc
 1030              		@ args = 0, pretend = 0, frame = 8
 1031              		@ frame_needed = 1, uses_anonymous_args = 0
 1032              		@ link register save eliminated.
 1033 0000 80B4     		push	{r7}
 1034              	.LCFI37:
 1035              		.cfi_def_cfa_offset 4
 1036              		.cfi_offset 7, -4
 1037 0002 83B0     		sub	sp, sp, #12
 1038              	.LCFI38:
 1039              		.cfi_def_cfa_offset 16
 1040 0004 00AF     		add	r7, sp, #0
 1041              	.LCFI39:
 1042              		.cfi_def_cfa_register 7
 1043 0006 7860     		str	r0, [r7, #4]
1458:Drivers/STM32F1xx_HAL_Driver/Src/stm32f1xx_hal_pcd.c ****   /* Clear EXTI pending Bit */
1459:Drivers/STM32F1xx_HAL_Driver/Src/stm32f1xx_hal_pcd.c ****   __HAL_USB_WAKEUP_EXTI_CLEAR_FLAG();
 1044              		.loc 1 1459 3
 1045 0008 044B     		ldr	r3, .L41
 1046 000a 4FF48022 		mov	r2, #262144
 1047 000e 5A61     		str	r2, [r3, #20]
1460:Drivers/STM32F1xx_HAL_Driver/Src/stm32f1xx_hal_pcd.c **** }
 1048              		.loc 1 1460 1
 1049 0010 00BF     		nop
 1050 0012 0C37     		adds	r7, r7, #12
 1051              	.LCFI40:
 1052              		.cfi_def_cfa_offset 4
 1053 0014 BD46     		mov	sp, r7
ARM GAS  /var/folders/xf/tcndk8390ml5xdpfw93qkhpm0000gn/T//cceFQQPk.s 			page 45


 1054              	.LCFI41:
 1055              		.cfi_def_cfa_register 13
 1056              		@ sp needed
 1057 0016 80BC     		pop	{r7}
 1058              	.LCFI42:
 1059              		.cfi_restore 7
 1060              		.cfi_def_cfa_offset 0
 1061 0018 7047     		bx	lr
 1062              	.L42:
 1063 001a 00BF     		.align	2
 1064              	.L41:
 1065 001c 00040140 		.word	1073808384
 1066              		.cfi_endproc
 1067              	.LFE72:
 1069              		.section	.text.HAL_PCD_DataOutStageCallback,"ax",%progbits
 1070              		.align	1
 1071              		.weak	HAL_PCD_DataOutStageCallback
 1072              		.syntax unified
 1073              		.thumb
 1074              		.thumb_func
 1076              	HAL_PCD_DataOutStageCallback:
 1077              	.LFB73:
1461:Drivers/STM32F1xx_HAL_Driver/Src/stm32f1xx_hal_pcd.c **** #endif /* defined (USB) */
1462:Drivers/STM32F1xx_HAL_Driver/Src/stm32f1xx_hal_pcd.c **** 
1463:Drivers/STM32F1xx_HAL_Driver/Src/stm32f1xx_hal_pcd.c **** /**
1464:Drivers/STM32F1xx_HAL_Driver/Src/stm32f1xx_hal_pcd.c ****   * @brief  Data OUT stage callback.
1465:Drivers/STM32F1xx_HAL_Driver/Src/stm32f1xx_hal_pcd.c ****   * @param  hpcd PCD handle
1466:Drivers/STM32F1xx_HAL_Driver/Src/stm32f1xx_hal_pcd.c ****   * @param  epnum endpoint number
1467:Drivers/STM32F1xx_HAL_Driver/Src/stm32f1xx_hal_pcd.c ****   * @retval None
1468:Drivers/STM32F1xx_HAL_Driver/Src/stm32f1xx_hal_pcd.c ****   */
1469:Drivers/STM32F1xx_HAL_Driver/Src/stm32f1xx_hal_pcd.c **** __weak void HAL_PCD_DataOutStageCallback(PCD_HandleTypeDef *hpcd, uint8_t epnum)
1470:Drivers/STM32F1xx_HAL_Driver/Src/stm32f1xx_hal_pcd.c **** {
 1078              		.loc 1 1470 1
 1079              		.cfi_startproc
 1080              		@ args = 0, pretend = 0, frame = 8
 1081              		@ frame_needed = 1, uses_anonymous_args = 0
 1082              		@ link register save eliminated.
 1083 0000 80B4     		push	{r7}
 1084              	.LCFI43:
 1085              		.cfi_def_cfa_offset 4
 1086              		.cfi_offset 7, -4
 1087 0002 83B0     		sub	sp, sp, #12
 1088              	.LCFI44:
 1089              		.cfi_def_cfa_offset 16
 1090 0004 00AF     		add	r7, sp, #0
 1091              	.LCFI45:
 1092              		.cfi_def_cfa_register 7
 1093 0006 7860     		str	r0, [r7, #4]
 1094 0008 0B46     		mov	r3, r1
 1095 000a FB70     		strb	r3, [r7, #3]
1471:Drivers/STM32F1xx_HAL_Driver/Src/stm32f1xx_hal_pcd.c ****   /* Prevent unused argument(s) compilation warning */
1472:Drivers/STM32F1xx_HAL_Driver/Src/stm32f1xx_hal_pcd.c ****   UNUSED(hpcd);
1473:Drivers/STM32F1xx_HAL_Driver/Src/stm32f1xx_hal_pcd.c ****   UNUSED(epnum);
1474:Drivers/STM32F1xx_HAL_Driver/Src/stm32f1xx_hal_pcd.c **** 
1475:Drivers/STM32F1xx_HAL_Driver/Src/stm32f1xx_hal_pcd.c ****   /* NOTE : This function should not be modified, when the callback is needed,
1476:Drivers/STM32F1xx_HAL_Driver/Src/stm32f1xx_hal_pcd.c ****             the HAL_PCD_DataOutStageCallback could be implemented in the user file
1477:Drivers/STM32F1xx_HAL_Driver/Src/stm32f1xx_hal_pcd.c ****    */
ARM GAS  /var/folders/xf/tcndk8390ml5xdpfw93qkhpm0000gn/T//cceFQQPk.s 			page 46


1478:Drivers/STM32F1xx_HAL_Driver/Src/stm32f1xx_hal_pcd.c **** }
 1096              		.loc 1 1478 1
 1097 000c 00BF     		nop
 1098 000e 0C37     		adds	r7, r7, #12
 1099              	.LCFI46:
 1100              		.cfi_def_cfa_offset 4
 1101 0010 BD46     		mov	sp, r7
 1102              	.LCFI47:
 1103              		.cfi_def_cfa_register 13
 1104              		@ sp needed
 1105 0012 80BC     		pop	{r7}
 1106              	.LCFI48:
 1107              		.cfi_restore 7
 1108              		.cfi_def_cfa_offset 0
 1109 0014 7047     		bx	lr
 1110              		.cfi_endproc
 1111              	.LFE73:
 1113              		.section	.text.HAL_PCD_DataInStageCallback,"ax",%progbits
 1114              		.align	1
 1115              		.weak	HAL_PCD_DataInStageCallback
 1116              		.syntax unified
 1117              		.thumb
 1118              		.thumb_func
 1120              	HAL_PCD_DataInStageCallback:
 1121              	.LFB74:
1479:Drivers/STM32F1xx_HAL_Driver/Src/stm32f1xx_hal_pcd.c **** 
1480:Drivers/STM32F1xx_HAL_Driver/Src/stm32f1xx_hal_pcd.c **** /**
1481:Drivers/STM32F1xx_HAL_Driver/Src/stm32f1xx_hal_pcd.c ****   * @brief  Data IN stage callback
1482:Drivers/STM32F1xx_HAL_Driver/Src/stm32f1xx_hal_pcd.c ****   * @param  hpcd PCD handle
1483:Drivers/STM32F1xx_HAL_Driver/Src/stm32f1xx_hal_pcd.c ****   * @param  epnum endpoint number
1484:Drivers/STM32F1xx_HAL_Driver/Src/stm32f1xx_hal_pcd.c ****   * @retval None
1485:Drivers/STM32F1xx_HAL_Driver/Src/stm32f1xx_hal_pcd.c ****   */
1486:Drivers/STM32F1xx_HAL_Driver/Src/stm32f1xx_hal_pcd.c **** __weak void HAL_PCD_DataInStageCallback(PCD_HandleTypeDef *hpcd, uint8_t epnum)
1487:Drivers/STM32F1xx_HAL_Driver/Src/stm32f1xx_hal_pcd.c **** {
 1122              		.loc 1 1487 1
 1123              		.cfi_startproc
 1124              		@ args = 0, pretend = 0, frame = 8
 1125              		@ frame_needed = 1, uses_anonymous_args = 0
 1126              		@ link register save eliminated.
 1127 0000 80B4     		push	{r7}
 1128              	.LCFI49:
 1129              		.cfi_def_cfa_offset 4
 1130              		.cfi_offset 7, -4
 1131 0002 83B0     		sub	sp, sp, #12
 1132              	.LCFI50:
 1133              		.cfi_def_cfa_offset 16
 1134 0004 00AF     		add	r7, sp, #0
 1135              	.LCFI51:
 1136              		.cfi_def_cfa_register 7
 1137 0006 7860     		str	r0, [r7, #4]
 1138 0008 0B46     		mov	r3, r1
 1139 000a FB70     		strb	r3, [r7, #3]
1488:Drivers/STM32F1xx_HAL_Driver/Src/stm32f1xx_hal_pcd.c ****   /* Prevent unused argument(s) compilation warning */
1489:Drivers/STM32F1xx_HAL_Driver/Src/stm32f1xx_hal_pcd.c ****   UNUSED(hpcd);
1490:Drivers/STM32F1xx_HAL_Driver/Src/stm32f1xx_hal_pcd.c ****   UNUSED(epnum);
1491:Drivers/STM32F1xx_HAL_Driver/Src/stm32f1xx_hal_pcd.c **** 
1492:Drivers/STM32F1xx_HAL_Driver/Src/stm32f1xx_hal_pcd.c ****   /* NOTE : This function should not be modified, when the callback is needed,
ARM GAS  /var/folders/xf/tcndk8390ml5xdpfw93qkhpm0000gn/T//cceFQQPk.s 			page 47


1493:Drivers/STM32F1xx_HAL_Driver/Src/stm32f1xx_hal_pcd.c ****             the HAL_PCD_DataInStageCallback could be implemented in the user file
1494:Drivers/STM32F1xx_HAL_Driver/Src/stm32f1xx_hal_pcd.c ****    */
1495:Drivers/STM32F1xx_HAL_Driver/Src/stm32f1xx_hal_pcd.c **** }
 1140              		.loc 1 1495 1
 1141 000c 00BF     		nop
 1142 000e 0C37     		adds	r7, r7, #12
 1143              	.LCFI52:
 1144              		.cfi_def_cfa_offset 4
 1145 0010 BD46     		mov	sp, r7
 1146              	.LCFI53:
 1147              		.cfi_def_cfa_register 13
 1148              		@ sp needed
 1149 0012 80BC     		pop	{r7}
 1150              	.LCFI54:
 1151              		.cfi_restore 7
 1152              		.cfi_def_cfa_offset 0
 1153 0014 7047     		bx	lr
 1154              		.cfi_endproc
 1155              	.LFE74:
 1157              		.section	.text.HAL_PCD_SetupStageCallback,"ax",%progbits
 1158              		.align	1
 1159              		.weak	HAL_PCD_SetupStageCallback
 1160              		.syntax unified
 1161              		.thumb
 1162              		.thumb_func
 1164              	HAL_PCD_SetupStageCallback:
 1165              	.LFB75:
1496:Drivers/STM32F1xx_HAL_Driver/Src/stm32f1xx_hal_pcd.c **** /**
1497:Drivers/STM32F1xx_HAL_Driver/Src/stm32f1xx_hal_pcd.c ****   * @brief  Setup stage callback
1498:Drivers/STM32F1xx_HAL_Driver/Src/stm32f1xx_hal_pcd.c ****   * @param  hpcd PCD handle
1499:Drivers/STM32F1xx_HAL_Driver/Src/stm32f1xx_hal_pcd.c ****   * @retval None
1500:Drivers/STM32F1xx_HAL_Driver/Src/stm32f1xx_hal_pcd.c ****   */
1501:Drivers/STM32F1xx_HAL_Driver/Src/stm32f1xx_hal_pcd.c **** __weak void HAL_PCD_SetupStageCallback(PCD_HandleTypeDef *hpcd)
1502:Drivers/STM32F1xx_HAL_Driver/Src/stm32f1xx_hal_pcd.c **** {
 1166              		.loc 1 1502 1
 1167              		.cfi_startproc
 1168              		@ args = 0, pretend = 0, frame = 8
 1169              		@ frame_needed = 1, uses_anonymous_args = 0
 1170              		@ link register save eliminated.
 1171 0000 80B4     		push	{r7}
 1172              	.LCFI55:
 1173              		.cfi_def_cfa_offset 4
 1174              		.cfi_offset 7, -4
 1175 0002 83B0     		sub	sp, sp, #12
 1176              	.LCFI56:
 1177              		.cfi_def_cfa_offset 16
 1178 0004 00AF     		add	r7, sp, #0
 1179              	.LCFI57:
 1180              		.cfi_def_cfa_register 7
 1181 0006 7860     		str	r0, [r7, #4]
1503:Drivers/STM32F1xx_HAL_Driver/Src/stm32f1xx_hal_pcd.c ****   /* Prevent unused argument(s) compilation warning */
1504:Drivers/STM32F1xx_HAL_Driver/Src/stm32f1xx_hal_pcd.c ****   UNUSED(hpcd);
1505:Drivers/STM32F1xx_HAL_Driver/Src/stm32f1xx_hal_pcd.c **** 
1506:Drivers/STM32F1xx_HAL_Driver/Src/stm32f1xx_hal_pcd.c ****   /* NOTE : This function should not be modified, when the callback is needed,
1507:Drivers/STM32F1xx_HAL_Driver/Src/stm32f1xx_hal_pcd.c ****             the HAL_PCD_SetupStageCallback could be implemented in the user file
1508:Drivers/STM32F1xx_HAL_Driver/Src/stm32f1xx_hal_pcd.c ****    */
1509:Drivers/STM32F1xx_HAL_Driver/Src/stm32f1xx_hal_pcd.c **** }
ARM GAS  /var/folders/xf/tcndk8390ml5xdpfw93qkhpm0000gn/T//cceFQQPk.s 			page 48


 1182              		.loc 1 1509 1
 1183 0008 00BF     		nop
 1184 000a 0C37     		adds	r7, r7, #12
 1185              	.LCFI58:
 1186              		.cfi_def_cfa_offset 4
 1187 000c BD46     		mov	sp, r7
 1188              	.LCFI59:
 1189              		.cfi_def_cfa_register 13
 1190              		@ sp needed
 1191 000e 80BC     		pop	{r7}
 1192              	.LCFI60:
 1193              		.cfi_restore 7
 1194              		.cfi_def_cfa_offset 0
 1195 0010 7047     		bx	lr
 1196              		.cfi_endproc
 1197              	.LFE75:
 1199              		.section	.text.HAL_PCD_SOFCallback,"ax",%progbits
 1200              		.align	1
 1201              		.weak	HAL_PCD_SOFCallback
 1202              		.syntax unified
 1203              		.thumb
 1204              		.thumb_func
 1206              	HAL_PCD_SOFCallback:
 1207              	.LFB76:
1510:Drivers/STM32F1xx_HAL_Driver/Src/stm32f1xx_hal_pcd.c **** 
1511:Drivers/STM32F1xx_HAL_Driver/Src/stm32f1xx_hal_pcd.c **** /**
1512:Drivers/STM32F1xx_HAL_Driver/Src/stm32f1xx_hal_pcd.c ****   * @brief  USB Start Of Frame callback.
1513:Drivers/STM32F1xx_HAL_Driver/Src/stm32f1xx_hal_pcd.c ****   * @param  hpcd PCD handle
1514:Drivers/STM32F1xx_HAL_Driver/Src/stm32f1xx_hal_pcd.c ****   * @retval None
1515:Drivers/STM32F1xx_HAL_Driver/Src/stm32f1xx_hal_pcd.c ****   */
1516:Drivers/STM32F1xx_HAL_Driver/Src/stm32f1xx_hal_pcd.c **** __weak void HAL_PCD_SOFCallback(PCD_HandleTypeDef *hpcd)
1517:Drivers/STM32F1xx_HAL_Driver/Src/stm32f1xx_hal_pcd.c **** {
 1208              		.loc 1 1517 1
 1209              		.cfi_startproc
 1210              		@ args = 0, pretend = 0, frame = 8
 1211              		@ frame_needed = 1, uses_anonymous_args = 0
 1212              		@ link register save eliminated.
 1213 0000 80B4     		push	{r7}
 1214              	.LCFI61:
 1215              		.cfi_def_cfa_offset 4
 1216              		.cfi_offset 7, -4
 1217 0002 83B0     		sub	sp, sp, #12
 1218              	.LCFI62:
 1219              		.cfi_def_cfa_offset 16
 1220 0004 00AF     		add	r7, sp, #0
 1221              	.LCFI63:
 1222              		.cfi_def_cfa_register 7
 1223 0006 7860     		str	r0, [r7, #4]
1518:Drivers/STM32F1xx_HAL_Driver/Src/stm32f1xx_hal_pcd.c ****   /* Prevent unused argument(s) compilation warning */
1519:Drivers/STM32F1xx_HAL_Driver/Src/stm32f1xx_hal_pcd.c ****   UNUSED(hpcd);
1520:Drivers/STM32F1xx_HAL_Driver/Src/stm32f1xx_hal_pcd.c **** 
1521:Drivers/STM32F1xx_HAL_Driver/Src/stm32f1xx_hal_pcd.c ****   /* NOTE : This function should not be modified, when the callback is needed,
1522:Drivers/STM32F1xx_HAL_Driver/Src/stm32f1xx_hal_pcd.c ****             the HAL_PCD_SOFCallback could be implemented in the user file
1523:Drivers/STM32F1xx_HAL_Driver/Src/stm32f1xx_hal_pcd.c ****    */
1524:Drivers/STM32F1xx_HAL_Driver/Src/stm32f1xx_hal_pcd.c **** }
 1224              		.loc 1 1524 1
 1225 0008 00BF     		nop
ARM GAS  /var/folders/xf/tcndk8390ml5xdpfw93qkhpm0000gn/T//cceFQQPk.s 			page 49


 1226 000a 0C37     		adds	r7, r7, #12
 1227              	.LCFI64:
 1228              		.cfi_def_cfa_offset 4
 1229 000c BD46     		mov	sp, r7
 1230              	.LCFI65:
 1231              		.cfi_def_cfa_register 13
 1232              		@ sp needed
 1233 000e 80BC     		pop	{r7}
 1234              	.LCFI66:
 1235              		.cfi_restore 7
 1236              		.cfi_def_cfa_offset 0
 1237 0010 7047     		bx	lr
 1238              		.cfi_endproc
 1239              	.LFE76:
 1241              		.section	.text.HAL_PCD_ResetCallback,"ax",%progbits
 1242              		.align	1
 1243              		.weak	HAL_PCD_ResetCallback
 1244              		.syntax unified
 1245              		.thumb
 1246              		.thumb_func
 1248              	HAL_PCD_ResetCallback:
 1249              	.LFB77:
1525:Drivers/STM32F1xx_HAL_Driver/Src/stm32f1xx_hal_pcd.c **** 
1526:Drivers/STM32F1xx_HAL_Driver/Src/stm32f1xx_hal_pcd.c **** /**
1527:Drivers/STM32F1xx_HAL_Driver/Src/stm32f1xx_hal_pcd.c ****   * @brief  USB Reset callback.
1528:Drivers/STM32F1xx_HAL_Driver/Src/stm32f1xx_hal_pcd.c ****   * @param  hpcd PCD handle
1529:Drivers/STM32F1xx_HAL_Driver/Src/stm32f1xx_hal_pcd.c ****   * @retval None
1530:Drivers/STM32F1xx_HAL_Driver/Src/stm32f1xx_hal_pcd.c ****   */
1531:Drivers/STM32F1xx_HAL_Driver/Src/stm32f1xx_hal_pcd.c **** __weak void HAL_PCD_ResetCallback(PCD_HandleTypeDef *hpcd)
1532:Drivers/STM32F1xx_HAL_Driver/Src/stm32f1xx_hal_pcd.c **** {
 1250              		.loc 1 1532 1
 1251              		.cfi_startproc
 1252              		@ args = 0, pretend = 0, frame = 8
 1253              		@ frame_needed = 1, uses_anonymous_args = 0
 1254              		@ link register save eliminated.
 1255 0000 80B4     		push	{r7}
 1256              	.LCFI67:
 1257              		.cfi_def_cfa_offset 4
 1258              		.cfi_offset 7, -4
 1259 0002 83B0     		sub	sp, sp, #12
 1260              	.LCFI68:
 1261              		.cfi_def_cfa_offset 16
 1262 0004 00AF     		add	r7, sp, #0
 1263              	.LCFI69:
 1264              		.cfi_def_cfa_register 7
 1265 0006 7860     		str	r0, [r7, #4]
1533:Drivers/STM32F1xx_HAL_Driver/Src/stm32f1xx_hal_pcd.c ****   /* Prevent unused argument(s) compilation warning */
1534:Drivers/STM32F1xx_HAL_Driver/Src/stm32f1xx_hal_pcd.c ****   UNUSED(hpcd);
1535:Drivers/STM32F1xx_HAL_Driver/Src/stm32f1xx_hal_pcd.c **** 
1536:Drivers/STM32F1xx_HAL_Driver/Src/stm32f1xx_hal_pcd.c ****   /* NOTE : This function should not be modified, when the callback is needed,
1537:Drivers/STM32F1xx_HAL_Driver/Src/stm32f1xx_hal_pcd.c ****             the HAL_PCD_ResetCallback could be implemented in the user file
1538:Drivers/STM32F1xx_HAL_Driver/Src/stm32f1xx_hal_pcd.c ****    */
1539:Drivers/STM32F1xx_HAL_Driver/Src/stm32f1xx_hal_pcd.c **** }
 1266              		.loc 1 1539 1
 1267 0008 00BF     		nop
 1268 000a 0C37     		adds	r7, r7, #12
 1269              	.LCFI70:
ARM GAS  /var/folders/xf/tcndk8390ml5xdpfw93qkhpm0000gn/T//cceFQQPk.s 			page 50


 1270              		.cfi_def_cfa_offset 4
 1271 000c BD46     		mov	sp, r7
 1272              	.LCFI71:
 1273              		.cfi_def_cfa_register 13
 1274              		@ sp needed
 1275 000e 80BC     		pop	{r7}
 1276              	.LCFI72:
 1277              		.cfi_restore 7
 1278              		.cfi_def_cfa_offset 0
 1279 0010 7047     		bx	lr
 1280              		.cfi_endproc
 1281              	.LFE77:
 1283              		.section	.text.HAL_PCD_SuspendCallback,"ax",%progbits
 1284              		.align	1
 1285              		.weak	HAL_PCD_SuspendCallback
 1286              		.syntax unified
 1287              		.thumb
 1288              		.thumb_func
 1290              	HAL_PCD_SuspendCallback:
 1291              	.LFB78:
1540:Drivers/STM32F1xx_HAL_Driver/Src/stm32f1xx_hal_pcd.c **** 
1541:Drivers/STM32F1xx_HAL_Driver/Src/stm32f1xx_hal_pcd.c **** /**
1542:Drivers/STM32F1xx_HAL_Driver/Src/stm32f1xx_hal_pcd.c ****   * @brief  Suspend event callback.
1543:Drivers/STM32F1xx_HAL_Driver/Src/stm32f1xx_hal_pcd.c ****   * @param  hpcd PCD handle
1544:Drivers/STM32F1xx_HAL_Driver/Src/stm32f1xx_hal_pcd.c ****   * @retval None
1545:Drivers/STM32F1xx_HAL_Driver/Src/stm32f1xx_hal_pcd.c ****   */
1546:Drivers/STM32F1xx_HAL_Driver/Src/stm32f1xx_hal_pcd.c **** __weak void HAL_PCD_SuspendCallback(PCD_HandleTypeDef *hpcd)
1547:Drivers/STM32F1xx_HAL_Driver/Src/stm32f1xx_hal_pcd.c **** {
 1292              		.loc 1 1547 1
 1293              		.cfi_startproc
 1294              		@ args = 0, pretend = 0, frame = 8
 1295              		@ frame_needed = 1, uses_anonymous_args = 0
 1296              		@ link register save eliminated.
 1297 0000 80B4     		push	{r7}
 1298              	.LCFI73:
 1299              		.cfi_def_cfa_offset 4
 1300              		.cfi_offset 7, -4
 1301 0002 83B0     		sub	sp, sp, #12
 1302              	.LCFI74:
 1303              		.cfi_def_cfa_offset 16
 1304 0004 00AF     		add	r7, sp, #0
 1305              	.LCFI75:
 1306              		.cfi_def_cfa_register 7
 1307 0006 7860     		str	r0, [r7, #4]
1548:Drivers/STM32F1xx_HAL_Driver/Src/stm32f1xx_hal_pcd.c ****   /* Prevent unused argument(s) compilation warning */
1549:Drivers/STM32F1xx_HAL_Driver/Src/stm32f1xx_hal_pcd.c ****   UNUSED(hpcd);
1550:Drivers/STM32F1xx_HAL_Driver/Src/stm32f1xx_hal_pcd.c **** 
1551:Drivers/STM32F1xx_HAL_Driver/Src/stm32f1xx_hal_pcd.c ****   /* NOTE : This function should not be modified, when the callback is needed,
1552:Drivers/STM32F1xx_HAL_Driver/Src/stm32f1xx_hal_pcd.c ****             the HAL_PCD_SuspendCallback could be implemented in the user file
1553:Drivers/STM32F1xx_HAL_Driver/Src/stm32f1xx_hal_pcd.c ****    */
1554:Drivers/STM32F1xx_HAL_Driver/Src/stm32f1xx_hal_pcd.c **** }
 1308              		.loc 1 1554 1
 1309 0008 00BF     		nop
 1310 000a 0C37     		adds	r7, r7, #12
 1311              	.LCFI76:
 1312              		.cfi_def_cfa_offset 4
 1313 000c BD46     		mov	sp, r7
ARM GAS  /var/folders/xf/tcndk8390ml5xdpfw93qkhpm0000gn/T//cceFQQPk.s 			page 51


 1314              	.LCFI77:
 1315              		.cfi_def_cfa_register 13
 1316              		@ sp needed
 1317 000e 80BC     		pop	{r7}
 1318              	.LCFI78:
 1319              		.cfi_restore 7
 1320              		.cfi_def_cfa_offset 0
 1321 0010 7047     		bx	lr
 1322              		.cfi_endproc
 1323              	.LFE78:
 1325              		.section	.text.HAL_PCD_ResumeCallback,"ax",%progbits
 1326              		.align	1
 1327              		.weak	HAL_PCD_ResumeCallback
 1328              		.syntax unified
 1329              		.thumb
 1330              		.thumb_func
 1332              	HAL_PCD_ResumeCallback:
 1333              	.LFB79:
1555:Drivers/STM32F1xx_HAL_Driver/Src/stm32f1xx_hal_pcd.c **** 
1556:Drivers/STM32F1xx_HAL_Driver/Src/stm32f1xx_hal_pcd.c **** /**
1557:Drivers/STM32F1xx_HAL_Driver/Src/stm32f1xx_hal_pcd.c ****   * @brief  Resume event callback.
1558:Drivers/STM32F1xx_HAL_Driver/Src/stm32f1xx_hal_pcd.c ****   * @param  hpcd PCD handle
1559:Drivers/STM32F1xx_HAL_Driver/Src/stm32f1xx_hal_pcd.c ****   * @retval None
1560:Drivers/STM32F1xx_HAL_Driver/Src/stm32f1xx_hal_pcd.c ****   */
1561:Drivers/STM32F1xx_HAL_Driver/Src/stm32f1xx_hal_pcd.c **** __weak void HAL_PCD_ResumeCallback(PCD_HandleTypeDef *hpcd)
1562:Drivers/STM32F1xx_HAL_Driver/Src/stm32f1xx_hal_pcd.c **** {
 1334              		.loc 1 1562 1
 1335              		.cfi_startproc
 1336              		@ args = 0, pretend = 0, frame = 8
 1337              		@ frame_needed = 1, uses_anonymous_args = 0
 1338              		@ link register save eliminated.
 1339 0000 80B4     		push	{r7}
 1340              	.LCFI79:
 1341              		.cfi_def_cfa_offset 4
 1342              		.cfi_offset 7, -4
 1343 0002 83B0     		sub	sp, sp, #12
 1344              	.LCFI80:
 1345              		.cfi_def_cfa_offset 16
 1346 0004 00AF     		add	r7, sp, #0
 1347              	.LCFI81:
 1348              		.cfi_def_cfa_register 7
 1349 0006 7860     		str	r0, [r7, #4]
1563:Drivers/STM32F1xx_HAL_Driver/Src/stm32f1xx_hal_pcd.c ****   /* Prevent unused argument(s) compilation warning */
1564:Drivers/STM32F1xx_HAL_Driver/Src/stm32f1xx_hal_pcd.c ****   UNUSED(hpcd);
1565:Drivers/STM32F1xx_HAL_Driver/Src/stm32f1xx_hal_pcd.c **** 
1566:Drivers/STM32F1xx_HAL_Driver/Src/stm32f1xx_hal_pcd.c ****   /* NOTE : This function should not be modified, when the callback is needed,
1567:Drivers/STM32F1xx_HAL_Driver/Src/stm32f1xx_hal_pcd.c ****             the HAL_PCD_ResumeCallback could be implemented in the user file
1568:Drivers/STM32F1xx_HAL_Driver/Src/stm32f1xx_hal_pcd.c ****    */
1569:Drivers/STM32F1xx_HAL_Driver/Src/stm32f1xx_hal_pcd.c **** }
 1350              		.loc 1 1569 1
 1351 0008 00BF     		nop
 1352 000a 0C37     		adds	r7, r7, #12
 1353              	.LCFI82:
 1354              		.cfi_def_cfa_offset 4
 1355 000c BD46     		mov	sp, r7
 1356              	.LCFI83:
 1357              		.cfi_def_cfa_register 13
ARM GAS  /var/folders/xf/tcndk8390ml5xdpfw93qkhpm0000gn/T//cceFQQPk.s 			page 52


 1358              		@ sp needed
 1359 000e 80BC     		pop	{r7}
 1360              	.LCFI84:
 1361              		.cfi_restore 7
 1362              		.cfi_def_cfa_offset 0
 1363 0010 7047     		bx	lr
 1364              		.cfi_endproc
 1365              	.LFE79:
 1367              		.section	.text.HAL_PCD_ISOOUTIncompleteCallback,"ax",%progbits
 1368              		.align	1
 1369              		.weak	HAL_PCD_ISOOUTIncompleteCallback
 1370              		.syntax unified
 1371              		.thumb
 1372              		.thumb_func
 1374              	HAL_PCD_ISOOUTIncompleteCallback:
 1375              	.LFB80:
1570:Drivers/STM32F1xx_HAL_Driver/Src/stm32f1xx_hal_pcd.c **** 
1571:Drivers/STM32F1xx_HAL_Driver/Src/stm32f1xx_hal_pcd.c **** /**
1572:Drivers/STM32F1xx_HAL_Driver/Src/stm32f1xx_hal_pcd.c ****   * @brief  Incomplete ISO OUT callback.
1573:Drivers/STM32F1xx_HAL_Driver/Src/stm32f1xx_hal_pcd.c ****   * @param  hpcd PCD handle
1574:Drivers/STM32F1xx_HAL_Driver/Src/stm32f1xx_hal_pcd.c ****   * @param  epnum endpoint number
1575:Drivers/STM32F1xx_HAL_Driver/Src/stm32f1xx_hal_pcd.c ****   * @retval None
1576:Drivers/STM32F1xx_HAL_Driver/Src/stm32f1xx_hal_pcd.c ****   */
1577:Drivers/STM32F1xx_HAL_Driver/Src/stm32f1xx_hal_pcd.c **** __weak void HAL_PCD_ISOOUTIncompleteCallback(PCD_HandleTypeDef *hpcd, uint8_t epnum)
1578:Drivers/STM32F1xx_HAL_Driver/Src/stm32f1xx_hal_pcd.c **** {
 1376              		.loc 1 1578 1
 1377              		.cfi_startproc
 1378              		@ args = 0, pretend = 0, frame = 8
 1379              		@ frame_needed = 1, uses_anonymous_args = 0
 1380              		@ link register save eliminated.
 1381 0000 80B4     		push	{r7}
 1382              	.LCFI85:
 1383              		.cfi_def_cfa_offset 4
 1384              		.cfi_offset 7, -4
 1385 0002 83B0     		sub	sp, sp, #12
 1386              	.LCFI86:
 1387              		.cfi_def_cfa_offset 16
 1388 0004 00AF     		add	r7, sp, #0
 1389              	.LCFI87:
 1390              		.cfi_def_cfa_register 7
 1391 0006 7860     		str	r0, [r7, #4]
 1392 0008 0B46     		mov	r3, r1
 1393 000a FB70     		strb	r3, [r7, #3]
1579:Drivers/STM32F1xx_HAL_Driver/Src/stm32f1xx_hal_pcd.c ****   /* Prevent unused argument(s) compilation warning */
1580:Drivers/STM32F1xx_HAL_Driver/Src/stm32f1xx_hal_pcd.c ****   UNUSED(hpcd);
1581:Drivers/STM32F1xx_HAL_Driver/Src/stm32f1xx_hal_pcd.c ****   UNUSED(epnum);
1582:Drivers/STM32F1xx_HAL_Driver/Src/stm32f1xx_hal_pcd.c **** 
1583:Drivers/STM32F1xx_HAL_Driver/Src/stm32f1xx_hal_pcd.c ****   /* NOTE : This function should not be modified, when the callback is needed,
1584:Drivers/STM32F1xx_HAL_Driver/Src/stm32f1xx_hal_pcd.c ****             the HAL_PCD_ISOOUTIncompleteCallback could be implemented in the user file
1585:Drivers/STM32F1xx_HAL_Driver/Src/stm32f1xx_hal_pcd.c ****    */
1586:Drivers/STM32F1xx_HAL_Driver/Src/stm32f1xx_hal_pcd.c **** }
 1394              		.loc 1 1586 1
 1395 000c 00BF     		nop
 1396 000e 0C37     		adds	r7, r7, #12
 1397              	.LCFI88:
 1398              		.cfi_def_cfa_offset 4
 1399 0010 BD46     		mov	sp, r7
ARM GAS  /var/folders/xf/tcndk8390ml5xdpfw93qkhpm0000gn/T//cceFQQPk.s 			page 53


 1400              	.LCFI89:
 1401              		.cfi_def_cfa_register 13
 1402              		@ sp needed
 1403 0012 80BC     		pop	{r7}
 1404              	.LCFI90:
 1405              		.cfi_restore 7
 1406              		.cfi_def_cfa_offset 0
 1407 0014 7047     		bx	lr
 1408              		.cfi_endproc
 1409              	.LFE80:
 1411              		.section	.text.HAL_PCD_ISOINIncompleteCallback,"ax",%progbits
 1412              		.align	1
 1413              		.weak	HAL_PCD_ISOINIncompleteCallback
 1414              		.syntax unified
 1415              		.thumb
 1416              		.thumb_func
 1418              	HAL_PCD_ISOINIncompleteCallback:
 1419              	.LFB81:
1587:Drivers/STM32F1xx_HAL_Driver/Src/stm32f1xx_hal_pcd.c **** 
1588:Drivers/STM32F1xx_HAL_Driver/Src/stm32f1xx_hal_pcd.c **** /**
1589:Drivers/STM32F1xx_HAL_Driver/Src/stm32f1xx_hal_pcd.c ****   * @brief  Incomplete ISO IN callback.
1590:Drivers/STM32F1xx_HAL_Driver/Src/stm32f1xx_hal_pcd.c ****   * @param  hpcd PCD handle
1591:Drivers/STM32F1xx_HAL_Driver/Src/stm32f1xx_hal_pcd.c ****   * @param  epnum endpoint number
1592:Drivers/STM32F1xx_HAL_Driver/Src/stm32f1xx_hal_pcd.c ****   * @retval None
1593:Drivers/STM32F1xx_HAL_Driver/Src/stm32f1xx_hal_pcd.c ****   */
1594:Drivers/STM32F1xx_HAL_Driver/Src/stm32f1xx_hal_pcd.c **** __weak void HAL_PCD_ISOINIncompleteCallback(PCD_HandleTypeDef *hpcd, uint8_t epnum)
1595:Drivers/STM32F1xx_HAL_Driver/Src/stm32f1xx_hal_pcd.c **** {
 1420              		.loc 1 1595 1
 1421              		.cfi_startproc
 1422              		@ args = 0, pretend = 0, frame = 8
 1423              		@ frame_needed = 1, uses_anonymous_args = 0
 1424              		@ link register save eliminated.
 1425 0000 80B4     		push	{r7}
 1426              	.LCFI91:
 1427              		.cfi_def_cfa_offset 4
 1428              		.cfi_offset 7, -4
 1429 0002 83B0     		sub	sp, sp, #12
 1430              	.LCFI92:
 1431              		.cfi_def_cfa_offset 16
 1432 0004 00AF     		add	r7, sp, #0
 1433              	.LCFI93:
 1434              		.cfi_def_cfa_register 7
 1435 0006 7860     		str	r0, [r7, #4]
 1436 0008 0B46     		mov	r3, r1
 1437 000a FB70     		strb	r3, [r7, #3]
1596:Drivers/STM32F1xx_HAL_Driver/Src/stm32f1xx_hal_pcd.c ****   /* Prevent unused argument(s) compilation warning */
1597:Drivers/STM32F1xx_HAL_Driver/Src/stm32f1xx_hal_pcd.c ****   UNUSED(hpcd);
1598:Drivers/STM32F1xx_HAL_Driver/Src/stm32f1xx_hal_pcd.c ****   UNUSED(epnum);
1599:Drivers/STM32F1xx_HAL_Driver/Src/stm32f1xx_hal_pcd.c **** 
1600:Drivers/STM32F1xx_HAL_Driver/Src/stm32f1xx_hal_pcd.c ****   /* NOTE : This function should not be modified, when the callback is needed,
1601:Drivers/STM32F1xx_HAL_Driver/Src/stm32f1xx_hal_pcd.c ****             the HAL_PCD_ISOINIncompleteCallback could be implemented in the user file
1602:Drivers/STM32F1xx_HAL_Driver/Src/stm32f1xx_hal_pcd.c ****    */
1603:Drivers/STM32F1xx_HAL_Driver/Src/stm32f1xx_hal_pcd.c **** }
 1438              		.loc 1 1603 1
 1439 000c 00BF     		nop
 1440 000e 0C37     		adds	r7, r7, #12
 1441              	.LCFI94:
ARM GAS  /var/folders/xf/tcndk8390ml5xdpfw93qkhpm0000gn/T//cceFQQPk.s 			page 54


 1442              		.cfi_def_cfa_offset 4
 1443 0010 BD46     		mov	sp, r7
 1444              	.LCFI95:
 1445              		.cfi_def_cfa_register 13
 1446              		@ sp needed
 1447 0012 80BC     		pop	{r7}
 1448              	.LCFI96:
 1449              		.cfi_restore 7
 1450              		.cfi_def_cfa_offset 0
 1451 0014 7047     		bx	lr
 1452              		.cfi_endproc
 1453              	.LFE81:
 1455              		.section	.text.HAL_PCD_ConnectCallback,"ax",%progbits
 1456              		.align	1
 1457              		.weak	HAL_PCD_ConnectCallback
 1458              		.syntax unified
 1459              		.thumb
 1460              		.thumb_func
 1462              	HAL_PCD_ConnectCallback:
 1463              	.LFB82:
1604:Drivers/STM32F1xx_HAL_Driver/Src/stm32f1xx_hal_pcd.c **** 
1605:Drivers/STM32F1xx_HAL_Driver/Src/stm32f1xx_hal_pcd.c **** /**
1606:Drivers/STM32F1xx_HAL_Driver/Src/stm32f1xx_hal_pcd.c ****   * @brief  Connection event callback.
1607:Drivers/STM32F1xx_HAL_Driver/Src/stm32f1xx_hal_pcd.c ****   * @param  hpcd PCD handle
1608:Drivers/STM32F1xx_HAL_Driver/Src/stm32f1xx_hal_pcd.c ****   * @retval None
1609:Drivers/STM32F1xx_HAL_Driver/Src/stm32f1xx_hal_pcd.c ****   */
1610:Drivers/STM32F1xx_HAL_Driver/Src/stm32f1xx_hal_pcd.c **** __weak void HAL_PCD_ConnectCallback(PCD_HandleTypeDef *hpcd)
1611:Drivers/STM32F1xx_HAL_Driver/Src/stm32f1xx_hal_pcd.c **** {
 1464              		.loc 1 1611 1
 1465              		.cfi_startproc
 1466              		@ args = 0, pretend = 0, frame = 8
 1467              		@ frame_needed = 1, uses_anonymous_args = 0
 1468              		@ link register save eliminated.
 1469 0000 80B4     		push	{r7}
 1470              	.LCFI97:
 1471              		.cfi_def_cfa_offset 4
 1472              		.cfi_offset 7, -4
 1473 0002 83B0     		sub	sp, sp, #12
 1474              	.LCFI98:
 1475              		.cfi_def_cfa_offset 16
 1476 0004 00AF     		add	r7, sp, #0
 1477              	.LCFI99:
 1478              		.cfi_def_cfa_register 7
 1479 0006 7860     		str	r0, [r7, #4]
1612:Drivers/STM32F1xx_HAL_Driver/Src/stm32f1xx_hal_pcd.c ****   /* Prevent unused argument(s) compilation warning */
1613:Drivers/STM32F1xx_HAL_Driver/Src/stm32f1xx_hal_pcd.c ****   UNUSED(hpcd);
1614:Drivers/STM32F1xx_HAL_Driver/Src/stm32f1xx_hal_pcd.c **** 
1615:Drivers/STM32F1xx_HAL_Driver/Src/stm32f1xx_hal_pcd.c ****   /* NOTE : This function should not be modified, when the callback is needed,
1616:Drivers/STM32F1xx_HAL_Driver/Src/stm32f1xx_hal_pcd.c ****             the HAL_PCD_ConnectCallback could be implemented in the user file
1617:Drivers/STM32F1xx_HAL_Driver/Src/stm32f1xx_hal_pcd.c ****    */
1618:Drivers/STM32F1xx_HAL_Driver/Src/stm32f1xx_hal_pcd.c **** }
 1480              		.loc 1 1618 1
 1481 0008 00BF     		nop
 1482 000a 0C37     		adds	r7, r7, #12
 1483              	.LCFI100:
 1484              		.cfi_def_cfa_offset 4
 1485 000c BD46     		mov	sp, r7
ARM GAS  /var/folders/xf/tcndk8390ml5xdpfw93qkhpm0000gn/T//cceFQQPk.s 			page 55


 1486              	.LCFI101:
 1487              		.cfi_def_cfa_register 13
 1488              		@ sp needed
 1489 000e 80BC     		pop	{r7}
 1490              	.LCFI102:
 1491              		.cfi_restore 7
 1492              		.cfi_def_cfa_offset 0
 1493 0010 7047     		bx	lr
 1494              		.cfi_endproc
 1495              	.LFE82:
 1497              		.section	.text.HAL_PCD_DisconnectCallback,"ax",%progbits
 1498              		.align	1
 1499              		.weak	HAL_PCD_DisconnectCallback
 1500              		.syntax unified
 1501              		.thumb
 1502              		.thumb_func
 1504              	HAL_PCD_DisconnectCallback:
 1505              	.LFB83:
1619:Drivers/STM32F1xx_HAL_Driver/Src/stm32f1xx_hal_pcd.c **** 
1620:Drivers/STM32F1xx_HAL_Driver/Src/stm32f1xx_hal_pcd.c **** /**
1621:Drivers/STM32F1xx_HAL_Driver/Src/stm32f1xx_hal_pcd.c ****   * @brief  Disconnection event callback.
1622:Drivers/STM32F1xx_HAL_Driver/Src/stm32f1xx_hal_pcd.c ****   * @param  hpcd PCD handle
1623:Drivers/STM32F1xx_HAL_Driver/Src/stm32f1xx_hal_pcd.c ****   * @retval None
1624:Drivers/STM32F1xx_HAL_Driver/Src/stm32f1xx_hal_pcd.c ****   */
1625:Drivers/STM32F1xx_HAL_Driver/Src/stm32f1xx_hal_pcd.c **** __weak void HAL_PCD_DisconnectCallback(PCD_HandleTypeDef *hpcd)
1626:Drivers/STM32F1xx_HAL_Driver/Src/stm32f1xx_hal_pcd.c **** {
 1506              		.loc 1 1626 1
 1507              		.cfi_startproc
 1508              		@ args = 0, pretend = 0, frame = 8
 1509              		@ frame_needed = 1, uses_anonymous_args = 0
 1510              		@ link register save eliminated.
 1511 0000 80B4     		push	{r7}
 1512              	.LCFI103:
 1513              		.cfi_def_cfa_offset 4
 1514              		.cfi_offset 7, -4
 1515 0002 83B0     		sub	sp, sp, #12
 1516              	.LCFI104:
 1517              		.cfi_def_cfa_offset 16
 1518 0004 00AF     		add	r7, sp, #0
 1519              	.LCFI105:
 1520              		.cfi_def_cfa_register 7
 1521 0006 7860     		str	r0, [r7, #4]
1627:Drivers/STM32F1xx_HAL_Driver/Src/stm32f1xx_hal_pcd.c ****   /* Prevent unused argument(s) compilation warning */
1628:Drivers/STM32F1xx_HAL_Driver/Src/stm32f1xx_hal_pcd.c ****   UNUSED(hpcd);
1629:Drivers/STM32F1xx_HAL_Driver/Src/stm32f1xx_hal_pcd.c **** 
1630:Drivers/STM32F1xx_HAL_Driver/Src/stm32f1xx_hal_pcd.c ****   /* NOTE : This function should not be modified, when the callback is needed,
1631:Drivers/STM32F1xx_HAL_Driver/Src/stm32f1xx_hal_pcd.c ****             the HAL_PCD_DisconnectCallback could be implemented in the user file
1632:Drivers/STM32F1xx_HAL_Driver/Src/stm32f1xx_hal_pcd.c ****    */
1633:Drivers/STM32F1xx_HAL_Driver/Src/stm32f1xx_hal_pcd.c **** }
 1522              		.loc 1 1633 1
 1523 0008 00BF     		nop
 1524 000a 0C37     		adds	r7, r7, #12
 1525              	.LCFI106:
 1526              		.cfi_def_cfa_offset 4
 1527 000c BD46     		mov	sp, r7
 1528              	.LCFI107:
 1529              		.cfi_def_cfa_register 13
ARM GAS  /var/folders/xf/tcndk8390ml5xdpfw93qkhpm0000gn/T//cceFQQPk.s 			page 56


 1530              		@ sp needed
 1531 000e 80BC     		pop	{r7}
 1532              	.LCFI108:
 1533              		.cfi_restore 7
 1534              		.cfi_def_cfa_offset 0
 1535 0010 7047     		bx	lr
 1536              		.cfi_endproc
 1537              	.LFE83:
 1539              		.section	.text.HAL_PCD_DevConnect,"ax",%progbits
 1540              		.align	1
 1541              		.global	HAL_PCD_DevConnect
 1542              		.syntax unified
 1543              		.thumb
 1544              		.thumb_func
 1546              	HAL_PCD_DevConnect:
 1547              	.LFB84:
1634:Drivers/STM32F1xx_HAL_Driver/Src/stm32f1xx_hal_pcd.c **** 
1635:Drivers/STM32F1xx_HAL_Driver/Src/stm32f1xx_hal_pcd.c **** /**
1636:Drivers/STM32F1xx_HAL_Driver/Src/stm32f1xx_hal_pcd.c ****   * @}
1637:Drivers/STM32F1xx_HAL_Driver/Src/stm32f1xx_hal_pcd.c ****   */
1638:Drivers/STM32F1xx_HAL_Driver/Src/stm32f1xx_hal_pcd.c **** 
1639:Drivers/STM32F1xx_HAL_Driver/Src/stm32f1xx_hal_pcd.c **** /** @defgroup PCD_Exported_Functions_Group3 Peripheral Control functions
1640:Drivers/STM32F1xx_HAL_Driver/Src/stm32f1xx_hal_pcd.c ****   *  @brief   management functions
1641:Drivers/STM32F1xx_HAL_Driver/Src/stm32f1xx_hal_pcd.c ****   *
1642:Drivers/STM32F1xx_HAL_Driver/Src/stm32f1xx_hal_pcd.c **** @verbatim
1643:Drivers/STM32F1xx_HAL_Driver/Src/stm32f1xx_hal_pcd.c ****  ===============================================================================
1644:Drivers/STM32F1xx_HAL_Driver/Src/stm32f1xx_hal_pcd.c ****                       ##### Peripheral Control functions #####
1645:Drivers/STM32F1xx_HAL_Driver/Src/stm32f1xx_hal_pcd.c ****  ===============================================================================
1646:Drivers/STM32F1xx_HAL_Driver/Src/stm32f1xx_hal_pcd.c ****     [..]
1647:Drivers/STM32F1xx_HAL_Driver/Src/stm32f1xx_hal_pcd.c ****     This subsection provides a set of functions allowing to control the PCD data
1648:Drivers/STM32F1xx_HAL_Driver/Src/stm32f1xx_hal_pcd.c ****     transfers.
1649:Drivers/STM32F1xx_HAL_Driver/Src/stm32f1xx_hal_pcd.c **** 
1650:Drivers/STM32F1xx_HAL_Driver/Src/stm32f1xx_hal_pcd.c **** @endverbatim
1651:Drivers/STM32F1xx_HAL_Driver/Src/stm32f1xx_hal_pcd.c ****   * @{
1652:Drivers/STM32F1xx_HAL_Driver/Src/stm32f1xx_hal_pcd.c ****   */
1653:Drivers/STM32F1xx_HAL_Driver/Src/stm32f1xx_hal_pcd.c **** 
1654:Drivers/STM32F1xx_HAL_Driver/Src/stm32f1xx_hal_pcd.c **** /**
1655:Drivers/STM32F1xx_HAL_Driver/Src/stm32f1xx_hal_pcd.c ****   * @brief  Connect the USB device
1656:Drivers/STM32F1xx_HAL_Driver/Src/stm32f1xx_hal_pcd.c ****   * @param  hpcd PCD handle
1657:Drivers/STM32F1xx_HAL_Driver/Src/stm32f1xx_hal_pcd.c ****   * @retval HAL status
1658:Drivers/STM32F1xx_HAL_Driver/Src/stm32f1xx_hal_pcd.c ****   */
1659:Drivers/STM32F1xx_HAL_Driver/Src/stm32f1xx_hal_pcd.c **** HAL_StatusTypeDef HAL_PCD_DevConnect(PCD_HandleTypeDef *hpcd)
1660:Drivers/STM32F1xx_HAL_Driver/Src/stm32f1xx_hal_pcd.c **** {
 1548              		.loc 1 1660 1
 1549              		.cfi_startproc
 1550              		@ args = 0, pretend = 0, frame = 8
 1551              		@ frame_needed = 1, uses_anonymous_args = 0
 1552 0000 80B5     		push	{r7, lr}
 1553              	.LCFI109:
 1554              		.cfi_def_cfa_offset 8
 1555              		.cfi_offset 7, -8
 1556              		.cfi_offset 14, -4
 1557 0002 82B0     		sub	sp, sp, #8
 1558              	.LCFI110:
 1559              		.cfi_def_cfa_offset 16
 1560 0004 00AF     		add	r7, sp, #0
 1561              	.LCFI111:
ARM GAS  /var/folders/xf/tcndk8390ml5xdpfw93qkhpm0000gn/T//cceFQQPk.s 			page 57


 1562              		.cfi_def_cfa_register 7
 1563 0006 7860     		str	r0, [r7, #4]
1661:Drivers/STM32F1xx_HAL_Driver/Src/stm32f1xx_hal_pcd.c ****   __HAL_LOCK(hpcd);
 1564              		.loc 1 1661 3
 1565 0008 7B68     		ldr	r3, [r7, #4]
 1566 000a 93F89032 		ldrb	r3, [r3, #656]	@ zero_extendqisi2
 1567 000e 012B     		cmp	r3, #1
 1568 0010 01D1     		bne	.L55
 1569              		.loc 1 1661 3 is_stmt 0 discriminator 1
 1570 0012 0223     		movs	r3, #2
 1571 0014 11E0     		b	.L56
 1572              	.L55:
 1573              		.loc 1 1661 3 discriminator 2
 1574 0016 7B68     		ldr	r3, [r7, #4]
 1575 0018 0122     		movs	r2, #1
 1576 001a 83F89022 		strb	r2, [r3, #656]
1662:Drivers/STM32F1xx_HAL_Driver/Src/stm32f1xx_hal_pcd.c **** 
1663:Drivers/STM32F1xx_HAL_Driver/Src/stm32f1xx_hal_pcd.c **** #if defined (USB)
1664:Drivers/STM32F1xx_HAL_Driver/Src/stm32f1xx_hal_pcd.c ****   HAL_PCDEx_SetConnectionState(hpcd, 1U);
 1577              		.loc 1 1664 3 is_stmt 1 discriminator 2
 1578 001e 0121     		movs	r1, #1
 1579 0020 7868     		ldr	r0, [r7, #4]
 1580 0022 FFF7FEFF 		bl	HAL_PCDEx_SetConnectionState
1665:Drivers/STM32F1xx_HAL_Driver/Src/stm32f1xx_hal_pcd.c **** #endif /* defined (USB) */
1666:Drivers/STM32F1xx_HAL_Driver/Src/stm32f1xx_hal_pcd.c **** 
1667:Drivers/STM32F1xx_HAL_Driver/Src/stm32f1xx_hal_pcd.c ****   (void)USB_DevConnect(hpcd->Instance);
 1581              		.loc 1 1667 28 discriminator 2
 1582 0026 7B68     		ldr	r3, [r7, #4]
 1583 0028 1B68     		ldr	r3, [r3]
 1584              		.loc 1 1667 9 discriminator 2
 1585 002a 1846     		mov	r0, r3
 1586 002c FFF7FEFF 		bl	USB_DevConnect
1668:Drivers/STM32F1xx_HAL_Driver/Src/stm32f1xx_hal_pcd.c ****   __HAL_UNLOCK(hpcd);
 1587              		.loc 1 1668 3 discriminator 2
 1588 0030 7B68     		ldr	r3, [r7, #4]
 1589 0032 0022     		movs	r2, #0
 1590 0034 83F89022 		strb	r2, [r3, #656]
1669:Drivers/STM32F1xx_HAL_Driver/Src/stm32f1xx_hal_pcd.c **** 
1670:Drivers/STM32F1xx_HAL_Driver/Src/stm32f1xx_hal_pcd.c ****   return HAL_OK;
 1591              		.loc 1 1670 10 discriminator 2
 1592 0038 0023     		movs	r3, #0
 1593              	.L56:
1671:Drivers/STM32F1xx_HAL_Driver/Src/stm32f1xx_hal_pcd.c **** }
 1594              		.loc 1 1671 1
 1595 003a 1846     		mov	r0, r3
 1596 003c 0837     		adds	r7, r7, #8
 1597              	.LCFI112:
 1598              		.cfi_def_cfa_offset 8
 1599 003e BD46     		mov	sp, r7
 1600              	.LCFI113:
 1601              		.cfi_def_cfa_register 13
 1602              		@ sp needed
 1603 0040 80BD     		pop	{r7, pc}
 1604              		.cfi_endproc
 1605              	.LFE84:
 1607              		.section	.text.HAL_PCD_DevDisconnect,"ax",%progbits
 1608              		.align	1
ARM GAS  /var/folders/xf/tcndk8390ml5xdpfw93qkhpm0000gn/T//cceFQQPk.s 			page 58


 1609              		.global	HAL_PCD_DevDisconnect
 1610              		.syntax unified
 1611              		.thumb
 1612              		.thumb_func
 1614              	HAL_PCD_DevDisconnect:
 1615              	.LFB85:
1672:Drivers/STM32F1xx_HAL_Driver/Src/stm32f1xx_hal_pcd.c **** 
1673:Drivers/STM32F1xx_HAL_Driver/Src/stm32f1xx_hal_pcd.c **** /**
1674:Drivers/STM32F1xx_HAL_Driver/Src/stm32f1xx_hal_pcd.c ****   * @brief  Disconnect the USB device.
1675:Drivers/STM32F1xx_HAL_Driver/Src/stm32f1xx_hal_pcd.c ****   * @param  hpcd PCD handle
1676:Drivers/STM32F1xx_HAL_Driver/Src/stm32f1xx_hal_pcd.c ****   * @retval HAL status
1677:Drivers/STM32F1xx_HAL_Driver/Src/stm32f1xx_hal_pcd.c ****   */
1678:Drivers/STM32F1xx_HAL_Driver/Src/stm32f1xx_hal_pcd.c **** HAL_StatusTypeDef HAL_PCD_DevDisconnect(PCD_HandleTypeDef *hpcd)
1679:Drivers/STM32F1xx_HAL_Driver/Src/stm32f1xx_hal_pcd.c **** {
 1616              		.loc 1 1679 1
 1617              		.cfi_startproc
 1618              		@ args = 0, pretend = 0, frame = 8
 1619              		@ frame_needed = 1, uses_anonymous_args = 0
 1620 0000 80B5     		push	{r7, lr}
 1621              	.LCFI114:
 1622              		.cfi_def_cfa_offset 8
 1623              		.cfi_offset 7, -8
 1624              		.cfi_offset 14, -4
 1625 0002 82B0     		sub	sp, sp, #8
 1626              	.LCFI115:
 1627              		.cfi_def_cfa_offset 16
 1628 0004 00AF     		add	r7, sp, #0
 1629              	.LCFI116:
 1630              		.cfi_def_cfa_register 7
 1631 0006 7860     		str	r0, [r7, #4]
1680:Drivers/STM32F1xx_HAL_Driver/Src/stm32f1xx_hal_pcd.c ****   __HAL_LOCK(hpcd);
 1632              		.loc 1 1680 3
 1633 0008 7B68     		ldr	r3, [r7, #4]
 1634 000a 93F89032 		ldrb	r3, [r3, #656]	@ zero_extendqisi2
 1635 000e 012B     		cmp	r3, #1
 1636 0010 01D1     		bne	.L58
 1637              		.loc 1 1680 3 is_stmt 0 discriminator 1
 1638 0012 0223     		movs	r3, #2
 1639 0014 11E0     		b	.L59
 1640              	.L58:
 1641              		.loc 1 1680 3 discriminator 2
 1642 0016 7B68     		ldr	r3, [r7, #4]
 1643 0018 0122     		movs	r2, #1
 1644 001a 83F89022 		strb	r2, [r3, #656]
1681:Drivers/STM32F1xx_HAL_Driver/Src/stm32f1xx_hal_pcd.c **** 
1682:Drivers/STM32F1xx_HAL_Driver/Src/stm32f1xx_hal_pcd.c **** #if defined (USB)
1683:Drivers/STM32F1xx_HAL_Driver/Src/stm32f1xx_hal_pcd.c ****   HAL_PCDEx_SetConnectionState(hpcd, 0U);
 1645              		.loc 1 1683 3 is_stmt 1 discriminator 2
 1646 001e 0021     		movs	r1, #0
 1647 0020 7868     		ldr	r0, [r7, #4]
 1648 0022 FFF7FEFF 		bl	HAL_PCDEx_SetConnectionState
1684:Drivers/STM32F1xx_HAL_Driver/Src/stm32f1xx_hal_pcd.c **** #endif /* defined (USB) */
1685:Drivers/STM32F1xx_HAL_Driver/Src/stm32f1xx_hal_pcd.c **** 
1686:Drivers/STM32F1xx_HAL_Driver/Src/stm32f1xx_hal_pcd.c ****   (void)USB_DevDisconnect(hpcd->Instance);
 1649              		.loc 1 1686 31 discriminator 2
 1650 0026 7B68     		ldr	r3, [r7, #4]
 1651 0028 1B68     		ldr	r3, [r3]
ARM GAS  /var/folders/xf/tcndk8390ml5xdpfw93qkhpm0000gn/T//cceFQQPk.s 			page 59


 1652              		.loc 1 1686 9 discriminator 2
 1653 002a 1846     		mov	r0, r3
 1654 002c FFF7FEFF 		bl	USB_DevDisconnect
1687:Drivers/STM32F1xx_HAL_Driver/Src/stm32f1xx_hal_pcd.c ****   __HAL_UNLOCK(hpcd);
 1655              		.loc 1 1687 3 discriminator 2
 1656 0030 7B68     		ldr	r3, [r7, #4]
 1657 0032 0022     		movs	r2, #0
 1658 0034 83F89022 		strb	r2, [r3, #656]
1688:Drivers/STM32F1xx_HAL_Driver/Src/stm32f1xx_hal_pcd.c **** 
1689:Drivers/STM32F1xx_HAL_Driver/Src/stm32f1xx_hal_pcd.c ****   return HAL_OK;
 1659              		.loc 1 1689 10 discriminator 2
 1660 0038 0023     		movs	r3, #0
 1661              	.L59:
1690:Drivers/STM32F1xx_HAL_Driver/Src/stm32f1xx_hal_pcd.c **** }
 1662              		.loc 1 1690 1
 1663 003a 1846     		mov	r0, r3
 1664 003c 0837     		adds	r7, r7, #8
 1665              	.LCFI117:
 1666              		.cfi_def_cfa_offset 8
 1667 003e BD46     		mov	sp, r7
 1668              	.LCFI118:
 1669              		.cfi_def_cfa_register 13
 1670              		@ sp needed
 1671 0040 80BD     		pop	{r7, pc}
 1672              		.cfi_endproc
 1673              	.LFE85:
 1675              		.section	.text.HAL_PCD_SetAddress,"ax",%progbits
 1676              		.align	1
 1677              		.global	HAL_PCD_SetAddress
 1678              		.syntax unified
 1679              		.thumb
 1680              		.thumb_func
 1682              	HAL_PCD_SetAddress:
 1683              	.LFB86:
1691:Drivers/STM32F1xx_HAL_Driver/Src/stm32f1xx_hal_pcd.c **** 
1692:Drivers/STM32F1xx_HAL_Driver/Src/stm32f1xx_hal_pcd.c **** /**
1693:Drivers/STM32F1xx_HAL_Driver/Src/stm32f1xx_hal_pcd.c ****   * @brief  Set the USB Device address.
1694:Drivers/STM32F1xx_HAL_Driver/Src/stm32f1xx_hal_pcd.c ****   * @param  hpcd PCD handle
1695:Drivers/STM32F1xx_HAL_Driver/Src/stm32f1xx_hal_pcd.c ****   * @param  address new device address
1696:Drivers/STM32F1xx_HAL_Driver/Src/stm32f1xx_hal_pcd.c ****   * @retval HAL status
1697:Drivers/STM32F1xx_HAL_Driver/Src/stm32f1xx_hal_pcd.c ****   */
1698:Drivers/STM32F1xx_HAL_Driver/Src/stm32f1xx_hal_pcd.c **** HAL_StatusTypeDef HAL_PCD_SetAddress(PCD_HandleTypeDef *hpcd, uint8_t address)
1699:Drivers/STM32F1xx_HAL_Driver/Src/stm32f1xx_hal_pcd.c **** {
 1684              		.loc 1 1699 1
 1685              		.cfi_startproc
 1686              		@ args = 0, pretend = 0, frame = 8
 1687              		@ frame_needed = 1, uses_anonymous_args = 0
 1688 0000 80B5     		push	{r7, lr}
 1689              	.LCFI119:
 1690              		.cfi_def_cfa_offset 8
 1691              		.cfi_offset 7, -8
 1692              		.cfi_offset 14, -4
 1693 0002 82B0     		sub	sp, sp, #8
 1694              	.LCFI120:
 1695              		.cfi_def_cfa_offset 16
 1696 0004 00AF     		add	r7, sp, #0
 1697              	.LCFI121:
ARM GAS  /var/folders/xf/tcndk8390ml5xdpfw93qkhpm0000gn/T//cceFQQPk.s 			page 60


 1698              		.cfi_def_cfa_register 7
 1699 0006 7860     		str	r0, [r7, #4]
 1700 0008 0B46     		mov	r3, r1
 1701 000a FB70     		strb	r3, [r7, #3]
1700:Drivers/STM32F1xx_HAL_Driver/Src/stm32f1xx_hal_pcd.c ****   __HAL_LOCK(hpcd);
 1702              		.loc 1 1700 3
 1703 000c 7B68     		ldr	r3, [r7, #4]
 1704 000e 93F89032 		ldrb	r3, [r3, #656]	@ zero_extendqisi2
 1705 0012 012B     		cmp	r3, #1
 1706 0014 01D1     		bne	.L61
 1707              		.loc 1 1700 3 is_stmt 0 discriminator 1
 1708 0016 0223     		movs	r3, #2
 1709 0018 12E0     		b	.L62
 1710              	.L61:
 1711              		.loc 1 1700 3 discriminator 2
 1712 001a 7B68     		ldr	r3, [r7, #4]
 1713 001c 0122     		movs	r2, #1
 1714 001e 83F89022 		strb	r2, [r3, #656]
1701:Drivers/STM32F1xx_HAL_Driver/Src/stm32f1xx_hal_pcd.c ****   hpcd->USB_Address = address;
 1715              		.loc 1 1701 21 is_stmt 1 discriminator 2
 1716 0022 7B68     		ldr	r3, [r7, #4]
 1717 0024 FA78     		ldrb	r2, [r7, #3]
 1718 0026 5A73     		strb	r2, [r3, #13]
1702:Drivers/STM32F1xx_HAL_Driver/Src/stm32f1xx_hal_pcd.c ****   (void)USB_SetDevAddress(hpcd->Instance, address);
 1719              		.loc 1 1702 31 discriminator 2
 1720 0028 7B68     		ldr	r3, [r7, #4]
 1721 002a 1B68     		ldr	r3, [r3]
 1722              		.loc 1 1702 9 discriminator 2
 1723 002c FA78     		ldrb	r2, [r7, #3]	@ zero_extendqisi2
 1724 002e 1146     		mov	r1, r2
 1725 0030 1846     		mov	r0, r3
 1726 0032 FFF7FEFF 		bl	USB_SetDevAddress
1703:Drivers/STM32F1xx_HAL_Driver/Src/stm32f1xx_hal_pcd.c ****   __HAL_UNLOCK(hpcd);
 1727              		.loc 1 1703 3 discriminator 2
 1728 0036 7B68     		ldr	r3, [r7, #4]
 1729 0038 0022     		movs	r2, #0
 1730 003a 83F89022 		strb	r2, [r3, #656]
1704:Drivers/STM32F1xx_HAL_Driver/Src/stm32f1xx_hal_pcd.c **** 
1705:Drivers/STM32F1xx_HAL_Driver/Src/stm32f1xx_hal_pcd.c ****   return HAL_OK;
 1731              		.loc 1 1705 10 discriminator 2
 1732 003e 0023     		movs	r3, #0
 1733              	.L62:
1706:Drivers/STM32F1xx_HAL_Driver/Src/stm32f1xx_hal_pcd.c **** }
 1734              		.loc 1 1706 1
 1735 0040 1846     		mov	r0, r3
 1736 0042 0837     		adds	r7, r7, #8
 1737              	.LCFI122:
 1738              		.cfi_def_cfa_offset 8
 1739 0044 BD46     		mov	sp, r7
 1740              	.LCFI123:
 1741              		.cfi_def_cfa_register 13
 1742              		@ sp needed
 1743 0046 80BD     		pop	{r7, pc}
 1744              		.cfi_endproc
 1745              	.LFE86:
 1747              		.section	.text.HAL_PCD_EP_Open,"ax",%progbits
 1748              		.align	1
ARM GAS  /var/folders/xf/tcndk8390ml5xdpfw93qkhpm0000gn/T//cceFQQPk.s 			page 61


 1749              		.global	HAL_PCD_EP_Open
 1750              		.syntax unified
 1751              		.thumb
 1752              		.thumb_func
 1754              	HAL_PCD_EP_Open:
 1755              	.LFB87:
1707:Drivers/STM32F1xx_HAL_Driver/Src/stm32f1xx_hal_pcd.c **** /**
1708:Drivers/STM32F1xx_HAL_Driver/Src/stm32f1xx_hal_pcd.c ****   * @brief  Open and configure an endpoint.
1709:Drivers/STM32F1xx_HAL_Driver/Src/stm32f1xx_hal_pcd.c ****   * @param  hpcd PCD handle
1710:Drivers/STM32F1xx_HAL_Driver/Src/stm32f1xx_hal_pcd.c ****   * @param  ep_addr endpoint address
1711:Drivers/STM32F1xx_HAL_Driver/Src/stm32f1xx_hal_pcd.c ****   * @param  ep_mps endpoint max packet size
1712:Drivers/STM32F1xx_HAL_Driver/Src/stm32f1xx_hal_pcd.c ****   * @param  ep_type endpoint type
1713:Drivers/STM32F1xx_HAL_Driver/Src/stm32f1xx_hal_pcd.c ****   * @retval HAL status
1714:Drivers/STM32F1xx_HAL_Driver/Src/stm32f1xx_hal_pcd.c ****   */
1715:Drivers/STM32F1xx_HAL_Driver/Src/stm32f1xx_hal_pcd.c **** HAL_StatusTypeDef HAL_PCD_EP_Open(PCD_HandleTypeDef *hpcd, uint8_t ep_addr,
1716:Drivers/STM32F1xx_HAL_Driver/Src/stm32f1xx_hal_pcd.c ****                                   uint16_t ep_mps, uint8_t ep_type)
1717:Drivers/STM32F1xx_HAL_Driver/Src/stm32f1xx_hal_pcd.c **** {
 1756              		.loc 1 1717 1
 1757              		.cfi_startproc
 1758              		@ args = 0, pretend = 0, frame = 16
 1759              		@ frame_needed = 1, uses_anonymous_args = 0
 1760 0000 80B5     		push	{r7, lr}
 1761              	.LCFI124:
 1762              		.cfi_def_cfa_offset 8
 1763              		.cfi_offset 7, -8
 1764              		.cfi_offset 14, -4
 1765 0002 84B0     		sub	sp, sp, #16
 1766              	.LCFI125:
 1767              		.cfi_def_cfa_offset 24
 1768 0004 00AF     		add	r7, sp, #0
 1769              	.LCFI126:
 1770              		.cfi_def_cfa_register 7
 1771 0006 7860     		str	r0, [r7, #4]
 1772 0008 0846     		mov	r0, r1
 1773 000a 1146     		mov	r1, r2
 1774 000c 1A46     		mov	r2, r3
 1775 000e 0346     		mov	r3, r0
 1776 0010 FB70     		strb	r3, [r7, #3]
 1777 0012 0B46     		mov	r3, r1	@ movhi
 1778 0014 3B80     		strh	r3, [r7]	@ movhi
 1779 0016 1346     		mov	r3, r2
 1780 0018 BB70     		strb	r3, [r7, #2]
1718:Drivers/STM32F1xx_HAL_Driver/Src/stm32f1xx_hal_pcd.c ****   HAL_StatusTypeDef  ret = HAL_OK;
 1781              		.loc 1 1718 22
 1782 001a 0023     		movs	r3, #0
 1783 001c FB72     		strb	r3, [r7, #11]
1719:Drivers/STM32F1xx_HAL_Driver/Src/stm32f1xx_hal_pcd.c ****   PCD_EPTypeDef *ep;
1720:Drivers/STM32F1xx_HAL_Driver/Src/stm32f1xx_hal_pcd.c **** 
1721:Drivers/STM32F1xx_HAL_Driver/Src/stm32f1xx_hal_pcd.c ****   if ((ep_addr & 0x80U) == 0x80U)
 1784              		.loc 1 1721 25
 1785 001e 97F90330 		ldrsb	r3, [r7, #3]
 1786              		.loc 1 1721 6
 1787 0022 002B     		cmp	r3, #0
 1788 0024 0EDA     		bge	.L64
1722:Drivers/STM32F1xx_HAL_Driver/Src/stm32f1xx_hal_pcd.c ****   {
1723:Drivers/STM32F1xx_HAL_Driver/Src/stm32f1xx_hal_pcd.c ****     ep = &hpcd->IN_ep[ep_addr & EP_ADDR_MSK];
 1789              		.loc 1 1723 31
ARM GAS  /var/folders/xf/tcndk8390ml5xdpfw93qkhpm0000gn/T//cceFQQPk.s 			page 62


 1790 0026 FB78     		ldrb	r3, [r7, #3]	@ zero_extendqisi2
 1791 0028 03F00702 		and	r2, r3, #7
 1792              		.loc 1 1723 8
 1793 002c 1346     		mov	r3, r2
 1794 002e 9B00     		lsls	r3, r3, #2
 1795 0030 1344     		add	r3, r3, r2
 1796 0032 DB00     		lsls	r3, r3, #3
 1797 0034 1033     		adds	r3, r3, #16
 1798 0036 7A68     		ldr	r2, [r7, #4]
 1799 0038 1344     		add	r3, r3, r2
 1800 003a FB60     		str	r3, [r7, #12]
1724:Drivers/STM32F1xx_HAL_Driver/Src/stm32f1xx_hal_pcd.c ****     ep->is_in = 1U;
 1801              		.loc 1 1724 15
 1802 003c FB68     		ldr	r3, [r7, #12]
 1803 003e 0122     		movs	r2, #1
 1804 0040 5A70     		strb	r2, [r3, #1]
 1805 0042 0EE0     		b	.L65
 1806              	.L64:
1725:Drivers/STM32F1xx_HAL_Driver/Src/stm32f1xx_hal_pcd.c ****   }
1726:Drivers/STM32F1xx_HAL_Driver/Src/stm32f1xx_hal_pcd.c ****   else
1727:Drivers/STM32F1xx_HAL_Driver/Src/stm32f1xx_hal_pcd.c ****   {
1728:Drivers/STM32F1xx_HAL_Driver/Src/stm32f1xx_hal_pcd.c ****     ep = &hpcd->OUT_ep[ep_addr & EP_ADDR_MSK];
 1807              		.loc 1 1728 32
 1808 0044 FB78     		ldrb	r3, [r7, #3]	@ zero_extendqisi2
 1809 0046 03F00702 		and	r2, r3, #7
 1810              		.loc 1 1728 8
 1811 004a 1346     		mov	r3, r2
 1812 004c 9B00     		lsls	r3, r3, #2
 1813 004e 1344     		add	r3, r3, r2
 1814 0050 DB00     		lsls	r3, r3, #3
 1815 0052 03F5A873 		add	r3, r3, #336
 1816 0056 7A68     		ldr	r2, [r7, #4]
 1817 0058 1344     		add	r3, r3, r2
 1818 005a FB60     		str	r3, [r7, #12]
1729:Drivers/STM32F1xx_HAL_Driver/Src/stm32f1xx_hal_pcd.c ****     ep->is_in = 0U;
 1819              		.loc 1 1729 15
 1820 005c FB68     		ldr	r3, [r7, #12]
 1821 005e 0022     		movs	r2, #0
 1822 0060 5A70     		strb	r2, [r3, #1]
 1823              	.L65:
1730:Drivers/STM32F1xx_HAL_Driver/Src/stm32f1xx_hal_pcd.c ****   }
1731:Drivers/STM32F1xx_HAL_Driver/Src/stm32f1xx_hal_pcd.c **** 
1732:Drivers/STM32F1xx_HAL_Driver/Src/stm32f1xx_hal_pcd.c ****   ep->num = ep_addr & EP_ADDR_MSK;
 1824              		.loc 1 1732 21
 1825 0062 FB78     		ldrb	r3, [r7, #3]
 1826 0064 03F00703 		and	r3, r3, #7
 1827 0068 DAB2     		uxtb	r2, r3
 1828              		.loc 1 1732 11
 1829 006a FB68     		ldr	r3, [r7, #12]
 1830 006c 1A70     		strb	r2, [r3]
1733:Drivers/STM32F1xx_HAL_Driver/Src/stm32f1xx_hal_pcd.c ****   ep->maxpacket = ep_mps;
 1831              		.loc 1 1733 17
 1832 006e 3A88     		ldrh	r2, [r7]
 1833 0070 FB68     		ldr	r3, [r7, #12]
 1834 0072 1A61     		str	r2, [r3, #16]
1734:Drivers/STM32F1xx_HAL_Driver/Src/stm32f1xx_hal_pcd.c ****   ep->type = ep_type;
 1835              		.loc 1 1734 12
ARM GAS  /var/folders/xf/tcndk8390ml5xdpfw93qkhpm0000gn/T//cceFQQPk.s 			page 63


 1836 0074 FB68     		ldr	r3, [r7, #12]
 1837 0076 BA78     		ldrb	r2, [r7, #2]
 1838 0078 DA70     		strb	r2, [r3, #3]
1735:Drivers/STM32F1xx_HAL_Driver/Src/stm32f1xx_hal_pcd.c **** 
1736:Drivers/STM32F1xx_HAL_Driver/Src/stm32f1xx_hal_pcd.c **** #if defined (USB_OTG_FS)
1737:Drivers/STM32F1xx_HAL_Driver/Src/stm32f1xx_hal_pcd.c ****   if (ep->is_in != 0U)
1738:Drivers/STM32F1xx_HAL_Driver/Src/stm32f1xx_hal_pcd.c ****   {
1739:Drivers/STM32F1xx_HAL_Driver/Src/stm32f1xx_hal_pcd.c ****     /* Assign a Tx FIFO */
1740:Drivers/STM32F1xx_HAL_Driver/Src/stm32f1xx_hal_pcd.c ****     ep->tx_fifo_num = ep->num;
1741:Drivers/STM32F1xx_HAL_Driver/Src/stm32f1xx_hal_pcd.c ****   }
1742:Drivers/STM32F1xx_HAL_Driver/Src/stm32f1xx_hal_pcd.c **** #endif /* defined (USB_OTG_FS) */
1743:Drivers/STM32F1xx_HAL_Driver/Src/stm32f1xx_hal_pcd.c **** 
1744:Drivers/STM32F1xx_HAL_Driver/Src/stm32f1xx_hal_pcd.c ****   /* Set initial data PID. */
1745:Drivers/STM32F1xx_HAL_Driver/Src/stm32f1xx_hal_pcd.c ****   if (ep_type == EP_TYPE_BULK)
 1839              		.loc 1 1745 6
 1840 007a BB78     		ldrb	r3, [r7, #2]	@ zero_extendqisi2
 1841 007c 022B     		cmp	r3, #2
 1842 007e 02D1     		bne	.L66
1746:Drivers/STM32F1xx_HAL_Driver/Src/stm32f1xx_hal_pcd.c ****   {
1747:Drivers/STM32F1xx_HAL_Driver/Src/stm32f1xx_hal_pcd.c ****     ep->data_pid_start = 0U;
 1843              		.loc 1 1747 24
 1844 0080 FB68     		ldr	r3, [r7, #12]
 1845 0082 0022     		movs	r2, #0
 1846 0084 1A71     		strb	r2, [r3, #4]
 1847              	.L66:
1748:Drivers/STM32F1xx_HAL_Driver/Src/stm32f1xx_hal_pcd.c ****   }
1749:Drivers/STM32F1xx_HAL_Driver/Src/stm32f1xx_hal_pcd.c **** 
1750:Drivers/STM32F1xx_HAL_Driver/Src/stm32f1xx_hal_pcd.c ****   __HAL_LOCK(hpcd);
 1848              		.loc 1 1750 3
 1849 0086 7B68     		ldr	r3, [r7, #4]
 1850 0088 93F89032 		ldrb	r3, [r3, #656]	@ zero_extendqisi2
 1851 008c 012B     		cmp	r3, #1
 1852 008e 01D1     		bne	.L67
 1853              		.loc 1 1750 3 is_stmt 0 discriminator 1
 1854 0090 0223     		movs	r3, #2
 1855 0092 0EE0     		b	.L68
 1856              	.L67:
 1857              		.loc 1 1750 3 discriminator 2
 1858 0094 7B68     		ldr	r3, [r7, #4]
 1859 0096 0122     		movs	r2, #1
 1860 0098 83F89022 		strb	r2, [r3, #656]
1751:Drivers/STM32F1xx_HAL_Driver/Src/stm32f1xx_hal_pcd.c ****   (void)USB_ActivateEndpoint(hpcd->Instance, ep);
 1861              		.loc 1 1751 34 is_stmt 1 discriminator 2
 1862 009c 7B68     		ldr	r3, [r7, #4]
 1863 009e 1B68     		ldr	r3, [r3]
 1864              		.loc 1 1751 9 discriminator 2
 1865 00a0 F968     		ldr	r1, [r7, #12]
 1866 00a2 1846     		mov	r0, r3
 1867 00a4 FFF7FEFF 		bl	USB_ActivateEndpoint
1752:Drivers/STM32F1xx_HAL_Driver/Src/stm32f1xx_hal_pcd.c ****   __HAL_UNLOCK(hpcd);
 1868              		.loc 1 1752 3 discriminator 2
 1869 00a8 7B68     		ldr	r3, [r7, #4]
 1870 00aa 0022     		movs	r2, #0
 1871 00ac 83F89022 		strb	r2, [r3, #656]
1753:Drivers/STM32F1xx_HAL_Driver/Src/stm32f1xx_hal_pcd.c **** 
1754:Drivers/STM32F1xx_HAL_Driver/Src/stm32f1xx_hal_pcd.c ****   return ret;
 1872              		.loc 1 1754 10 discriminator 2
ARM GAS  /var/folders/xf/tcndk8390ml5xdpfw93qkhpm0000gn/T//cceFQQPk.s 			page 64


 1873 00b0 FB7A     		ldrb	r3, [r7, #11]	@ zero_extendqisi2
 1874              	.L68:
1755:Drivers/STM32F1xx_HAL_Driver/Src/stm32f1xx_hal_pcd.c **** }
 1875              		.loc 1 1755 1
 1876 00b2 1846     		mov	r0, r3
 1877 00b4 1037     		adds	r7, r7, #16
 1878              	.LCFI127:
 1879              		.cfi_def_cfa_offset 8
 1880 00b6 BD46     		mov	sp, r7
 1881              	.LCFI128:
 1882              		.cfi_def_cfa_register 13
 1883              		@ sp needed
 1884 00b8 80BD     		pop	{r7, pc}
 1885              		.cfi_endproc
 1886              	.LFE87:
 1888              		.section	.text.HAL_PCD_EP_Close,"ax",%progbits
 1889              		.align	1
 1890              		.global	HAL_PCD_EP_Close
 1891              		.syntax unified
 1892              		.thumb
 1893              		.thumb_func
 1895              	HAL_PCD_EP_Close:
 1896              	.LFB88:
1756:Drivers/STM32F1xx_HAL_Driver/Src/stm32f1xx_hal_pcd.c **** 
1757:Drivers/STM32F1xx_HAL_Driver/Src/stm32f1xx_hal_pcd.c **** /**
1758:Drivers/STM32F1xx_HAL_Driver/Src/stm32f1xx_hal_pcd.c ****   * @brief  Deactivate an endpoint.
1759:Drivers/STM32F1xx_HAL_Driver/Src/stm32f1xx_hal_pcd.c ****   * @param  hpcd PCD handle
1760:Drivers/STM32F1xx_HAL_Driver/Src/stm32f1xx_hal_pcd.c ****   * @param  ep_addr endpoint address
1761:Drivers/STM32F1xx_HAL_Driver/Src/stm32f1xx_hal_pcd.c ****   * @retval HAL status
1762:Drivers/STM32F1xx_HAL_Driver/Src/stm32f1xx_hal_pcd.c ****   */
1763:Drivers/STM32F1xx_HAL_Driver/Src/stm32f1xx_hal_pcd.c **** HAL_StatusTypeDef HAL_PCD_EP_Close(PCD_HandleTypeDef *hpcd, uint8_t ep_addr)
1764:Drivers/STM32F1xx_HAL_Driver/Src/stm32f1xx_hal_pcd.c **** {
 1897              		.loc 1 1764 1
 1898              		.cfi_startproc
 1899              		@ args = 0, pretend = 0, frame = 16
 1900              		@ frame_needed = 1, uses_anonymous_args = 0
 1901 0000 80B5     		push	{r7, lr}
 1902              	.LCFI129:
 1903              		.cfi_def_cfa_offset 8
 1904              		.cfi_offset 7, -8
 1905              		.cfi_offset 14, -4
 1906 0002 84B0     		sub	sp, sp, #16
 1907              	.LCFI130:
 1908              		.cfi_def_cfa_offset 24
 1909 0004 00AF     		add	r7, sp, #0
 1910              	.LCFI131:
 1911              		.cfi_def_cfa_register 7
 1912 0006 7860     		str	r0, [r7, #4]
 1913 0008 0B46     		mov	r3, r1
 1914 000a FB70     		strb	r3, [r7, #3]
1765:Drivers/STM32F1xx_HAL_Driver/Src/stm32f1xx_hal_pcd.c ****   PCD_EPTypeDef *ep;
1766:Drivers/STM32F1xx_HAL_Driver/Src/stm32f1xx_hal_pcd.c **** 
1767:Drivers/STM32F1xx_HAL_Driver/Src/stm32f1xx_hal_pcd.c ****   if ((ep_addr & 0x80U) == 0x80U)
 1915              		.loc 1 1767 25
 1916 000c 97F90330 		ldrsb	r3, [r7, #3]
 1917              		.loc 1 1767 6
 1918 0010 002B     		cmp	r3, #0
ARM GAS  /var/folders/xf/tcndk8390ml5xdpfw93qkhpm0000gn/T//cceFQQPk.s 			page 65


 1919 0012 0EDA     		bge	.L70
1768:Drivers/STM32F1xx_HAL_Driver/Src/stm32f1xx_hal_pcd.c ****   {
1769:Drivers/STM32F1xx_HAL_Driver/Src/stm32f1xx_hal_pcd.c ****     ep = &hpcd->IN_ep[ep_addr & EP_ADDR_MSK];
 1920              		.loc 1 1769 31
 1921 0014 FB78     		ldrb	r3, [r7, #3]	@ zero_extendqisi2
 1922 0016 03F00702 		and	r2, r3, #7
 1923              		.loc 1 1769 8
 1924 001a 1346     		mov	r3, r2
 1925 001c 9B00     		lsls	r3, r3, #2
 1926 001e 1344     		add	r3, r3, r2
 1927 0020 DB00     		lsls	r3, r3, #3
 1928 0022 1033     		adds	r3, r3, #16
 1929 0024 7A68     		ldr	r2, [r7, #4]
 1930 0026 1344     		add	r3, r3, r2
 1931 0028 FB60     		str	r3, [r7, #12]
1770:Drivers/STM32F1xx_HAL_Driver/Src/stm32f1xx_hal_pcd.c ****     ep->is_in = 1U;
 1932              		.loc 1 1770 15
 1933 002a FB68     		ldr	r3, [r7, #12]
 1934 002c 0122     		movs	r2, #1
 1935 002e 5A70     		strb	r2, [r3, #1]
 1936 0030 0EE0     		b	.L71
 1937              	.L70:
1771:Drivers/STM32F1xx_HAL_Driver/Src/stm32f1xx_hal_pcd.c ****   }
1772:Drivers/STM32F1xx_HAL_Driver/Src/stm32f1xx_hal_pcd.c ****   else
1773:Drivers/STM32F1xx_HAL_Driver/Src/stm32f1xx_hal_pcd.c ****   {
1774:Drivers/STM32F1xx_HAL_Driver/Src/stm32f1xx_hal_pcd.c ****     ep = &hpcd->OUT_ep[ep_addr & EP_ADDR_MSK];
 1938              		.loc 1 1774 32
 1939 0032 FB78     		ldrb	r3, [r7, #3]	@ zero_extendqisi2
 1940 0034 03F00702 		and	r2, r3, #7
 1941              		.loc 1 1774 8
 1942 0038 1346     		mov	r3, r2
 1943 003a 9B00     		lsls	r3, r3, #2
 1944 003c 1344     		add	r3, r3, r2
 1945 003e DB00     		lsls	r3, r3, #3
 1946 0040 03F5A873 		add	r3, r3, #336
 1947 0044 7A68     		ldr	r2, [r7, #4]
 1948 0046 1344     		add	r3, r3, r2
 1949 0048 FB60     		str	r3, [r7, #12]
1775:Drivers/STM32F1xx_HAL_Driver/Src/stm32f1xx_hal_pcd.c ****     ep->is_in = 0U;
 1950              		.loc 1 1775 15
 1951 004a FB68     		ldr	r3, [r7, #12]
 1952 004c 0022     		movs	r2, #0
 1953 004e 5A70     		strb	r2, [r3, #1]
 1954              	.L71:
1776:Drivers/STM32F1xx_HAL_Driver/Src/stm32f1xx_hal_pcd.c ****   }
1777:Drivers/STM32F1xx_HAL_Driver/Src/stm32f1xx_hal_pcd.c ****   ep->num = ep_addr & EP_ADDR_MSK;
 1955              		.loc 1 1777 21
 1956 0050 FB78     		ldrb	r3, [r7, #3]
 1957 0052 03F00703 		and	r3, r3, #7
 1958 0056 DAB2     		uxtb	r2, r3
 1959              		.loc 1 1777 11
 1960 0058 FB68     		ldr	r3, [r7, #12]
 1961 005a 1A70     		strb	r2, [r3]
1778:Drivers/STM32F1xx_HAL_Driver/Src/stm32f1xx_hal_pcd.c **** 
1779:Drivers/STM32F1xx_HAL_Driver/Src/stm32f1xx_hal_pcd.c ****   __HAL_LOCK(hpcd);
 1962              		.loc 1 1779 3
 1963 005c 7B68     		ldr	r3, [r7, #4]
ARM GAS  /var/folders/xf/tcndk8390ml5xdpfw93qkhpm0000gn/T//cceFQQPk.s 			page 66


 1964 005e 93F89032 		ldrb	r3, [r3, #656]	@ zero_extendqisi2
 1965 0062 012B     		cmp	r3, #1
 1966 0064 01D1     		bne	.L72
 1967              		.loc 1 1779 3 is_stmt 0 discriminator 1
 1968 0066 0223     		movs	r3, #2
 1969 0068 0EE0     		b	.L73
 1970              	.L72:
 1971              		.loc 1 1779 3 discriminator 2
 1972 006a 7B68     		ldr	r3, [r7, #4]
 1973 006c 0122     		movs	r2, #1
 1974 006e 83F89022 		strb	r2, [r3, #656]
1780:Drivers/STM32F1xx_HAL_Driver/Src/stm32f1xx_hal_pcd.c ****   (void)USB_DeactivateEndpoint(hpcd->Instance, ep);
 1975              		.loc 1 1780 36 is_stmt 1 discriminator 2
 1976 0072 7B68     		ldr	r3, [r7, #4]
 1977 0074 1B68     		ldr	r3, [r3]
 1978              		.loc 1 1780 9 discriminator 2
 1979 0076 F968     		ldr	r1, [r7, #12]
 1980 0078 1846     		mov	r0, r3
 1981 007a FFF7FEFF 		bl	USB_DeactivateEndpoint
1781:Drivers/STM32F1xx_HAL_Driver/Src/stm32f1xx_hal_pcd.c ****   __HAL_UNLOCK(hpcd);
 1982              		.loc 1 1781 3 discriminator 2
 1983 007e 7B68     		ldr	r3, [r7, #4]
 1984 0080 0022     		movs	r2, #0
 1985 0082 83F89022 		strb	r2, [r3, #656]
1782:Drivers/STM32F1xx_HAL_Driver/Src/stm32f1xx_hal_pcd.c ****   return HAL_OK;
 1986              		.loc 1 1782 10 discriminator 2
 1987 0086 0023     		movs	r3, #0
 1988              	.L73:
1783:Drivers/STM32F1xx_HAL_Driver/Src/stm32f1xx_hal_pcd.c **** }
 1989              		.loc 1 1783 1
 1990 0088 1846     		mov	r0, r3
 1991 008a 1037     		adds	r7, r7, #16
 1992              	.LCFI132:
 1993              		.cfi_def_cfa_offset 8
 1994 008c BD46     		mov	sp, r7
 1995              	.LCFI133:
 1996              		.cfi_def_cfa_register 13
 1997              		@ sp needed
 1998 008e 80BD     		pop	{r7, pc}
 1999              		.cfi_endproc
 2000              	.LFE88:
 2002              		.section	.text.HAL_PCD_EP_Receive,"ax",%progbits
 2003              		.align	1
 2004              		.global	HAL_PCD_EP_Receive
 2005              		.syntax unified
 2006              		.thumb
 2007              		.thumb_func
 2009              	HAL_PCD_EP_Receive:
 2010              	.LFB89:
1784:Drivers/STM32F1xx_HAL_Driver/Src/stm32f1xx_hal_pcd.c **** 
1785:Drivers/STM32F1xx_HAL_Driver/Src/stm32f1xx_hal_pcd.c **** 
1786:Drivers/STM32F1xx_HAL_Driver/Src/stm32f1xx_hal_pcd.c **** /**
1787:Drivers/STM32F1xx_HAL_Driver/Src/stm32f1xx_hal_pcd.c ****   * @brief  Receive an amount of data.
1788:Drivers/STM32F1xx_HAL_Driver/Src/stm32f1xx_hal_pcd.c ****   * @param  hpcd PCD handle
1789:Drivers/STM32F1xx_HAL_Driver/Src/stm32f1xx_hal_pcd.c ****   * @param  ep_addr endpoint address
1790:Drivers/STM32F1xx_HAL_Driver/Src/stm32f1xx_hal_pcd.c ****   * @param  pBuf pointer to the reception buffer
1791:Drivers/STM32F1xx_HAL_Driver/Src/stm32f1xx_hal_pcd.c ****   * @param  len amount of data to be received
ARM GAS  /var/folders/xf/tcndk8390ml5xdpfw93qkhpm0000gn/T//cceFQQPk.s 			page 67


1792:Drivers/STM32F1xx_HAL_Driver/Src/stm32f1xx_hal_pcd.c ****   * @retval HAL status
1793:Drivers/STM32F1xx_HAL_Driver/Src/stm32f1xx_hal_pcd.c ****   */
1794:Drivers/STM32F1xx_HAL_Driver/Src/stm32f1xx_hal_pcd.c **** HAL_StatusTypeDef HAL_PCD_EP_Receive(PCD_HandleTypeDef *hpcd, uint8_t ep_addr, uint8_t *pBuf, uint3
1795:Drivers/STM32F1xx_HAL_Driver/Src/stm32f1xx_hal_pcd.c **** {
 2011              		.loc 1 1795 1
 2012              		.cfi_startproc
 2013              		@ args = 0, pretend = 0, frame = 24
 2014              		@ frame_needed = 1, uses_anonymous_args = 0
 2015 0000 80B5     		push	{r7, lr}
 2016              	.LCFI134:
 2017              		.cfi_def_cfa_offset 8
 2018              		.cfi_offset 7, -8
 2019              		.cfi_offset 14, -4
 2020 0002 86B0     		sub	sp, sp, #24
 2021              	.LCFI135:
 2022              		.cfi_def_cfa_offset 32
 2023 0004 00AF     		add	r7, sp, #0
 2024              	.LCFI136:
 2025              		.cfi_def_cfa_register 7
 2026 0006 F860     		str	r0, [r7, #12]
 2027 0008 7A60     		str	r2, [r7, #4]
 2028 000a 3B60     		str	r3, [r7]
 2029 000c 0B46     		mov	r3, r1
 2030 000e FB72     		strb	r3, [r7, #11]
1796:Drivers/STM32F1xx_HAL_Driver/Src/stm32f1xx_hal_pcd.c ****   PCD_EPTypeDef *ep;
1797:Drivers/STM32F1xx_HAL_Driver/Src/stm32f1xx_hal_pcd.c **** 
1798:Drivers/STM32F1xx_HAL_Driver/Src/stm32f1xx_hal_pcd.c ****   ep = &hpcd->OUT_ep[ep_addr & EP_ADDR_MSK];
 2031              		.loc 1 1798 30
 2032 0010 FB7A     		ldrb	r3, [r7, #11]	@ zero_extendqisi2
 2033 0012 03F00702 		and	r2, r3, #7
 2034              		.loc 1 1798 6
 2035 0016 1346     		mov	r3, r2
 2036 0018 9B00     		lsls	r3, r3, #2
 2037 001a 1344     		add	r3, r3, r2
 2038 001c DB00     		lsls	r3, r3, #3
 2039 001e 03F5A873 		add	r3, r3, #336
 2040 0022 FA68     		ldr	r2, [r7, #12]
 2041 0024 1344     		add	r3, r3, r2
 2042 0026 7B61     		str	r3, [r7, #20]
1799:Drivers/STM32F1xx_HAL_Driver/Src/stm32f1xx_hal_pcd.c **** 
1800:Drivers/STM32F1xx_HAL_Driver/Src/stm32f1xx_hal_pcd.c ****   /*setup and start the Xfer */
1801:Drivers/STM32F1xx_HAL_Driver/Src/stm32f1xx_hal_pcd.c ****   ep->xfer_buff = pBuf;
 2043              		.loc 1 1801 17
 2044 0028 7B69     		ldr	r3, [r7, #20]
 2045 002a 7A68     		ldr	r2, [r7, #4]
 2046 002c 5A61     		str	r2, [r3, #20]
1802:Drivers/STM32F1xx_HAL_Driver/Src/stm32f1xx_hal_pcd.c ****   ep->xfer_len = len;
 2047              		.loc 1 1802 16
 2048 002e 7B69     		ldr	r3, [r7, #20]
 2049 0030 3A68     		ldr	r2, [r7]
 2050 0032 9A61     		str	r2, [r3, #24]
1803:Drivers/STM32F1xx_HAL_Driver/Src/stm32f1xx_hal_pcd.c ****   ep->xfer_count = 0U;
 2051              		.loc 1 1803 18
 2052 0034 7B69     		ldr	r3, [r7, #20]
 2053 0036 0022     		movs	r2, #0
 2054 0038 DA61     		str	r2, [r3, #28]
1804:Drivers/STM32F1xx_HAL_Driver/Src/stm32f1xx_hal_pcd.c ****   ep->is_in = 0U;
ARM GAS  /var/folders/xf/tcndk8390ml5xdpfw93qkhpm0000gn/T//cceFQQPk.s 			page 68


 2055              		.loc 1 1804 13
 2056 003a 7B69     		ldr	r3, [r7, #20]
 2057 003c 0022     		movs	r2, #0
 2058 003e 5A70     		strb	r2, [r3, #1]
1805:Drivers/STM32F1xx_HAL_Driver/Src/stm32f1xx_hal_pcd.c ****   ep->num = ep_addr & EP_ADDR_MSK;
 2059              		.loc 1 1805 21
 2060 0040 FB7A     		ldrb	r3, [r7, #11]
 2061 0042 03F00703 		and	r3, r3, #7
 2062 0046 DAB2     		uxtb	r2, r3
 2063              		.loc 1 1805 11
 2064 0048 7B69     		ldr	r3, [r7, #20]
 2065 004a 1A70     		strb	r2, [r3]
1806:Drivers/STM32F1xx_HAL_Driver/Src/stm32f1xx_hal_pcd.c **** 
1807:Drivers/STM32F1xx_HAL_Driver/Src/stm32f1xx_hal_pcd.c ****   (void)USB_EPStartXfer(hpcd->Instance, ep);
 2066              		.loc 1 1807 29
 2067 004c FB68     		ldr	r3, [r7, #12]
 2068 004e 1B68     		ldr	r3, [r3]
 2069              		.loc 1 1807 9
 2070 0050 7969     		ldr	r1, [r7, #20]
 2071 0052 1846     		mov	r0, r3
 2072 0054 FFF7FEFF 		bl	USB_EPStartXfer
1808:Drivers/STM32F1xx_HAL_Driver/Src/stm32f1xx_hal_pcd.c **** 
1809:Drivers/STM32F1xx_HAL_Driver/Src/stm32f1xx_hal_pcd.c ****   return HAL_OK;
 2073              		.loc 1 1809 10
 2074 0058 0023     		movs	r3, #0
1810:Drivers/STM32F1xx_HAL_Driver/Src/stm32f1xx_hal_pcd.c **** }
 2075              		.loc 1 1810 1
 2076 005a 1846     		mov	r0, r3
 2077 005c 1837     		adds	r7, r7, #24
 2078              	.LCFI137:
 2079              		.cfi_def_cfa_offset 8
 2080 005e BD46     		mov	sp, r7
 2081              	.LCFI138:
 2082              		.cfi_def_cfa_register 13
 2083              		@ sp needed
 2084 0060 80BD     		pop	{r7, pc}
 2085              		.cfi_endproc
 2086              	.LFE89:
 2088              		.section	.text.HAL_PCD_EP_GetRxCount,"ax",%progbits
 2089              		.align	1
 2090              		.global	HAL_PCD_EP_GetRxCount
 2091              		.syntax unified
 2092              		.thumb
 2093              		.thumb_func
 2095              	HAL_PCD_EP_GetRxCount:
 2096              	.LFB90:
1811:Drivers/STM32F1xx_HAL_Driver/Src/stm32f1xx_hal_pcd.c **** 
1812:Drivers/STM32F1xx_HAL_Driver/Src/stm32f1xx_hal_pcd.c **** /**
1813:Drivers/STM32F1xx_HAL_Driver/Src/stm32f1xx_hal_pcd.c ****   * @brief  Get Received Data Size
1814:Drivers/STM32F1xx_HAL_Driver/Src/stm32f1xx_hal_pcd.c ****   * @param  hpcd PCD handle
1815:Drivers/STM32F1xx_HAL_Driver/Src/stm32f1xx_hal_pcd.c ****   * @param  ep_addr endpoint address
1816:Drivers/STM32F1xx_HAL_Driver/Src/stm32f1xx_hal_pcd.c ****   * @retval Data Size
1817:Drivers/STM32F1xx_HAL_Driver/Src/stm32f1xx_hal_pcd.c ****   */
1818:Drivers/STM32F1xx_HAL_Driver/Src/stm32f1xx_hal_pcd.c **** uint32_t HAL_PCD_EP_GetRxCount(PCD_HandleTypeDef const *hpcd, uint8_t ep_addr)
1819:Drivers/STM32F1xx_HAL_Driver/Src/stm32f1xx_hal_pcd.c **** {
 2097              		.loc 1 1819 1
 2098              		.cfi_startproc
ARM GAS  /var/folders/xf/tcndk8390ml5xdpfw93qkhpm0000gn/T//cceFQQPk.s 			page 69


 2099              		@ args = 0, pretend = 0, frame = 8
 2100              		@ frame_needed = 1, uses_anonymous_args = 0
 2101              		@ link register save eliminated.
 2102 0000 80B4     		push	{r7}
 2103              	.LCFI139:
 2104              		.cfi_def_cfa_offset 4
 2105              		.cfi_offset 7, -4
 2106 0002 83B0     		sub	sp, sp, #12
 2107              	.LCFI140:
 2108              		.cfi_def_cfa_offset 16
 2109 0004 00AF     		add	r7, sp, #0
 2110              	.LCFI141:
 2111              		.cfi_def_cfa_register 7
 2112 0006 7860     		str	r0, [r7, #4]
 2113 0008 0B46     		mov	r3, r1
 2114 000a FB70     		strb	r3, [r7, #3]
1820:Drivers/STM32F1xx_HAL_Driver/Src/stm32f1xx_hal_pcd.c ****   return hpcd->OUT_ep[ep_addr & EP_ADDR_MSK].xfer_count;
 2115              		.loc 1 1820 31
 2116 000c FB78     		ldrb	r3, [r7, #3]	@ zero_extendqisi2
 2117 000e 03F00702 		and	r2, r3, #7
 2118              		.loc 1 1820 45
 2119 0012 7968     		ldr	r1, [r7, #4]
 2120 0014 1346     		mov	r3, r2
 2121 0016 9B00     		lsls	r3, r3, #2
 2122 0018 1344     		add	r3, r3, r2
 2123 001a DB00     		lsls	r3, r3, #3
 2124 001c 0B44     		add	r3, r3, r1
 2125 001e 03F5B673 		add	r3, r3, #364
 2126 0022 1B68     		ldr	r3, [r3]
1821:Drivers/STM32F1xx_HAL_Driver/Src/stm32f1xx_hal_pcd.c **** }
 2127              		.loc 1 1821 1
 2128 0024 1846     		mov	r0, r3
 2129 0026 0C37     		adds	r7, r7, #12
 2130              	.LCFI142:
 2131              		.cfi_def_cfa_offset 4
 2132 0028 BD46     		mov	sp, r7
 2133              	.LCFI143:
 2134              		.cfi_def_cfa_register 13
 2135              		@ sp needed
 2136 002a 80BC     		pop	{r7}
 2137              	.LCFI144:
 2138              		.cfi_restore 7
 2139              		.cfi_def_cfa_offset 0
 2140 002c 7047     		bx	lr
 2141              		.cfi_endproc
 2142              	.LFE90:
 2144              		.section	.text.HAL_PCD_EP_Transmit,"ax",%progbits
 2145              		.align	1
 2146              		.global	HAL_PCD_EP_Transmit
 2147              		.syntax unified
 2148              		.thumb
 2149              		.thumb_func
 2151              	HAL_PCD_EP_Transmit:
 2152              	.LFB91:
1822:Drivers/STM32F1xx_HAL_Driver/Src/stm32f1xx_hal_pcd.c **** /**
1823:Drivers/STM32F1xx_HAL_Driver/Src/stm32f1xx_hal_pcd.c ****   * @brief  Send an amount of data
1824:Drivers/STM32F1xx_HAL_Driver/Src/stm32f1xx_hal_pcd.c ****   * @param  hpcd PCD handle
ARM GAS  /var/folders/xf/tcndk8390ml5xdpfw93qkhpm0000gn/T//cceFQQPk.s 			page 70


1825:Drivers/STM32F1xx_HAL_Driver/Src/stm32f1xx_hal_pcd.c ****   * @param  ep_addr endpoint address
1826:Drivers/STM32F1xx_HAL_Driver/Src/stm32f1xx_hal_pcd.c ****   * @param  pBuf pointer to the transmission buffer
1827:Drivers/STM32F1xx_HAL_Driver/Src/stm32f1xx_hal_pcd.c ****   * @param  len amount of data to be sent
1828:Drivers/STM32F1xx_HAL_Driver/Src/stm32f1xx_hal_pcd.c ****   * @retval HAL status
1829:Drivers/STM32F1xx_HAL_Driver/Src/stm32f1xx_hal_pcd.c ****   */
1830:Drivers/STM32F1xx_HAL_Driver/Src/stm32f1xx_hal_pcd.c **** HAL_StatusTypeDef HAL_PCD_EP_Transmit(PCD_HandleTypeDef *hpcd, uint8_t ep_addr, uint8_t *pBuf, uint
1831:Drivers/STM32F1xx_HAL_Driver/Src/stm32f1xx_hal_pcd.c **** {
 2153              		.loc 1 1831 1
 2154              		.cfi_startproc
 2155              		@ args = 0, pretend = 0, frame = 24
 2156              		@ frame_needed = 1, uses_anonymous_args = 0
 2157 0000 80B5     		push	{r7, lr}
 2158              	.LCFI145:
 2159              		.cfi_def_cfa_offset 8
 2160              		.cfi_offset 7, -8
 2161              		.cfi_offset 14, -4
 2162 0002 86B0     		sub	sp, sp, #24
 2163              	.LCFI146:
 2164              		.cfi_def_cfa_offset 32
 2165 0004 00AF     		add	r7, sp, #0
 2166              	.LCFI147:
 2167              		.cfi_def_cfa_register 7
 2168 0006 F860     		str	r0, [r7, #12]
 2169 0008 7A60     		str	r2, [r7, #4]
 2170 000a 3B60     		str	r3, [r7]
 2171 000c 0B46     		mov	r3, r1
 2172 000e FB72     		strb	r3, [r7, #11]
1832:Drivers/STM32F1xx_HAL_Driver/Src/stm32f1xx_hal_pcd.c ****   PCD_EPTypeDef *ep;
1833:Drivers/STM32F1xx_HAL_Driver/Src/stm32f1xx_hal_pcd.c **** 
1834:Drivers/STM32F1xx_HAL_Driver/Src/stm32f1xx_hal_pcd.c ****   ep = &hpcd->IN_ep[ep_addr & EP_ADDR_MSK];
 2173              		.loc 1 1834 29
 2174 0010 FB7A     		ldrb	r3, [r7, #11]	@ zero_extendqisi2
 2175 0012 03F00702 		and	r2, r3, #7
 2176              		.loc 1 1834 6
 2177 0016 1346     		mov	r3, r2
 2178 0018 9B00     		lsls	r3, r3, #2
 2179 001a 1344     		add	r3, r3, r2
 2180 001c DB00     		lsls	r3, r3, #3
 2181 001e 1033     		adds	r3, r3, #16
 2182 0020 FA68     		ldr	r2, [r7, #12]
 2183 0022 1344     		add	r3, r3, r2
 2184 0024 7B61     		str	r3, [r7, #20]
1835:Drivers/STM32F1xx_HAL_Driver/Src/stm32f1xx_hal_pcd.c **** 
1836:Drivers/STM32F1xx_HAL_Driver/Src/stm32f1xx_hal_pcd.c ****   /*setup and start the Xfer */
1837:Drivers/STM32F1xx_HAL_Driver/Src/stm32f1xx_hal_pcd.c ****   ep->xfer_buff = pBuf;
 2185              		.loc 1 1837 17
 2186 0026 7B69     		ldr	r3, [r7, #20]
 2187 0028 7A68     		ldr	r2, [r7, #4]
 2188 002a 5A61     		str	r2, [r3, #20]
1838:Drivers/STM32F1xx_HAL_Driver/Src/stm32f1xx_hal_pcd.c ****   ep->xfer_len = len;
 2189              		.loc 1 1838 16
 2190 002c 7B69     		ldr	r3, [r7, #20]
 2191 002e 3A68     		ldr	r2, [r7]
 2192 0030 9A61     		str	r2, [r3, #24]
1839:Drivers/STM32F1xx_HAL_Driver/Src/stm32f1xx_hal_pcd.c **** #if defined (USB)
1840:Drivers/STM32F1xx_HAL_Driver/Src/stm32f1xx_hal_pcd.c ****   ep->xfer_fill_db = 1U;
 2193              		.loc 1 1840 20
ARM GAS  /var/folders/xf/tcndk8390ml5xdpfw93qkhpm0000gn/T//cceFQQPk.s 			page 71


 2194 0032 7B69     		ldr	r3, [r7, #20]
 2195 0034 0122     		movs	r2, #1
 2196 0036 83F82420 		strb	r2, [r3, #36]
1841:Drivers/STM32F1xx_HAL_Driver/Src/stm32f1xx_hal_pcd.c ****   ep->xfer_len_db = len;
 2197              		.loc 1 1841 19
 2198 003a 7B69     		ldr	r3, [r7, #20]
 2199 003c 3A68     		ldr	r2, [r7]
 2200 003e 1A62     		str	r2, [r3, #32]
1842:Drivers/STM32F1xx_HAL_Driver/Src/stm32f1xx_hal_pcd.c **** #endif /* defined (USB) */
1843:Drivers/STM32F1xx_HAL_Driver/Src/stm32f1xx_hal_pcd.c ****   ep->xfer_count = 0U;
 2201              		.loc 1 1843 18
 2202 0040 7B69     		ldr	r3, [r7, #20]
 2203 0042 0022     		movs	r2, #0
 2204 0044 DA61     		str	r2, [r3, #28]
1844:Drivers/STM32F1xx_HAL_Driver/Src/stm32f1xx_hal_pcd.c ****   ep->is_in = 1U;
 2205              		.loc 1 1844 13
 2206 0046 7B69     		ldr	r3, [r7, #20]
 2207 0048 0122     		movs	r2, #1
 2208 004a 5A70     		strb	r2, [r3, #1]
1845:Drivers/STM32F1xx_HAL_Driver/Src/stm32f1xx_hal_pcd.c ****   ep->num = ep_addr & EP_ADDR_MSK;
 2209              		.loc 1 1845 21
 2210 004c FB7A     		ldrb	r3, [r7, #11]
 2211 004e 03F00703 		and	r3, r3, #7
 2212 0052 DAB2     		uxtb	r2, r3
 2213              		.loc 1 1845 11
 2214 0054 7B69     		ldr	r3, [r7, #20]
 2215 0056 1A70     		strb	r2, [r3]
1846:Drivers/STM32F1xx_HAL_Driver/Src/stm32f1xx_hal_pcd.c **** 
1847:Drivers/STM32F1xx_HAL_Driver/Src/stm32f1xx_hal_pcd.c ****   (void)USB_EPStartXfer(hpcd->Instance, ep);
 2216              		.loc 1 1847 29
 2217 0058 FB68     		ldr	r3, [r7, #12]
 2218 005a 1B68     		ldr	r3, [r3]
 2219              		.loc 1 1847 9
 2220 005c 7969     		ldr	r1, [r7, #20]
 2221 005e 1846     		mov	r0, r3
 2222 0060 FFF7FEFF 		bl	USB_EPStartXfer
1848:Drivers/STM32F1xx_HAL_Driver/Src/stm32f1xx_hal_pcd.c **** 
1849:Drivers/STM32F1xx_HAL_Driver/Src/stm32f1xx_hal_pcd.c ****   return HAL_OK;
 2223              		.loc 1 1849 10
 2224 0064 0023     		movs	r3, #0
1850:Drivers/STM32F1xx_HAL_Driver/Src/stm32f1xx_hal_pcd.c **** }
 2225              		.loc 1 1850 1
 2226 0066 1846     		mov	r0, r3
 2227 0068 1837     		adds	r7, r7, #24
 2228              	.LCFI148:
 2229              		.cfi_def_cfa_offset 8
 2230 006a BD46     		mov	sp, r7
 2231              	.LCFI149:
 2232              		.cfi_def_cfa_register 13
 2233              		@ sp needed
 2234 006c 80BD     		pop	{r7, pc}
 2235              		.cfi_endproc
 2236              	.LFE91:
 2238              		.section	.text.HAL_PCD_EP_SetStall,"ax",%progbits
 2239              		.align	1
 2240              		.global	HAL_PCD_EP_SetStall
 2241              		.syntax unified
ARM GAS  /var/folders/xf/tcndk8390ml5xdpfw93qkhpm0000gn/T//cceFQQPk.s 			page 72


 2242              		.thumb
 2243              		.thumb_func
 2245              	HAL_PCD_EP_SetStall:
 2246              	.LFB92:
1851:Drivers/STM32F1xx_HAL_Driver/Src/stm32f1xx_hal_pcd.c **** 
1852:Drivers/STM32F1xx_HAL_Driver/Src/stm32f1xx_hal_pcd.c **** /**
1853:Drivers/STM32F1xx_HAL_Driver/Src/stm32f1xx_hal_pcd.c ****   * @brief  Set a STALL condition over an endpoint
1854:Drivers/STM32F1xx_HAL_Driver/Src/stm32f1xx_hal_pcd.c ****   * @param  hpcd PCD handle
1855:Drivers/STM32F1xx_HAL_Driver/Src/stm32f1xx_hal_pcd.c ****   * @param  ep_addr endpoint address
1856:Drivers/STM32F1xx_HAL_Driver/Src/stm32f1xx_hal_pcd.c ****   * @retval HAL status
1857:Drivers/STM32F1xx_HAL_Driver/Src/stm32f1xx_hal_pcd.c ****   */
1858:Drivers/STM32F1xx_HAL_Driver/Src/stm32f1xx_hal_pcd.c **** HAL_StatusTypeDef HAL_PCD_EP_SetStall(PCD_HandleTypeDef *hpcd, uint8_t ep_addr)
1859:Drivers/STM32F1xx_HAL_Driver/Src/stm32f1xx_hal_pcd.c **** {
 2247              		.loc 1 1859 1
 2248              		.cfi_startproc
 2249              		@ args = 0, pretend = 0, frame = 16
 2250              		@ frame_needed = 1, uses_anonymous_args = 0
 2251 0000 80B5     		push	{r7, lr}
 2252              	.LCFI150:
 2253              		.cfi_def_cfa_offset 8
 2254              		.cfi_offset 7, -8
 2255              		.cfi_offset 14, -4
 2256 0002 84B0     		sub	sp, sp, #16
 2257              	.LCFI151:
 2258              		.cfi_def_cfa_offset 24
 2259 0004 00AF     		add	r7, sp, #0
 2260              	.LCFI152:
 2261              		.cfi_def_cfa_register 7
 2262 0006 7860     		str	r0, [r7, #4]
 2263 0008 0B46     		mov	r3, r1
 2264 000a FB70     		strb	r3, [r7, #3]
1860:Drivers/STM32F1xx_HAL_Driver/Src/stm32f1xx_hal_pcd.c ****   PCD_EPTypeDef *ep;
1861:Drivers/STM32F1xx_HAL_Driver/Src/stm32f1xx_hal_pcd.c **** 
1862:Drivers/STM32F1xx_HAL_Driver/Src/stm32f1xx_hal_pcd.c ****   if (((uint32_t)ep_addr & EP_ADDR_MSK) > hpcd->Init.dev_endpoints)
 2265              		.loc 1 1862 26
 2266 000c FB78     		ldrb	r3, [r7, #3]	@ zero_extendqisi2
 2267 000e 03F00703 		and	r3, r3, #7
 2268              		.loc 1 1862 53
 2269 0012 7A68     		ldr	r2, [r7, #4]
 2270 0014 1279     		ldrb	r2, [r2, #4]	@ zero_extendqisi2
 2271              		.loc 1 1862 6
 2272 0016 9342     		cmp	r3, r2
 2273 0018 01D9     		bls	.L81
1863:Drivers/STM32F1xx_HAL_Driver/Src/stm32f1xx_hal_pcd.c ****   {
1864:Drivers/STM32F1xx_HAL_Driver/Src/stm32f1xx_hal_pcd.c ****     return HAL_ERROR;
 2274              		.loc 1 1864 12
 2275 001a 0123     		movs	r3, #1
 2276 001c 4CE0     		b	.L82
 2277              	.L81:
1865:Drivers/STM32F1xx_HAL_Driver/Src/stm32f1xx_hal_pcd.c ****   }
1866:Drivers/STM32F1xx_HAL_Driver/Src/stm32f1xx_hal_pcd.c **** 
1867:Drivers/STM32F1xx_HAL_Driver/Src/stm32f1xx_hal_pcd.c ****   if ((0x80U & ep_addr) == 0x80U)
 2278              		.loc 1 1867 25
 2279 001e 97F90330 		ldrsb	r3, [r7, #3]
 2280              		.loc 1 1867 6
 2281 0022 002B     		cmp	r3, #0
 2282 0024 0EDA     		bge	.L83
ARM GAS  /var/folders/xf/tcndk8390ml5xdpfw93qkhpm0000gn/T//cceFQQPk.s 			page 73


1868:Drivers/STM32F1xx_HAL_Driver/Src/stm32f1xx_hal_pcd.c ****   {
1869:Drivers/STM32F1xx_HAL_Driver/Src/stm32f1xx_hal_pcd.c ****     ep = &hpcd->IN_ep[ep_addr & EP_ADDR_MSK];
 2283              		.loc 1 1869 31
 2284 0026 FB78     		ldrb	r3, [r7, #3]	@ zero_extendqisi2
 2285 0028 03F00702 		and	r2, r3, #7
 2286              		.loc 1 1869 8
 2287 002c 1346     		mov	r3, r2
 2288 002e 9B00     		lsls	r3, r3, #2
 2289 0030 1344     		add	r3, r3, r2
 2290 0032 DB00     		lsls	r3, r3, #3
 2291 0034 1033     		adds	r3, r3, #16
 2292 0036 7A68     		ldr	r2, [r7, #4]
 2293 0038 1344     		add	r3, r3, r2
 2294 003a FB60     		str	r3, [r7, #12]
1870:Drivers/STM32F1xx_HAL_Driver/Src/stm32f1xx_hal_pcd.c ****     ep->is_in = 1U;
 2295              		.loc 1 1870 15
 2296 003c FB68     		ldr	r3, [r7, #12]
 2297 003e 0122     		movs	r2, #1
 2298 0040 5A70     		strb	r2, [r3, #1]
 2299 0042 0CE0     		b	.L84
 2300              	.L83:
1871:Drivers/STM32F1xx_HAL_Driver/Src/stm32f1xx_hal_pcd.c ****   }
1872:Drivers/STM32F1xx_HAL_Driver/Src/stm32f1xx_hal_pcd.c ****   else
1873:Drivers/STM32F1xx_HAL_Driver/Src/stm32f1xx_hal_pcd.c ****   {
1874:Drivers/STM32F1xx_HAL_Driver/Src/stm32f1xx_hal_pcd.c ****     ep = &hpcd->OUT_ep[ep_addr];
 2301              		.loc 1 1874 23
 2302 0044 FA78     		ldrb	r2, [r7, #3]	@ zero_extendqisi2
 2303              		.loc 1 1874 8
 2304 0046 1346     		mov	r3, r2
 2305 0048 9B00     		lsls	r3, r3, #2
 2306 004a 1344     		add	r3, r3, r2
 2307 004c DB00     		lsls	r3, r3, #3
 2308 004e 03F5A873 		add	r3, r3, #336
 2309 0052 7A68     		ldr	r2, [r7, #4]
 2310 0054 1344     		add	r3, r3, r2
 2311 0056 FB60     		str	r3, [r7, #12]
1875:Drivers/STM32F1xx_HAL_Driver/Src/stm32f1xx_hal_pcd.c ****     ep->is_in = 0U;
 2312              		.loc 1 1875 15
 2313 0058 FB68     		ldr	r3, [r7, #12]
 2314 005a 0022     		movs	r2, #0
 2315 005c 5A70     		strb	r2, [r3, #1]
 2316              	.L84:
1876:Drivers/STM32F1xx_HAL_Driver/Src/stm32f1xx_hal_pcd.c ****   }
1877:Drivers/STM32F1xx_HAL_Driver/Src/stm32f1xx_hal_pcd.c **** 
1878:Drivers/STM32F1xx_HAL_Driver/Src/stm32f1xx_hal_pcd.c ****   ep->is_stall = 1U;
 2317              		.loc 1 1878 16
 2318 005e FB68     		ldr	r3, [r7, #12]
 2319 0060 0122     		movs	r2, #1
 2320 0062 9A70     		strb	r2, [r3, #2]
1879:Drivers/STM32F1xx_HAL_Driver/Src/stm32f1xx_hal_pcd.c ****   ep->num = ep_addr & EP_ADDR_MSK;
 2321              		.loc 1 1879 21
 2322 0064 FB78     		ldrb	r3, [r7, #3]
 2323 0066 03F00703 		and	r3, r3, #7
 2324 006a DAB2     		uxtb	r2, r3
 2325              		.loc 1 1879 11
 2326 006c FB68     		ldr	r3, [r7, #12]
 2327 006e 1A70     		strb	r2, [r3]
ARM GAS  /var/folders/xf/tcndk8390ml5xdpfw93qkhpm0000gn/T//cceFQQPk.s 			page 74


1880:Drivers/STM32F1xx_HAL_Driver/Src/stm32f1xx_hal_pcd.c **** 
1881:Drivers/STM32F1xx_HAL_Driver/Src/stm32f1xx_hal_pcd.c ****   __HAL_LOCK(hpcd);
 2328              		.loc 1 1881 3
 2329 0070 7B68     		ldr	r3, [r7, #4]
 2330 0072 93F89032 		ldrb	r3, [r3, #656]	@ zero_extendqisi2
 2331 0076 012B     		cmp	r3, #1
 2332 0078 01D1     		bne	.L85
 2333              		.loc 1 1881 3 is_stmt 0 discriminator 1
 2334 007a 0223     		movs	r3, #2
 2335 007c 1CE0     		b	.L82
 2336              	.L85:
 2337              		.loc 1 1881 3 discriminator 2
 2338 007e 7B68     		ldr	r3, [r7, #4]
 2339 0080 0122     		movs	r2, #1
 2340 0082 83F89022 		strb	r2, [r3, #656]
1882:Drivers/STM32F1xx_HAL_Driver/Src/stm32f1xx_hal_pcd.c **** 
1883:Drivers/STM32F1xx_HAL_Driver/Src/stm32f1xx_hal_pcd.c ****   (void)USB_EPSetStall(hpcd->Instance, ep);
 2341              		.loc 1 1883 28 is_stmt 1 discriminator 2
 2342 0086 7B68     		ldr	r3, [r7, #4]
 2343 0088 1B68     		ldr	r3, [r3]
 2344              		.loc 1 1883 9 discriminator 2
 2345 008a F968     		ldr	r1, [r7, #12]
 2346 008c 1846     		mov	r0, r3
 2347 008e FFF7FEFF 		bl	USB_EPSetStall
1884:Drivers/STM32F1xx_HAL_Driver/Src/stm32f1xx_hal_pcd.c **** 
1885:Drivers/STM32F1xx_HAL_Driver/Src/stm32f1xx_hal_pcd.c ****   if ((ep_addr & EP_ADDR_MSK) == 0U)
 2348              		.loc 1 1885 16 discriminator 2
 2349 0092 FB78     		ldrb	r3, [r7, #3]	@ zero_extendqisi2
 2350 0094 03F00703 		and	r3, r3, #7
 2351              		.loc 1 1885 6 discriminator 2
 2352 0098 002B     		cmp	r3, #0
 2353 009a 08D1     		bne	.L86
1886:Drivers/STM32F1xx_HAL_Driver/Src/stm32f1xx_hal_pcd.c ****   {
1887:Drivers/STM32F1xx_HAL_Driver/Src/stm32f1xx_hal_pcd.c ****     (void)USB_EP0_OutStart(hpcd->Instance, (uint8_t *)hpcd->Setup);
 2354              		.loc 1 1887 32
 2355 009c 7B68     		ldr	r3, [r7, #4]
 2356 009e 1A68     		ldr	r2, [r3]
 2357              		.loc 1 1887 55
 2358 00a0 7B68     		ldr	r3, [r7, #4]
 2359 00a2 03F52673 		add	r3, r3, #664
 2360              		.loc 1 1887 11
 2361 00a6 1946     		mov	r1, r3
 2362 00a8 1046     		mov	r0, r2
 2363 00aa FFF7FEFF 		bl	USB_EP0_OutStart
 2364              	.L86:
1888:Drivers/STM32F1xx_HAL_Driver/Src/stm32f1xx_hal_pcd.c ****   }
1889:Drivers/STM32F1xx_HAL_Driver/Src/stm32f1xx_hal_pcd.c **** 
1890:Drivers/STM32F1xx_HAL_Driver/Src/stm32f1xx_hal_pcd.c ****   __HAL_UNLOCK(hpcd);
 2365              		.loc 1 1890 3
 2366 00ae 7B68     		ldr	r3, [r7, #4]
 2367 00b0 0022     		movs	r2, #0
 2368 00b2 83F89022 		strb	r2, [r3, #656]
1891:Drivers/STM32F1xx_HAL_Driver/Src/stm32f1xx_hal_pcd.c **** 
1892:Drivers/STM32F1xx_HAL_Driver/Src/stm32f1xx_hal_pcd.c ****   return HAL_OK;
 2369              		.loc 1 1892 10
 2370 00b6 0023     		movs	r3, #0
 2371              	.L82:
ARM GAS  /var/folders/xf/tcndk8390ml5xdpfw93qkhpm0000gn/T//cceFQQPk.s 			page 75


1893:Drivers/STM32F1xx_HAL_Driver/Src/stm32f1xx_hal_pcd.c **** }
 2372              		.loc 1 1893 1
 2373 00b8 1846     		mov	r0, r3
 2374 00ba 1037     		adds	r7, r7, #16
 2375              	.LCFI153:
 2376              		.cfi_def_cfa_offset 8
 2377 00bc BD46     		mov	sp, r7
 2378              	.LCFI154:
 2379              		.cfi_def_cfa_register 13
 2380              		@ sp needed
 2381 00be 80BD     		pop	{r7, pc}
 2382              		.cfi_endproc
 2383              	.LFE92:
 2385              		.section	.text.HAL_PCD_EP_ClrStall,"ax",%progbits
 2386              		.align	1
 2387              		.global	HAL_PCD_EP_ClrStall
 2388              		.syntax unified
 2389              		.thumb
 2390              		.thumb_func
 2392              	HAL_PCD_EP_ClrStall:
 2393              	.LFB93:
1894:Drivers/STM32F1xx_HAL_Driver/Src/stm32f1xx_hal_pcd.c **** 
1895:Drivers/STM32F1xx_HAL_Driver/Src/stm32f1xx_hal_pcd.c **** /**
1896:Drivers/STM32F1xx_HAL_Driver/Src/stm32f1xx_hal_pcd.c ****   * @brief  Clear a STALL condition over in an endpoint
1897:Drivers/STM32F1xx_HAL_Driver/Src/stm32f1xx_hal_pcd.c ****   * @param  hpcd PCD handle
1898:Drivers/STM32F1xx_HAL_Driver/Src/stm32f1xx_hal_pcd.c ****   * @param  ep_addr endpoint address
1899:Drivers/STM32F1xx_HAL_Driver/Src/stm32f1xx_hal_pcd.c ****   * @retval HAL status
1900:Drivers/STM32F1xx_HAL_Driver/Src/stm32f1xx_hal_pcd.c ****   */
1901:Drivers/STM32F1xx_HAL_Driver/Src/stm32f1xx_hal_pcd.c **** HAL_StatusTypeDef HAL_PCD_EP_ClrStall(PCD_HandleTypeDef *hpcd, uint8_t ep_addr)
1902:Drivers/STM32F1xx_HAL_Driver/Src/stm32f1xx_hal_pcd.c **** {
 2394              		.loc 1 1902 1
 2395              		.cfi_startproc
 2396              		@ args = 0, pretend = 0, frame = 16
 2397              		@ frame_needed = 1, uses_anonymous_args = 0
 2398 0000 80B5     		push	{r7, lr}
 2399              	.LCFI155:
 2400              		.cfi_def_cfa_offset 8
 2401              		.cfi_offset 7, -8
 2402              		.cfi_offset 14, -4
 2403 0002 84B0     		sub	sp, sp, #16
 2404              	.LCFI156:
 2405              		.cfi_def_cfa_offset 24
 2406 0004 00AF     		add	r7, sp, #0
 2407              	.LCFI157:
 2408              		.cfi_def_cfa_register 7
 2409 0006 7860     		str	r0, [r7, #4]
 2410 0008 0B46     		mov	r3, r1
 2411 000a FB70     		strb	r3, [r7, #3]
1903:Drivers/STM32F1xx_HAL_Driver/Src/stm32f1xx_hal_pcd.c ****   PCD_EPTypeDef *ep;
1904:Drivers/STM32F1xx_HAL_Driver/Src/stm32f1xx_hal_pcd.c **** 
1905:Drivers/STM32F1xx_HAL_Driver/Src/stm32f1xx_hal_pcd.c ****   if (((uint32_t)ep_addr & 0x0FU) > hpcd->Init.dev_endpoints)
 2412              		.loc 1 1905 26
 2413 000c FB78     		ldrb	r3, [r7, #3]	@ zero_extendqisi2
 2414 000e 03F00F03 		and	r3, r3, #15
 2415              		.loc 1 1905 47
 2416 0012 7A68     		ldr	r2, [r7, #4]
 2417 0014 1279     		ldrb	r2, [r2, #4]	@ zero_extendqisi2
ARM GAS  /var/folders/xf/tcndk8390ml5xdpfw93qkhpm0000gn/T//cceFQQPk.s 			page 76


 2418              		.loc 1 1905 6
 2419 0016 9342     		cmp	r3, r2
 2420 0018 01D9     		bls	.L88
1906:Drivers/STM32F1xx_HAL_Driver/Src/stm32f1xx_hal_pcd.c ****   {
1907:Drivers/STM32F1xx_HAL_Driver/Src/stm32f1xx_hal_pcd.c ****     return HAL_ERROR;
 2421              		.loc 1 1907 12
 2422 001a 0123     		movs	r3, #1
 2423 001c 40E0     		b	.L89
 2424              	.L88:
1908:Drivers/STM32F1xx_HAL_Driver/Src/stm32f1xx_hal_pcd.c ****   }
1909:Drivers/STM32F1xx_HAL_Driver/Src/stm32f1xx_hal_pcd.c **** 
1910:Drivers/STM32F1xx_HAL_Driver/Src/stm32f1xx_hal_pcd.c ****   if ((0x80U & ep_addr) == 0x80U)
 2425              		.loc 1 1910 25
 2426 001e 97F90330 		ldrsb	r3, [r7, #3]
 2427              		.loc 1 1910 6
 2428 0022 002B     		cmp	r3, #0
 2429 0024 0EDA     		bge	.L90
1911:Drivers/STM32F1xx_HAL_Driver/Src/stm32f1xx_hal_pcd.c ****   {
1912:Drivers/STM32F1xx_HAL_Driver/Src/stm32f1xx_hal_pcd.c ****     ep = &hpcd->IN_ep[ep_addr & EP_ADDR_MSK];
 2430              		.loc 1 1912 31
 2431 0026 FB78     		ldrb	r3, [r7, #3]	@ zero_extendqisi2
 2432 0028 03F00702 		and	r2, r3, #7
 2433              		.loc 1 1912 8
 2434 002c 1346     		mov	r3, r2
 2435 002e 9B00     		lsls	r3, r3, #2
 2436 0030 1344     		add	r3, r3, r2
 2437 0032 DB00     		lsls	r3, r3, #3
 2438 0034 1033     		adds	r3, r3, #16
 2439 0036 7A68     		ldr	r2, [r7, #4]
 2440 0038 1344     		add	r3, r3, r2
 2441 003a FB60     		str	r3, [r7, #12]
1913:Drivers/STM32F1xx_HAL_Driver/Src/stm32f1xx_hal_pcd.c ****     ep->is_in = 1U;
 2442              		.loc 1 1913 15
 2443 003c FB68     		ldr	r3, [r7, #12]
 2444 003e 0122     		movs	r2, #1
 2445 0040 5A70     		strb	r2, [r3, #1]
 2446 0042 0EE0     		b	.L91
 2447              	.L90:
1914:Drivers/STM32F1xx_HAL_Driver/Src/stm32f1xx_hal_pcd.c ****   }
1915:Drivers/STM32F1xx_HAL_Driver/Src/stm32f1xx_hal_pcd.c ****   else
1916:Drivers/STM32F1xx_HAL_Driver/Src/stm32f1xx_hal_pcd.c ****   {
1917:Drivers/STM32F1xx_HAL_Driver/Src/stm32f1xx_hal_pcd.c ****     ep = &hpcd->OUT_ep[ep_addr & EP_ADDR_MSK];
 2448              		.loc 1 1917 32
 2449 0044 FB78     		ldrb	r3, [r7, #3]	@ zero_extendqisi2
 2450 0046 03F00702 		and	r2, r3, #7
 2451              		.loc 1 1917 8
 2452 004a 1346     		mov	r3, r2
 2453 004c 9B00     		lsls	r3, r3, #2
 2454 004e 1344     		add	r3, r3, r2
 2455 0050 DB00     		lsls	r3, r3, #3
 2456 0052 03F5A873 		add	r3, r3, #336
 2457 0056 7A68     		ldr	r2, [r7, #4]
 2458 0058 1344     		add	r3, r3, r2
 2459 005a FB60     		str	r3, [r7, #12]
1918:Drivers/STM32F1xx_HAL_Driver/Src/stm32f1xx_hal_pcd.c ****     ep->is_in = 0U;
 2460              		.loc 1 1918 15
 2461 005c FB68     		ldr	r3, [r7, #12]
ARM GAS  /var/folders/xf/tcndk8390ml5xdpfw93qkhpm0000gn/T//cceFQQPk.s 			page 77


 2462 005e 0022     		movs	r2, #0
 2463 0060 5A70     		strb	r2, [r3, #1]
 2464              	.L91:
1919:Drivers/STM32F1xx_HAL_Driver/Src/stm32f1xx_hal_pcd.c ****   }
1920:Drivers/STM32F1xx_HAL_Driver/Src/stm32f1xx_hal_pcd.c **** 
1921:Drivers/STM32F1xx_HAL_Driver/Src/stm32f1xx_hal_pcd.c ****   ep->is_stall = 0U;
 2465              		.loc 1 1921 16
 2466 0062 FB68     		ldr	r3, [r7, #12]
 2467 0064 0022     		movs	r2, #0
 2468 0066 9A70     		strb	r2, [r3, #2]
1922:Drivers/STM32F1xx_HAL_Driver/Src/stm32f1xx_hal_pcd.c ****   ep->num = ep_addr & EP_ADDR_MSK;
 2469              		.loc 1 1922 21
 2470 0068 FB78     		ldrb	r3, [r7, #3]
 2471 006a 03F00703 		and	r3, r3, #7
 2472 006e DAB2     		uxtb	r2, r3
 2473              		.loc 1 1922 11
 2474 0070 FB68     		ldr	r3, [r7, #12]
 2475 0072 1A70     		strb	r2, [r3]
1923:Drivers/STM32F1xx_HAL_Driver/Src/stm32f1xx_hal_pcd.c **** 
1924:Drivers/STM32F1xx_HAL_Driver/Src/stm32f1xx_hal_pcd.c ****   __HAL_LOCK(hpcd);
 2476              		.loc 1 1924 3
 2477 0074 7B68     		ldr	r3, [r7, #4]
 2478 0076 93F89032 		ldrb	r3, [r3, #656]	@ zero_extendqisi2
 2479 007a 012B     		cmp	r3, #1
 2480 007c 01D1     		bne	.L92
 2481              		.loc 1 1924 3 is_stmt 0 discriminator 1
 2482 007e 0223     		movs	r3, #2
 2483 0080 0EE0     		b	.L89
 2484              	.L92:
 2485              		.loc 1 1924 3 discriminator 2
 2486 0082 7B68     		ldr	r3, [r7, #4]
 2487 0084 0122     		movs	r2, #1
 2488 0086 83F89022 		strb	r2, [r3, #656]
1925:Drivers/STM32F1xx_HAL_Driver/Src/stm32f1xx_hal_pcd.c ****   (void)USB_EPClearStall(hpcd->Instance, ep);
 2489              		.loc 1 1925 30 is_stmt 1 discriminator 2
 2490 008a 7B68     		ldr	r3, [r7, #4]
 2491 008c 1B68     		ldr	r3, [r3]
 2492              		.loc 1 1925 9 discriminator 2
 2493 008e F968     		ldr	r1, [r7, #12]
 2494 0090 1846     		mov	r0, r3
 2495 0092 FFF7FEFF 		bl	USB_EPClearStall
1926:Drivers/STM32F1xx_HAL_Driver/Src/stm32f1xx_hal_pcd.c ****   __HAL_UNLOCK(hpcd);
 2496              		.loc 1 1926 3 discriminator 2
 2497 0096 7B68     		ldr	r3, [r7, #4]
 2498 0098 0022     		movs	r2, #0
 2499 009a 83F89022 		strb	r2, [r3, #656]
1927:Drivers/STM32F1xx_HAL_Driver/Src/stm32f1xx_hal_pcd.c **** 
1928:Drivers/STM32F1xx_HAL_Driver/Src/stm32f1xx_hal_pcd.c ****   return HAL_OK;
 2500              		.loc 1 1928 10 discriminator 2
 2501 009e 0023     		movs	r3, #0
 2502              	.L89:
1929:Drivers/STM32F1xx_HAL_Driver/Src/stm32f1xx_hal_pcd.c **** }
 2503              		.loc 1 1929 1
 2504 00a0 1846     		mov	r0, r3
 2505 00a2 1037     		adds	r7, r7, #16
 2506              	.LCFI158:
 2507              		.cfi_def_cfa_offset 8
ARM GAS  /var/folders/xf/tcndk8390ml5xdpfw93qkhpm0000gn/T//cceFQQPk.s 			page 78


 2508 00a4 BD46     		mov	sp, r7
 2509              	.LCFI159:
 2510              		.cfi_def_cfa_register 13
 2511              		@ sp needed
 2512 00a6 80BD     		pop	{r7, pc}
 2513              		.cfi_endproc
 2514              	.LFE93:
 2516              		.section	.text.HAL_PCD_EP_Abort,"ax",%progbits
 2517              		.align	1
 2518              		.global	HAL_PCD_EP_Abort
 2519              		.syntax unified
 2520              		.thumb
 2521              		.thumb_func
 2523              	HAL_PCD_EP_Abort:
 2524              	.LFB94:
1930:Drivers/STM32F1xx_HAL_Driver/Src/stm32f1xx_hal_pcd.c **** 
1931:Drivers/STM32F1xx_HAL_Driver/Src/stm32f1xx_hal_pcd.c **** /**
1932:Drivers/STM32F1xx_HAL_Driver/Src/stm32f1xx_hal_pcd.c ****    * @brief  Abort an USB EP transaction.
1933:Drivers/STM32F1xx_HAL_Driver/Src/stm32f1xx_hal_pcd.c ****    * @param  hpcd PCD handle
1934:Drivers/STM32F1xx_HAL_Driver/Src/stm32f1xx_hal_pcd.c ****    * @param  ep_addr endpoint address
1935:Drivers/STM32F1xx_HAL_Driver/Src/stm32f1xx_hal_pcd.c ****    * @retval HAL status
1936:Drivers/STM32F1xx_HAL_Driver/Src/stm32f1xx_hal_pcd.c ****    */
1937:Drivers/STM32F1xx_HAL_Driver/Src/stm32f1xx_hal_pcd.c **** HAL_StatusTypeDef HAL_PCD_EP_Abort(PCD_HandleTypeDef *hpcd, uint8_t ep_addr)
1938:Drivers/STM32F1xx_HAL_Driver/Src/stm32f1xx_hal_pcd.c **** {
 2525              		.loc 1 1938 1
 2526              		.cfi_startproc
 2527              		@ args = 0, pretend = 0, frame = 16
 2528              		@ frame_needed = 1, uses_anonymous_args = 0
 2529 0000 80B5     		push	{r7, lr}
 2530              	.LCFI160:
 2531              		.cfi_def_cfa_offset 8
 2532              		.cfi_offset 7, -8
 2533              		.cfi_offset 14, -4
 2534 0002 84B0     		sub	sp, sp, #16
 2535              	.LCFI161:
 2536              		.cfi_def_cfa_offset 24
 2537 0004 00AF     		add	r7, sp, #0
 2538              	.LCFI162:
 2539              		.cfi_def_cfa_register 7
 2540 0006 7860     		str	r0, [r7, #4]
 2541 0008 0B46     		mov	r3, r1
 2542 000a FB70     		strb	r3, [r7, #3]
1939:Drivers/STM32F1xx_HAL_Driver/Src/stm32f1xx_hal_pcd.c ****   HAL_StatusTypeDef ret;
1940:Drivers/STM32F1xx_HAL_Driver/Src/stm32f1xx_hal_pcd.c ****   PCD_EPTypeDef *ep;
1941:Drivers/STM32F1xx_HAL_Driver/Src/stm32f1xx_hal_pcd.c **** 
1942:Drivers/STM32F1xx_HAL_Driver/Src/stm32f1xx_hal_pcd.c ****   if ((0x80U & ep_addr) == 0x80U)
 2543              		.loc 1 1942 25
 2544 000c 97F90330 		ldrsb	r3, [r7, #3]
 2545              		.loc 1 1942 6
 2546 0010 002B     		cmp	r3, #0
 2547 0012 0BDA     		bge	.L94
1943:Drivers/STM32F1xx_HAL_Driver/Src/stm32f1xx_hal_pcd.c ****   {
1944:Drivers/STM32F1xx_HAL_Driver/Src/stm32f1xx_hal_pcd.c ****     ep = &hpcd->IN_ep[ep_addr & EP_ADDR_MSK];
 2548              		.loc 1 1944 31
 2549 0014 FB78     		ldrb	r3, [r7, #3]	@ zero_extendqisi2
 2550 0016 03F00702 		and	r2, r3, #7
 2551              		.loc 1 1944 8
ARM GAS  /var/folders/xf/tcndk8390ml5xdpfw93qkhpm0000gn/T//cceFQQPk.s 			page 79


 2552 001a 1346     		mov	r3, r2
 2553 001c 9B00     		lsls	r3, r3, #2
 2554 001e 1344     		add	r3, r3, r2
 2555 0020 DB00     		lsls	r3, r3, #3
 2556 0022 1033     		adds	r3, r3, #16
 2557 0024 7A68     		ldr	r2, [r7, #4]
 2558 0026 1344     		add	r3, r3, r2
 2559 0028 FB60     		str	r3, [r7, #12]
 2560 002a 0BE0     		b	.L95
 2561              	.L94:
1945:Drivers/STM32F1xx_HAL_Driver/Src/stm32f1xx_hal_pcd.c ****   }
1946:Drivers/STM32F1xx_HAL_Driver/Src/stm32f1xx_hal_pcd.c ****   else
1947:Drivers/STM32F1xx_HAL_Driver/Src/stm32f1xx_hal_pcd.c ****   {
1948:Drivers/STM32F1xx_HAL_Driver/Src/stm32f1xx_hal_pcd.c ****     ep = &hpcd->OUT_ep[ep_addr & EP_ADDR_MSK];
 2562              		.loc 1 1948 32
 2563 002c FB78     		ldrb	r3, [r7, #3]	@ zero_extendqisi2
 2564 002e 03F00702 		and	r2, r3, #7
 2565              		.loc 1 1948 8
 2566 0032 1346     		mov	r3, r2
 2567 0034 9B00     		lsls	r3, r3, #2
 2568 0036 1344     		add	r3, r3, r2
 2569 0038 DB00     		lsls	r3, r3, #3
 2570 003a 03F5A873 		add	r3, r3, #336
 2571 003e 7A68     		ldr	r2, [r7, #4]
 2572 0040 1344     		add	r3, r3, r2
 2573 0042 FB60     		str	r3, [r7, #12]
 2574              	.L95:
1949:Drivers/STM32F1xx_HAL_Driver/Src/stm32f1xx_hal_pcd.c ****   }
1950:Drivers/STM32F1xx_HAL_Driver/Src/stm32f1xx_hal_pcd.c **** 
1951:Drivers/STM32F1xx_HAL_Driver/Src/stm32f1xx_hal_pcd.c ****   /* Stop Xfer */
1952:Drivers/STM32F1xx_HAL_Driver/Src/stm32f1xx_hal_pcd.c ****   ret = USB_EPStopXfer(hpcd->Instance, ep);
 2575              		.loc 1 1952 28
 2576 0044 7B68     		ldr	r3, [r7, #4]
 2577 0046 1B68     		ldr	r3, [r3]
 2578              		.loc 1 1952 9
 2579 0048 F968     		ldr	r1, [r7, #12]
 2580 004a 1846     		mov	r0, r3
 2581 004c FFF7FEFF 		bl	USB_EPStopXfer
 2582 0050 0346     		mov	r3, r0
 2583 0052 FB72     		strb	r3, [r7, #11]
1953:Drivers/STM32F1xx_HAL_Driver/Src/stm32f1xx_hal_pcd.c **** 
1954:Drivers/STM32F1xx_HAL_Driver/Src/stm32f1xx_hal_pcd.c ****   return ret;
 2584              		.loc 1 1954 10
 2585 0054 FB7A     		ldrb	r3, [r7, #11]	@ zero_extendqisi2
1955:Drivers/STM32F1xx_HAL_Driver/Src/stm32f1xx_hal_pcd.c **** }
 2586              		.loc 1 1955 1
 2587 0056 1846     		mov	r0, r3
 2588 0058 1037     		adds	r7, r7, #16
 2589              	.LCFI163:
 2590              		.cfi_def_cfa_offset 8
 2591 005a BD46     		mov	sp, r7
 2592              	.LCFI164:
 2593              		.cfi_def_cfa_register 13
 2594              		@ sp needed
 2595 005c 80BD     		pop	{r7, pc}
 2596              		.cfi_endproc
 2597              	.LFE94:
ARM GAS  /var/folders/xf/tcndk8390ml5xdpfw93qkhpm0000gn/T//cceFQQPk.s 			page 80


 2599              		.section	.text.HAL_PCD_EP_Flush,"ax",%progbits
 2600              		.align	1
 2601              		.global	HAL_PCD_EP_Flush
 2602              		.syntax unified
 2603              		.thumb
 2604              		.thumb_func
 2606              	HAL_PCD_EP_Flush:
 2607              	.LFB95:
1956:Drivers/STM32F1xx_HAL_Driver/Src/stm32f1xx_hal_pcd.c **** 
1957:Drivers/STM32F1xx_HAL_Driver/Src/stm32f1xx_hal_pcd.c **** /**
1958:Drivers/STM32F1xx_HAL_Driver/Src/stm32f1xx_hal_pcd.c ****   * @brief  Flush an endpoint
1959:Drivers/STM32F1xx_HAL_Driver/Src/stm32f1xx_hal_pcd.c ****   * @param  hpcd PCD handle
1960:Drivers/STM32F1xx_HAL_Driver/Src/stm32f1xx_hal_pcd.c ****   * @param  ep_addr endpoint address
1961:Drivers/STM32F1xx_HAL_Driver/Src/stm32f1xx_hal_pcd.c ****   * @retval HAL status
1962:Drivers/STM32F1xx_HAL_Driver/Src/stm32f1xx_hal_pcd.c ****   */
1963:Drivers/STM32F1xx_HAL_Driver/Src/stm32f1xx_hal_pcd.c **** HAL_StatusTypeDef HAL_PCD_EP_Flush(PCD_HandleTypeDef *hpcd, uint8_t ep_addr)
1964:Drivers/STM32F1xx_HAL_Driver/Src/stm32f1xx_hal_pcd.c **** {
 2608              		.loc 1 1964 1
 2609              		.cfi_startproc
 2610              		@ args = 0, pretend = 0, frame = 8
 2611              		@ frame_needed = 1, uses_anonymous_args = 0
 2612 0000 80B5     		push	{r7, lr}
 2613              	.LCFI165:
 2614              		.cfi_def_cfa_offset 8
 2615              		.cfi_offset 7, -8
 2616              		.cfi_offset 14, -4
 2617 0002 82B0     		sub	sp, sp, #8
 2618              	.LCFI166:
 2619              		.cfi_def_cfa_offset 16
 2620 0004 00AF     		add	r7, sp, #0
 2621              	.LCFI167:
 2622              		.cfi_def_cfa_register 7
 2623 0006 7860     		str	r0, [r7, #4]
 2624 0008 0B46     		mov	r3, r1
 2625 000a FB70     		strb	r3, [r7, #3]
1965:Drivers/STM32F1xx_HAL_Driver/Src/stm32f1xx_hal_pcd.c ****   __HAL_LOCK(hpcd);
 2626              		.loc 1 1965 3
 2627 000c 7B68     		ldr	r3, [r7, #4]
 2628 000e 93F89032 		ldrb	r3, [r3, #656]	@ zero_extendqisi2
 2629 0012 012B     		cmp	r3, #1
 2630 0014 01D1     		bne	.L98
 2631              		.loc 1 1965 3 is_stmt 0 discriminator 1
 2632 0016 0223     		movs	r3, #2
 2633 0018 1BE0     		b	.L99
 2634              	.L98:
 2635              		.loc 1 1965 3 discriminator 2
 2636 001a 7B68     		ldr	r3, [r7, #4]
 2637 001c 0122     		movs	r2, #1
 2638 001e 83F89022 		strb	r2, [r3, #656]
1966:Drivers/STM32F1xx_HAL_Driver/Src/stm32f1xx_hal_pcd.c **** 
1967:Drivers/STM32F1xx_HAL_Driver/Src/stm32f1xx_hal_pcd.c ****   if ((ep_addr & 0x80U) == 0x80U)
 2639              		.loc 1 1967 25 is_stmt 1 discriminator 2
 2640 0022 97F90330 		ldrsb	r3, [r7, #3]
 2641              		.loc 1 1967 6 discriminator 2
 2642 0026 002B     		cmp	r3, #0
 2643 0028 09DA     		bge	.L100
1968:Drivers/STM32F1xx_HAL_Driver/Src/stm32f1xx_hal_pcd.c ****   {
ARM GAS  /var/folders/xf/tcndk8390ml5xdpfw93qkhpm0000gn/T//cceFQQPk.s 			page 81


1969:Drivers/STM32F1xx_HAL_Driver/Src/stm32f1xx_hal_pcd.c ****     (void)USB_FlushTxFifo(hpcd->Instance, (uint32_t)ep_addr & EP_ADDR_MSK);
 2644              		.loc 1 1969 31
 2645 002a 7B68     		ldr	r3, [r7, #4]
 2646 002c 1A68     		ldr	r2, [r3]
 2647              		.loc 1 1969 11
 2648 002e FB78     		ldrb	r3, [r7, #3]	@ zero_extendqisi2
 2649 0030 03F00703 		and	r3, r3, #7
 2650 0034 1946     		mov	r1, r3
 2651 0036 1046     		mov	r0, r2
 2652 0038 FFF7FEFF 		bl	USB_FlushTxFifo
 2653 003c 04E0     		b	.L101
 2654              	.L100:
1970:Drivers/STM32F1xx_HAL_Driver/Src/stm32f1xx_hal_pcd.c ****   }
1971:Drivers/STM32F1xx_HAL_Driver/Src/stm32f1xx_hal_pcd.c ****   else
1972:Drivers/STM32F1xx_HAL_Driver/Src/stm32f1xx_hal_pcd.c ****   {
1973:Drivers/STM32F1xx_HAL_Driver/Src/stm32f1xx_hal_pcd.c ****     (void)USB_FlushRxFifo(hpcd->Instance);
 2655              		.loc 1 1973 31
 2656 003e 7B68     		ldr	r3, [r7, #4]
 2657 0040 1B68     		ldr	r3, [r3]
 2658              		.loc 1 1973 11
 2659 0042 1846     		mov	r0, r3
 2660 0044 FFF7FEFF 		bl	USB_FlushRxFifo
 2661              	.L101:
1974:Drivers/STM32F1xx_HAL_Driver/Src/stm32f1xx_hal_pcd.c ****   }
1975:Drivers/STM32F1xx_HAL_Driver/Src/stm32f1xx_hal_pcd.c **** 
1976:Drivers/STM32F1xx_HAL_Driver/Src/stm32f1xx_hal_pcd.c ****   __HAL_UNLOCK(hpcd);
 2662              		.loc 1 1976 3
 2663 0048 7B68     		ldr	r3, [r7, #4]
 2664 004a 0022     		movs	r2, #0
 2665 004c 83F89022 		strb	r2, [r3, #656]
1977:Drivers/STM32F1xx_HAL_Driver/Src/stm32f1xx_hal_pcd.c **** 
1978:Drivers/STM32F1xx_HAL_Driver/Src/stm32f1xx_hal_pcd.c ****   return HAL_OK;
 2666              		.loc 1 1978 10
 2667 0050 0023     		movs	r3, #0
 2668              	.L99:
1979:Drivers/STM32F1xx_HAL_Driver/Src/stm32f1xx_hal_pcd.c **** }
 2669              		.loc 1 1979 1
 2670 0052 1846     		mov	r0, r3
 2671 0054 0837     		adds	r7, r7, #8
 2672              	.LCFI168:
 2673              		.cfi_def_cfa_offset 8
 2674 0056 BD46     		mov	sp, r7
 2675              	.LCFI169:
 2676              		.cfi_def_cfa_register 13
 2677              		@ sp needed
 2678 0058 80BD     		pop	{r7, pc}
 2679              		.cfi_endproc
 2680              	.LFE95:
 2682              		.section	.text.HAL_PCD_ActivateRemoteWakeup,"ax",%progbits
 2683              		.align	1
 2684              		.global	HAL_PCD_ActivateRemoteWakeup
 2685              		.syntax unified
 2686              		.thumb
 2687              		.thumb_func
 2689              	HAL_PCD_ActivateRemoteWakeup:
 2690              	.LFB96:
1980:Drivers/STM32F1xx_HAL_Driver/Src/stm32f1xx_hal_pcd.c **** 
ARM GAS  /var/folders/xf/tcndk8390ml5xdpfw93qkhpm0000gn/T//cceFQQPk.s 			page 82


1981:Drivers/STM32F1xx_HAL_Driver/Src/stm32f1xx_hal_pcd.c **** /**
1982:Drivers/STM32F1xx_HAL_Driver/Src/stm32f1xx_hal_pcd.c ****   * @brief  Activate remote wakeup signalling
1983:Drivers/STM32F1xx_HAL_Driver/Src/stm32f1xx_hal_pcd.c ****   * @param  hpcd PCD handle
1984:Drivers/STM32F1xx_HAL_Driver/Src/stm32f1xx_hal_pcd.c ****   * @retval HAL status
1985:Drivers/STM32F1xx_HAL_Driver/Src/stm32f1xx_hal_pcd.c ****   */
1986:Drivers/STM32F1xx_HAL_Driver/Src/stm32f1xx_hal_pcd.c **** HAL_StatusTypeDef HAL_PCD_ActivateRemoteWakeup(PCD_HandleTypeDef *hpcd)
1987:Drivers/STM32F1xx_HAL_Driver/Src/stm32f1xx_hal_pcd.c **** {
 2691              		.loc 1 1987 1
 2692              		.cfi_startproc
 2693              		@ args = 0, pretend = 0, frame = 8
 2694              		@ frame_needed = 1, uses_anonymous_args = 0
 2695 0000 80B5     		push	{r7, lr}
 2696              	.LCFI170:
 2697              		.cfi_def_cfa_offset 8
 2698              		.cfi_offset 7, -8
 2699              		.cfi_offset 14, -4
 2700 0002 82B0     		sub	sp, sp, #8
 2701              	.LCFI171:
 2702              		.cfi_def_cfa_offset 16
 2703 0004 00AF     		add	r7, sp, #0
 2704              	.LCFI172:
 2705              		.cfi_def_cfa_register 7
 2706 0006 7860     		str	r0, [r7, #4]
1988:Drivers/STM32F1xx_HAL_Driver/Src/stm32f1xx_hal_pcd.c ****   return (USB_ActivateRemoteWakeup(hpcd->Instance));
 2707              		.loc 1 1988 40
 2708 0008 7B68     		ldr	r3, [r7, #4]
 2709 000a 1B68     		ldr	r3, [r3]
 2710              		.loc 1 1988 11
 2711 000c 1846     		mov	r0, r3
 2712 000e FFF7FEFF 		bl	USB_ActivateRemoteWakeup
 2713 0012 0346     		mov	r3, r0
1989:Drivers/STM32F1xx_HAL_Driver/Src/stm32f1xx_hal_pcd.c **** }
 2714              		.loc 1 1989 1
 2715 0014 1846     		mov	r0, r3
 2716 0016 0837     		adds	r7, r7, #8
 2717              	.LCFI173:
 2718              		.cfi_def_cfa_offset 8
 2719 0018 BD46     		mov	sp, r7
 2720              	.LCFI174:
 2721              		.cfi_def_cfa_register 13
 2722              		@ sp needed
 2723 001a 80BD     		pop	{r7, pc}
 2724              		.cfi_endproc
 2725              	.LFE96:
 2727              		.section	.text.HAL_PCD_DeActivateRemoteWakeup,"ax",%progbits
 2728              		.align	1
 2729              		.global	HAL_PCD_DeActivateRemoteWakeup
 2730              		.syntax unified
 2731              		.thumb
 2732              		.thumb_func
 2734              	HAL_PCD_DeActivateRemoteWakeup:
 2735              	.LFB97:
1990:Drivers/STM32F1xx_HAL_Driver/Src/stm32f1xx_hal_pcd.c **** 
1991:Drivers/STM32F1xx_HAL_Driver/Src/stm32f1xx_hal_pcd.c **** /**
1992:Drivers/STM32F1xx_HAL_Driver/Src/stm32f1xx_hal_pcd.c ****   * @brief  De-activate remote wakeup signalling.
1993:Drivers/STM32F1xx_HAL_Driver/Src/stm32f1xx_hal_pcd.c ****   * @param  hpcd PCD handle
1994:Drivers/STM32F1xx_HAL_Driver/Src/stm32f1xx_hal_pcd.c ****   * @retval HAL status
ARM GAS  /var/folders/xf/tcndk8390ml5xdpfw93qkhpm0000gn/T//cceFQQPk.s 			page 83


1995:Drivers/STM32F1xx_HAL_Driver/Src/stm32f1xx_hal_pcd.c ****   */
1996:Drivers/STM32F1xx_HAL_Driver/Src/stm32f1xx_hal_pcd.c **** HAL_StatusTypeDef HAL_PCD_DeActivateRemoteWakeup(PCD_HandleTypeDef *hpcd)
1997:Drivers/STM32F1xx_HAL_Driver/Src/stm32f1xx_hal_pcd.c **** {
 2736              		.loc 1 1997 1
 2737              		.cfi_startproc
 2738              		@ args = 0, pretend = 0, frame = 8
 2739              		@ frame_needed = 1, uses_anonymous_args = 0
 2740 0000 80B5     		push	{r7, lr}
 2741              	.LCFI175:
 2742              		.cfi_def_cfa_offset 8
 2743              		.cfi_offset 7, -8
 2744              		.cfi_offset 14, -4
 2745 0002 82B0     		sub	sp, sp, #8
 2746              	.LCFI176:
 2747              		.cfi_def_cfa_offset 16
 2748 0004 00AF     		add	r7, sp, #0
 2749              	.LCFI177:
 2750              		.cfi_def_cfa_register 7
 2751 0006 7860     		str	r0, [r7, #4]
1998:Drivers/STM32F1xx_HAL_Driver/Src/stm32f1xx_hal_pcd.c ****   return (USB_DeActivateRemoteWakeup(hpcd->Instance));
 2752              		.loc 1 1998 42
 2753 0008 7B68     		ldr	r3, [r7, #4]
 2754 000a 1B68     		ldr	r3, [r3]
 2755              		.loc 1 1998 11
 2756 000c 1846     		mov	r0, r3
 2757 000e FFF7FEFF 		bl	USB_DeActivateRemoteWakeup
 2758 0012 0346     		mov	r3, r0
1999:Drivers/STM32F1xx_HAL_Driver/Src/stm32f1xx_hal_pcd.c **** }
 2759              		.loc 1 1999 1
 2760 0014 1846     		mov	r0, r3
 2761 0016 0837     		adds	r7, r7, #8
 2762              	.LCFI178:
 2763              		.cfi_def_cfa_offset 8
 2764 0018 BD46     		mov	sp, r7
 2765              	.LCFI179:
 2766              		.cfi_def_cfa_register 13
 2767              		@ sp needed
 2768 001a 80BD     		pop	{r7, pc}
 2769              		.cfi_endproc
 2770              	.LFE97:
 2772              		.section	.text.HAL_PCD_GetState,"ax",%progbits
 2773              		.align	1
 2774              		.global	HAL_PCD_GetState
 2775              		.syntax unified
 2776              		.thumb
 2777              		.thumb_func
 2779              	HAL_PCD_GetState:
 2780              	.LFB98:
2000:Drivers/STM32F1xx_HAL_Driver/Src/stm32f1xx_hal_pcd.c **** 
2001:Drivers/STM32F1xx_HAL_Driver/Src/stm32f1xx_hal_pcd.c **** /**
2002:Drivers/STM32F1xx_HAL_Driver/Src/stm32f1xx_hal_pcd.c ****   * @}
2003:Drivers/STM32F1xx_HAL_Driver/Src/stm32f1xx_hal_pcd.c ****   */
2004:Drivers/STM32F1xx_HAL_Driver/Src/stm32f1xx_hal_pcd.c **** 
2005:Drivers/STM32F1xx_HAL_Driver/Src/stm32f1xx_hal_pcd.c **** /** @defgroup PCD_Exported_Functions_Group4 Peripheral State functions
2006:Drivers/STM32F1xx_HAL_Driver/Src/stm32f1xx_hal_pcd.c ****   *  @brief   Peripheral State functions
2007:Drivers/STM32F1xx_HAL_Driver/Src/stm32f1xx_hal_pcd.c ****   *
2008:Drivers/STM32F1xx_HAL_Driver/Src/stm32f1xx_hal_pcd.c **** @verbatim
ARM GAS  /var/folders/xf/tcndk8390ml5xdpfw93qkhpm0000gn/T//cceFQQPk.s 			page 84


2009:Drivers/STM32F1xx_HAL_Driver/Src/stm32f1xx_hal_pcd.c ****  ===============================================================================
2010:Drivers/STM32F1xx_HAL_Driver/Src/stm32f1xx_hal_pcd.c ****                       ##### Peripheral State functions #####
2011:Drivers/STM32F1xx_HAL_Driver/Src/stm32f1xx_hal_pcd.c ****  ===============================================================================
2012:Drivers/STM32F1xx_HAL_Driver/Src/stm32f1xx_hal_pcd.c ****     [..]
2013:Drivers/STM32F1xx_HAL_Driver/Src/stm32f1xx_hal_pcd.c ****     This subsection permits to get in run-time the status of the peripheral
2014:Drivers/STM32F1xx_HAL_Driver/Src/stm32f1xx_hal_pcd.c ****     and the data flow.
2015:Drivers/STM32F1xx_HAL_Driver/Src/stm32f1xx_hal_pcd.c **** 
2016:Drivers/STM32F1xx_HAL_Driver/Src/stm32f1xx_hal_pcd.c **** @endverbatim
2017:Drivers/STM32F1xx_HAL_Driver/Src/stm32f1xx_hal_pcd.c ****   * @{
2018:Drivers/STM32F1xx_HAL_Driver/Src/stm32f1xx_hal_pcd.c ****   */
2019:Drivers/STM32F1xx_HAL_Driver/Src/stm32f1xx_hal_pcd.c **** 
2020:Drivers/STM32F1xx_HAL_Driver/Src/stm32f1xx_hal_pcd.c **** /**
2021:Drivers/STM32F1xx_HAL_Driver/Src/stm32f1xx_hal_pcd.c ****   * @brief  Return the PCD handle state.
2022:Drivers/STM32F1xx_HAL_Driver/Src/stm32f1xx_hal_pcd.c ****   * @param  hpcd PCD handle
2023:Drivers/STM32F1xx_HAL_Driver/Src/stm32f1xx_hal_pcd.c ****   * @retval HAL state
2024:Drivers/STM32F1xx_HAL_Driver/Src/stm32f1xx_hal_pcd.c ****   */
2025:Drivers/STM32F1xx_HAL_Driver/Src/stm32f1xx_hal_pcd.c **** PCD_StateTypeDef HAL_PCD_GetState(PCD_HandleTypeDef const *hpcd)
2026:Drivers/STM32F1xx_HAL_Driver/Src/stm32f1xx_hal_pcd.c **** {
 2781              		.loc 1 2026 1
 2782              		.cfi_startproc
 2783              		@ args = 0, pretend = 0, frame = 8
 2784              		@ frame_needed = 1, uses_anonymous_args = 0
 2785              		@ link register save eliminated.
 2786 0000 80B4     		push	{r7}
 2787              	.LCFI180:
 2788              		.cfi_def_cfa_offset 4
 2789              		.cfi_offset 7, -4
 2790 0002 83B0     		sub	sp, sp, #12
 2791              	.LCFI181:
 2792              		.cfi_def_cfa_offset 16
 2793 0004 00AF     		add	r7, sp, #0
 2794              	.LCFI182:
 2795              		.cfi_def_cfa_register 7
 2796 0006 7860     		str	r0, [r7, #4]
2027:Drivers/STM32F1xx_HAL_Driver/Src/stm32f1xx_hal_pcd.c ****   return hpcd->State;
 2797              		.loc 1 2027 14
 2798 0008 7B68     		ldr	r3, [r7, #4]
 2799 000a 93F89132 		ldrb	r3, [r3, #657]
 2800 000e DBB2     		uxtb	r3, r3
2028:Drivers/STM32F1xx_HAL_Driver/Src/stm32f1xx_hal_pcd.c **** }
 2801              		.loc 1 2028 1
 2802 0010 1846     		mov	r0, r3
 2803 0012 0C37     		adds	r7, r7, #12
 2804              	.LCFI183:
 2805              		.cfi_def_cfa_offset 4
 2806 0014 BD46     		mov	sp, r7
 2807              	.LCFI184:
 2808              		.cfi_def_cfa_register 13
 2809              		@ sp needed
 2810 0016 80BC     		pop	{r7}
 2811              	.LCFI185:
 2812              		.cfi_restore 7
 2813              		.cfi_def_cfa_offset 0
 2814 0018 7047     		bx	lr
 2815              		.cfi_endproc
 2816              	.LFE98:
 2818              		.section	.text.PCD_EP_ISR_Handler,"ax",%progbits
ARM GAS  /var/folders/xf/tcndk8390ml5xdpfw93qkhpm0000gn/T//cceFQQPk.s 			page 85


 2819              		.align	1
 2820              		.syntax unified
 2821              		.thumb
 2822              		.thumb_func
 2824              	PCD_EP_ISR_Handler:
 2825              	.LFB99:
2029:Drivers/STM32F1xx_HAL_Driver/Src/stm32f1xx_hal_pcd.c **** 
2030:Drivers/STM32F1xx_HAL_Driver/Src/stm32f1xx_hal_pcd.c **** /**
2031:Drivers/STM32F1xx_HAL_Driver/Src/stm32f1xx_hal_pcd.c ****   * @}
2032:Drivers/STM32F1xx_HAL_Driver/Src/stm32f1xx_hal_pcd.c ****   */
2033:Drivers/STM32F1xx_HAL_Driver/Src/stm32f1xx_hal_pcd.c **** 
2034:Drivers/STM32F1xx_HAL_Driver/Src/stm32f1xx_hal_pcd.c **** /**
2035:Drivers/STM32F1xx_HAL_Driver/Src/stm32f1xx_hal_pcd.c ****   * @}
2036:Drivers/STM32F1xx_HAL_Driver/Src/stm32f1xx_hal_pcd.c ****   */
2037:Drivers/STM32F1xx_HAL_Driver/Src/stm32f1xx_hal_pcd.c **** 
2038:Drivers/STM32F1xx_HAL_Driver/Src/stm32f1xx_hal_pcd.c **** /* Private functions ---------------------------------------------------------*/
2039:Drivers/STM32F1xx_HAL_Driver/Src/stm32f1xx_hal_pcd.c **** /** @addtogroup PCD_Private_Functions
2040:Drivers/STM32F1xx_HAL_Driver/Src/stm32f1xx_hal_pcd.c ****   * @{
2041:Drivers/STM32F1xx_HAL_Driver/Src/stm32f1xx_hal_pcd.c ****   */
2042:Drivers/STM32F1xx_HAL_Driver/Src/stm32f1xx_hal_pcd.c **** #if defined (USB_OTG_FS)
2043:Drivers/STM32F1xx_HAL_Driver/Src/stm32f1xx_hal_pcd.c **** /**
2044:Drivers/STM32F1xx_HAL_Driver/Src/stm32f1xx_hal_pcd.c ****   * @brief  Check FIFO for the next packet to be loaded.
2045:Drivers/STM32F1xx_HAL_Driver/Src/stm32f1xx_hal_pcd.c ****   * @param  hpcd PCD handle
2046:Drivers/STM32F1xx_HAL_Driver/Src/stm32f1xx_hal_pcd.c ****   * @param  epnum endpoint number
2047:Drivers/STM32F1xx_HAL_Driver/Src/stm32f1xx_hal_pcd.c ****   * @retval HAL status
2048:Drivers/STM32F1xx_HAL_Driver/Src/stm32f1xx_hal_pcd.c ****   */
2049:Drivers/STM32F1xx_HAL_Driver/Src/stm32f1xx_hal_pcd.c **** static HAL_StatusTypeDef PCD_WriteEmptyTxFifo(PCD_HandleTypeDef *hpcd, uint32_t epnum)
2050:Drivers/STM32F1xx_HAL_Driver/Src/stm32f1xx_hal_pcd.c **** {
2051:Drivers/STM32F1xx_HAL_Driver/Src/stm32f1xx_hal_pcd.c ****   USB_OTG_GlobalTypeDef *USBx = hpcd->Instance;
2052:Drivers/STM32F1xx_HAL_Driver/Src/stm32f1xx_hal_pcd.c ****   uint32_t USBx_BASE = (uint32_t)USBx;
2053:Drivers/STM32F1xx_HAL_Driver/Src/stm32f1xx_hal_pcd.c ****   USB_OTG_EPTypeDef *ep;
2054:Drivers/STM32F1xx_HAL_Driver/Src/stm32f1xx_hal_pcd.c ****   uint32_t len;
2055:Drivers/STM32F1xx_HAL_Driver/Src/stm32f1xx_hal_pcd.c ****   uint32_t len32b;
2056:Drivers/STM32F1xx_HAL_Driver/Src/stm32f1xx_hal_pcd.c ****   uint32_t fifoemptymsk;
2057:Drivers/STM32F1xx_HAL_Driver/Src/stm32f1xx_hal_pcd.c **** 
2058:Drivers/STM32F1xx_HAL_Driver/Src/stm32f1xx_hal_pcd.c ****   ep = &hpcd->IN_ep[epnum];
2059:Drivers/STM32F1xx_HAL_Driver/Src/stm32f1xx_hal_pcd.c **** 
2060:Drivers/STM32F1xx_HAL_Driver/Src/stm32f1xx_hal_pcd.c ****   if (ep->xfer_count > ep->xfer_len)
2061:Drivers/STM32F1xx_HAL_Driver/Src/stm32f1xx_hal_pcd.c ****   {
2062:Drivers/STM32F1xx_HAL_Driver/Src/stm32f1xx_hal_pcd.c ****     return HAL_ERROR;
2063:Drivers/STM32F1xx_HAL_Driver/Src/stm32f1xx_hal_pcd.c ****   }
2064:Drivers/STM32F1xx_HAL_Driver/Src/stm32f1xx_hal_pcd.c **** 
2065:Drivers/STM32F1xx_HAL_Driver/Src/stm32f1xx_hal_pcd.c ****   len = ep->xfer_len - ep->xfer_count;
2066:Drivers/STM32F1xx_HAL_Driver/Src/stm32f1xx_hal_pcd.c **** 
2067:Drivers/STM32F1xx_HAL_Driver/Src/stm32f1xx_hal_pcd.c ****   if (len > ep->maxpacket)
2068:Drivers/STM32F1xx_HAL_Driver/Src/stm32f1xx_hal_pcd.c ****   {
2069:Drivers/STM32F1xx_HAL_Driver/Src/stm32f1xx_hal_pcd.c ****     len = ep->maxpacket;
2070:Drivers/STM32F1xx_HAL_Driver/Src/stm32f1xx_hal_pcd.c ****   }
2071:Drivers/STM32F1xx_HAL_Driver/Src/stm32f1xx_hal_pcd.c **** 
2072:Drivers/STM32F1xx_HAL_Driver/Src/stm32f1xx_hal_pcd.c ****   len32b = (len + 3U) / 4U;
2073:Drivers/STM32F1xx_HAL_Driver/Src/stm32f1xx_hal_pcd.c **** 
2074:Drivers/STM32F1xx_HAL_Driver/Src/stm32f1xx_hal_pcd.c ****   while (((USBx_INEP(epnum)->DTXFSTS & USB_OTG_DTXFSTS_INEPTFSAV) >= len32b) &&
2075:Drivers/STM32F1xx_HAL_Driver/Src/stm32f1xx_hal_pcd.c ****          (ep->xfer_count < ep->xfer_len) && (ep->xfer_len != 0U))
2076:Drivers/STM32F1xx_HAL_Driver/Src/stm32f1xx_hal_pcd.c ****   {
2077:Drivers/STM32F1xx_HAL_Driver/Src/stm32f1xx_hal_pcd.c ****     /* Write the FIFO */
2078:Drivers/STM32F1xx_HAL_Driver/Src/stm32f1xx_hal_pcd.c ****     len = ep->xfer_len - ep->xfer_count;
2079:Drivers/STM32F1xx_HAL_Driver/Src/stm32f1xx_hal_pcd.c **** 
ARM GAS  /var/folders/xf/tcndk8390ml5xdpfw93qkhpm0000gn/T//cceFQQPk.s 			page 86


2080:Drivers/STM32F1xx_HAL_Driver/Src/stm32f1xx_hal_pcd.c ****     if (len > ep->maxpacket)
2081:Drivers/STM32F1xx_HAL_Driver/Src/stm32f1xx_hal_pcd.c ****     {
2082:Drivers/STM32F1xx_HAL_Driver/Src/stm32f1xx_hal_pcd.c ****       len = ep->maxpacket;
2083:Drivers/STM32F1xx_HAL_Driver/Src/stm32f1xx_hal_pcd.c ****     }
2084:Drivers/STM32F1xx_HAL_Driver/Src/stm32f1xx_hal_pcd.c ****     len32b = (len + 3U) / 4U;
2085:Drivers/STM32F1xx_HAL_Driver/Src/stm32f1xx_hal_pcd.c **** 
2086:Drivers/STM32F1xx_HAL_Driver/Src/stm32f1xx_hal_pcd.c ****     (void)USB_WritePacket(USBx, ep->xfer_buff, (uint8_t)epnum, (uint16_t)len);
2087:Drivers/STM32F1xx_HAL_Driver/Src/stm32f1xx_hal_pcd.c **** 
2088:Drivers/STM32F1xx_HAL_Driver/Src/stm32f1xx_hal_pcd.c ****     ep->xfer_buff  += len;
2089:Drivers/STM32F1xx_HAL_Driver/Src/stm32f1xx_hal_pcd.c ****     ep->xfer_count += len;
2090:Drivers/STM32F1xx_HAL_Driver/Src/stm32f1xx_hal_pcd.c ****   }
2091:Drivers/STM32F1xx_HAL_Driver/Src/stm32f1xx_hal_pcd.c **** 
2092:Drivers/STM32F1xx_HAL_Driver/Src/stm32f1xx_hal_pcd.c ****   if (ep->xfer_len <= ep->xfer_count)
2093:Drivers/STM32F1xx_HAL_Driver/Src/stm32f1xx_hal_pcd.c ****   {
2094:Drivers/STM32F1xx_HAL_Driver/Src/stm32f1xx_hal_pcd.c ****     fifoemptymsk = (uint32_t)(0x1UL << (epnum & EP_ADDR_MSK));
2095:Drivers/STM32F1xx_HAL_Driver/Src/stm32f1xx_hal_pcd.c ****     USBx_DEVICE->DIEPEMPMSK &= ~fifoemptymsk;
2096:Drivers/STM32F1xx_HAL_Driver/Src/stm32f1xx_hal_pcd.c ****   }
2097:Drivers/STM32F1xx_HAL_Driver/Src/stm32f1xx_hal_pcd.c **** 
2098:Drivers/STM32F1xx_HAL_Driver/Src/stm32f1xx_hal_pcd.c ****   return HAL_OK;
2099:Drivers/STM32F1xx_HAL_Driver/Src/stm32f1xx_hal_pcd.c **** }
2100:Drivers/STM32F1xx_HAL_Driver/Src/stm32f1xx_hal_pcd.c **** 
2101:Drivers/STM32F1xx_HAL_Driver/Src/stm32f1xx_hal_pcd.c **** 
2102:Drivers/STM32F1xx_HAL_Driver/Src/stm32f1xx_hal_pcd.c **** /**
2103:Drivers/STM32F1xx_HAL_Driver/Src/stm32f1xx_hal_pcd.c ****   * @brief  process EP OUT transfer complete interrupt.
2104:Drivers/STM32F1xx_HAL_Driver/Src/stm32f1xx_hal_pcd.c ****   * @param  hpcd PCD handle
2105:Drivers/STM32F1xx_HAL_Driver/Src/stm32f1xx_hal_pcd.c ****   * @param  epnum endpoint number
2106:Drivers/STM32F1xx_HAL_Driver/Src/stm32f1xx_hal_pcd.c ****   * @retval HAL status
2107:Drivers/STM32F1xx_HAL_Driver/Src/stm32f1xx_hal_pcd.c ****   */
2108:Drivers/STM32F1xx_HAL_Driver/Src/stm32f1xx_hal_pcd.c **** static HAL_StatusTypeDef PCD_EP_OutXfrComplete_int(PCD_HandleTypeDef *hpcd, uint32_t epnum)
2109:Drivers/STM32F1xx_HAL_Driver/Src/stm32f1xx_hal_pcd.c **** {
2110:Drivers/STM32F1xx_HAL_Driver/Src/stm32f1xx_hal_pcd.c ****   const USB_OTG_GlobalTypeDef *USBx = hpcd->Instance;
2111:Drivers/STM32F1xx_HAL_Driver/Src/stm32f1xx_hal_pcd.c ****   uint32_t USBx_BASE = (uint32_t)USBx;
2112:Drivers/STM32F1xx_HAL_Driver/Src/stm32f1xx_hal_pcd.c ****   uint32_t gSNPSiD = *(__IO const uint32_t *)(&USBx->CID + 0x1U);
2113:Drivers/STM32F1xx_HAL_Driver/Src/stm32f1xx_hal_pcd.c ****   uint32_t DoepintReg = USBx_OUTEP(epnum)->DOEPINT;
2114:Drivers/STM32F1xx_HAL_Driver/Src/stm32f1xx_hal_pcd.c **** 
2115:Drivers/STM32F1xx_HAL_Driver/Src/stm32f1xx_hal_pcd.c ****   if (gSNPSiD == USB_OTG_CORE_ID_310A)
2116:Drivers/STM32F1xx_HAL_Driver/Src/stm32f1xx_hal_pcd.c ****   {
2117:Drivers/STM32F1xx_HAL_Driver/Src/stm32f1xx_hal_pcd.c ****     /* StupPktRcvd = 1 this is a setup packet */
2118:Drivers/STM32F1xx_HAL_Driver/Src/stm32f1xx_hal_pcd.c ****     if ((DoepintReg & USB_OTG_DOEPINT_STPKTRX) == USB_OTG_DOEPINT_STPKTRX)
2119:Drivers/STM32F1xx_HAL_Driver/Src/stm32f1xx_hal_pcd.c ****     {
2120:Drivers/STM32F1xx_HAL_Driver/Src/stm32f1xx_hal_pcd.c ****       CLEAR_OUT_EP_INTR(epnum, USB_OTG_DOEPINT_STPKTRX);
2121:Drivers/STM32F1xx_HAL_Driver/Src/stm32f1xx_hal_pcd.c ****     }
2122:Drivers/STM32F1xx_HAL_Driver/Src/stm32f1xx_hal_pcd.c ****     else
2123:Drivers/STM32F1xx_HAL_Driver/Src/stm32f1xx_hal_pcd.c ****     {
2124:Drivers/STM32F1xx_HAL_Driver/Src/stm32f1xx_hal_pcd.c ****       if ((DoepintReg & USB_OTG_DOEPINT_OTEPSPR) == USB_OTG_DOEPINT_OTEPSPR)
2125:Drivers/STM32F1xx_HAL_Driver/Src/stm32f1xx_hal_pcd.c ****       {
2126:Drivers/STM32F1xx_HAL_Driver/Src/stm32f1xx_hal_pcd.c ****         CLEAR_OUT_EP_INTR(epnum, USB_OTG_DOEPINT_OTEPSPR);
2127:Drivers/STM32F1xx_HAL_Driver/Src/stm32f1xx_hal_pcd.c ****       }
2128:Drivers/STM32F1xx_HAL_Driver/Src/stm32f1xx_hal_pcd.c **** 
2129:Drivers/STM32F1xx_HAL_Driver/Src/stm32f1xx_hal_pcd.c **** #if (USE_HAL_PCD_REGISTER_CALLBACKS == 1U)
2130:Drivers/STM32F1xx_HAL_Driver/Src/stm32f1xx_hal_pcd.c ****       hpcd->DataOutStageCallback(hpcd, (uint8_t)epnum);
2131:Drivers/STM32F1xx_HAL_Driver/Src/stm32f1xx_hal_pcd.c **** #else
2132:Drivers/STM32F1xx_HAL_Driver/Src/stm32f1xx_hal_pcd.c ****       HAL_PCD_DataOutStageCallback(hpcd, (uint8_t)epnum);
2133:Drivers/STM32F1xx_HAL_Driver/Src/stm32f1xx_hal_pcd.c **** #endif /* USE_HAL_PCD_REGISTER_CALLBACKS */
2134:Drivers/STM32F1xx_HAL_Driver/Src/stm32f1xx_hal_pcd.c ****     }
2135:Drivers/STM32F1xx_HAL_Driver/Src/stm32f1xx_hal_pcd.c ****   }
2136:Drivers/STM32F1xx_HAL_Driver/Src/stm32f1xx_hal_pcd.c ****   else
ARM GAS  /var/folders/xf/tcndk8390ml5xdpfw93qkhpm0000gn/T//cceFQQPk.s 			page 87


2137:Drivers/STM32F1xx_HAL_Driver/Src/stm32f1xx_hal_pcd.c ****   {
2138:Drivers/STM32F1xx_HAL_Driver/Src/stm32f1xx_hal_pcd.c **** #if (USE_HAL_PCD_REGISTER_CALLBACKS == 1U)
2139:Drivers/STM32F1xx_HAL_Driver/Src/stm32f1xx_hal_pcd.c ****     hpcd->DataOutStageCallback(hpcd, (uint8_t)epnum);
2140:Drivers/STM32F1xx_HAL_Driver/Src/stm32f1xx_hal_pcd.c **** #else
2141:Drivers/STM32F1xx_HAL_Driver/Src/stm32f1xx_hal_pcd.c ****     HAL_PCD_DataOutStageCallback(hpcd, (uint8_t)epnum);
2142:Drivers/STM32F1xx_HAL_Driver/Src/stm32f1xx_hal_pcd.c **** #endif /* USE_HAL_PCD_REGISTER_CALLBACKS */
2143:Drivers/STM32F1xx_HAL_Driver/Src/stm32f1xx_hal_pcd.c ****   }
2144:Drivers/STM32F1xx_HAL_Driver/Src/stm32f1xx_hal_pcd.c **** 
2145:Drivers/STM32F1xx_HAL_Driver/Src/stm32f1xx_hal_pcd.c ****   return HAL_OK;
2146:Drivers/STM32F1xx_HAL_Driver/Src/stm32f1xx_hal_pcd.c **** }
2147:Drivers/STM32F1xx_HAL_Driver/Src/stm32f1xx_hal_pcd.c **** 
2148:Drivers/STM32F1xx_HAL_Driver/Src/stm32f1xx_hal_pcd.c **** 
2149:Drivers/STM32F1xx_HAL_Driver/Src/stm32f1xx_hal_pcd.c **** /**
2150:Drivers/STM32F1xx_HAL_Driver/Src/stm32f1xx_hal_pcd.c ****   * @brief  process EP OUT setup packet received interrupt.
2151:Drivers/STM32F1xx_HAL_Driver/Src/stm32f1xx_hal_pcd.c ****   * @param  hpcd PCD handle
2152:Drivers/STM32F1xx_HAL_Driver/Src/stm32f1xx_hal_pcd.c ****   * @param  epnum endpoint number
2153:Drivers/STM32F1xx_HAL_Driver/Src/stm32f1xx_hal_pcd.c ****   * @retval HAL status
2154:Drivers/STM32F1xx_HAL_Driver/Src/stm32f1xx_hal_pcd.c ****   */
2155:Drivers/STM32F1xx_HAL_Driver/Src/stm32f1xx_hal_pcd.c **** static HAL_StatusTypeDef PCD_EP_OutSetupPacket_int(PCD_HandleTypeDef *hpcd, uint32_t epnum)
2156:Drivers/STM32F1xx_HAL_Driver/Src/stm32f1xx_hal_pcd.c **** {
2157:Drivers/STM32F1xx_HAL_Driver/Src/stm32f1xx_hal_pcd.c ****   const USB_OTG_GlobalTypeDef *USBx = hpcd->Instance;
2158:Drivers/STM32F1xx_HAL_Driver/Src/stm32f1xx_hal_pcd.c ****   uint32_t USBx_BASE = (uint32_t)USBx;
2159:Drivers/STM32F1xx_HAL_Driver/Src/stm32f1xx_hal_pcd.c ****   uint32_t gSNPSiD = *(__IO const uint32_t *)(&USBx->CID + 0x1U);
2160:Drivers/STM32F1xx_HAL_Driver/Src/stm32f1xx_hal_pcd.c ****   uint32_t DoepintReg = USBx_OUTEP(epnum)->DOEPINT;
2161:Drivers/STM32F1xx_HAL_Driver/Src/stm32f1xx_hal_pcd.c **** 
2162:Drivers/STM32F1xx_HAL_Driver/Src/stm32f1xx_hal_pcd.c ****   if ((gSNPSiD > USB_OTG_CORE_ID_300A) &&
2163:Drivers/STM32F1xx_HAL_Driver/Src/stm32f1xx_hal_pcd.c ****       ((DoepintReg & USB_OTG_DOEPINT_STPKTRX) == USB_OTG_DOEPINT_STPKTRX))
2164:Drivers/STM32F1xx_HAL_Driver/Src/stm32f1xx_hal_pcd.c ****   {
2165:Drivers/STM32F1xx_HAL_Driver/Src/stm32f1xx_hal_pcd.c ****     CLEAR_OUT_EP_INTR(epnum, USB_OTG_DOEPINT_STPKTRX);
2166:Drivers/STM32F1xx_HAL_Driver/Src/stm32f1xx_hal_pcd.c ****   }
2167:Drivers/STM32F1xx_HAL_Driver/Src/stm32f1xx_hal_pcd.c **** 
2168:Drivers/STM32F1xx_HAL_Driver/Src/stm32f1xx_hal_pcd.c ****   /* Inform the upper layer that a setup packet is available */
2169:Drivers/STM32F1xx_HAL_Driver/Src/stm32f1xx_hal_pcd.c **** #if (USE_HAL_PCD_REGISTER_CALLBACKS == 1U)
2170:Drivers/STM32F1xx_HAL_Driver/Src/stm32f1xx_hal_pcd.c ****   hpcd->SetupStageCallback(hpcd);
2171:Drivers/STM32F1xx_HAL_Driver/Src/stm32f1xx_hal_pcd.c **** #else
2172:Drivers/STM32F1xx_HAL_Driver/Src/stm32f1xx_hal_pcd.c ****   HAL_PCD_SetupStageCallback(hpcd);
2173:Drivers/STM32F1xx_HAL_Driver/Src/stm32f1xx_hal_pcd.c **** #endif /* USE_HAL_PCD_REGISTER_CALLBACKS */
2174:Drivers/STM32F1xx_HAL_Driver/Src/stm32f1xx_hal_pcd.c **** 
2175:Drivers/STM32F1xx_HAL_Driver/Src/stm32f1xx_hal_pcd.c ****   return HAL_OK;
2176:Drivers/STM32F1xx_HAL_Driver/Src/stm32f1xx_hal_pcd.c **** }
2177:Drivers/STM32F1xx_HAL_Driver/Src/stm32f1xx_hal_pcd.c **** #endif /* defined (USB_OTG_FS) */
2178:Drivers/STM32F1xx_HAL_Driver/Src/stm32f1xx_hal_pcd.c **** 
2179:Drivers/STM32F1xx_HAL_Driver/Src/stm32f1xx_hal_pcd.c **** #if defined (USB)
2180:Drivers/STM32F1xx_HAL_Driver/Src/stm32f1xx_hal_pcd.c **** /**
2181:Drivers/STM32F1xx_HAL_Driver/Src/stm32f1xx_hal_pcd.c ****   * @brief  This function handles PCD Endpoint interrupt request.
2182:Drivers/STM32F1xx_HAL_Driver/Src/stm32f1xx_hal_pcd.c ****   * @param  hpcd PCD handle
2183:Drivers/STM32F1xx_HAL_Driver/Src/stm32f1xx_hal_pcd.c ****   * @retval HAL status
2184:Drivers/STM32F1xx_HAL_Driver/Src/stm32f1xx_hal_pcd.c ****   */
2185:Drivers/STM32F1xx_HAL_Driver/Src/stm32f1xx_hal_pcd.c **** static HAL_StatusTypeDef PCD_EP_ISR_Handler(PCD_HandleTypeDef *hpcd)
2186:Drivers/STM32F1xx_HAL_Driver/Src/stm32f1xx_hal_pcd.c **** {
 2826              		.loc 1 2186 1
 2827              		.cfi_startproc
 2828              		@ args = 0, pretend = 0, frame = 88
 2829              		@ frame_needed = 1, uses_anonymous_args = 0
 2830 0000 80B5     		push	{r7, lr}
 2831              	.LCFI186:
 2832              		.cfi_def_cfa_offset 8
ARM GAS  /var/folders/xf/tcndk8390ml5xdpfw93qkhpm0000gn/T//cceFQQPk.s 			page 88


 2833              		.cfi_offset 7, -8
 2834              		.cfi_offset 14, -4
 2835 0002 96B0     		sub	sp, sp, #88
 2836              	.LCFI187:
 2837              		.cfi_def_cfa_offset 96
 2838 0004 00AF     		add	r7, sp, #0
 2839              	.LCFI188:
 2840              		.cfi_def_cfa_register 7
 2841 0006 7860     		str	r0, [r7, #4]
2187:Drivers/STM32F1xx_HAL_Driver/Src/stm32f1xx_hal_pcd.c ****   PCD_EPTypeDef *ep;
2188:Drivers/STM32F1xx_HAL_Driver/Src/stm32f1xx_hal_pcd.c ****   uint16_t count;
2189:Drivers/STM32F1xx_HAL_Driver/Src/stm32f1xx_hal_pcd.c ****   uint16_t wIstr;
2190:Drivers/STM32F1xx_HAL_Driver/Src/stm32f1xx_hal_pcd.c ****   uint16_t wEPVal;
2191:Drivers/STM32F1xx_HAL_Driver/Src/stm32f1xx_hal_pcd.c ****   uint16_t TxPctSize;
2192:Drivers/STM32F1xx_HAL_Driver/Src/stm32f1xx_hal_pcd.c ****   uint8_t epindex;
2193:Drivers/STM32F1xx_HAL_Driver/Src/stm32f1xx_hal_pcd.c **** 
2194:Drivers/STM32F1xx_HAL_Driver/Src/stm32f1xx_hal_pcd.c **** #if (USE_USB_DOUBLE_BUFFER != 1U)
2195:Drivers/STM32F1xx_HAL_Driver/Src/stm32f1xx_hal_pcd.c ****   count = 0U;
2196:Drivers/STM32F1xx_HAL_Driver/Src/stm32f1xx_hal_pcd.c **** #endif /* USE_USB_DOUBLE_BUFFER */
2197:Drivers/STM32F1xx_HAL_Driver/Src/stm32f1xx_hal_pcd.c **** 
2198:Drivers/STM32F1xx_HAL_Driver/Src/stm32f1xx_hal_pcd.c ****   /* stay in loop while pending interrupts */
2199:Drivers/STM32F1xx_HAL_Driver/Src/stm32f1xx_hal_pcd.c ****   while ((hpcd->Instance->ISTR & USB_ISTR_CTR) != 0U)
 2842              		.loc 1 2199 9
 2843 0008 BCE3     		b	.L109
 2844              	.L135:
2200:Drivers/STM32F1xx_HAL_Driver/Src/stm32f1xx_hal_pcd.c ****   {
2201:Drivers/STM32F1xx_HAL_Driver/Src/stm32f1xx_hal_pcd.c ****     wIstr = hpcd->Instance->ISTR;
 2845              		.loc 1 2201 17
 2846 000a 7B68     		ldr	r3, [r7, #4]
 2847 000c 1B68     		ldr	r3, [r3]
 2848              		.loc 1 2201 11
 2849 000e B3F84430 		ldrh	r3, [r3, #68]	@ movhi
 2850 0012 A7F84E30 		strh	r3, [r7, #78]	@ movhi
2202:Drivers/STM32F1xx_HAL_Driver/Src/stm32f1xx_hal_pcd.c **** 
2203:Drivers/STM32F1xx_HAL_Driver/Src/stm32f1xx_hal_pcd.c ****     /* extract highest priority endpoint number */
2204:Drivers/STM32F1xx_HAL_Driver/Src/stm32f1xx_hal_pcd.c ****     epindex = (uint8_t)(wIstr & USB_ISTR_EP_ID);
 2851              		.loc 1 2204 15
 2852 0016 B7F84E30 		ldrh	r3, [r7, #78]	@ movhi
 2853 001a DBB2     		uxtb	r3, r3
 2854              		.loc 1 2204 13
 2855 001c 03F00F03 		and	r3, r3, #15
 2856 0020 87F84D30 		strb	r3, [r7, #77]
2205:Drivers/STM32F1xx_HAL_Driver/Src/stm32f1xx_hal_pcd.c **** 
2206:Drivers/STM32F1xx_HAL_Driver/Src/stm32f1xx_hal_pcd.c ****     if (epindex == 0U)
 2857              		.loc 1 2206 8
 2858 0024 97F84D30 		ldrb	r3, [r7, #77]	@ zero_extendqisi2
 2859 0028 002B     		cmp	r3, #0
 2860 002a 40F07681 		bne	.L110
2207:Drivers/STM32F1xx_HAL_Driver/Src/stm32f1xx_hal_pcd.c ****     {
2208:Drivers/STM32F1xx_HAL_Driver/Src/stm32f1xx_hal_pcd.c ****       /* Decode and service control endpoint interrupt */
2209:Drivers/STM32F1xx_HAL_Driver/Src/stm32f1xx_hal_pcd.c **** 
2210:Drivers/STM32F1xx_HAL_Driver/Src/stm32f1xx_hal_pcd.c ****       /* DIR bit = origin of the interrupt */
2211:Drivers/STM32F1xx_HAL_Driver/Src/stm32f1xx_hal_pcd.c ****       if ((wIstr & USB_ISTR_DIR) == 0U)
 2861              		.loc 1 2211 18
 2862 002e B7F84E30 		ldrh	r3, [r7, #78]
 2863 0032 03F01003 		and	r3, r3, #16
 2864              		.loc 1 2211 10
ARM GAS  /var/folders/xf/tcndk8390ml5xdpfw93qkhpm0000gn/T//cceFQQPk.s 			page 89


 2865 0036 002B     		cmp	r3, #0
 2866 0038 4FD1     		bne	.L111
 2867              	.LBB2:
2212:Drivers/STM32F1xx_HAL_Driver/Src/stm32f1xx_hal_pcd.c ****       {
2213:Drivers/STM32F1xx_HAL_Driver/Src/stm32f1xx_hal_pcd.c ****         /* DIR = 0 */
2214:Drivers/STM32F1xx_HAL_Driver/Src/stm32f1xx_hal_pcd.c **** 
2215:Drivers/STM32F1xx_HAL_Driver/Src/stm32f1xx_hal_pcd.c ****         /* DIR = 0 => IN  int */
2216:Drivers/STM32F1xx_HAL_Driver/Src/stm32f1xx_hal_pcd.c ****         /* DIR = 0 implies that (EP_CTR_TX = 1) always */
2217:Drivers/STM32F1xx_HAL_Driver/Src/stm32f1xx_hal_pcd.c ****         PCD_CLEAR_TX_EP_CTR(hpcd->Instance, PCD_ENDP0);
 2868              		.loc 1 2217 9
 2869 003a 7B68     		ldr	r3, [r7, #4]
 2870 003c 1B68     		ldr	r3, [r3]
 2871 003e 1B88     		ldrh	r3, [r3]	@ movhi
 2872 0040 9BB2     		uxth	r3, r3
 2873 0042 23F4E143 		bic	r3, r3, #28800
 2874 0046 23F07003 		bic	r3, r3, #112
 2875 004a FB81     		strh	r3, [r7, #14]	@ movhi
 2876 004c 7B68     		ldr	r3, [r7, #4]
 2877 004e 1A68     		ldr	r2, [r3]
 2878 0050 FB89     		ldrh	r3, [r7, #14]	@ movhi
 2879 0052 6FEA4343 		mvn	r3, r3, lsl #17
 2880 0056 6FEA5343 		mvn	r3, r3, lsr #17
 2881 005a 9BB2     		uxth	r3, r3
 2882 005c 1380     		strh	r3, [r2]	@ movhi
 2883              	.LBE2:
2218:Drivers/STM32F1xx_HAL_Driver/Src/stm32f1xx_hal_pcd.c ****         ep = &hpcd->IN_ep[0];
 2884              		.loc 1 2218 12
 2885 005e 7B68     		ldr	r3, [r7, #4]
 2886 0060 1033     		adds	r3, r3, #16
 2887 0062 7B65     		str	r3, [r7, #84]
2219:Drivers/STM32F1xx_HAL_Driver/Src/stm32f1xx_hal_pcd.c **** 
2220:Drivers/STM32F1xx_HAL_Driver/Src/stm32f1xx_hal_pcd.c ****         ep->xfer_count = PCD_GET_EP_TX_CNT(hpcd->Instance, ep->num);
 2888              		.loc 1 2220 26
 2889 0064 7B68     		ldr	r3, [r7, #4]
 2890 0066 1B68     		ldr	r3, [r3]
 2891 0068 B3F85030 		ldrh	r3, [r3, #80]	@ movhi
 2892 006c 9BB2     		uxth	r3, r3
 2893 006e 1A46     		mov	r2, r3
 2894 0070 7B6D     		ldr	r3, [r7, #84]
 2895 0072 1B78     		ldrb	r3, [r3]	@ zero_extendqisi2
 2896 0074 DB00     		lsls	r3, r3, #3
 2897 0076 1344     		add	r3, r3, r2
 2898 0078 0233     		adds	r3, r3, #2
 2899 007a 5B00     		lsls	r3, r3, #1
 2900 007c 7A68     		ldr	r2, [r7, #4]
 2901 007e 1268     		ldr	r2, [r2]
 2902 0080 1344     		add	r3, r3, r2
 2903 0082 03F58063 		add	r3, r3, #1024
 2904 0086 1B88     		ldrh	r3, [r3]
 2905 0088 C3F30902 		ubfx	r2, r3, #0, #10
 2906              		.loc 1 2220 24
 2907 008c 7B6D     		ldr	r3, [r7, #84]
 2908 008e DA61     		str	r2, [r3, #28]
2221:Drivers/STM32F1xx_HAL_Driver/Src/stm32f1xx_hal_pcd.c ****         ep->xfer_buff += ep->xfer_count;
 2909              		.loc 1 2221 23
 2910 0090 7B6D     		ldr	r3, [r7, #84]
 2911 0092 5A69     		ldr	r2, [r3, #20]
ARM GAS  /var/folders/xf/tcndk8390ml5xdpfw93qkhpm0000gn/T//cceFQQPk.s 			page 90


 2912              		.loc 1 2221 28
 2913 0094 7B6D     		ldr	r3, [r7, #84]
 2914 0096 DB69     		ldr	r3, [r3, #28]
 2915              		.loc 1 2221 23
 2916 0098 1A44     		add	r2, r2, r3
 2917 009a 7B6D     		ldr	r3, [r7, #84]
 2918 009c 5A61     		str	r2, [r3, #20]
2222:Drivers/STM32F1xx_HAL_Driver/Src/stm32f1xx_hal_pcd.c **** 
2223:Drivers/STM32F1xx_HAL_Driver/Src/stm32f1xx_hal_pcd.c ****         /* TX COMPLETE */
2224:Drivers/STM32F1xx_HAL_Driver/Src/stm32f1xx_hal_pcd.c **** #if (USE_HAL_PCD_REGISTER_CALLBACKS == 1U)
2225:Drivers/STM32F1xx_HAL_Driver/Src/stm32f1xx_hal_pcd.c ****         hpcd->DataInStageCallback(hpcd, 0U);
2226:Drivers/STM32F1xx_HAL_Driver/Src/stm32f1xx_hal_pcd.c **** #else
2227:Drivers/STM32F1xx_HAL_Driver/Src/stm32f1xx_hal_pcd.c ****         HAL_PCD_DataInStageCallback(hpcd, 0U);
 2919              		.loc 1 2227 9
 2920 009e 0021     		movs	r1, #0
 2921 00a0 7868     		ldr	r0, [r7, #4]
 2922 00a2 FFF7FEFF 		bl	HAL_PCD_DataInStageCallback
2228:Drivers/STM32F1xx_HAL_Driver/Src/stm32f1xx_hal_pcd.c **** #endif /* USE_HAL_PCD_REGISTER_CALLBACKS */
2229:Drivers/STM32F1xx_HAL_Driver/Src/stm32f1xx_hal_pcd.c **** 
2230:Drivers/STM32F1xx_HAL_Driver/Src/stm32f1xx_hal_pcd.c ****         if ((hpcd->USB_Address > 0U) && (ep->xfer_len == 0U))
 2923              		.loc 1 2230 18
 2924 00a6 7B68     		ldr	r3, [r7, #4]
 2925 00a8 5B7B     		ldrb	r3, [r3, #13]
 2926 00aa DBB2     		uxtb	r3, r3
 2927              		.loc 1 2230 12
 2928 00ac 002B     		cmp	r3, #0
 2929 00ae 00F06983 		beq	.L109
 2930              		.loc 1 2230 44 discriminator 1
 2931 00b2 7B6D     		ldr	r3, [r7, #84]
 2932 00b4 9B69     		ldr	r3, [r3, #24]
 2933              		.loc 1 2230 38 discriminator 1
 2934 00b6 002B     		cmp	r3, #0
 2935 00b8 40F06483 		bne	.L109
2231:Drivers/STM32F1xx_HAL_Driver/Src/stm32f1xx_hal_pcd.c ****         {
2232:Drivers/STM32F1xx_HAL_Driver/Src/stm32f1xx_hal_pcd.c ****           hpcd->Instance->DADDR = ((uint16_t)hpcd->USB_Address | USB_DADDR_EF);
 2936              		.loc 1 2232 50
 2937 00bc 7B68     		ldr	r3, [r7, #4]
 2938 00be 5B7B     		ldrb	r3, [r3, #13]
 2939 00c0 DBB2     		uxtb	r3, r3
 2940              		.loc 1 2232 33
 2941 00c2 63F07F03 		orn	r3, r3, #127
 2942 00c6 DAB2     		uxtb	r2, r3
 2943              		.loc 1 2232 15
 2944 00c8 7B68     		ldr	r3, [r7, #4]
 2945 00ca 1B68     		ldr	r3, [r3]
 2946              		.loc 1 2232 33
 2947 00cc 92B2     		uxth	r2, r2
 2948 00ce A3F84C20 		strh	r2, [r3, #76]	@ movhi
2233:Drivers/STM32F1xx_HAL_Driver/Src/stm32f1xx_hal_pcd.c ****           hpcd->USB_Address = 0U;
 2949              		.loc 1 2233 29
 2950 00d2 7B68     		ldr	r3, [r7, #4]
 2951 00d4 0022     		movs	r2, #0
 2952 00d6 5A73     		strb	r2, [r3, #13]
 2953 00d8 54E3     		b	.L109
 2954              	.L111:
2234:Drivers/STM32F1xx_HAL_Driver/Src/stm32f1xx_hal_pcd.c ****         }
2235:Drivers/STM32F1xx_HAL_Driver/Src/stm32f1xx_hal_pcd.c ****       }
ARM GAS  /var/folders/xf/tcndk8390ml5xdpfw93qkhpm0000gn/T//cceFQQPk.s 			page 91


2236:Drivers/STM32F1xx_HAL_Driver/Src/stm32f1xx_hal_pcd.c ****       else
2237:Drivers/STM32F1xx_HAL_Driver/Src/stm32f1xx_hal_pcd.c ****       {
2238:Drivers/STM32F1xx_HAL_Driver/Src/stm32f1xx_hal_pcd.c ****         /* DIR = 1 */
2239:Drivers/STM32F1xx_HAL_Driver/Src/stm32f1xx_hal_pcd.c **** 
2240:Drivers/STM32F1xx_HAL_Driver/Src/stm32f1xx_hal_pcd.c ****         /* DIR = 1 & CTR_RX => SETUP or OUT int */
2241:Drivers/STM32F1xx_HAL_Driver/Src/stm32f1xx_hal_pcd.c ****         /* DIR = 1 & (CTR_TX | CTR_RX) => 2 int pending */
2242:Drivers/STM32F1xx_HAL_Driver/Src/stm32f1xx_hal_pcd.c ****         ep = &hpcd->OUT_ep[0];
 2955              		.loc 1 2242 12
 2956 00da 7B68     		ldr	r3, [r7, #4]
 2957 00dc 03F5A873 		add	r3, r3, #336
 2958 00e0 7B65     		str	r3, [r7, #84]
2243:Drivers/STM32F1xx_HAL_Driver/Src/stm32f1xx_hal_pcd.c ****         wEPVal = PCD_GET_ENDPOINT(hpcd->Instance, PCD_ENDP0);
 2959              		.loc 1 2243 18
 2960 00e2 7B68     		ldr	r3, [r7, #4]
 2961 00e4 1B68     		ldr	r3, [r3]
 2962              		.loc 1 2243 16
 2963 00e6 1B88     		ldrh	r3, [r3]	@ movhi
 2964 00e8 A7F84A30 		strh	r3, [r7, #74]	@ movhi
2244:Drivers/STM32F1xx_HAL_Driver/Src/stm32f1xx_hal_pcd.c **** 
2245:Drivers/STM32F1xx_HAL_Driver/Src/stm32f1xx_hal_pcd.c ****         if ((wEPVal & USB_EP_SETUP) != 0U)
 2965              		.loc 1 2245 21
 2966 00ec B7F84A30 		ldrh	r3, [r7, #74]
 2967 00f0 03F40063 		and	r3, r3, #2048
 2968              		.loc 1 2245 12
 2969 00f4 002B     		cmp	r3, #0
 2970 00f6 34D0     		beq	.L112
2246:Drivers/STM32F1xx_HAL_Driver/Src/stm32f1xx_hal_pcd.c ****         {
2247:Drivers/STM32F1xx_HAL_Driver/Src/stm32f1xx_hal_pcd.c ****           /* Get SETUP Packet */
2248:Drivers/STM32F1xx_HAL_Driver/Src/stm32f1xx_hal_pcd.c ****           ep->xfer_count = PCD_GET_EP_RX_CNT(hpcd->Instance, ep->num);
 2971              		.loc 1 2248 28
 2972 00f8 7B68     		ldr	r3, [r7, #4]
 2973 00fa 1B68     		ldr	r3, [r3]
 2974 00fc B3F85030 		ldrh	r3, [r3, #80]	@ movhi
 2975 0100 9BB2     		uxth	r3, r3
 2976 0102 1A46     		mov	r2, r3
 2977 0104 7B6D     		ldr	r3, [r7, #84]
 2978 0106 1B78     		ldrb	r3, [r3]	@ zero_extendqisi2
 2979 0108 DB00     		lsls	r3, r3, #3
 2980 010a 1344     		add	r3, r3, r2
 2981 010c 0633     		adds	r3, r3, #6
 2982 010e 5B00     		lsls	r3, r3, #1
 2983 0110 7A68     		ldr	r2, [r7, #4]
 2984 0112 1268     		ldr	r2, [r2]
 2985 0114 1344     		add	r3, r3, r2
 2986 0116 03F58063 		add	r3, r3, #1024
 2987 011a 1B88     		ldrh	r3, [r3]
 2988 011c C3F30902 		ubfx	r2, r3, #0, #10
 2989              		.loc 1 2248 26
 2990 0120 7B6D     		ldr	r3, [r7, #84]
 2991 0122 DA61     		str	r2, [r3, #28]
2249:Drivers/STM32F1xx_HAL_Driver/Src/stm32f1xx_hal_pcd.c **** 
2250:Drivers/STM32F1xx_HAL_Driver/Src/stm32f1xx_hal_pcd.c ****           USB_ReadPMA(hpcd->Instance, (uint8_t *)hpcd->Setup,
 2992              		.loc 1 2250 27
 2993 0124 7B68     		ldr	r3, [r7, #4]
 2994 0126 1868     		ldr	r0, [r3]
 2995              		.loc 1 2250 50
 2996 0128 7B68     		ldr	r3, [r7, #4]
ARM GAS  /var/folders/xf/tcndk8390ml5xdpfw93qkhpm0000gn/T//cceFQQPk.s 			page 92


 2997 012a 03F52671 		add	r1, r3, #664
 2998              		.loc 1 2250 11
 2999 012e 7B6D     		ldr	r3, [r7, #84]
 3000 0130 DA88     		ldrh	r2, [r3, #6]
2251:Drivers/STM32F1xx_HAL_Driver/Src/stm32f1xx_hal_pcd.c ****                       ep->pmaadress, (uint16_t)ep->xfer_count);
 3001              		.loc 1 2251 50
 3002 0132 7B6D     		ldr	r3, [r7, #84]
 3003 0134 DB69     		ldr	r3, [r3, #28]
2250:Drivers/STM32F1xx_HAL_Driver/Src/stm32f1xx_hal_pcd.c ****                       ep->pmaadress, (uint16_t)ep->xfer_count);
 3004              		.loc 1 2250 11
 3005 0136 9BB2     		uxth	r3, r3
 3006 0138 FFF7FEFF 		bl	USB_ReadPMA
 3007              	.LBB3:
2252:Drivers/STM32F1xx_HAL_Driver/Src/stm32f1xx_hal_pcd.c **** 
2253:Drivers/STM32F1xx_HAL_Driver/Src/stm32f1xx_hal_pcd.c ****           /* SETUP bit kept frozen while CTR_RX = 1 */
2254:Drivers/STM32F1xx_HAL_Driver/Src/stm32f1xx_hal_pcd.c ****           PCD_CLEAR_RX_EP_CTR(hpcd->Instance, PCD_ENDP0);
 3008              		.loc 1 2254 11
 3009 013c 7B68     		ldr	r3, [r7, #4]
 3010 013e 1B68     		ldr	r3, [r3]
 3011 0140 1B88     		ldrh	r3, [r3]	@ movhi
 3012 0142 9AB2     		uxth	r2, r3
 3013 0144 40F68F73 		movw	r3, #3983
 3014 0148 1340     		ands	r3, r3, r2
 3015 014a 3B82     		strh	r3, [r7, #16]	@ movhi
 3016 014c 7B68     		ldr	r3, [r7, #4]
 3017 014e 1B68     		ldr	r3, [r3]
 3018 0150 3A8A     		ldrh	r2, [r7, #16]	@ movhi
 3019 0152 42F08002 		orr	r2, r2, #128
 3020 0156 92B2     		uxth	r2, r2
 3021 0158 1A80     		strh	r2, [r3]	@ movhi
 3022              	.LBE3:
2255:Drivers/STM32F1xx_HAL_Driver/Src/stm32f1xx_hal_pcd.c **** 
2256:Drivers/STM32F1xx_HAL_Driver/Src/stm32f1xx_hal_pcd.c ****           /* Process SETUP Packet*/
2257:Drivers/STM32F1xx_HAL_Driver/Src/stm32f1xx_hal_pcd.c **** #if (USE_HAL_PCD_REGISTER_CALLBACKS == 1U)
2258:Drivers/STM32F1xx_HAL_Driver/Src/stm32f1xx_hal_pcd.c ****           hpcd->SetupStageCallback(hpcd);
2259:Drivers/STM32F1xx_HAL_Driver/Src/stm32f1xx_hal_pcd.c **** #else
2260:Drivers/STM32F1xx_HAL_Driver/Src/stm32f1xx_hal_pcd.c ****           HAL_PCD_SetupStageCallback(hpcd);
 3023              		.loc 1 2260 11
 3024 015a 7868     		ldr	r0, [r7, #4]
 3025 015c FFF7FEFF 		bl	HAL_PCD_SetupStageCallback
 3026 0160 10E3     		b	.L109
 3027              	.L112:
2261:Drivers/STM32F1xx_HAL_Driver/Src/stm32f1xx_hal_pcd.c **** #endif /* USE_HAL_PCD_REGISTER_CALLBACKS */
2262:Drivers/STM32F1xx_HAL_Driver/Src/stm32f1xx_hal_pcd.c ****         }
2263:Drivers/STM32F1xx_HAL_Driver/Src/stm32f1xx_hal_pcd.c ****         else if ((wEPVal & USB_EP_CTR_RX) != 0U)
 3028              		.loc 1 2263 43
 3029 0162 B7F94A30 		ldrsh	r3, [r7, #74]
 3030              		.loc 1 2263 17
 3031 0166 002B     		cmp	r3, #0
 3032 0168 80F20C83 		bge	.L109
 3033              	.LBB4:
2264:Drivers/STM32F1xx_HAL_Driver/Src/stm32f1xx_hal_pcd.c ****         {
2265:Drivers/STM32F1xx_HAL_Driver/Src/stm32f1xx_hal_pcd.c ****           PCD_CLEAR_RX_EP_CTR(hpcd->Instance, PCD_ENDP0);
 3034              		.loc 1 2265 11
 3035 016c 7B68     		ldr	r3, [r7, #4]
 3036 016e 1B68     		ldr	r3, [r3]
 3037 0170 1B88     		ldrh	r3, [r3]	@ movhi
ARM GAS  /var/folders/xf/tcndk8390ml5xdpfw93qkhpm0000gn/T//cceFQQPk.s 			page 93


 3038 0172 9AB2     		uxth	r2, r3
 3039 0174 40F68F73 		movw	r3, #3983
 3040 0178 1340     		ands	r3, r3, r2
 3041 017a FB83     		strh	r3, [r7, #30]	@ movhi
 3042 017c 7B68     		ldr	r3, [r7, #4]
 3043 017e 1B68     		ldr	r3, [r3]
 3044 0180 FA8B     		ldrh	r2, [r7, #30]	@ movhi
 3045 0182 42F08002 		orr	r2, r2, #128
 3046 0186 92B2     		uxth	r2, r2
 3047 0188 1A80     		strh	r2, [r3]	@ movhi
 3048              	.LBE4:
2266:Drivers/STM32F1xx_HAL_Driver/Src/stm32f1xx_hal_pcd.c **** 
2267:Drivers/STM32F1xx_HAL_Driver/Src/stm32f1xx_hal_pcd.c ****           /* Get Control Data OUT Packet */
2268:Drivers/STM32F1xx_HAL_Driver/Src/stm32f1xx_hal_pcd.c ****           ep->xfer_count = PCD_GET_EP_RX_CNT(hpcd->Instance, ep->num);
 3049              		.loc 1 2268 28
 3050 018a 7B68     		ldr	r3, [r7, #4]
 3051 018c 1B68     		ldr	r3, [r3]
 3052 018e B3F85030 		ldrh	r3, [r3, #80]	@ movhi
 3053 0192 9BB2     		uxth	r3, r3
 3054 0194 1A46     		mov	r2, r3
 3055 0196 7B6D     		ldr	r3, [r7, #84]
 3056 0198 1B78     		ldrb	r3, [r3]	@ zero_extendqisi2
 3057 019a DB00     		lsls	r3, r3, #3
 3058 019c 1344     		add	r3, r3, r2
 3059 019e 0633     		adds	r3, r3, #6
 3060 01a0 5B00     		lsls	r3, r3, #1
 3061 01a2 7A68     		ldr	r2, [r7, #4]
 3062 01a4 1268     		ldr	r2, [r2]
 3063 01a6 1344     		add	r3, r3, r2
 3064 01a8 03F58063 		add	r3, r3, #1024
 3065 01ac 1B88     		ldrh	r3, [r3]
 3066 01ae C3F30902 		ubfx	r2, r3, #0, #10
 3067              		.loc 1 2268 26
 3068 01b2 7B6D     		ldr	r3, [r7, #84]
 3069 01b4 DA61     		str	r2, [r3, #28]
2269:Drivers/STM32F1xx_HAL_Driver/Src/stm32f1xx_hal_pcd.c **** 
2270:Drivers/STM32F1xx_HAL_Driver/Src/stm32f1xx_hal_pcd.c ****           if ((ep->xfer_count != 0U) && (ep->xfer_buff != 0U))
 3070              		.loc 1 2270 18
 3071 01b6 7B6D     		ldr	r3, [r7, #84]
 3072 01b8 DB69     		ldr	r3, [r3, #28]
 3073              		.loc 1 2270 14
 3074 01ba 002B     		cmp	r3, #0
 3075 01bc 19D0     		beq	.L113
 3076              		.loc 1 2270 44 discriminator 1
 3077 01be 7B6D     		ldr	r3, [r7, #84]
 3078 01c0 5B69     		ldr	r3, [r3, #20]
 3079              		.loc 1 2270 38 discriminator 1
 3080 01c2 002B     		cmp	r3, #0
 3081 01c4 15D0     		beq	.L113
2271:Drivers/STM32F1xx_HAL_Driver/Src/stm32f1xx_hal_pcd.c ****           {
2272:Drivers/STM32F1xx_HAL_Driver/Src/stm32f1xx_hal_pcd.c ****             USB_ReadPMA(hpcd->Instance, ep->xfer_buff,
 3082              		.loc 1 2272 29
 3083 01c6 7B68     		ldr	r3, [r7, #4]
 3084 01c8 1868     		ldr	r0, [r3]
 3085              		.loc 1 2272 13
 3086 01ca 7B6D     		ldr	r3, [r7, #84]
 3087 01cc 5969     		ldr	r1, [r3, #20]
ARM GAS  /var/folders/xf/tcndk8390ml5xdpfw93qkhpm0000gn/T//cceFQQPk.s 			page 94


 3088 01ce 7B6D     		ldr	r3, [r7, #84]
 3089 01d0 DA88     		ldrh	r2, [r3, #6]
2273:Drivers/STM32F1xx_HAL_Driver/Src/stm32f1xx_hal_pcd.c ****                         ep->pmaadress, (uint16_t)ep->xfer_count);
 3090              		.loc 1 2273 52
 3091 01d2 7B6D     		ldr	r3, [r7, #84]
 3092 01d4 DB69     		ldr	r3, [r3, #28]
2272:Drivers/STM32F1xx_HAL_Driver/Src/stm32f1xx_hal_pcd.c ****                         ep->pmaadress, (uint16_t)ep->xfer_count);
 3093              		.loc 1 2272 13
 3094 01d6 9BB2     		uxth	r3, r3
 3095 01d8 FFF7FEFF 		bl	USB_ReadPMA
2274:Drivers/STM32F1xx_HAL_Driver/Src/stm32f1xx_hal_pcd.c **** 
2275:Drivers/STM32F1xx_HAL_Driver/Src/stm32f1xx_hal_pcd.c ****             ep->xfer_buff += ep->xfer_count;
 3096              		.loc 1 2275 27
 3097 01dc 7B6D     		ldr	r3, [r7, #84]
 3098 01de 5A69     		ldr	r2, [r3, #20]
 3099              		.loc 1 2275 32
 3100 01e0 7B6D     		ldr	r3, [r7, #84]
 3101 01e2 DB69     		ldr	r3, [r3, #28]
 3102              		.loc 1 2275 27
 3103 01e4 1A44     		add	r2, r2, r3
 3104 01e6 7B6D     		ldr	r3, [r7, #84]
 3105 01e8 5A61     		str	r2, [r3, #20]
2276:Drivers/STM32F1xx_HAL_Driver/Src/stm32f1xx_hal_pcd.c **** 
2277:Drivers/STM32F1xx_HAL_Driver/Src/stm32f1xx_hal_pcd.c ****             /* Process Control Data OUT Packet */
2278:Drivers/STM32F1xx_HAL_Driver/Src/stm32f1xx_hal_pcd.c **** #if (USE_HAL_PCD_REGISTER_CALLBACKS == 1U)
2279:Drivers/STM32F1xx_HAL_Driver/Src/stm32f1xx_hal_pcd.c ****             hpcd->DataOutStageCallback(hpcd, 0U);
2280:Drivers/STM32F1xx_HAL_Driver/Src/stm32f1xx_hal_pcd.c **** #else
2281:Drivers/STM32F1xx_HAL_Driver/Src/stm32f1xx_hal_pcd.c ****             HAL_PCD_DataOutStageCallback(hpcd, 0U);
 3106              		.loc 1 2281 13
 3107 01ea 0021     		movs	r1, #0
 3108 01ec 7868     		ldr	r0, [r7, #4]
 3109 01ee FFF7FEFF 		bl	HAL_PCD_DataOutStageCallback
 3110              	.L113:
2282:Drivers/STM32F1xx_HAL_Driver/Src/stm32f1xx_hal_pcd.c **** #endif /* USE_HAL_PCD_REGISTER_CALLBACKS */
2283:Drivers/STM32F1xx_HAL_Driver/Src/stm32f1xx_hal_pcd.c ****           }
2284:Drivers/STM32F1xx_HAL_Driver/Src/stm32f1xx_hal_pcd.c **** 
2285:Drivers/STM32F1xx_HAL_Driver/Src/stm32f1xx_hal_pcd.c ****           wEPVal = (uint16_t)PCD_GET_ENDPOINT(hpcd->Instance, PCD_ENDP0);
 3111              		.loc 1 2285 30
 3112 01f2 7B68     		ldr	r3, [r7, #4]
 3113 01f4 1B68     		ldr	r3, [r3]
 3114              		.loc 1 2285 18
 3115 01f6 1B88     		ldrh	r3, [r3]	@ movhi
 3116 01f8 A7F84A30 		strh	r3, [r7, #74]	@ movhi
2286:Drivers/STM32F1xx_HAL_Driver/Src/stm32f1xx_hal_pcd.c **** 
2287:Drivers/STM32F1xx_HAL_Driver/Src/stm32f1xx_hal_pcd.c ****           if (((wEPVal & USB_EP_SETUP) == 0U) && ((wEPVal & USB_EP_RX_STRX) != USB_EP_RX_VALID))
 3117              		.loc 1 2287 24
 3118 01fc B7F84A30 		ldrh	r3, [r7, #74]
 3119 0200 03F40063 		and	r3, r3, #2048
 3120              		.loc 1 2287 14
 3121 0204 002B     		cmp	r3, #0
 3122 0206 40F0BD82 		bne	.L109
 3123              		.loc 1 2287 59 discriminator 1
 3124 020a B7F84A30 		ldrh	r3, [r7, #74]
 3125 020e 03F44053 		and	r3, r3, #12288
 3126              		.loc 1 2287 47 discriminator 1
 3127 0212 B3F5405F 		cmp	r3, #12288
 3128 0216 00F0B582 		beq	.L109
ARM GAS  /var/folders/xf/tcndk8390ml5xdpfw93qkhpm0000gn/T//cceFQQPk.s 			page 95


 3129              	.LBB5:
2288:Drivers/STM32F1xx_HAL_Driver/Src/stm32f1xx_hal_pcd.c ****           {
2289:Drivers/STM32F1xx_HAL_Driver/Src/stm32f1xx_hal_pcd.c ****             PCD_SET_EP_RX_CNT(hpcd->Instance, PCD_ENDP0, ep->maxpacket);
 3130              		.loc 1 2289 13
 3131 021a 7B68     		ldr	r3, [r7, #4]
 3132 021c 1B68     		ldr	r3, [r3]
 3133 021e BB61     		str	r3, [r7, #24]
 3134 0220 7B68     		ldr	r3, [r7, #4]
 3135 0222 1B68     		ldr	r3, [r3]
 3136 0224 B3F85030 		ldrh	r3, [r3, #80]	@ movhi
 3137 0228 9BB2     		uxth	r3, r3
 3138 022a 1A46     		mov	r2, r3
 3139 022c BB69     		ldr	r3, [r7, #24]
 3140 022e 1344     		add	r3, r3, r2
 3141 0230 BB61     		str	r3, [r7, #24]
 3142 0232 BB69     		ldr	r3, [r7, #24]
 3143 0234 03F20C43 		addw	r3, r3, #1036
 3144 0238 7B61     		str	r3, [r7, #20]
 3145              	.LBB6:
 3146 023a 7B69     		ldr	r3, [r7, #20]
 3147 023c 1B88     		ldrh	r3, [r3]	@ movhi
 3148 023e 9BB2     		uxth	r3, r3
 3149 0240 C3F30903 		ubfx	r3, r3, #0, #10
 3150 0244 9AB2     		uxth	r2, r3
 3151 0246 7B69     		ldr	r3, [r7, #20]
 3152 0248 1A80     		strh	r2, [r3]	@ movhi
 3153 024a 7B6D     		ldr	r3, [r7, #84]
 3154 024c 1B69     		ldr	r3, [r3, #16]
 3155 024e 3E2B     		cmp	r3, #62
 3156 0250 1DD9     		bls	.L114
 3157              		.loc 1 2289 13 is_stmt 0 discriminator 1
 3158 0252 7B6D     		ldr	r3, [r7, #84]
 3159 0254 1B69     		ldr	r3, [r3, #16]
 3160 0256 5B09     		lsrs	r3, r3, #5
 3161 0258 7B64     		str	r3, [r7, #68]
 3162 025a 7B6D     		ldr	r3, [r7, #84]
 3163 025c 1B69     		ldr	r3, [r3, #16]
 3164 025e 03F01F03 		and	r3, r3, #31
 3165 0262 002B     		cmp	r3, #0
 3166 0264 02D1     		bne	.L115
 3167              		.loc 1 2289 13 discriminator 3
 3168 0266 7B6C     		ldr	r3, [r7, #68]
 3169 0268 013B     		subs	r3, r3, #1
 3170 026a 7B64     		str	r3, [r7, #68]
 3171              	.L115:
 3172              		.loc 1 2289 13 discriminator 5
 3173 026c 7B69     		ldr	r3, [r7, #20]
 3174 026e 1B88     		ldrh	r3, [r3]	@ movhi
 3175 0270 9AB2     		uxth	r2, r3
 3176 0272 7B6C     		ldr	r3, [r7, #68]
 3177 0274 9BB2     		uxth	r3, r3
 3178 0276 9B02     		lsls	r3, r3, #10
 3179 0278 9BB2     		uxth	r3, r3
 3180 027a 1343     		orrs	r3, r3, r2
 3181 027c 9BB2     		uxth	r3, r3
 3182 027e 6FEA4343 		mvn	r3, r3, lsl #17
 3183 0282 6FEA5343 		mvn	r3, r3, lsr #17
ARM GAS  /var/folders/xf/tcndk8390ml5xdpfw93qkhpm0000gn/T//cceFQQPk.s 			page 96


 3184 0286 9AB2     		uxth	r2, r3
 3185 0288 7B69     		ldr	r3, [r7, #20]
 3186 028a 1A80     		strh	r2, [r3]	@ movhi
 3187 028c 26E0     		b	.L116
 3188              	.L114:
 3189              		.loc 1 2289 13 discriminator 2
 3190 028e 7B6D     		ldr	r3, [r7, #84]
 3191 0290 1B69     		ldr	r3, [r3, #16]
 3192 0292 002B     		cmp	r3, #0
 3193 0294 0AD1     		bne	.L117
 3194              		.loc 1 2289 13 discriminator 6
 3195 0296 7B69     		ldr	r3, [r7, #20]
 3196 0298 1B88     		ldrh	r3, [r3]	@ movhi
 3197 029a 9BB2     		uxth	r3, r3
 3198 029c 6FEA4343 		mvn	r3, r3, lsl #17
 3199 02a0 6FEA5343 		mvn	r3, r3, lsr #17
 3200 02a4 9AB2     		uxth	r2, r3
 3201 02a6 7B69     		ldr	r3, [r7, #20]
 3202 02a8 1A80     		strh	r2, [r3]	@ movhi
 3203 02aa 17E0     		b	.L116
 3204              	.L117:
 3205              		.loc 1 2289 13 discriminator 7
 3206 02ac 7B6D     		ldr	r3, [r7, #84]
 3207 02ae 1B69     		ldr	r3, [r3, #16]
 3208 02b0 5B08     		lsrs	r3, r3, #1
 3209 02b2 7B64     		str	r3, [r7, #68]
 3210 02b4 7B6D     		ldr	r3, [r7, #84]
 3211 02b6 1B69     		ldr	r3, [r3, #16]
 3212 02b8 03F00103 		and	r3, r3, #1
 3213 02bc 002B     		cmp	r3, #0
 3214 02be 02D0     		beq	.L118
 3215              		.loc 1 2289 13 discriminator 8
 3216 02c0 7B6C     		ldr	r3, [r7, #68]
 3217 02c2 0133     		adds	r3, r3, #1
 3218 02c4 7B64     		str	r3, [r7, #68]
 3219              	.L118:
 3220              		.loc 1 2289 13 discriminator 10
 3221 02c6 7B69     		ldr	r3, [r7, #20]
 3222 02c8 1B88     		ldrh	r3, [r3]	@ movhi
 3223 02ca 9AB2     		uxth	r2, r3
 3224 02cc 7B6C     		ldr	r3, [r7, #68]
 3225 02ce 9BB2     		uxth	r3, r3
 3226 02d0 9B02     		lsls	r3, r3, #10
 3227 02d2 9BB2     		uxth	r3, r3
 3228 02d4 1343     		orrs	r3, r3, r2
 3229 02d6 9AB2     		uxth	r2, r3
 3230 02d8 7B69     		ldr	r3, [r7, #20]
 3231 02da 1A80     		strh	r2, [r3]	@ movhi
 3232              	.L116:
 3233              	.LBE6:
 3234              	.LBE5:
 3235              	.LBB7:
2290:Drivers/STM32F1xx_HAL_Driver/Src/stm32f1xx_hal_pcd.c ****             PCD_SET_EP_RX_STATUS(hpcd->Instance, PCD_ENDP0, USB_EP_RX_VALID);
 3236              		.loc 1 2290 13 is_stmt 1
 3237 02dc 7B68     		ldr	r3, [r7, #4]
 3238 02de 1B68     		ldr	r3, [r3]
 3239 02e0 1B88     		ldrh	r3, [r3]	@ movhi
ARM GAS  /var/folders/xf/tcndk8390ml5xdpfw93qkhpm0000gn/T//cceFQQPk.s 			page 97


 3240 02e2 9BB2     		uxth	r3, r3
 3241 02e4 23F48043 		bic	r3, r3, #16384
 3242 02e8 23F07003 		bic	r3, r3, #112
 3243 02ec 7B82     		strh	r3, [r7, #18]	@ movhi
 3244 02ee 7B8A     		ldrh	r3, [r7, #18]	@ movhi
 3245 02f0 83F48053 		eor	r3, r3, #4096
 3246 02f4 7B82     		strh	r3, [r7, #18]	@ movhi
 3247 02f6 7B8A     		ldrh	r3, [r7, #18]	@ movhi
 3248 02f8 83F40053 		eor	r3, r3, #8192
 3249 02fc 7B82     		strh	r3, [r7, #18]	@ movhi
 3250 02fe 7B68     		ldr	r3, [r7, #4]
 3251 0300 1A68     		ldr	r2, [r3]
 3252 0302 7B8A     		ldrh	r3, [r7, #18]	@ movhi
 3253 0304 43F07F43 		orr	r3, r3, #-16777216
 3254 0308 43F47F03 		orr	r3, r3, #16711680
 3255 030c 43F40043 		orr	r3, r3, #32768
 3256 0310 43F08003 		orr	r3, r3, #128
 3257 0314 9BB2     		uxth	r3, r3
 3258 0316 1380     		strh	r3, [r2]	@ movhi
 3259 0318 34E2     		b	.L109
 3260              	.L110:
 3261              	.LBE7:
2291:Drivers/STM32F1xx_HAL_Driver/Src/stm32f1xx_hal_pcd.c ****           }
2292:Drivers/STM32F1xx_HAL_Driver/Src/stm32f1xx_hal_pcd.c ****         }
2293:Drivers/STM32F1xx_HAL_Driver/Src/stm32f1xx_hal_pcd.c ****       }
2294:Drivers/STM32F1xx_HAL_Driver/Src/stm32f1xx_hal_pcd.c ****     }
2295:Drivers/STM32F1xx_HAL_Driver/Src/stm32f1xx_hal_pcd.c ****     else
2296:Drivers/STM32F1xx_HAL_Driver/Src/stm32f1xx_hal_pcd.c ****     {
2297:Drivers/STM32F1xx_HAL_Driver/Src/stm32f1xx_hal_pcd.c ****       /* Decode and service non control endpoints interrupt */
2298:Drivers/STM32F1xx_HAL_Driver/Src/stm32f1xx_hal_pcd.c ****       /* process related endpoint register */
2299:Drivers/STM32F1xx_HAL_Driver/Src/stm32f1xx_hal_pcd.c ****       wEPVal = PCD_GET_ENDPOINT(hpcd->Instance, epindex);
 3262              		.loc 1 2299 16
 3263 031a 7B68     		ldr	r3, [r7, #4]
 3264 031c 1B68     		ldr	r3, [r3]
 3265 031e 1A46     		mov	r2, r3
 3266 0320 97F84D30 		ldrb	r3, [r7, #77]	@ zero_extendqisi2
 3267 0324 9B00     		lsls	r3, r3, #2
 3268 0326 1344     		add	r3, r3, r2
 3269              		.loc 1 2299 14
 3270 0328 1B88     		ldrh	r3, [r3]	@ movhi
 3271 032a A7F84A30 		strh	r3, [r7, #74]	@ movhi
2300:Drivers/STM32F1xx_HAL_Driver/Src/stm32f1xx_hal_pcd.c **** 
2301:Drivers/STM32F1xx_HAL_Driver/Src/stm32f1xx_hal_pcd.c ****       if ((wEPVal & USB_EP_CTR_RX) != 0U)
 3272              		.loc 1 2301 36
 3273 032e B7F94A30 		ldrsh	r3, [r7, #74]
 3274              		.loc 1 2301 10
 3275 0332 002B     		cmp	r3, #0
 3276 0334 80F2FC80 		bge	.L119
 3277              	.LBB8:
2302:Drivers/STM32F1xx_HAL_Driver/Src/stm32f1xx_hal_pcd.c ****       {
2303:Drivers/STM32F1xx_HAL_Driver/Src/stm32f1xx_hal_pcd.c ****         /* clear int flag */
2304:Drivers/STM32F1xx_HAL_Driver/Src/stm32f1xx_hal_pcd.c ****         PCD_CLEAR_RX_EP_CTR(hpcd->Instance, epindex);
 3278              		.loc 1 2304 9
 3279 0338 7B68     		ldr	r3, [r7, #4]
 3280 033a 1B68     		ldr	r3, [r3]
 3281 033c 1A46     		mov	r2, r3
 3282 033e 97F84D30 		ldrb	r3, [r7, #77]	@ zero_extendqisi2
ARM GAS  /var/folders/xf/tcndk8390ml5xdpfw93qkhpm0000gn/T//cceFQQPk.s 			page 98


 3283 0342 9B00     		lsls	r3, r3, #2
 3284 0344 1344     		add	r3, r3, r2
 3285 0346 1B88     		ldrh	r3, [r3]	@ movhi
 3286 0348 9AB2     		uxth	r2, r3
 3287 034a 40F68F73 		movw	r3, #3983
 3288 034e 1340     		ands	r3, r3, r2
 3289 0350 A7F84830 		strh	r3, [r7, #72]	@ movhi
 3290 0354 7B68     		ldr	r3, [r7, #4]
 3291 0356 1B68     		ldr	r3, [r3]
 3292 0358 1A46     		mov	r2, r3
 3293 035a 97F84D30 		ldrb	r3, [r7, #77]	@ zero_extendqisi2
 3294 035e 9B00     		lsls	r3, r3, #2
 3295 0360 1344     		add	r3, r3, r2
 3296 0362 B7F84820 		ldrh	r2, [r7, #72]	@ movhi
 3297 0366 42F08002 		orr	r2, r2, #128
 3298 036a 92B2     		uxth	r2, r2
 3299 036c 1A80     		strh	r2, [r3]	@ movhi
 3300              	.LBE8:
2305:Drivers/STM32F1xx_HAL_Driver/Src/stm32f1xx_hal_pcd.c ****         ep = &hpcd->OUT_ep[epindex];
 3301              		.loc 1 2305 27
 3302 036e 97F84D20 		ldrb	r2, [r7, #77]	@ zero_extendqisi2
 3303              		.loc 1 2305 12
 3304 0372 1346     		mov	r3, r2
 3305 0374 9B00     		lsls	r3, r3, #2
 3306 0376 1344     		add	r3, r3, r2
 3307 0378 DB00     		lsls	r3, r3, #3
 3308 037a 03F5A873 		add	r3, r3, #336
 3309 037e 7A68     		ldr	r2, [r7, #4]
 3310 0380 1344     		add	r3, r3, r2
 3311 0382 7B65     		str	r3, [r7, #84]
2306:Drivers/STM32F1xx_HAL_Driver/Src/stm32f1xx_hal_pcd.c **** 
2307:Drivers/STM32F1xx_HAL_Driver/Src/stm32f1xx_hal_pcd.c ****         /* OUT Single Buffering */
2308:Drivers/STM32F1xx_HAL_Driver/Src/stm32f1xx_hal_pcd.c ****         if (ep->doublebuffer == 0U)
 3312              		.loc 1 2308 15
 3313 0384 7B6D     		ldr	r3, [r7, #84]
 3314 0386 1B7B     		ldrb	r3, [r3, #12]	@ zero_extendqisi2
 3315              		.loc 1 2308 12
 3316 0388 002B     		cmp	r3, #0
 3317 038a 25D1     		bne	.L120
2309:Drivers/STM32F1xx_HAL_Driver/Src/stm32f1xx_hal_pcd.c ****         {
2310:Drivers/STM32F1xx_HAL_Driver/Src/stm32f1xx_hal_pcd.c ****           count = (uint16_t)PCD_GET_EP_RX_CNT(hpcd->Instance, ep->num);
 3318              		.loc 1 2310 29
 3319 038c 7B68     		ldr	r3, [r7, #4]
 3320 038e 1B68     		ldr	r3, [r3]
 3321 0390 B3F85030 		ldrh	r3, [r3, #80]	@ movhi
 3322 0394 9BB2     		uxth	r3, r3
 3323 0396 1A46     		mov	r2, r3
 3324 0398 7B6D     		ldr	r3, [r7, #84]
 3325 039a 1B78     		ldrb	r3, [r3]	@ zero_extendqisi2
 3326 039c DB00     		lsls	r3, r3, #3
 3327 039e 1344     		add	r3, r3, r2
 3328 03a0 0633     		adds	r3, r3, #6
 3329 03a2 5B00     		lsls	r3, r3, #1
 3330 03a4 7A68     		ldr	r2, [r7, #4]
 3331 03a6 1268     		ldr	r2, [r2]
 3332 03a8 1344     		add	r3, r3, r2
 3333 03aa 03F58063 		add	r3, r3, #1024
ARM GAS  /var/folders/xf/tcndk8390ml5xdpfw93qkhpm0000gn/T//cceFQQPk.s 			page 99


 3334 03ae 1B88     		ldrh	r3, [r3]
 3335              		.loc 1 2310 17
 3336 03b0 C3F30903 		ubfx	r3, r3, #0, #10
 3337 03b4 A7F85030 		strh	r3, [r7, #80]	@ movhi
2311:Drivers/STM32F1xx_HAL_Driver/Src/stm32f1xx_hal_pcd.c **** 
2312:Drivers/STM32F1xx_HAL_Driver/Src/stm32f1xx_hal_pcd.c ****           if (count != 0U)
 3338              		.loc 1 2312 14
 3339 03b8 B7F85030 		ldrh	r3, [r7, #80]
 3340 03bc 002B     		cmp	r3, #0
 3341 03be 00F09280 		beq	.L121
2313:Drivers/STM32F1xx_HAL_Driver/Src/stm32f1xx_hal_pcd.c ****           {
2314:Drivers/STM32F1xx_HAL_Driver/Src/stm32f1xx_hal_pcd.c ****             USB_ReadPMA(hpcd->Instance, ep->xfer_buff, ep->pmaadress, count);
 3342              		.loc 1 2314 29
 3343 03c2 7B68     		ldr	r3, [r7, #4]
 3344 03c4 1868     		ldr	r0, [r3]
 3345              		.loc 1 2314 13
 3346 03c6 7B6D     		ldr	r3, [r7, #84]
 3347 03c8 5969     		ldr	r1, [r3, #20]
 3348 03ca 7B6D     		ldr	r3, [r7, #84]
 3349 03cc DA88     		ldrh	r2, [r3, #6]
 3350 03ce B7F85030 		ldrh	r3, [r7, #80]
 3351 03d2 FFF7FEFF 		bl	USB_ReadPMA
 3352 03d6 86E0     		b	.L121
 3353              	.L120:
2315:Drivers/STM32F1xx_HAL_Driver/Src/stm32f1xx_hal_pcd.c ****           }
2316:Drivers/STM32F1xx_HAL_Driver/Src/stm32f1xx_hal_pcd.c ****         }
2317:Drivers/STM32F1xx_HAL_Driver/Src/stm32f1xx_hal_pcd.c **** #if (USE_USB_DOUBLE_BUFFER == 1U)
2318:Drivers/STM32F1xx_HAL_Driver/Src/stm32f1xx_hal_pcd.c ****         else
2319:Drivers/STM32F1xx_HAL_Driver/Src/stm32f1xx_hal_pcd.c ****         {
2320:Drivers/STM32F1xx_HAL_Driver/Src/stm32f1xx_hal_pcd.c ****           /* manage double buffer bulk out */
2321:Drivers/STM32F1xx_HAL_Driver/Src/stm32f1xx_hal_pcd.c ****           if (ep->type == EP_TYPE_BULK)
 3354              		.loc 1 2321 17
 3355 03d8 7B6D     		ldr	r3, [r7, #84]
 3356 03da DB78     		ldrb	r3, [r3, #3]	@ zero_extendqisi2
 3357              		.loc 1 2321 14
 3358 03dc 022B     		cmp	r3, #2
 3359 03de 0AD1     		bne	.L122
2322:Drivers/STM32F1xx_HAL_Driver/Src/stm32f1xx_hal_pcd.c ****           {
2323:Drivers/STM32F1xx_HAL_Driver/Src/stm32f1xx_hal_pcd.c ****             count = HAL_PCD_EP_DB_Receive(hpcd, ep, wEPVal);
 3360              		.loc 1 2323 21
 3361 03e0 B7F84A30 		ldrh	r3, [r7, #74]
 3362 03e4 1A46     		mov	r2, r3
 3363 03e6 796D     		ldr	r1, [r7, #84]
 3364 03e8 7868     		ldr	r0, [r7, #4]
 3365 03ea FFF7FEFF 		bl	HAL_PCD_EP_DB_Receive
 3366 03ee 0346     		mov	r3, r0
 3367 03f0 A7F85030 		strh	r3, [r7, #80]	@ movhi
 3368 03f4 77E0     		b	.L121
 3369              	.L122:
 3370              	.LBB9:
2324:Drivers/STM32F1xx_HAL_Driver/Src/stm32f1xx_hal_pcd.c ****           }
2325:Drivers/STM32F1xx_HAL_Driver/Src/stm32f1xx_hal_pcd.c ****           else /* manage double buffer iso out */
2326:Drivers/STM32F1xx_HAL_Driver/Src/stm32f1xx_hal_pcd.c ****           {
2327:Drivers/STM32F1xx_HAL_Driver/Src/stm32f1xx_hal_pcd.c ****             /* free EP OUT Buffer */
2328:Drivers/STM32F1xx_HAL_Driver/Src/stm32f1xx_hal_pcd.c ****             PCD_FREE_USER_BUFFER(hpcd->Instance, ep->num, 0U);
 3371              		.loc 1 2328 13 discriminator 1
 3372 03f6 7B68     		ldr	r3, [r7, #4]
ARM GAS  /var/folders/xf/tcndk8390ml5xdpfw93qkhpm0000gn/T//cceFQQPk.s 			page 100


 3373 03f8 1B68     		ldr	r3, [r3]
 3374 03fa 1A46     		mov	r2, r3
 3375 03fc 7B6D     		ldr	r3, [r7, #84]
 3376 03fe 1B78     		ldrb	r3, [r3]	@ zero_extendqisi2
 3377 0400 9B00     		lsls	r3, r3, #2
 3378 0402 1344     		add	r3, r3, r2
 3379 0404 1B88     		ldrh	r3, [r3]	@ movhi
 3380 0406 9BB2     		uxth	r3, r3
 3381 0408 23F4E043 		bic	r3, r3, #28672
 3382 040c 23F07003 		bic	r3, r3, #112
 3383 0410 A7F85230 		strh	r3, [r7, #82]	@ movhi
 3384 0414 7B68     		ldr	r3, [r7, #4]
 3385 0416 1B68     		ldr	r3, [r3]
 3386 0418 1A46     		mov	r2, r3
 3387 041a 7B6D     		ldr	r3, [r7, #84]
 3388 041c 1B78     		ldrb	r3, [r3]	@ zero_extendqisi2
 3389 041e 9B00     		lsls	r3, r3, #2
 3390 0420 1A44     		add	r2, r2, r3
 3391 0422 B7F85230 		ldrh	r3, [r7, #82]	@ movhi
 3392 0426 43F07F43 		orr	r3, r3, #-16777216
 3393 042a 43F47F03 		orr	r3, r3, #16711680
 3394 042e 43F40043 		orr	r3, r3, #32768
 3395 0432 43F0C003 		orr	r3, r3, #192
 3396 0436 9BB2     		uxth	r3, r3
 3397 0438 1380     		strh	r3, [r2]	@ movhi
 3398              	.LBE9:
2329:Drivers/STM32F1xx_HAL_Driver/Src/stm32f1xx_hal_pcd.c **** 
2330:Drivers/STM32F1xx_HAL_Driver/Src/stm32f1xx_hal_pcd.c ****             if ((PCD_GET_ENDPOINT(hpcd->Instance, ep->num) & USB_EP_DTOG_RX) != 0U)
 3399              		.loc 1 2330 18 discriminator 1
 3400 043a 7B68     		ldr	r3, [r7, #4]
 3401 043c 1B68     		ldr	r3, [r3]
 3402 043e 1A46     		mov	r2, r3
 3403 0440 7B6D     		ldr	r3, [r7, #84]
 3404 0442 1B78     		ldrb	r3, [r3]	@ zero_extendqisi2
 3405 0444 9B00     		lsls	r3, r3, #2
 3406 0446 1344     		add	r3, r3, r2
 3407 0448 1B88     		ldrh	r3, [r3]	@ movhi
 3408 044a 9BB2     		uxth	r3, r3
 3409              		.loc 1 2330 60 discriminator 1
 3410 044c 03F48043 		and	r3, r3, #16384
 3411              		.loc 1 2330 16 discriminator 1
 3412 0450 002B     		cmp	r3, #0
 3413 0452 24D0     		beq	.L123
2331:Drivers/STM32F1xx_HAL_Driver/Src/stm32f1xx_hal_pcd.c ****             {
2332:Drivers/STM32F1xx_HAL_Driver/Src/stm32f1xx_hal_pcd.c ****               /* read from endpoint BUF0Addr buffer */
2333:Drivers/STM32F1xx_HAL_Driver/Src/stm32f1xx_hal_pcd.c ****               count = (uint16_t)PCD_GET_EP_DBUF0_CNT(hpcd->Instance, ep->num);
 3414              		.loc 1 2333 33
 3415 0454 7B68     		ldr	r3, [r7, #4]
 3416 0456 1B68     		ldr	r3, [r3]
 3417 0458 B3F85030 		ldrh	r3, [r3, #80]	@ movhi
 3418 045c 9BB2     		uxth	r3, r3
 3419 045e 1A46     		mov	r2, r3
 3420 0460 7B6D     		ldr	r3, [r7, #84]
 3421 0462 1B78     		ldrb	r3, [r3]	@ zero_extendqisi2
 3422 0464 DB00     		lsls	r3, r3, #3
 3423 0466 1344     		add	r3, r3, r2
 3424 0468 0233     		adds	r3, r3, #2
ARM GAS  /var/folders/xf/tcndk8390ml5xdpfw93qkhpm0000gn/T//cceFQQPk.s 			page 101


 3425 046a 5B00     		lsls	r3, r3, #1
 3426 046c 7A68     		ldr	r2, [r7, #4]
 3427 046e 1268     		ldr	r2, [r2]
 3428 0470 1344     		add	r3, r3, r2
 3429 0472 03F58063 		add	r3, r3, #1024
 3430 0476 1B88     		ldrh	r3, [r3]
 3431              		.loc 1 2333 21
 3432 0478 C3F30903 		ubfx	r3, r3, #0, #10
 3433 047c A7F85030 		strh	r3, [r7, #80]	@ movhi
2334:Drivers/STM32F1xx_HAL_Driver/Src/stm32f1xx_hal_pcd.c **** 
2335:Drivers/STM32F1xx_HAL_Driver/Src/stm32f1xx_hal_pcd.c ****               if (count != 0U)
 3434              		.loc 1 2335 18
 3435 0480 B7F85030 		ldrh	r3, [r7, #80]
 3436 0484 002B     		cmp	r3, #0
 3437 0486 2ED0     		beq	.L121
2336:Drivers/STM32F1xx_HAL_Driver/Src/stm32f1xx_hal_pcd.c ****               {
2337:Drivers/STM32F1xx_HAL_Driver/Src/stm32f1xx_hal_pcd.c ****                 USB_ReadPMA(hpcd->Instance, ep->xfer_buff, ep->pmaaddr0, count);
 3438              		.loc 1 2337 33
 3439 0488 7B68     		ldr	r3, [r7, #4]
 3440 048a 1868     		ldr	r0, [r3]
 3441              		.loc 1 2337 17
 3442 048c 7B6D     		ldr	r3, [r7, #84]
 3443 048e 5969     		ldr	r1, [r3, #20]
 3444 0490 7B6D     		ldr	r3, [r7, #84]
 3445 0492 1A89     		ldrh	r2, [r3, #8]
 3446 0494 B7F85030 		ldrh	r3, [r7, #80]
 3447 0498 FFF7FEFF 		bl	USB_ReadPMA
 3448 049c 23E0     		b	.L121
 3449              	.L123:
2338:Drivers/STM32F1xx_HAL_Driver/Src/stm32f1xx_hal_pcd.c ****               }
2339:Drivers/STM32F1xx_HAL_Driver/Src/stm32f1xx_hal_pcd.c ****             }
2340:Drivers/STM32F1xx_HAL_Driver/Src/stm32f1xx_hal_pcd.c ****             else
2341:Drivers/STM32F1xx_HAL_Driver/Src/stm32f1xx_hal_pcd.c ****             {
2342:Drivers/STM32F1xx_HAL_Driver/Src/stm32f1xx_hal_pcd.c ****               /* read from endpoint BUF1Addr buffer */
2343:Drivers/STM32F1xx_HAL_Driver/Src/stm32f1xx_hal_pcd.c ****               count = (uint16_t)PCD_GET_EP_DBUF1_CNT(hpcd->Instance, ep->num);
 3450              		.loc 1 2343 33
 3451 049e 7B68     		ldr	r3, [r7, #4]
 3452 04a0 1B68     		ldr	r3, [r3]
 3453 04a2 B3F85030 		ldrh	r3, [r3, #80]	@ movhi
 3454 04a6 9BB2     		uxth	r3, r3
 3455 04a8 1A46     		mov	r2, r3
 3456 04aa 7B6D     		ldr	r3, [r7, #84]
 3457 04ac 1B78     		ldrb	r3, [r3]	@ zero_extendqisi2
 3458 04ae DB00     		lsls	r3, r3, #3
 3459 04b0 1344     		add	r3, r3, r2
 3460 04b2 0633     		adds	r3, r3, #6
 3461 04b4 5B00     		lsls	r3, r3, #1
 3462 04b6 7A68     		ldr	r2, [r7, #4]
 3463 04b8 1268     		ldr	r2, [r2]
 3464 04ba 1344     		add	r3, r3, r2
 3465 04bc 03F58063 		add	r3, r3, #1024
 3466 04c0 1B88     		ldrh	r3, [r3]
 3467              		.loc 1 2343 21
 3468 04c2 C3F30903 		ubfx	r3, r3, #0, #10
 3469 04c6 A7F85030 		strh	r3, [r7, #80]	@ movhi
2344:Drivers/STM32F1xx_HAL_Driver/Src/stm32f1xx_hal_pcd.c **** 
2345:Drivers/STM32F1xx_HAL_Driver/Src/stm32f1xx_hal_pcd.c ****               if (count != 0U)
ARM GAS  /var/folders/xf/tcndk8390ml5xdpfw93qkhpm0000gn/T//cceFQQPk.s 			page 102


 3470              		.loc 1 2345 18
 3471 04ca B7F85030 		ldrh	r3, [r7, #80]
 3472 04ce 002B     		cmp	r3, #0
 3473 04d0 09D0     		beq	.L121
2346:Drivers/STM32F1xx_HAL_Driver/Src/stm32f1xx_hal_pcd.c ****               {
2347:Drivers/STM32F1xx_HAL_Driver/Src/stm32f1xx_hal_pcd.c ****                 USB_ReadPMA(hpcd->Instance, ep->xfer_buff, ep->pmaaddr1, count);
 3474              		.loc 1 2347 33
 3475 04d2 7B68     		ldr	r3, [r7, #4]
 3476 04d4 1868     		ldr	r0, [r3]
 3477              		.loc 1 2347 17
 3478 04d6 7B6D     		ldr	r3, [r7, #84]
 3479 04d8 5969     		ldr	r1, [r3, #20]
 3480 04da 7B6D     		ldr	r3, [r7, #84]
 3481 04dc 5A89     		ldrh	r2, [r3, #10]
 3482 04de B7F85030 		ldrh	r3, [r7, #80]
 3483 04e2 FFF7FEFF 		bl	USB_ReadPMA
 3484              	.L121:
2348:Drivers/STM32F1xx_HAL_Driver/Src/stm32f1xx_hal_pcd.c ****               }
2349:Drivers/STM32F1xx_HAL_Driver/Src/stm32f1xx_hal_pcd.c ****             }
2350:Drivers/STM32F1xx_HAL_Driver/Src/stm32f1xx_hal_pcd.c ****           }
2351:Drivers/STM32F1xx_HAL_Driver/Src/stm32f1xx_hal_pcd.c ****         }
2352:Drivers/STM32F1xx_HAL_Driver/Src/stm32f1xx_hal_pcd.c **** #endif /* (USE_USB_DOUBLE_BUFFER == 1U) */
2353:Drivers/STM32F1xx_HAL_Driver/Src/stm32f1xx_hal_pcd.c **** 
2354:Drivers/STM32F1xx_HAL_Driver/Src/stm32f1xx_hal_pcd.c ****         /* multi-packet on the NON control OUT endpoint */
2355:Drivers/STM32F1xx_HAL_Driver/Src/stm32f1xx_hal_pcd.c ****         ep->xfer_count += count;
 3485              		.loc 1 2355 24
 3486 04e6 7B6D     		ldr	r3, [r7, #84]
 3487 04e8 DA69     		ldr	r2, [r3, #28]
 3488 04ea B7F85030 		ldrh	r3, [r7, #80]
 3489 04ee 1A44     		add	r2, r2, r3
 3490 04f0 7B6D     		ldr	r3, [r7, #84]
 3491 04f2 DA61     		str	r2, [r3, #28]
2356:Drivers/STM32F1xx_HAL_Driver/Src/stm32f1xx_hal_pcd.c ****         ep->xfer_buff += count;
 3492              		.loc 1 2356 23
 3493 04f4 7B6D     		ldr	r3, [r7, #84]
 3494 04f6 5A69     		ldr	r2, [r3, #20]
 3495 04f8 B7F85030 		ldrh	r3, [r7, #80]
 3496 04fc 1A44     		add	r2, r2, r3
 3497 04fe 7B6D     		ldr	r3, [r7, #84]
 3498 0500 5A61     		str	r2, [r3, #20]
2357:Drivers/STM32F1xx_HAL_Driver/Src/stm32f1xx_hal_pcd.c **** 
2358:Drivers/STM32F1xx_HAL_Driver/Src/stm32f1xx_hal_pcd.c ****         if ((ep->xfer_len == 0U) || (count < ep->maxpacket))
 3499              		.loc 1 2358 16
 3500 0502 7B6D     		ldr	r3, [r7, #84]
 3501 0504 9B69     		ldr	r3, [r3, #24]
 3502              		.loc 1 2358 12
 3503 0506 002B     		cmp	r3, #0
 3504 0508 05D0     		beq	.L124
 3505              		.loc 1 2358 44 discriminator 1
 3506 050a B7F85020 		ldrh	r2, [r7, #80]
 3507              		.loc 1 2358 48 discriminator 1
 3508 050e 7B6D     		ldr	r3, [r7, #84]
 3509 0510 1B69     		ldr	r3, [r3, #16]
 3510              		.loc 1 2358 34 discriminator 1
 3511 0512 9A42     		cmp	r2, r3
 3512 0514 06D2     		bcs	.L125
 3513              	.L124:
ARM GAS  /var/folders/xf/tcndk8390ml5xdpfw93qkhpm0000gn/T//cceFQQPk.s 			page 103


2359:Drivers/STM32F1xx_HAL_Driver/Src/stm32f1xx_hal_pcd.c ****         {
2360:Drivers/STM32F1xx_HAL_Driver/Src/stm32f1xx_hal_pcd.c ****           /* RX COMPLETE */
2361:Drivers/STM32F1xx_HAL_Driver/Src/stm32f1xx_hal_pcd.c **** #if (USE_HAL_PCD_REGISTER_CALLBACKS == 1U)
2362:Drivers/STM32F1xx_HAL_Driver/Src/stm32f1xx_hal_pcd.c ****           hpcd->DataOutStageCallback(hpcd, ep->num);
2363:Drivers/STM32F1xx_HAL_Driver/Src/stm32f1xx_hal_pcd.c **** #else
2364:Drivers/STM32F1xx_HAL_Driver/Src/stm32f1xx_hal_pcd.c ****           HAL_PCD_DataOutStageCallback(hpcd, ep->num);
 3514              		.loc 1 2364 11
 3515 0516 7B6D     		ldr	r3, [r7, #84]
 3516 0518 1B78     		ldrb	r3, [r3]	@ zero_extendqisi2
 3517 051a 1946     		mov	r1, r3
 3518 051c 7868     		ldr	r0, [r7, #4]
 3519 051e FFF7FEFF 		bl	HAL_PCD_DataOutStageCallback
 3520 0522 05E0     		b	.L119
 3521              	.L125:
2365:Drivers/STM32F1xx_HAL_Driver/Src/stm32f1xx_hal_pcd.c **** #endif /* USE_HAL_PCD_REGISTER_CALLBACKS */
2366:Drivers/STM32F1xx_HAL_Driver/Src/stm32f1xx_hal_pcd.c ****         }
2367:Drivers/STM32F1xx_HAL_Driver/Src/stm32f1xx_hal_pcd.c ****         else
2368:Drivers/STM32F1xx_HAL_Driver/Src/stm32f1xx_hal_pcd.c ****         {
2369:Drivers/STM32F1xx_HAL_Driver/Src/stm32f1xx_hal_pcd.c ****           (void)USB_EPStartXfer(hpcd->Instance, ep);
 3522              		.loc 1 2369 37
 3523 0524 7B68     		ldr	r3, [r7, #4]
 3524 0526 1B68     		ldr	r3, [r3]
 3525              		.loc 1 2369 17
 3526 0528 796D     		ldr	r1, [r7, #84]
 3527 052a 1846     		mov	r0, r3
 3528 052c FFF7FEFF 		bl	USB_EPStartXfer
 3529              	.L119:
2370:Drivers/STM32F1xx_HAL_Driver/Src/stm32f1xx_hal_pcd.c ****         }
2371:Drivers/STM32F1xx_HAL_Driver/Src/stm32f1xx_hal_pcd.c ****       }
2372:Drivers/STM32F1xx_HAL_Driver/Src/stm32f1xx_hal_pcd.c **** 
2373:Drivers/STM32F1xx_HAL_Driver/Src/stm32f1xx_hal_pcd.c ****       if ((wEPVal & USB_EP_CTR_TX) != 0U)
 3530              		.loc 1 2373 19
 3531 0530 B7F84A30 		ldrh	r3, [r7, #74]
 3532 0534 03F08003 		and	r3, r3, #128
 3533              		.loc 1 2373 10
 3534 0538 002B     		cmp	r3, #0
 3535 053a 00F02381 		beq	.L109
2374:Drivers/STM32F1xx_HAL_Driver/Src/stm32f1xx_hal_pcd.c ****       {
2375:Drivers/STM32F1xx_HAL_Driver/Src/stm32f1xx_hal_pcd.c ****         ep = &hpcd->IN_ep[epindex];
 3536              		.loc 1 2375 26
 3537 053e 97F84D20 		ldrb	r2, [r7, #77]	@ zero_extendqisi2
 3538              		.loc 1 2375 12
 3539 0542 1346     		mov	r3, r2
 3540 0544 9B00     		lsls	r3, r3, #2
 3541 0546 1344     		add	r3, r3, r2
 3542 0548 DB00     		lsls	r3, r3, #3
 3543 054a 1033     		adds	r3, r3, #16
 3544 054c 7A68     		ldr	r2, [r7, #4]
 3545 054e 1344     		add	r3, r3, r2
 3546 0550 7B65     		str	r3, [r7, #84]
 3547              	.LBB10:
2376:Drivers/STM32F1xx_HAL_Driver/Src/stm32f1xx_hal_pcd.c **** 
2377:Drivers/STM32F1xx_HAL_Driver/Src/stm32f1xx_hal_pcd.c ****         /* clear int flag */
2378:Drivers/STM32F1xx_HAL_Driver/Src/stm32f1xx_hal_pcd.c ****         PCD_CLEAR_TX_EP_CTR(hpcd->Instance, epindex);
 3548              		.loc 1 2378 9
 3549 0552 7B68     		ldr	r3, [r7, #4]
 3550 0554 1B68     		ldr	r3, [r3]
ARM GAS  /var/folders/xf/tcndk8390ml5xdpfw93qkhpm0000gn/T//cceFQQPk.s 			page 104


 3551 0556 1A46     		mov	r2, r3
 3552 0558 97F84D30 		ldrb	r3, [r7, #77]	@ zero_extendqisi2
 3553 055c 9B00     		lsls	r3, r3, #2
 3554 055e 1344     		add	r3, r3, r2
 3555 0560 1B88     		ldrh	r3, [r3]	@ movhi
 3556 0562 9BB2     		uxth	r3, r3
 3557 0564 23F4E143 		bic	r3, r3, #28800
 3558 0568 23F07003 		bic	r3, r3, #112
 3559 056c A7F84230 		strh	r3, [r7, #66]	@ movhi
 3560 0570 7B68     		ldr	r3, [r7, #4]
 3561 0572 1B68     		ldr	r3, [r3]
 3562 0574 1A46     		mov	r2, r3
 3563 0576 97F84D30 		ldrb	r3, [r7, #77]	@ zero_extendqisi2
 3564 057a 9B00     		lsls	r3, r3, #2
 3565 057c 1A44     		add	r2, r2, r3
 3566 057e B7F84230 		ldrh	r3, [r7, #66]	@ movhi
 3567 0582 6FEA4343 		mvn	r3, r3, lsl #17
 3568 0586 6FEA5343 		mvn	r3, r3, lsr #17
 3569 058a 9BB2     		uxth	r3, r3
 3570 058c 1380     		strh	r3, [r2]	@ movhi
 3571              	.LBE10:
2379:Drivers/STM32F1xx_HAL_Driver/Src/stm32f1xx_hal_pcd.c **** 
2380:Drivers/STM32F1xx_HAL_Driver/Src/stm32f1xx_hal_pcd.c ****         if (ep->type == EP_TYPE_ISOC)
 3572              		.loc 1 2380 15
 3573 058e 7B6D     		ldr	r3, [r7, #84]
 3574 0590 DB78     		ldrb	r3, [r3, #3]	@ zero_extendqisi2
 3575              		.loc 1 2380 12
 3576 0592 012B     		cmp	r3, #1
 3577 0594 40F0A280 		bne	.L126
2381:Drivers/STM32F1xx_HAL_Driver/Src/stm32f1xx_hal_pcd.c ****         {
2382:Drivers/STM32F1xx_HAL_Driver/Src/stm32f1xx_hal_pcd.c ****           ep->xfer_len = 0U;
 3578              		.loc 1 2382 24
 3579 0598 7B6D     		ldr	r3, [r7, #84]
 3580 059a 0022     		movs	r2, #0
 3581 059c 9A61     		str	r2, [r3, #24]
2383:Drivers/STM32F1xx_HAL_Driver/Src/stm32f1xx_hal_pcd.c **** 
2384:Drivers/STM32F1xx_HAL_Driver/Src/stm32f1xx_hal_pcd.c **** #if (USE_USB_DOUBLE_BUFFER == 1U)
2385:Drivers/STM32F1xx_HAL_Driver/Src/stm32f1xx_hal_pcd.c ****           if (ep->doublebuffer != 0U)
 3582              		.loc 1 2385 17
 3583 059e 7B6D     		ldr	r3, [r7, #84]
 3584 05a0 1B7B     		ldrb	r3, [r3, #12]	@ zero_extendqisi2
 3585              		.loc 1 2385 14
 3586 05a2 002B     		cmp	r3, #0
 3587 05a4 00F09380 		beq	.L127
2386:Drivers/STM32F1xx_HAL_Driver/Src/stm32f1xx_hal_pcd.c ****           {
2387:Drivers/STM32F1xx_HAL_Driver/Src/stm32f1xx_hal_pcd.c ****             if ((wEPVal & USB_EP_DTOG_TX) != 0U)
 3588              		.loc 1 2387 25
 3589 05a8 B7F84A30 		ldrh	r3, [r7, #74]
 3590 05ac 03F04003 		and	r3, r3, #64
 3591              		.loc 1 2387 16
 3592 05b0 002B     		cmp	r3, #0
 3593 05b2 46D0     		beq	.L128
2388:Drivers/STM32F1xx_HAL_Driver/Src/stm32f1xx_hal_pcd.c ****             {
2389:Drivers/STM32F1xx_HAL_Driver/Src/stm32f1xx_hal_pcd.c ****               PCD_SET_EP_DBUF0_CNT(hpcd->Instance, ep->num, ep->is_in, 0U);
 3594              		.loc 1 2389 15
 3595 05b4 7B6D     		ldr	r3, [r7, #84]
 3596 05b6 5B78     		ldrb	r3, [r3, #1]	@ zero_extendqisi2
ARM GAS  /var/folders/xf/tcndk8390ml5xdpfw93qkhpm0000gn/T//cceFQQPk.s 			page 105


 3597 05b8 002B     		cmp	r3, #0
 3598 05ba 26D1     		bne	.L129
 3599              	.LBB11:
 3600              		.loc 1 2389 15 is_stmt 0 discriminator 1
 3601 05bc 7B68     		ldr	r3, [r7, #4]
 3602 05be 1B68     		ldr	r3, [r3]
 3603 05c0 7B62     		str	r3, [r7, #36]
 3604 05c2 7B68     		ldr	r3, [r7, #4]
 3605 05c4 1B68     		ldr	r3, [r3]
 3606 05c6 B3F85030 		ldrh	r3, [r3, #80]	@ movhi
 3607 05ca 9BB2     		uxth	r3, r3
 3608 05cc 1A46     		mov	r2, r3
 3609 05ce 7B6A     		ldr	r3, [r7, #36]
 3610 05d0 1344     		add	r3, r3, r2
 3611 05d2 7B62     		str	r3, [r7, #36]
 3612 05d4 7B6D     		ldr	r3, [r7, #84]
 3613 05d6 1B78     		ldrb	r3, [r3]	@ zero_extendqisi2
 3614 05d8 1A01     		lsls	r2, r3, #4
 3615 05da 7B6A     		ldr	r3, [r7, #36]
 3616 05dc 1344     		add	r3, r3, r2
 3617 05de 03F20443 		addw	r3, r3, #1028
 3618 05e2 3B62     		str	r3, [r7, #32]
 3619              	.LBB12:
 3620 05e4 3B6A     		ldr	r3, [r7, #32]
 3621 05e6 1B88     		ldrh	r3, [r3]	@ movhi
 3622 05e8 9BB2     		uxth	r3, r3
 3623 05ea C3F30903 		ubfx	r3, r3, #0, #10
 3624 05ee 9AB2     		uxth	r2, r3
 3625 05f0 3B6A     		ldr	r3, [r7, #32]
 3626 05f2 1A80     		strh	r2, [r3]	@ movhi
 3627 05f4 3B6A     		ldr	r3, [r7, #32]
 3628 05f6 1B88     		ldrh	r3, [r3]	@ movhi
 3629 05f8 9BB2     		uxth	r3, r3
 3630 05fa 6FEA4343 		mvn	r3, r3, lsl #17
 3631 05fe 6FEA5343 		mvn	r3, r3, lsr #17
 3632 0602 9AB2     		uxth	r2, r3
 3633 0604 3B6A     		ldr	r3, [r7, #32]
 3634 0606 1A80     		strh	r2, [r3]	@ movhi
 3635 0608 61E0     		b	.L127
 3636              	.L129:
 3637              	.LBE12:
 3638              	.LBE11:
 3639              		.loc 1 2389 15 discriminator 2
 3640 060a 7B6D     		ldr	r3, [r7, #84]
 3641 060c 5B78     		ldrb	r3, [r3, #1]	@ zero_extendqisi2
 3642 060e 012B     		cmp	r3, #1
 3643 0610 5DD1     		bne	.L127
 3644              	.LBB13:
 3645              		.loc 1 2389 15 discriminator 13
 3646 0612 7B68     		ldr	r3, [r7, #4]
 3647 0614 1B68     		ldr	r3, [r3]
 3648 0616 FB62     		str	r3, [r7, #44]
 3649 0618 7B68     		ldr	r3, [r7, #4]
 3650 061a 1B68     		ldr	r3, [r3]
 3651 061c B3F85030 		ldrh	r3, [r3, #80]	@ movhi
 3652 0620 9BB2     		uxth	r3, r3
 3653 0622 1A46     		mov	r2, r3
ARM GAS  /var/folders/xf/tcndk8390ml5xdpfw93qkhpm0000gn/T//cceFQQPk.s 			page 106


 3654 0624 FB6A     		ldr	r3, [r7, #44]
 3655 0626 1344     		add	r3, r3, r2
 3656 0628 FB62     		str	r3, [r7, #44]
 3657 062a 7B6D     		ldr	r3, [r7, #84]
 3658 062c 1B78     		ldrb	r3, [r3]	@ zero_extendqisi2
 3659 062e 1A01     		lsls	r2, r3, #4
 3660 0630 FB6A     		ldr	r3, [r7, #44]
 3661 0632 1344     		add	r3, r3, r2
 3662 0634 03F20443 		addw	r3, r3, #1028
 3663 0638 BB62     		str	r3, [r7, #40]
 3664 063a BB6A     		ldr	r3, [r7, #40]
 3665 063c 0022     		movs	r2, #0
 3666 063e 1A80     		strh	r2, [r3]	@ movhi
 3667 0640 45E0     		b	.L127
 3668              	.L128:
 3669              	.LBE13:
 3670              	.LBB14:
2390:Drivers/STM32F1xx_HAL_Driver/Src/stm32f1xx_hal_pcd.c ****             }
2391:Drivers/STM32F1xx_HAL_Driver/Src/stm32f1xx_hal_pcd.c ****             else
2392:Drivers/STM32F1xx_HAL_Driver/Src/stm32f1xx_hal_pcd.c ****             {
2393:Drivers/STM32F1xx_HAL_Driver/Src/stm32f1xx_hal_pcd.c ****               PCD_SET_EP_DBUF1_CNT(hpcd->Instance, ep->num, ep->is_in, 0U);
 3671              		.loc 1 2393 15 is_stmt 1
 3672 0642 7B68     		ldr	r3, [r7, #4]
 3673 0644 1B68     		ldr	r3, [r3]
 3674 0646 FB63     		str	r3, [r7, #60]
 3675 0648 7B6D     		ldr	r3, [r7, #84]
 3676 064a 5B78     		ldrb	r3, [r3, #1]	@ zero_extendqisi2
 3677 064c 002B     		cmp	r3, #0
 3678 064e 26D1     		bne	.L130
 3679              	.LBB15:
 3680              		.loc 1 2393 15 is_stmt 0 discriminator 1
 3681 0650 7B68     		ldr	r3, [r7, #4]
 3682 0652 1B68     		ldr	r3, [r3]
 3683 0654 7B63     		str	r3, [r7, #52]
 3684 0656 7B68     		ldr	r3, [r7, #4]
 3685 0658 1B68     		ldr	r3, [r3]
 3686 065a B3F85030 		ldrh	r3, [r3, #80]	@ movhi
 3687 065e 9BB2     		uxth	r3, r3
 3688 0660 1A46     		mov	r2, r3
 3689 0662 7B6B     		ldr	r3, [r7, #52]
 3690 0664 1344     		add	r3, r3, r2
 3691 0666 7B63     		str	r3, [r7, #52]
 3692 0668 7B6D     		ldr	r3, [r7, #84]
 3693 066a 1B78     		ldrb	r3, [r3]	@ zero_extendqisi2
 3694 066c 1A01     		lsls	r2, r3, #4
 3695 066e 7B6B     		ldr	r3, [r7, #52]
 3696 0670 1344     		add	r3, r3, r2
 3697 0672 03F20C43 		addw	r3, r3, #1036
 3698 0676 3B63     		str	r3, [r7, #48]
 3699              	.LBB16:
 3700 0678 3B6B     		ldr	r3, [r7, #48]
 3701 067a 1B88     		ldrh	r3, [r3]	@ movhi
 3702 067c 9BB2     		uxth	r3, r3
 3703 067e C3F30903 		ubfx	r3, r3, #0, #10
 3704 0682 9AB2     		uxth	r2, r3
 3705 0684 3B6B     		ldr	r3, [r7, #48]
 3706 0686 1A80     		strh	r2, [r3]	@ movhi
ARM GAS  /var/folders/xf/tcndk8390ml5xdpfw93qkhpm0000gn/T//cceFQQPk.s 			page 107


 3707 0688 3B6B     		ldr	r3, [r7, #48]
 3708 068a 1B88     		ldrh	r3, [r3]	@ movhi
 3709 068c 9BB2     		uxth	r3, r3
 3710 068e 6FEA4343 		mvn	r3, r3, lsl #17
 3711 0692 6FEA5343 		mvn	r3, r3, lsr #17
 3712 0696 9AB2     		uxth	r2, r3
 3713 0698 3B6B     		ldr	r3, [r7, #48]
 3714 069a 1A80     		strh	r2, [r3]	@ movhi
 3715 069c 17E0     		b	.L127
 3716              	.L130:
 3717              	.LBE16:
 3718              	.LBE15:
 3719              		.loc 1 2393 15 discriminator 2
 3720 069e 7B6D     		ldr	r3, [r7, #84]
 3721 06a0 5B78     		ldrb	r3, [r3, #1]	@ zero_extendqisi2
 3722 06a2 012B     		cmp	r3, #1
 3723 06a4 13D1     		bne	.L127
 3724              		.loc 1 2393 15 discriminator 13
 3725 06a6 7B68     		ldr	r3, [r7, #4]
 3726 06a8 1B68     		ldr	r3, [r3]
 3727 06aa B3F85030 		ldrh	r3, [r3, #80]	@ movhi
 3728 06ae 9BB2     		uxth	r3, r3
 3729 06b0 1A46     		mov	r2, r3
 3730 06b2 FB6B     		ldr	r3, [r7, #60]
 3731 06b4 1344     		add	r3, r3, r2
 3732 06b6 FB63     		str	r3, [r7, #60]
 3733 06b8 7B6D     		ldr	r3, [r7, #84]
 3734 06ba 1B78     		ldrb	r3, [r3]	@ zero_extendqisi2
 3735 06bc 1A01     		lsls	r2, r3, #4
 3736 06be FB6B     		ldr	r3, [r7, #60]
 3737 06c0 1344     		add	r3, r3, r2
 3738 06c2 03F20C43 		addw	r3, r3, #1036
 3739 06c6 BB63     		str	r3, [r7, #56]
 3740 06c8 BB6B     		ldr	r3, [r7, #56]
 3741 06ca 0022     		movs	r2, #0
 3742 06cc 1A80     		strh	r2, [r3]	@ movhi
 3743              	.L127:
 3744              	.LBE14:
2394:Drivers/STM32F1xx_HAL_Driver/Src/stm32f1xx_hal_pcd.c ****             }
2395:Drivers/STM32F1xx_HAL_Driver/Src/stm32f1xx_hal_pcd.c ****           }
2396:Drivers/STM32F1xx_HAL_Driver/Src/stm32f1xx_hal_pcd.c **** #endif /* (USE_USB_DOUBLE_BUFFER == 1U) */
2397:Drivers/STM32F1xx_HAL_Driver/Src/stm32f1xx_hal_pcd.c **** 
2398:Drivers/STM32F1xx_HAL_Driver/Src/stm32f1xx_hal_pcd.c ****           /* TX COMPLETE */
2399:Drivers/STM32F1xx_HAL_Driver/Src/stm32f1xx_hal_pcd.c **** #if (USE_HAL_PCD_REGISTER_CALLBACKS == 1U)
2400:Drivers/STM32F1xx_HAL_Driver/Src/stm32f1xx_hal_pcd.c ****           hpcd->DataInStageCallback(hpcd, ep->num);
2401:Drivers/STM32F1xx_HAL_Driver/Src/stm32f1xx_hal_pcd.c **** #else
2402:Drivers/STM32F1xx_HAL_Driver/Src/stm32f1xx_hal_pcd.c ****           HAL_PCD_DataInStageCallback(hpcd, ep->num);
 3745              		.loc 1 2402 11 is_stmt 1
 3746 06ce 7B6D     		ldr	r3, [r7, #84]
 3747 06d0 1B78     		ldrb	r3, [r3]	@ zero_extendqisi2
 3748 06d2 1946     		mov	r1, r3
 3749 06d4 7868     		ldr	r0, [r7, #4]
 3750 06d6 FFF7FEFF 		bl	HAL_PCD_DataInStageCallback
 3751 06da 53E0     		b	.L109
 3752              	.L126:
2403:Drivers/STM32F1xx_HAL_Driver/Src/stm32f1xx_hal_pcd.c **** #endif /* USE_HAL_PCD_REGISTER_CALLBACKS */
2404:Drivers/STM32F1xx_HAL_Driver/Src/stm32f1xx_hal_pcd.c ****         }
ARM GAS  /var/folders/xf/tcndk8390ml5xdpfw93qkhpm0000gn/T//cceFQQPk.s 			page 108


2405:Drivers/STM32F1xx_HAL_Driver/Src/stm32f1xx_hal_pcd.c ****         else
2406:Drivers/STM32F1xx_HAL_Driver/Src/stm32f1xx_hal_pcd.c ****         {
2407:Drivers/STM32F1xx_HAL_Driver/Src/stm32f1xx_hal_pcd.c ****           /* Manage Single Buffer Transaction */
2408:Drivers/STM32F1xx_HAL_Driver/Src/stm32f1xx_hal_pcd.c ****           if ((wEPVal & USB_EP_KIND) == 0U)
 3753              		.loc 1 2408 23
 3754 06dc B7F84A30 		ldrh	r3, [r7, #74]
 3755 06e0 03F48073 		and	r3, r3, #256
 3756              		.loc 1 2408 14
 3757 06e4 002B     		cmp	r3, #0
 3758 06e6 46D1     		bne	.L131
2409:Drivers/STM32F1xx_HAL_Driver/Src/stm32f1xx_hal_pcd.c ****           {
2410:Drivers/STM32F1xx_HAL_Driver/Src/stm32f1xx_hal_pcd.c ****             /* multi-packet on the NON control IN endpoint */
2411:Drivers/STM32F1xx_HAL_Driver/Src/stm32f1xx_hal_pcd.c ****             TxPctSize = (uint16_t)PCD_GET_EP_TX_CNT(hpcd->Instance, ep->num);
 3759              		.loc 1 2411 35
 3760 06e8 7B68     		ldr	r3, [r7, #4]
 3761 06ea 1B68     		ldr	r3, [r3]
 3762 06ec B3F85030 		ldrh	r3, [r3, #80]	@ movhi
 3763 06f0 9BB2     		uxth	r3, r3
 3764 06f2 1A46     		mov	r2, r3
 3765 06f4 7B6D     		ldr	r3, [r7, #84]
 3766 06f6 1B78     		ldrb	r3, [r3]	@ zero_extendqisi2
 3767 06f8 DB00     		lsls	r3, r3, #3
 3768 06fa 1344     		add	r3, r3, r2
 3769 06fc 0233     		adds	r3, r3, #2
 3770 06fe 5B00     		lsls	r3, r3, #1
 3771 0700 7A68     		ldr	r2, [r7, #4]
 3772 0702 1268     		ldr	r2, [r2]
 3773 0704 1344     		add	r3, r3, r2
 3774 0706 03F58063 		add	r3, r3, #1024
 3775 070a 1B88     		ldrh	r3, [r3]
 3776              		.loc 1 2411 23
 3777 070c C3F30903 		ubfx	r3, r3, #0, #10
 3778 0710 A7F84030 		strh	r3, [r7, #64]	@ movhi
2412:Drivers/STM32F1xx_HAL_Driver/Src/stm32f1xx_hal_pcd.c **** 
2413:Drivers/STM32F1xx_HAL_Driver/Src/stm32f1xx_hal_pcd.c ****             if (ep->xfer_len > TxPctSize)
 3779              		.loc 1 2413 19
 3780 0714 7B6D     		ldr	r3, [r7, #84]
 3781 0716 9A69     		ldr	r2, [r3, #24]
 3782              		.loc 1 2413 30
 3783 0718 B7F84030 		ldrh	r3, [r7, #64]
 3784              		.loc 1 2413 16
 3785 071c 9A42     		cmp	r2, r3
 3786 071e 07D9     		bls	.L132
2414:Drivers/STM32F1xx_HAL_Driver/Src/stm32f1xx_hal_pcd.c ****             {
2415:Drivers/STM32F1xx_HAL_Driver/Src/stm32f1xx_hal_pcd.c ****               ep->xfer_len -= TxPctSize;
 3787              		.loc 1 2415 28
 3788 0720 7B6D     		ldr	r3, [r7, #84]
 3789 0722 9A69     		ldr	r2, [r3, #24]
 3790 0724 B7F84030 		ldrh	r3, [r7, #64]
 3791 0728 D21A     		subs	r2, r2, r3
 3792 072a 7B6D     		ldr	r3, [r7, #84]
 3793 072c 9A61     		str	r2, [r3, #24]
 3794 072e 02E0     		b	.L133
 3795              	.L132:
2416:Drivers/STM32F1xx_HAL_Driver/Src/stm32f1xx_hal_pcd.c ****             }
2417:Drivers/STM32F1xx_HAL_Driver/Src/stm32f1xx_hal_pcd.c ****             else
2418:Drivers/STM32F1xx_HAL_Driver/Src/stm32f1xx_hal_pcd.c ****             {
ARM GAS  /var/folders/xf/tcndk8390ml5xdpfw93qkhpm0000gn/T//cceFQQPk.s 			page 109


2419:Drivers/STM32F1xx_HAL_Driver/Src/stm32f1xx_hal_pcd.c ****               ep->xfer_len = 0U;
 3796              		.loc 1 2419 28
 3797 0730 7B6D     		ldr	r3, [r7, #84]
 3798 0732 0022     		movs	r2, #0
 3799 0734 9A61     		str	r2, [r3, #24]
 3800              	.L133:
2420:Drivers/STM32F1xx_HAL_Driver/Src/stm32f1xx_hal_pcd.c ****             }
2421:Drivers/STM32F1xx_HAL_Driver/Src/stm32f1xx_hal_pcd.c **** 
2422:Drivers/STM32F1xx_HAL_Driver/Src/stm32f1xx_hal_pcd.c ****             /* Zero Length Packet? */
2423:Drivers/STM32F1xx_HAL_Driver/Src/stm32f1xx_hal_pcd.c ****             if (ep->xfer_len == 0U)
 3801              		.loc 1 2423 19
 3802 0736 7B6D     		ldr	r3, [r7, #84]
 3803 0738 9B69     		ldr	r3, [r3, #24]
 3804              		.loc 1 2423 16
 3805 073a 002B     		cmp	r3, #0
 3806 073c 06D1     		bne	.L134
2424:Drivers/STM32F1xx_HAL_Driver/Src/stm32f1xx_hal_pcd.c ****             {
2425:Drivers/STM32F1xx_HAL_Driver/Src/stm32f1xx_hal_pcd.c ****               /* TX COMPLETE */
2426:Drivers/STM32F1xx_HAL_Driver/Src/stm32f1xx_hal_pcd.c **** #if (USE_HAL_PCD_REGISTER_CALLBACKS == 1U)
2427:Drivers/STM32F1xx_HAL_Driver/Src/stm32f1xx_hal_pcd.c ****               hpcd->DataInStageCallback(hpcd, ep->num);
2428:Drivers/STM32F1xx_HAL_Driver/Src/stm32f1xx_hal_pcd.c **** #else
2429:Drivers/STM32F1xx_HAL_Driver/Src/stm32f1xx_hal_pcd.c ****               HAL_PCD_DataInStageCallback(hpcd, ep->num);
 3807              		.loc 1 2429 15
 3808 073e 7B6D     		ldr	r3, [r7, #84]
 3809 0740 1B78     		ldrb	r3, [r3]	@ zero_extendqisi2
 3810 0742 1946     		mov	r1, r3
 3811 0744 7868     		ldr	r0, [r7, #4]
 3812 0746 FFF7FEFF 		bl	HAL_PCD_DataInStageCallback
 3813 074a 1BE0     		b	.L109
 3814              	.L134:
2430:Drivers/STM32F1xx_HAL_Driver/Src/stm32f1xx_hal_pcd.c **** #endif /* USE_HAL_PCD_REGISTER_CALLBACKS */
2431:Drivers/STM32F1xx_HAL_Driver/Src/stm32f1xx_hal_pcd.c ****             }
2432:Drivers/STM32F1xx_HAL_Driver/Src/stm32f1xx_hal_pcd.c ****             else
2433:Drivers/STM32F1xx_HAL_Driver/Src/stm32f1xx_hal_pcd.c ****             {
2434:Drivers/STM32F1xx_HAL_Driver/Src/stm32f1xx_hal_pcd.c ****               /* Transfer is not yet Done */
2435:Drivers/STM32F1xx_HAL_Driver/Src/stm32f1xx_hal_pcd.c ****               ep->xfer_buff += TxPctSize;
 3815              		.loc 1 2435 29
 3816 074c 7B6D     		ldr	r3, [r7, #84]
 3817 074e 5A69     		ldr	r2, [r3, #20]
 3818 0750 B7F84030 		ldrh	r3, [r7, #64]
 3819 0754 1A44     		add	r2, r2, r3
 3820 0756 7B6D     		ldr	r3, [r7, #84]
 3821 0758 5A61     		str	r2, [r3, #20]
2436:Drivers/STM32F1xx_HAL_Driver/Src/stm32f1xx_hal_pcd.c ****               ep->xfer_count += TxPctSize;
 3822              		.loc 1 2436 30
 3823 075a 7B6D     		ldr	r3, [r7, #84]
 3824 075c DA69     		ldr	r2, [r3, #28]
 3825 075e B7F84030 		ldrh	r3, [r7, #64]
 3826 0762 1A44     		add	r2, r2, r3
 3827 0764 7B6D     		ldr	r3, [r7, #84]
 3828 0766 DA61     		str	r2, [r3, #28]
2437:Drivers/STM32F1xx_HAL_Driver/Src/stm32f1xx_hal_pcd.c ****               (void)USB_EPStartXfer(hpcd->Instance, ep);
 3829              		.loc 1 2437 41
 3830 0768 7B68     		ldr	r3, [r7, #4]
 3831 076a 1B68     		ldr	r3, [r3]
 3832              		.loc 1 2437 21
 3833 076c 796D     		ldr	r1, [r7, #84]
ARM GAS  /var/folders/xf/tcndk8390ml5xdpfw93qkhpm0000gn/T//cceFQQPk.s 			page 110


 3834 076e 1846     		mov	r0, r3
 3835 0770 FFF7FEFF 		bl	USB_EPStartXfer
 3836 0774 06E0     		b	.L109
 3837              	.L131:
2438:Drivers/STM32F1xx_HAL_Driver/Src/stm32f1xx_hal_pcd.c ****             }
2439:Drivers/STM32F1xx_HAL_Driver/Src/stm32f1xx_hal_pcd.c ****           }
2440:Drivers/STM32F1xx_HAL_Driver/Src/stm32f1xx_hal_pcd.c **** #if (USE_USB_DOUBLE_BUFFER == 1U)
2441:Drivers/STM32F1xx_HAL_Driver/Src/stm32f1xx_hal_pcd.c ****           /* Double Buffer bulk IN (bulk transfer Len > Ep_Mps) */
2442:Drivers/STM32F1xx_HAL_Driver/Src/stm32f1xx_hal_pcd.c ****           else
2443:Drivers/STM32F1xx_HAL_Driver/Src/stm32f1xx_hal_pcd.c ****           {
2444:Drivers/STM32F1xx_HAL_Driver/Src/stm32f1xx_hal_pcd.c ****             (void)HAL_PCD_EP_DB_Transmit(hpcd, ep, wEPVal);
 3838              		.loc 1 2444 19
 3839 0776 B7F84A30 		ldrh	r3, [r7, #74]
 3840 077a 1A46     		mov	r2, r3
 3841 077c 796D     		ldr	r1, [r7, #84]
 3842 077e 7868     		ldr	r0, [r7, #4]
 3843 0780 FFF7FEFF 		bl	HAL_PCD_EP_DB_Transmit
 3844              	.L109:
2199:Drivers/STM32F1xx_HAL_Driver/Src/stm32f1xx_hal_pcd.c ****   {
 3845              		.loc 1 2199 15
 3846 0784 7B68     		ldr	r3, [r7, #4]
 3847 0786 1B68     		ldr	r3, [r3]
2199:Drivers/STM32F1xx_HAL_Driver/Src/stm32f1xx_hal_pcd.c ****   {
 3848              		.loc 1 2199 25
 3849 0788 B3F84430 		ldrh	r3, [r3, #68]	@ movhi
 3850 078c 9BB2     		uxth	r3, r3
2199:Drivers/STM32F1xx_HAL_Driver/Src/stm32f1xx_hal_pcd.c ****   {
 3851              		.loc 1 2199 48
 3852 078e 1BB2     		sxth	r3, r3
2199:Drivers/STM32F1xx_HAL_Driver/Src/stm32f1xx_hal_pcd.c ****   {
 3853              		.loc 1 2199 9
 3854 0790 002B     		cmp	r3, #0
 3855 0792 FFF63AAC 		blt	.L135
2445:Drivers/STM32F1xx_HAL_Driver/Src/stm32f1xx_hal_pcd.c ****           }
2446:Drivers/STM32F1xx_HAL_Driver/Src/stm32f1xx_hal_pcd.c **** #endif /* (USE_USB_DOUBLE_BUFFER == 1U) */
2447:Drivers/STM32F1xx_HAL_Driver/Src/stm32f1xx_hal_pcd.c ****         }
2448:Drivers/STM32F1xx_HAL_Driver/Src/stm32f1xx_hal_pcd.c ****       }
2449:Drivers/STM32F1xx_HAL_Driver/Src/stm32f1xx_hal_pcd.c ****     }
2450:Drivers/STM32F1xx_HAL_Driver/Src/stm32f1xx_hal_pcd.c ****   }
2451:Drivers/STM32F1xx_HAL_Driver/Src/stm32f1xx_hal_pcd.c **** 
2452:Drivers/STM32F1xx_HAL_Driver/Src/stm32f1xx_hal_pcd.c ****   return HAL_OK;
 3856              		.loc 1 2452 10
 3857 0796 0023     		movs	r3, #0
2453:Drivers/STM32F1xx_HAL_Driver/Src/stm32f1xx_hal_pcd.c **** }
 3858              		.loc 1 2453 1
 3859 0798 1846     		mov	r0, r3
 3860 079a 5837     		adds	r7, r7, #88
 3861              	.LCFI189:
 3862              		.cfi_def_cfa_offset 8
 3863 079c BD46     		mov	sp, r7
 3864              	.LCFI190:
 3865              		.cfi_def_cfa_register 13
 3866              		@ sp needed
 3867 079e 80BD     		pop	{r7, pc}
 3868              		.cfi_endproc
 3869              	.LFE99:
 3871              		.section	.text.HAL_PCD_EP_DB_Receive,"ax",%progbits
ARM GAS  /var/folders/xf/tcndk8390ml5xdpfw93qkhpm0000gn/T//cceFQQPk.s 			page 111


 3872              		.align	1
 3873              		.syntax unified
 3874              		.thumb
 3875              		.thumb_func
 3877              	HAL_PCD_EP_DB_Receive:
 3878              	.LFB100:
2454:Drivers/STM32F1xx_HAL_Driver/Src/stm32f1xx_hal_pcd.c **** 
2455:Drivers/STM32F1xx_HAL_Driver/Src/stm32f1xx_hal_pcd.c **** 
2456:Drivers/STM32F1xx_HAL_Driver/Src/stm32f1xx_hal_pcd.c **** #if (USE_USB_DOUBLE_BUFFER == 1U)
2457:Drivers/STM32F1xx_HAL_Driver/Src/stm32f1xx_hal_pcd.c **** /**
2458:Drivers/STM32F1xx_HAL_Driver/Src/stm32f1xx_hal_pcd.c ****   * @brief  Manage double buffer bulk out transaction from ISR
2459:Drivers/STM32F1xx_HAL_Driver/Src/stm32f1xx_hal_pcd.c ****   * @param  hpcd PCD handle
2460:Drivers/STM32F1xx_HAL_Driver/Src/stm32f1xx_hal_pcd.c ****   * @param  ep current endpoint handle
2461:Drivers/STM32F1xx_HAL_Driver/Src/stm32f1xx_hal_pcd.c ****   * @param  wEPVal Last snapshot of EPRx register value taken in ISR
2462:Drivers/STM32F1xx_HAL_Driver/Src/stm32f1xx_hal_pcd.c ****   * @retval HAL status
2463:Drivers/STM32F1xx_HAL_Driver/Src/stm32f1xx_hal_pcd.c ****   */
2464:Drivers/STM32F1xx_HAL_Driver/Src/stm32f1xx_hal_pcd.c **** static uint16_t HAL_PCD_EP_DB_Receive(PCD_HandleTypeDef *hpcd,
2465:Drivers/STM32F1xx_HAL_Driver/Src/stm32f1xx_hal_pcd.c ****                                       PCD_EPTypeDef *ep, uint16_t wEPVal)
2466:Drivers/STM32F1xx_HAL_Driver/Src/stm32f1xx_hal_pcd.c **** {
 3879              		.loc 1 2466 1
 3880              		.cfi_startproc
 3881              		@ args = 0, pretend = 0, frame = 32
 3882              		@ frame_needed = 1, uses_anonymous_args = 0
 3883 0000 80B5     		push	{r7, lr}
 3884              	.LCFI191:
 3885              		.cfi_def_cfa_offset 8
 3886              		.cfi_offset 7, -8
 3887              		.cfi_offset 14, -4
 3888 0002 88B0     		sub	sp, sp, #32
 3889              	.LCFI192:
 3890              		.cfi_def_cfa_offset 40
 3891 0004 00AF     		add	r7, sp, #0
 3892              	.LCFI193:
 3893              		.cfi_def_cfa_register 7
 3894 0006 F860     		str	r0, [r7, #12]
 3895 0008 B960     		str	r1, [r7, #8]
 3896 000a 1346     		mov	r3, r2
 3897 000c FB80     		strh	r3, [r7, #6]	@ movhi
2467:Drivers/STM32F1xx_HAL_Driver/Src/stm32f1xx_hal_pcd.c ****   uint16_t count;
2468:Drivers/STM32F1xx_HAL_Driver/Src/stm32f1xx_hal_pcd.c **** 
2469:Drivers/STM32F1xx_HAL_Driver/Src/stm32f1xx_hal_pcd.c ****   /* Manage Buffer0 OUT */
2470:Drivers/STM32F1xx_HAL_Driver/Src/stm32f1xx_hal_pcd.c ****   if ((wEPVal & USB_EP_DTOG_RX) != 0U)
 3898              		.loc 1 2470 15
 3899 000e FB88     		ldrh	r3, [r7, #6]
 3900 0010 03F48043 		and	r3, r3, #16384
 3901              		.loc 1 2470 6
 3902 0014 002B     		cmp	r3, #0
 3903 0016 7ED0     		beq	.L138
2471:Drivers/STM32F1xx_HAL_Driver/Src/stm32f1xx_hal_pcd.c ****   {
2472:Drivers/STM32F1xx_HAL_Driver/Src/stm32f1xx_hal_pcd.c ****     /* Get count of received Data on buffer0 */
2473:Drivers/STM32F1xx_HAL_Driver/Src/stm32f1xx_hal_pcd.c ****     count = (uint16_t)PCD_GET_EP_DBUF0_CNT(hpcd->Instance, ep->num);
 3904              		.loc 1 2473 23
 3905 0018 FB68     		ldr	r3, [r7, #12]
 3906 001a 1B68     		ldr	r3, [r3]
 3907 001c B3F85030 		ldrh	r3, [r3, #80]	@ movhi
 3908 0020 9BB2     		uxth	r3, r3
 3909 0022 1A46     		mov	r2, r3
ARM GAS  /var/folders/xf/tcndk8390ml5xdpfw93qkhpm0000gn/T//cceFQQPk.s 			page 112


 3910 0024 BB68     		ldr	r3, [r7, #8]
 3911 0026 1B78     		ldrb	r3, [r3]	@ zero_extendqisi2
 3912 0028 DB00     		lsls	r3, r3, #3
 3913 002a 1344     		add	r3, r3, r2
 3914 002c 0233     		adds	r3, r3, #2
 3915 002e 5B00     		lsls	r3, r3, #1
 3916 0030 FA68     		ldr	r2, [r7, #12]
 3917 0032 1268     		ldr	r2, [r2]
 3918 0034 1344     		add	r3, r3, r2
 3919 0036 03F58063 		add	r3, r3, #1024
 3920 003a 1B88     		ldrh	r3, [r3]
 3921              		.loc 1 2473 11
 3922 003c C3F30903 		ubfx	r3, r3, #0, #10
 3923 0040 7B83     		strh	r3, [r7, #26]	@ movhi
2474:Drivers/STM32F1xx_HAL_Driver/Src/stm32f1xx_hal_pcd.c **** 
2475:Drivers/STM32F1xx_HAL_Driver/Src/stm32f1xx_hal_pcd.c ****     if (ep->xfer_len >= count)
 3924              		.loc 1 2475 11
 3925 0042 BB68     		ldr	r3, [r7, #8]
 3926 0044 9A69     		ldr	r2, [r3, #24]
 3927              		.loc 1 2475 22
 3928 0046 7B8B     		ldrh	r3, [r7, #26]
 3929              		.loc 1 2475 8
 3930 0048 9A42     		cmp	r2, r3
 3931 004a 06D3     		bcc	.L139
2476:Drivers/STM32F1xx_HAL_Driver/Src/stm32f1xx_hal_pcd.c ****     {
2477:Drivers/STM32F1xx_HAL_Driver/Src/stm32f1xx_hal_pcd.c ****       ep->xfer_len -= count;
 3932              		.loc 1 2477 20
 3933 004c BB68     		ldr	r3, [r7, #8]
 3934 004e 9A69     		ldr	r2, [r3, #24]
 3935 0050 7B8B     		ldrh	r3, [r7, #26]
 3936 0052 D21A     		subs	r2, r2, r3
 3937 0054 BB68     		ldr	r3, [r7, #8]
 3938 0056 9A61     		str	r2, [r3, #24]
 3939 0058 02E0     		b	.L140
 3940              	.L139:
2478:Drivers/STM32F1xx_HAL_Driver/Src/stm32f1xx_hal_pcd.c ****     }
2479:Drivers/STM32F1xx_HAL_Driver/Src/stm32f1xx_hal_pcd.c ****     else
2480:Drivers/STM32F1xx_HAL_Driver/Src/stm32f1xx_hal_pcd.c ****     {
2481:Drivers/STM32F1xx_HAL_Driver/Src/stm32f1xx_hal_pcd.c ****       ep->xfer_len = 0U;
 3941              		.loc 1 2481 20
 3942 005a BB68     		ldr	r3, [r7, #8]
 3943 005c 0022     		movs	r2, #0
 3944 005e 9A61     		str	r2, [r3, #24]
 3945              	.L140:
2482:Drivers/STM32F1xx_HAL_Driver/Src/stm32f1xx_hal_pcd.c ****     }
2483:Drivers/STM32F1xx_HAL_Driver/Src/stm32f1xx_hal_pcd.c **** 
2484:Drivers/STM32F1xx_HAL_Driver/Src/stm32f1xx_hal_pcd.c ****     if (ep->xfer_len == 0U)
 3946              		.loc 1 2484 11
 3947 0060 BB68     		ldr	r3, [r7, #8]
 3948 0062 9B69     		ldr	r3, [r3, #24]
 3949              		.loc 1 2484 8
 3950 0064 002B     		cmp	r3, #0
 3951 0066 23D1     		bne	.L141
 3952              	.LBB17:
2485:Drivers/STM32F1xx_HAL_Driver/Src/stm32f1xx_hal_pcd.c ****     {
2486:Drivers/STM32F1xx_HAL_Driver/Src/stm32f1xx_hal_pcd.c ****       /* set NAK to OUT endpoint since double buffer is enabled */
2487:Drivers/STM32F1xx_HAL_Driver/Src/stm32f1xx_hal_pcd.c ****       PCD_SET_EP_RX_STATUS(hpcd->Instance, ep->num, USB_EP_RX_NAK);
ARM GAS  /var/folders/xf/tcndk8390ml5xdpfw93qkhpm0000gn/T//cceFQQPk.s 			page 113


 3953              		.loc 1 2487 7
 3954 0068 FB68     		ldr	r3, [r7, #12]
 3955 006a 1B68     		ldr	r3, [r3]
 3956 006c 1A46     		mov	r2, r3
 3957 006e BB68     		ldr	r3, [r7, #8]
 3958 0070 1B78     		ldrb	r3, [r3]	@ zero_extendqisi2
 3959 0072 9B00     		lsls	r3, r3, #2
 3960 0074 1344     		add	r3, r3, r2
 3961 0076 1B88     		ldrh	r3, [r3]	@ movhi
 3962 0078 9BB2     		uxth	r3, r3
 3963 007a 23F48043 		bic	r3, r3, #16384
 3964 007e 23F07003 		bic	r3, r3, #112
 3965 0082 3B83     		strh	r3, [r7, #24]	@ movhi
 3966 0084 3B8B     		ldrh	r3, [r7, #24]	@ movhi
 3967 0086 83F40053 		eor	r3, r3, #8192
 3968 008a 3B83     		strh	r3, [r7, #24]	@ movhi
 3969 008c FB68     		ldr	r3, [r7, #12]
 3970 008e 1B68     		ldr	r3, [r3]
 3971 0090 1A46     		mov	r2, r3
 3972 0092 BB68     		ldr	r3, [r7, #8]
 3973 0094 1B78     		ldrb	r3, [r3]	@ zero_extendqisi2
 3974 0096 9B00     		lsls	r3, r3, #2
 3975 0098 1A44     		add	r2, r2, r3
 3976 009a 3B8B     		ldrh	r3, [r7, #24]	@ movhi
 3977 009c 43F07F43 		orr	r3, r3, #-16777216
 3978 00a0 43F47F03 		orr	r3, r3, #16711680
 3979 00a4 43F40043 		orr	r3, r3, #32768
 3980 00a8 43F08003 		orr	r3, r3, #128
 3981 00ac 9BB2     		uxth	r3, r3
 3982 00ae 1380     		strh	r3, [r2]	@ movhi
 3983              	.L141:
 3984              	.LBE17:
2488:Drivers/STM32F1xx_HAL_Driver/Src/stm32f1xx_hal_pcd.c ****     }
2489:Drivers/STM32F1xx_HAL_Driver/Src/stm32f1xx_hal_pcd.c **** 
2490:Drivers/STM32F1xx_HAL_Driver/Src/stm32f1xx_hal_pcd.c ****     /* Check if Buffer1 is in blocked state which requires to toggle */
2491:Drivers/STM32F1xx_HAL_Driver/Src/stm32f1xx_hal_pcd.c ****     if ((wEPVal & USB_EP_DTOG_TX) != 0U)
 3985              		.loc 1 2491 17
 3986 00b0 FB88     		ldrh	r3, [r7, #6]
 3987 00b2 03F04003 		and	r3, r3, #64
 3988              		.loc 1 2491 8
 3989 00b6 002B     		cmp	r3, #0
 3990 00b8 1FD0     		beq	.L142
 3991              	.LBB18:
2492:Drivers/STM32F1xx_HAL_Driver/Src/stm32f1xx_hal_pcd.c ****     {
2493:Drivers/STM32F1xx_HAL_Driver/Src/stm32f1xx_hal_pcd.c ****       PCD_FREE_USER_BUFFER(hpcd->Instance, ep->num, 0U);
 3992              		.loc 1 2493 7 discriminator 1
 3993 00ba FB68     		ldr	r3, [r7, #12]
 3994 00bc 1B68     		ldr	r3, [r3]
 3995 00be 1A46     		mov	r2, r3
 3996 00c0 BB68     		ldr	r3, [r7, #8]
 3997 00c2 1B78     		ldrb	r3, [r3]	@ zero_extendqisi2
 3998 00c4 9B00     		lsls	r3, r3, #2
 3999 00c6 1344     		add	r3, r3, r2
 4000 00c8 1B88     		ldrh	r3, [r3]	@ movhi
 4001 00ca 9BB2     		uxth	r3, r3
 4002 00cc 23F4E043 		bic	r3, r3, #28672
 4003 00d0 23F07003 		bic	r3, r3, #112
ARM GAS  /var/folders/xf/tcndk8390ml5xdpfw93qkhpm0000gn/T//cceFQQPk.s 			page 114


 4004 00d4 FB82     		strh	r3, [r7, #22]	@ movhi
 4005 00d6 FB68     		ldr	r3, [r7, #12]
 4006 00d8 1B68     		ldr	r3, [r3]
 4007 00da 1A46     		mov	r2, r3
 4008 00dc BB68     		ldr	r3, [r7, #8]
 4009 00de 1B78     		ldrb	r3, [r3]	@ zero_extendqisi2
 4010 00e0 9B00     		lsls	r3, r3, #2
 4011 00e2 1A44     		add	r2, r2, r3
 4012 00e4 FB8A     		ldrh	r3, [r7, #22]	@ movhi
 4013 00e6 43F07F43 		orr	r3, r3, #-16777216
 4014 00ea 43F47F03 		orr	r3, r3, #16711680
 4015 00ee 43F40043 		orr	r3, r3, #32768
 4016 00f2 43F0C003 		orr	r3, r3, #192
 4017 00f6 9BB2     		uxth	r3, r3
 4018 00f8 1380     		strh	r3, [r2]	@ movhi
 4019              	.L142:
 4020              	.LBE18:
2494:Drivers/STM32F1xx_HAL_Driver/Src/stm32f1xx_hal_pcd.c ****     }
2495:Drivers/STM32F1xx_HAL_Driver/Src/stm32f1xx_hal_pcd.c **** 
2496:Drivers/STM32F1xx_HAL_Driver/Src/stm32f1xx_hal_pcd.c ****     if (count != 0U)
 4021              		.loc 1 2496 8
 4022 00fa 7B8B     		ldrh	r3, [r7, #26]
 4023 00fc 002B     		cmp	r3, #0
 4024 00fe 00F08780 		beq	.L143
2497:Drivers/STM32F1xx_HAL_Driver/Src/stm32f1xx_hal_pcd.c ****     {
2498:Drivers/STM32F1xx_HAL_Driver/Src/stm32f1xx_hal_pcd.c ****       USB_ReadPMA(hpcd->Instance, ep->xfer_buff, ep->pmaaddr0, count);
 4025              		.loc 1 2498 23
 4026 0102 FB68     		ldr	r3, [r7, #12]
 4027 0104 1868     		ldr	r0, [r3]
 4028              		.loc 1 2498 7
 4029 0106 BB68     		ldr	r3, [r7, #8]
 4030 0108 5969     		ldr	r1, [r3, #20]
 4031 010a BB68     		ldr	r3, [r7, #8]
 4032 010c 1A89     		ldrh	r2, [r3, #8]
 4033 010e 7B8B     		ldrh	r3, [r7, #26]
 4034 0110 FFF7FEFF 		bl	USB_ReadPMA
 4035 0114 7CE0     		b	.L143
 4036              	.L138:
2499:Drivers/STM32F1xx_HAL_Driver/Src/stm32f1xx_hal_pcd.c ****     }
2500:Drivers/STM32F1xx_HAL_Driver/Src/stm32f1xx_hal_pcd.c ****   }
2501:Drivers/STM32F1xx_HAL_Driver/Src/stm32f1xx_hal_pcd.c ****   /* Manage Buffer 1 DTOG_RX=0 */
2502:Drivers/STM32F1xx_HAL_Driver/Src/stm32f1xx_hal_pcd.c ****   else
2503:Drivers/STM32F1xx_HAL_Driver/Src/stm32f1xx_hal_pcd.c ****   {
2504:Drivers/STM32F1xx_HAL_Driver/Src/stm32f1xx_hal_pcd.c ****     /* Get count of received data */
2505:Drivers/STM32F1xx_HAL_Driver/Src/stm32f1xx_hal_pcd.c ****     count = (uint16_t)PCD_GET_EP_DBUF1_CNT(hpcd->Instance, ep->num);
 4037              		.loc 1 2505 23
 4038 0116 FB68     		ldr	r3, [r7, #12]
 4039 0118 1B68     		ldr	r3, [r3]
 4040 011a B3F85030 		ldrh	r3, [r3, #80]	@ movhi
 4041 011e 9BB2     		uxth	r3, r3
 4042 0120 1A46     		mov	r2, r3
 4043 0122 BB68     		ldr	r3, [r7, #8]
 4044 0124 1B78     		ldrb	r3, [r3]	@ zero_extendqisi2
 4045 0126 DB00     		lsls	r3, r3, #3
 4046 0128 1344     		add	r3, r3, r2
 4047 012a 0633     		adds	r3, r3, #6
 4048 012c 5B00     		lsls	r3, r3, #1
ARM GAS  /var/folders/xf/tcndk8390ml5xdpfw93qkhpm0000gn/T//cceFQQPk.s 			page 115


 4049 012e FA68     		ldr	r2, [r7, #12]
 4050 0130 1268     		ldr	r2, [r2]
 4051 0132 1344     		add	r3, r3, r2
 4052 0134 03F58063 		add	r3, r3, #1024
 4053 0138 1B88     		ldrh	r3, [r3]
 4054              		.loc 1 2505 11
 4055 013a C3F30903 		ubfx	r3, r3, #0, #10
 4056 013e 7B83     		strh	r3, [r7, #26]	@ movhi
2506:Drivers/STM32F1xx_HAL_Driver/Src/stm32f1xx_hal_pcd.c **** 
2507:Drivers/STM32F1xx_HAL_Driver/Src/stm32f1xx_hal_pcd.c ****     if (ep->xfer_len >= count)
 4057              		.loc 1 2507 11
 4058 0140 BB68     		ldr	r3, [r7, #8]
 4059 0142 9A69     		ldr	r2, [r3, #24]
 4060              		.loc 1 2507 22
 4061 0144 7B8B     		ldrh	r3, [r7, #26]
 4062              		.loc 1 2507 8
 4063 0146 9A42     		cmp	r2, r3
 4064 0148 06D3     		bcc	.L144
2508:Drivers/STM32F1xx_HAL_Driver/Src/stm32f1xx_hal_pcd.c ****     {
2509:Drivers/STM32F1xx_HAL_Driver/Src/stm32f1xx_hal_pcd.c ****       ep->xfer_len -= count;
 4065              		.loc 1 2509 20
 4066 014a BB68     		ldr	r3, [r7, #8]
 4067 014c 9A69     		ldr	r2, [r3, #24]
 4068 014e 7B8B     		ldrh	r3, [r7, #26]
 4069 0150 D21A     		subs	r2, r2, r3
 4070 0152 BB68     		ldr	r3, [r7, #8]
 4071 0154 9A61     		str	r2, [r3, #24]
 4072 0156 02E0     		b	.L145
 4073              	.L144:
2510:Drivers/STM32F1xx_HAL_Driver/Src/stm32f1xx_hal_pcd.c ****     }
2511:Drivers/STM32F1xx_HAL_Driver/Src/stm32f1xx_hal_pcd.c ****     else
2512:Drivers/STM32F1xx_HAL_Driver/Src/stm32f1xx_hal_pcd.c ****     {
2513:Drivers/STM32F1xx_HAL_Driver/Src/stm32f1xx_hal_pcd.c ****       ep->xfer_len = 0U;
 4074              		.loc 1 2513 20
 4075 0158 BB68     		ldr	r3, [r7, #8]
 4076 015a 0022     		movs	r2, #0
 4077 015c 9A61     		str	r2, [r3, #24]
 4078              	.L145:
2514:Drivers/STM32F1xx_HAL_Driver/Src/stm32f1xx_hal_pcd.c ****     }
2515:Drivers/STM32F1xx_HAL_Driver/Src/stm32f1xx_hal_pcd.c **** 
2516:Drivers/STM32F1xx_HAL_Driver/Src/stm32f1xx_hal_pcd.c ****     if (ep->xfer_len == 0U)
 4079              		.loc 1 2516 11
 4080 015e BB68     		ldr	r3, [r7, #8]
 4081 0160 9B69     		ldr	r3, [r3, #24]
 4082              		.loc 1 2516 8
 4083 0162 002B     		cmp	r3, #0
 4084 0164 23D1     		bne	.L146
 4085              	.LBB19:
2517:Drivers/STM32F1xx_HAL_Driver/Src/stm32f1xx_hal_pcd.c ****     {
2518:Drivers/STM32F1xx_HAL_Driver/Src/stm32f1xx_hal_pcd.c ****       /* set NAK on the current endpoint */
2519:Drivers/STM32F1xx_HAL_Driver/Src/stm32f1xx_hal_pcd.c ****       PCD_SET_EP_RX_STATUS(hpcd->Instance, ep->num, USB_EP_RX_NAK);
 4086              		.loc 1 2519 7
 4087 0166 FB68     		ldr	r3, [r7, #12]
 4088 0168 1B68     		ldr	r3, [r3]
 4089 016a 1A46     		mov	r2, r3
 4090 016c BB68     		ldr	r3, [r7, #8]
 4091 016e 1B78     		ldrb	r3, [r3]	@ zero_extendqisi2
ARM GAS  /var/folders/xf/tcndk8390ml5xdpfw93qkhpm0000gn/T//cceFQQPk.s 			page 116


 4092 0170 9B00     		lsls	r3, r3, #2
 4093 0172 1344     		add	r3, r3, r2
 4094 0174 1B88     		ldrh	r3, [r3]	@ movhi
 4095 0176 9BB2     		uxth	r3, r3
 4096 0178 23F48043 		bic	r3, r3, #16384
 4097 017c 23F07003 		bic	r3, r3, #112
 4098 0180 FB83     		strh	r3, [r7, #30]	@ movhi
 4099 0182 FB8B     		ldrh	r3, [r7, #30]	@ movhi
 4100 0184 83F40053 		eor	r3, r3, #8192
 4101 0188 FB83     		strh	r3, [r7, #30]	@ movhi
 4102 018a FB68     		ldr	r3, [r7, #12]
 4103 018c 1B68     		ldr	r3, [r3]
 4104 018e 1A46     		mov	r2, r3
 4105 0190 BB68     		ldr	r3, [r7, #8]
 4106 0192 1B78     		ldrb	r3, [r3]	@ zero_extendqisi2
 4107 0194 9B00     		lsls	r3, r3, #2
 4108 0196 1A44     		add	r2, r2, r3
 4109 0198 FB8B     		ldrh	r3, [r7, #30]	@ movhi
 4110 019a 43F07F43 		orr	r3, r3, #-16777216
 4111 019e 43F47F03 		orr	r3, r3, #16711680
 4112 01a2 43F40043 		orr	r3, r3, #32768
 4113 01a6 43F08003 		orr	r3, r3, #128
 4114 01aa 9BB2     		uxth	r3, r3
 4115 01ac 1380     		strh	r3, [r2]	@ movhi
 4116              	.L146:
 4117              	.LBE19:
2520:Drivers/STM32F1xx_HAL_Driver/Src/stm32f1xx_hal_pcd.c ****     }
2521:Drivers/STM32F1xx_HAL_Driver/Src/stm32f1xx_hal_pcd.c **** 
2522:Drivers/STM32F1xx_HAL_Driver/Src/stm32f1xx_hal_pcd.c ****     /*Need to FreeUser Buffer*/
2523:Drivers/STM32F1xx_HAL_Driver/Src/stm32f1xx_hal_pcd.c ****     if ((wEPVal & USB_EP_DTOG_TX) == 0U)
 4118              		.loc 1 2523 17
 4119 01ae FB88     		ldrh	r3, [r7, #6]
 4120 01b0 03F04003 		and	r3, r3, #64
 4121              		.loc 1 2523 8
 4122 01b4 002B     		cmp	r3, #0
 4123 01b6 1FD1     		bne	.L147
 4124              	.LBB20:
2524:Drivers/STM32F1xx_HAL_Driver/Src/stm32f1xx_hal_pcd.c ****     {
2525:Drivers/STM32F1xx_HAL_Driver/Src/stm32f1xx_hal_pcd.c ****       PCD_FREE_USER_BUFFER(hpcd->Instance, ep->num, 0U);
 4125              		.loc 1 2525 7 discriminator 1
 4126 01b8 FB68     		ldr	r3, [r7, #12]
 4127 01ba 1B68     		ldr	r3, [r3]
 4128 01bc 1A46     		mov	r2, r3
 4129 01be BB68     		ldr	r3, [r7, #8]
 4130 01c0 1B78     		ldrb	r3, [r3]	@ zero_extendqisi2
 4131 01c2 9B00     		lsls	r3, r3, #2
 4132 01c4 1344     		add	r3, r3, r2
 4133 01c6 1B88     		ldrh	r3, [r3]	@ movhi
 4134 01c8 9BB2     		uxth	r3, r3
 4135 01ca 23F4E043 		bic	r3, r3, #28672
 4136 01ce 23F07003 		bic	r3, r3, #112
 4137 01d2 BB83     		strh	r3, [r7, #28]	@ movhi
 4138 01d4 FB68     		ldr	r3, [r7, #12]
 4139 01d6 1B68     		ldr	r3, [r3]
 4140 01d8 1A46     		mov	r2, r3
 4141 01da BB68     		ldr	r3, [r7, #8]
 4142 01dc 1B78     		ldrb	r3, [r3]	@ zero_extendqisi2
ARM GAS  /var/folders/xf/tcndk8390ml5xdpfw93qkhpm0000gn/T//cceFQQPk.s 			page 117


 4143 01de 9B00     		lsls	r3, r3, #2
 4144 01e0 1A44     		add	r2, r2, r3
 4145 01e2 BB8B     		ldrh	r3, [r7, #28]	@ movhi
 4146 01e4 43F07F43 		orr	r3, r3, #-16777216
 4147 01e8 43F47F03 		orr	r3, r3, #16711680
 4148 01ec 43F40043 		orr	r3, r3, #32768
 4149 01f0 43F0C003 		orr	r3, r3, #192
 4150 01f4 9BB2     		uxth	r3, r3
 4151 01f6 1380     		strh	r3, [r2]	@ movhi
 4152              	.L147:
 4153              	.LBE20:
2526:Drivers/STM32F1xx_HAL_Driver/Src/stm32f1xx_hal_pcd.c ****     }
2527:Drivers/STM32F1xx_HAL_Driver/Src/stm32f1xx_hal_pcd.c **** 
2528:Drivers/STM32F1xx_HAL_Driver/Src/stm32f1xx_hal_pcd.c ****     if (count != 0U)
 4154              		.loc 1 2528 8
 4155 01f8 7B8B     		ldrh	r3, [r7, #26]
 4156 01fa 002B     		cmp	r3, #0
 4157 01fc 08D0     		beq	.L143
2529:Drivers/STM32F1xx_HAL_Driver/Src/stm32f1xx_hal_pcd.c ****     {
2530:Drivers/STM32F1xx_HAL_Driver/Src/stm32f1xx_hal_pcd.c ****       USB_ReadPMA(hpcd->Instance, ep->xfer_buff, ep->pmaaddr1, count);
 4158              		.loc 1 2530 23
 4159 01fe FB68     		ldr	r3, [r7, #12]
 4160 0200 1868     		ldr	r0, [r3]
 4161              		.loc 1 2530 7
 4162 0202 BB68     		ldr	r3, [r7, #8]
 4163 0204 5969     		ldr	r1, [r3, #20]
 4164 0206 BB68     		ldr	r3, [r7, #8]
 4165 0208 5A89     		ldrh	r2, [r3, #10]
 4166 020a 7B8B     		ldrh	r3, [r7, #26]
 4167 020c FFF7FEFF 		bl	USB_ReadPMA
 4168              	.L143:
2531:Drivers/STM32F1xx_HAL_Driver/Src/stm32f1xx_hal_pcd.c ****     }
2532:Drivers/STM32F1xx_HAL_Driver/Src/stm32f1xx_hal_pcd.c ****   }
2533:Drivers/STM32F1xx_HAL_Driver/Src/stm32f1xx_hal_pcd.c **** 
2534:Drivers/STM32F1xx_HAL_Driver/Src/stm32f1xx_hal_pcd.c ****   return count;
 4169              		.loc 1 2534 10
 4170 0210 7B8B     		ldrh	r3, [r7, #26]
2535:Drivers/STM32F1xx_HAL_Driver/Src/stm32f1xx_hal_pcd.c **** }
 4171              		.loc 1 2535 1
 4172 0212 1846     		mov	r0, r3
 4173 0214 2037     		adds	r7, r7, #32
 4174              	.LCFI194:
 4175              		.cfi_def_cfa_offset 8
 4176 0216 BD46     		mov	sp, r7
 4177              	.LCFI195:
 4178              		.cfi_def_cfa_register 13
 4179              		@ sp needed
 4180 0218 80BD     		pop	{r7, pc}
 4181              		.cfi_endproc
 4182              	.LFE100:
 4184              		.section	.text.HAL_PCD_EP_DB_Transmit,"ax",%progbits
 4185              		.align	1
 4186              		.syntax unified
 4187              		.thumb
 4188              		.thumb_func
 4190              	HAL_PCD_EP_DB_Transmit:
 4191              	.LFB101:
ARM GAS  /var/folders/xf/tcndk8390ml5xdpfw93qkhpm0000gn/T//cceFQQPk.s 			page 118


2536:Drivers/STM32F1xx_HAL_Driver/Src/stm32f1xx_hal_pcd.c **** 
2537:Drivers/STM32F1xx_HAL_Driver/Src/stm32f1xx_hal_pcd.c **** 
2538:Drivers/STM32F1xx_HAL_Driver/Src/stm32f1xx_hal_pcd.c **** /**
2539:Drivers/STM32F1xx_HAL_Driver/Src/stm32f1xx_hal_pcd.c ****   * @brief  Manage double buffer bulk IN transaction from ISR
2540:Drivers/STM32F1xx_HAL_Driver/Src/stm32f1xx_hal_pcd.c ****   * @param  hpcd PCD handle
2541:Drivers/STM32F1xx_HAL_Driver/Src/stm32f1xx_hal_pcd.c ****   * @param  ep current endpoint handle
2542:Drivers/STM32F1xx_HAL_Driver/Src/stm32f1xx_hal_pcd.c ****   * @param  wEPVal Last snapshot of EPRx register value taken in ISR
2543:Drivers/STM32F1xx_HAL_Driver/Src/stm32f1xx_hal_pcd.c ****   * @retval HAL status
2544:Drivers/STM32F1xx_HAL_Driver/Src/stm32f1xx_hal_pcd.c ****   */
2545:Drivers/STM32F1xx_HAL_Driver/Src/stm32f1xx_hal_pcd.c **** static HAL_StatusTypeDef HAL_PCD_EP_DB_Transmit(PCD_HandleTypeDef *hpcd,
2546:Drivers/STM32F1xx_HAL_Driver/Src/stm32f1xx_hal_pcd.c ****                                                 PCD_EPTypeDef *ep, uint16_t wEPVal)
2547:Drivers/STM32F1xx_HAL_Driver/Src/stm32f1xx_hal_pcd.c **** {
 4192              		.loc 1 2547 1
 4193              		.cfi_startproc
 4194              		@ args = 0, pretend = 0, frame = 144
 4195              		@ frame_needed = 1, uses_anonymous_args = 0
 4196 0000 80B5     		push	{r7, lr}
 4197              	.LCFI196:
 4198              		.cfi_def_cfa_offset 8
 4199              		.cfi_offset 7, -8
 4200              		.cfi_offset 14, -4
 4201 0002 A4B0     		sub	sp, sp, #144
 4202              	.LCFI197:
 4203              		.cfi_def_cfa_offset 152
 4204 0004 00AF     		add	r7, sp, #0
 4205              	.LCFI198:
 4206              		.cfi_def_cfa_register 7
 4207 0006 F860     		str	r0, [r7, #12]
 4208 0008 B960     		str	r1, [r7, #8]
 4209 000a 1346     		mov	r3, r2
 4210 000c FB80     		strh	r3, [r7, #6]	@ movhi
2548:Drivers/STM32F1xx_HAL_Driver/Src/stm32f1xx_hal_pcd.c ****   uint32_t len;
2549:Drivers/STM32F1xx_HAL_Driver/Src/stm32f1xx_hal_pcd.c ****   uint16_t TxPctSize;
2550:Drivers/STM32F1xx_HAL_Driver/Src/stm32f1xx_hal_pcd.c **** 
2551:Drivers/STM32F1xx_HAL_Driver/Src/stm32f1xx_hal_pcd.c ****   /* Data Buffer0 ACK received */
2552:Drivers/STM32F1xx_HAL_Driver/Src/stm32f1xx_hal_pcd.c ****   if ((wEPVal & USB_EP_DTOG_TX) != 0U)
 4211              		.loc 1 2552 15
 4212 000e FB88     		ldrh	r3, [r7, #6]
 4213 0010 03F04003 		and	r3, r3, #64
 4214              		.loc 1 2552 6
 4215 0014 002B     		cmp	r3, #0
 4216 0016 00F0DD81 		beq	.L150
2553:Drivers/STM32F1xx_HAL_Driver/Src/stm32f1xx_hal_pcd.c ****   {
2554:Drivers/STM32F1xx_HAL_Driver/Src/stm32f1xx_hal_pcd.c ****     /* multi-packet on the NON control IN endpoint */
2555:Drivers/STM32F1xx_HAL_Driver/Src/stm32f1xx_hal_pcd.c ****     TxPctSize = (uint16_t)PCD_GET_EP_DBUF0_CNT(hpcd->Instance, ep->num);
 4217              		.loc 1 2555 27
 4218 001a FB68     		ldr	r3, [r7, #12]
 4219 001c 1B68     		ldr	r3, [r3]
 4220 001e B3F85030 		ldrh	r3, [r3, #80]	@ movhi
 4221 0022 9BB2     		uxth	r3, r3
 4222 0024 1A46     		mov	r2, r3
 4223 0026 BB68     		ldr	r3, [r7, #8]
 4224 0028 1B78     		ldrb	r3, [r3]	@ zero_extendqisi2
 4225 002a DB00     		lsls	r3, r3, #3
 4226 002c 1344     		add	r3, r3, r2
 4227 002e 0233     		adds	r3, r3, #2
 4228 0030 5B00     		lsls	r3, r3, #1
ARM GAS  /var/folders/xf/tcndk8390ml5xdpfw93qkhpm0000gn/T//cceFQQPk.s 			page 119


 4229 0032 FA68     		ldr	r2, [r7, #12]
 4230 0034 1268     		ldr	r2, [r2]
 4231 0036 1344     		add	r3, r3, r2
 4232 0038 03F58063 		add	r3, r3, #1024
 4233 003c 1B88     		ldrh	r3, [r3]
 4234              		.loc 1 2555 15
 4235 003e C3F30903 		ubfx	r3, r3, #0, #10
 4236 0042 A7F88630 		strh	r3, [r7, #134]	@ movhi
2556:Drivers/STM32F1xx_HAL_Driver/Src/stm32f1xx_hal_pcd.c **** 
2557:Drivers/STM32F1xx_HAL_Driver/Src/stm32f1xx_hal_pcd.c ****     if (ep->xfer_len > TxPctSize)
 4237              		.loc 1 2557 11
 4238 0046 BB68     		ldr	r3, [r7, #8]
 4239 0048 9A69     		ldr	r2, [r3, #24]
 4240              		.loc 1 2557 22
 4241 004a B7F88630 		ldrh	r3, [r7, #134]
 4242              		.loc 1 2557 8
 4243 004e 9A42     		cmp	r2, r3
 4244 0050 07D9     		bls	.L151
2558:Drivers/STM32F1xx_HAL_Driver/Src/stm32f1xx_hal_pcd.c ****     {
2559:Drivers/STM32F1xx_HAL_Driver/Src/stm32f1xx_hal_pcd.c ****       ep->xfer_len -= TxPctSize;
 4245              		.loc 1 2559 20
 4246 0052 BB68     		ldr	r3, [r7, #8]
 4247 0054 9A69     		ldr	r2, [r3, #24]
 4248 0056 B7F88630 		ldrh	r3, [r7, #134]
 4249 005a D21A     		subs	r2, r2, r3
 4250 005c BB68     		ldr	r3, [r7, #8]
 4251 005e 9A61     		str	r2, [r3, #24]
 4252 0060 02E0     		b	.L152
 4253              	.L151:
2560:Drivers/STM32F1xx_HAL_Driver/Src/stm32f1xx_hal_pcd.c ****     }
2561:Drivers/STM32F1xx_HAL_Driver/Src/stm32f1xx_hal_pcd.c ****     else
2562:Drivers/STM32F1xx_HAL_Driver/Src/stm32f1xx_hal_pcd.c ****     {
2563:Drivers/STM32F1xx_HAL_Driver/Src/stm32f1xx_hal_pcd.c ****       ep->xfer_len = 0U;
 4254              		.loc 1 2563 20
 4255 0062 BB68     		ldr	r3, [r7, #8]
 4256 0064 0022     		movs	r2, #0
 4257 0066 9A61     		str	r2, [r3, #24]
 4258              	.L152:
2564:Drivers/STM32F1xx_HAL_Driver/Src/stm32f1xx_hal_pcd.c ****     }
2565:Drivers/STM32F1xx_HAL_Driver/Src/stm32f1xx_hal_pcd.c **** 
2566:Drivers/STM32F1xx_HAL_Driver/Src/stm32f1xx_hal_pcd.c ****     /* Transfer is completed */
2567:Drivers/STM32F1xx_HAL_Driver/Src/stm32f1xx_hal_pcd.c ****     if (ep->xfer_len == 0U)
 4259              		.loc 1 2567 11
 4260 0068 BB68     		ldr	r3, [r7, #8]
 4261 006a 9B69     		ldr	r3, [r3, #24]
 4262              		.loc 1 2567 8
 4263 006c 002B     		cmp	r3, #0
 4264 006e 40F0B980 		bne	.L153
2568:Drivers/STM32F1xx_HAL_Driver/Src/stm32f1xx_hal_pcd.c ****     {
2569:Drivers/STM32F1xx_HAL_Driver/Src/stm32f1xx_hal_pcd.c ****       PCD_SET_EP_DBUF0_CNT(hpcd->Instance, ep->num, ep->is_in, 0U);
 4265              		.loc 1 2569 7
 4266 0072 BB68     		ldr	r3, [r7, #8]
 4267 0074 5B78     		ldrb	r3, [r3, #1]	@ zero_extendqisi2
 4268 0076 002B     		cmp	r3, #0
 4269 0078 26D1     		bne	.L154
 4270              	.LBB21:
 4271              		.loc 1 2569 7 is_stmt 0 discriminator 1
ARM GAS  /var/folders/xf/tcndk8390ml5xdpfw93qkhpm0000gn/T//cceFQQPk.s 			page 120


 4272 007a FB68     		ldr	r3, [r7, #12]
 4273 007c 1B68     		ldr	r3, [r3]
 4274 007e FB62     		str	r3, [r7, #44]
 4275 0080 FB68     		ldr	r3, [r7, #12]
 4276 0082 1B68     		ldr	r3, [r3]
 4277 0084 B3F85030 		ldrh	r3, [r3, #80]	@ movhi
 4278 0088 9BB2     		uxth	r3, r3
 4279 008a 1A46     		mov	r2, r3
 4280 008c FB6A     		ldr	r3, [r7, #44]
 4281 008e 1344     		add	r3, r3, r2
 4282 0090 FB62     		str	r3, [r7, #44]
 4283 0092 BB68     		ldr	r3, [r7, #8]
 4284 0094 1B78     		ldrb	r3, [r3]	@ zero_extendqisi2
 4285 0096 1A01     		lsls	r2, r3, #4
 4286 0098 FB6A     		ldr	r3, [r7, #44]
 4287 009a 1344     		add	r3, r3, r2
 4288 009c 03F20443 		addw	r3, r3, #1028
 4289 00a0 BB62     		str	r3, [r7, #40]
 4290              	.LBB22:
 4291 00a2 BB6A     		ldr	r3, [r7, #40]
 4292 00a4 1B88     		ldrh	r3, [r3]	@ movhi
 4293 00a6 9BB2     		uxth	r3, r3
 4294 00a8 C3F30903 		ubfx	r3, r3, #0, #10
 4295 00ac 9AB2     		uxth	r2, r3
 4296 00ae BB6A     		ldr	r3, [r7, #40]
 4297 00b0 1A80     		strh	r2, [r3]	@ movhi
 4298 00b2 BB6A     		ldr	r3, [r7, #40]
 4299 00b4 1B88     		ldrh	r3, [r3]	@ movhi
 4300 00b6 9BB2     		uxth	r3, r3
 4301 00b8 6FEA4343 		mvn	r3, r3, lsl #17
 4302 00bc 6FEA5343 		mvn	r3, r3, lsr #17
 4303 00c0 9AB2     		uxth	r2, r3
 4304 00c2 BB6A     		ldr	r3, [r7, #40]
 4305 00c4 1A80     		strh	r2, [r3]	@ movhi
 4306 00c6 1AE0     		b	.L155
 4307              	.L154:
 4308              	.LBE22:
 4309              	.LBE21:
 4310              		.loc 1 2569 7 discriminator 2
 4311 00c8 BB68     		ldr	r3, [r7, #8]
 4312 00ca 5B78     		ldrb	r3, [r3, #1]	@ zero_extendqisi2
 4313 00cc 012B     		cmp	r3, #1
 4314 00ce 16D1     		bne	.L155
 4315              	.LBB23:
 4316              		.loc 1 2569 7 discriminator 13
 4317 00d0 FB68     		ldr	r3, [r7, #12]
 4318 00d2 1B68     		ldr	r3, [r3]
 4319 00d4 7B63     		str	r3, [r7, #52]
 4320 00d6 FB68     		ldr	r3, [r7, #12]
 4321 00d8 1B68     		ldr	r3, [r3]
 4322 00da B3F85030 		ldrh	r3, [r3, #80]	@ movhi
 4323 00de 9BB2     		uxth	r3, r3
 4324 00e0 1A46     		mov	r2, r3
 4325 00e2 7B6B     		ldr	r3, [r7, #52]
 4326 00e4 1344     		add	r3, r3, r2
 4327 00e6 7B63     		str	r3, [r7, #52]
 4328 00e8 BB68     		ldr	r3, [r7, #8]
ARM GAS  /var/folders/xf/tcndk8390ml5xdpfw93qkhpm0000gn/T//cceFQQPk.s 			page 121


 4329 00ea 1B78     		ldrb	r3, [r3]	@ zero_extendqisi2
 4330 00ec 1A01     		lsls	r2, r3, #4
 4331 00ee 7B6B     		ldr	r3, [r7, #52]
 4332 00f0 1344     		add	r3, r3, r2
 4333 00f2 03F20443 		addw	r3, r3, #1028
 4334 00f6 3B63     		str	r3, [r7, #48]
 4335 00f8 3B6B     		ldr	r3, [r7, #48]
 4336 00fa 0022     		movs	r2, #0
 4337 00fc 1A80     		strh	r2, [r3]	@ movhi
 4338              	.L155:
 4339              	.LBE23:
 4340              	.LBB24:
2570:Drivers/STM32F1xx_HAL_Driver/Src/stm32f1xx_hal_pcd.c ****       PCD_SET_EP_DBUF1_CNT(hpcd->Instance, ep->num, ep->is_in, 0U);
 4341              		.loc 1 2570 7 is_stmt 1
 4342 00fe FB68     		ldr	r3, [r7, #12]
 4343 0100 1B68     		ldr	r3, [r3]
 4344 0102 7B62     		str	r3, [r7, #36]
 4345 0104 BB68     		ldr	r3, [r7, #8]
 4346 0106 5B78     		ldrb	r3, [r3, #1]	@ zero_extendqisi2
 4347 0108 002B     		cmp	r3, #0
 4348 010a 26D1     		bne	.L156
 4349              	.LBB25:
 4350              		.loc 1 2570 7 is_stmt 0 discriminator 1
 4351 010c FB68     		ldr	r3, [r7, #12]
 4352 010e 1B68     		ldr	r3, [r3]
 4353 0110 FB61     		str	r3, [r7, #28]
 4354 0112 FB68     		ldr	r3, [r7, #12]
 4355 0114 1B68     		ldr	r3, [r3]
 4356 0116 B3F85030 		ldrh	r3, [r3, #80]	@ movhi
 4357 011a 9BB2     		uxth	r3, r3
 4358 011c 1A46     		mov	r2, r3
 4359 011e FB69     		ldr	r3, [r7, #28]
 4360 0120 1344     		add	r3, r3, r2
 4361 0122 FB61     		str	r3, [r7, #28]
 4362 0124 BB68     		ldr	r3, [r7, #8]
 4363 0126 1B78     		ldrb	r3, [r3]	@ zero_extendqisi2
 4364 0128 1A01     		lsls	r2, r3, #4
 4365 012a FB69     		ldr	r3, [r7, #28]
 4366 012c 1344     		add	r3, r3, r2
 4367 012e 03F20C43 		addw	r3, r3, #1036
 4368 0132 BB61     		str	r3, [r7, #24]
 4369              	.LBB26:
 4370 0134 BB69     		ldr	r3, [r7, #24]
 4371 0136 1B88     		ldrh	r3, [r3]	@ movhi
 4372 0138 9BB2     		uxth	r3, r3
 4373 013a C3F30903 		ubfx	r3, r3, #0, #10
 4374 013e 9AB2     		uxth	r2, r3
 4375 0140 BB69     		ldr	r3, [r7, #24]
 4376 0142 1A80     		strh	r2, [r3]	@ movhi
 4377 0144 BB69     		ldr	r3, [r7, #24]
 4378 0146 1B88     		ldrh	r3, [r3]	@ movhi
 4379 0148 9BB2     		uxth	r3, r3
 4380 014a 6FEA4343 		mvn	r3, r3, lsl #17
 4381 014e 6FEA5343 		mvn	r3, r3, lsr #17
 4382 0152 9AB2     		uxth	r2, r3
 4383 0154 BB69     		ldr	r3, [r7, #24]
 4384 0156 1A80     		strh	r2, [r3]	@ movhi
ARM GAS  /var/folders/xf/tcndk8390ml5xdpfw93qkhpm0000gn/T//cceFQQPk.s 			page 122


 4385 0158 17E0     		b	.L157
 4386              	.L156:
 4387              	.LBE26:
 4388              	.LBE25:
 4389              		.loc 1 2570 7 discriminator 2
 4390 015a BB68     		ldr	r3, [r7, #8]
 4391 015c 5B78     		ldrb	r3, [r3, #1]	@ zero_extendqisi2
 4392 015e 012B     		cmp	r3, #1
 4393 0160 13D1     		bne	.L157
 4394              		.loc 1 2570 7 discriminator 13
 4395 0162 FB68     		ldr	r3, [r7, #12]
 4396 0164 1B68     		ldr	r3, [r3]
 4397 0166 B3F85030 		ldrh	r3, [r3, #80]	@ movhi
 4398 016a 9BB2     		uxth	r3, r3
 4399 016c 1A46     		mov	r2, r3
 4400 016e 7B6A     		ldr	r3, [r7, #36]
 4401 0170 1344     		add	r3, r3, r2
 4402 0172 7B62     		str	r3, [r7, #36]
 4403 0174 BB68     		ldr	r3, [r7, #8]
 4404 0176 1B78     		ldrb	r3, [r3]	@ zero_extendqisi2
 4405 0178 1A01     		lsls	r2, r3, #4
 4406 017a 7B6A     		ldr	r3, [r7, #36]
 4407 017c 1344     		add	r3, r3, r2
 4408 017e 03F20C43 		addw	r3, r3, #1036
 4409 0182 3B62     		str	r3, [r7, #32]
 4410 0184 3B6A     		ldr	r3, [r7, #32]
 4411 0186 0022     		movs	r2, #0
 4412 0188 1A80     		strh	r2, [r3]	@ movhi
 4413              	.L157:
 4414              	.LBE24:
2571:Drivers/STM32F1xx_HAL_Driver/Src/stm32f1xx_hal_pcd.c **** 
2572:Drivers/STM32F1xx_HAL_Driver/Src/stm32f1xx_hal_pcd.c ****       /* TX COMPLETE */
2573:Drivers/STM32F1xx_HAL_Driver/Src/stm32f1xx_hal_pcd.c **** #if (USE_HAL_PCD_REGISTER_CALLBACKS == 1U)
2574:Drivers/STM32F1xx_HAL_Driver/Src/stm32f1xx_hal_pcd.c ****       hpcd->DataInStageCallback(hpcd, ep->num);
2575:Drivers/STM32F1xx_HAL_Driver/Src/stm32f1xx_hal_pcd.c **** #else
2576:Drivers/STM32F1xx_HAL_Driver/Src/stm32f1xx_hal_pcd.c ****       HAL_PCD_DataInStageCallback(hpcd, ep->num);
 4415              		.loc 1 2576 7 is_stmt 1
 4416 018a BB68     		ldr	r3, [r7, #8]
 4417 018c 1B78     		ldrb	r3, [r3]	@ zero_extendqisi2
 4418 018e 1946     		mov	r1, r3
 4419 0190 F868     		ldr	r0, [r7, #12]
 4420 0192 FFF7FEFF 		bl	HAL_PCD_DataInStageCallback
2577:Drivers/STM32F1xx_HAL_Driver/Src/stm32f1xx_hal_pcd.c **** #endif /* USE_HAL_PCD_REGISTER_CALLBACKS */
2578:Drivers/STM32F1xx_HAL_Driver/Src/stm32f1xx_hal_pcd.c **** 
2579:Drivers/STM32F1xx_HAL_Driver/Src/stm32f1xx_hal_pcd.c ****       if ((wEPVal & USB_EP_DTOG_RX) != 0U)
 4421              		.loc 1 2579 19
 4422 0196 FB88     		ldrh	r3, [r7, #6]
 4423 0198 03F48043 		and	r3, r3, #16384
 4424              		.loc 1 2579 10
 4425 019c 002B     		cmp	r3, #0
 4426 019e 00F0FC82 		beq	.L158
 4427              	.LBB27:
2580:Drivers/STM32F1xx_HAL_Driver/Src/stm32f1xx_hal_pcd.c ****       {
2581:Drivers/STM32F1xx_HAL_Driver/Src/stm32f1xx_hal_pcd.c ****         PCD_FREE_USER_BUFFER(hpcd->Instance, ep->num, 1U);
 4428              		.loc 1 2581 9 discriminator 3
 4429 01a2 FB68     		ldr	r3, [r7, #12]
 4430 01a4 1B68     		ldr	r3, [r3]
ARM GAS  /var/folders/xf/tcndk8390ml5xdpfw93qkhpm0000gn/T//cceFQQPk.s 			page 123


 4431 01a6 1A46     		mov	r2, r3
 4432 01a8 BB68     		ldr	r3, [r7, #8]
 4433 01aa 1B78     		ldrb	r3, [r3]	@ zero_extendqisi2
 4434 01ac 9B00     		lsls	r3, r3, #2
 4435 01ae 1344     		add	r3, r3, r2
 4436 01b0 1B88     		ldrh	r3, [r3]	@ movhi
 4437 01b2 9BB2     		uxth	r3, r3
 4438 01b4 23F4E043 		bic	r3, r3, #28672
 4439 01b8 23F07003 		bic	r3, r3, #112
 4440 01bc FB82     		strh	r3, [r7, #22]	@ movhi
 4441 01be FB68     		ldr	r3, [r7, #12]
 4442 01c0 1B68     		ldr	r3, [r3]
 4443 01c2 1A46     		mov	r2, r3
 4444 01c4 BB68     		ldr	r3, [r7, #8]
 4445 01c6 1B78     		ldrb	r3, [r3]	@ zero_extendqisi2
 4446 01c8 9B00     		lsls	r3, r3, #2
 4447 01ca 1A44     		add	r2, r2, r3
 4448 01cc FB8A     		ldrh	r3, [r7, #22]	@ movhi
 4449 01ce 43F07F43 		orr	r3, r3, #-16777216
 4450 01d2 43F47F03 		orr	r3, r3, #16711680
 4451 01d6 43F44043 		orr	r3, r3, #49152
 4452 01da 43F08003 		orr	r3, r3, #128
 4453 01de 9BB2     		uxth	r3, r3
 4454 01e0 1380     		strh	r3, [r2]	@ movhi
 4455 01e2 DAE2     		b	.L158
 4456              	.L153:
 4457              	.LBE27:
2582:Drivers/STM32F1xx_HAL_Driver/Src/stm32f1xx_hal_pcd.c ****       }
2583:Drivers/STM32F1xx_HAL_Driver/Src/stm32f1xx_hal_pcd.c ****     }
2584:Drivers/STM32F1xx_HAL_Driver/Src/stm32f1xx_hal_pcd.c ****     else /* Transfer is not yet Done */
2585:Drivers/STM32F1xx_HAL_Driver/Src/stm32f1xx_hal_pcd.c ****     {
2586:Drivers/STM32F1xx_HAL_Driver/Src/stm32f1xx_hal_pcd.c ****       /* need to Free USB Buff */
2587:Drivers/STM32F1xx_HAL_Driver/Src/stm32f1xx_hal_pcd.c ****       if ((wEPVal & USB_EP_DTOG_RX) != 0U)
 4458              		.loc 1 2587 19
 4459 01e4 FB88     		ldrh	r3, [r7, #6]
 4460 01e6 03F48043 		and	r3, r3, #16384
 4461              		.loc 1 2587 10
 4462 01ea 002B     		cmp	r3, #0
 4463 01ec 21D0     		beq	.L159
 4464              	.LBB28:
2588:Drivers/STM32F1xx_HAL_Driver/Src/stm32f1xx_hal_pcd.c ****       {
2589:Drivers/STM32F1xx_HAL_Driver/Src/stm32f1xx_hal_pcd.c ****         PCD_FREE_USER_BUFFER(hpcd->Instance, ep->num, 1U);
 4465              		.loc 1 2589 9 discriminator 3
 4466 01ee FB68     		ldr	r3, [r7, #12]
 4467 01f0 1B68     		ldr	r3, [r3]
 4468 01f2 1A46     		mov	r2, r3
 4469 01f4 BB68     		ldr	r3, [r7, #8]
 4470 01f6 1B78     		ldrb	r3, [r3]	@ zero_extendqisi2
 4471 01f8 9B00     		lsls	r3, r3, #2
 4472 01fa 1344     		add	r3, r3, r2
 4473 01fc 1B88     		ldrh	r3, [r3]	@ movhi
 4474 01fe 9BB2     		uxth	r3, r3
 4475 0200 23F4E043 		bic	r3, r3, #28672
 4476 0204 23F07003 		bic	r3, r3, #112
 4477 0208 A7F88A30 		strh	r3, [r7, #138]	@ movhi
 4478 020c FB68     		ldr	r3, [r7, #12]
 4479 020e 1B68     		ldr	r3, [r3]
ARM GAS  /var/folders/xf/tcndk8390ml5xdpfw93qkhpm0000gn/T//cceFQQPk.s 			page 124


 4480 0210 1A46     		mov	r2, r3
 4481 0212 BB68     		ldr	r3, [r7, #8]
 4482 0214 1B78     		ldrb	r3, [r3]	@ zero_extendqisi2
 4483 0216 9B00     		lsls	r3, r3, #2
 4484 0218 1A44     		add	r2, r2, r3
 4485 021a B7F88A30 		ldrh	r3, [r7, #138]	@ movhi
 4486 021e 43F07F43 		orr	r3, r3, #-16777216
 4487 0222 43F47F03 		orr	r3, r3, #16711680
 4488 0226 43F44043 		orr	r3, r3, #49152
 4489 022a 43F08003 		orr	r3, r3, #128
 4490 022e 9BB2     		uxth	r3, r3
 4491 0230 1380     		strh	r3, [r2]	@ movhi
 4492              	.L159:
 4493              	.LBE28:
2590:Drivers/STM32F1xx_HAL_Driver/Src/stm32f1xx_hal_pcd.c ****       }
2591:Drivers/STM32F1xx_HAL_Driver/Src/stm32f1xx_hal_pcd.c **** 
2592:Drivers/STM32F1xx_HAL_Driver/Src/stm32f1xx_hal_pcd.c ****       /* Still there is data to Fill in the next Buffer */
2593:Drivers/STM32F1xx_HAL_Driver/Src/stm32f1xx_hal_pcd.c ****       if (ep->xfer_fill_db == 1U)
 4494              		.loc 1 2593 13
 4495 0232 BB68     		ldr	r3, [r7, #8]
 4496 0234 93F82430 		ldrb	r3, [r3, #36]	@ zero_extendqisi2
 4497              		.loc 1 2593 10
 4498 0238 012B     		cmp	r3, #1
 4499 023a 40F0AE82 		bne	.L158
2594:Drivers/STM32F1xx_HAL_Driver/Src/stm32f1xx_hal_pcd.c ****       {
2595:Drivers/STM32F1xx_HAL_Driver/Src/stm32f1xx_hal_pcd.c ****         ep->xfer_buff += TxPctSize;
 4500              		.loc 1 2595 23
 4501 023e BB68     		ldr	r3, [r7, #8]
 4502 0240 5A69     		ldr	r2, [r3, #20]
 4503 0242 B7F88630 		ldrh	r3, [r7, #134]
 4504 0246 1A44     		add	r2, r2, r3
 4505 0248 BB68     		ldr	r3, [r7, #8]
 4506 024a 5A61     		str	r2, [r3, #20]
2596:Drivers/STM32F1xx_HAL_Driver/Src/stm32f1xx_hal_pcd.c ****         ep->xfer_count += TxPctSize;
 4507              		.loc 1 2596 24
 4508 024c BB68     		ldr	r3, [r7, #8]
 4509 024e DA69     		ldr	r2, [r3, #28]
 4510 0250 B7F88630 		ldrh	r3, [r7, #134]
 4511 0254 1A44     		add	r2, r2, r3
 4512 0256 BB68     		ldr	r3, [r7, #8]
 4513 0258 DA61     		str	r2, [r3, #28]
2597:Drivers/STM32F1xx_HAL_Driver/Src/stm32f1xx_hal_pcd.c **** 
2598:Drivers/STM32F1xx_HAL_Driver/Src/stm32f1xx_hal_pcd.c ****         /* Calculate the len of the new buffer to fill */
2599:Drivers/STM32F1xx_HAL_Driver/Src/stm32f1xx_hal_pcd.c ****         if (ep->xfer_len_db >= ep->maxpacket)
 4514              		.loc 1 2599 15
 4515 025a BB68     		ldr	r3, [r7, #8]
 4516 025c 1A6A     		ldr	r2, [r3, #32]
 4517              		.loc 1 2599 34
 4518 025e BB68     		ldr	r3, [r7, #8]
 4519 0260 1B69     		ldr	r3, [r3, #16]
 4520              		.loc 1 2599 12
 4521 0262 9A42     		cmp	r2, r3
 4522 0264 0BD3     		bcc	.L160
2600:Drivers/STM32F1xx_HAL_Driver/Src/stm32f1xx_hal_pcd.c ****         {
2601:Drivers/STM32F1xx_HAL_Driver/Src/stm32f1xx_hal_pcd.c ****           len = ep->maxpacket;
 4523              		.loc 1 2601 15
 4524 0266 BB68     		ldr	r3, [r7, #8]
ARM GAS  /var/folders/xf/tcndk8390ml5xdpfw93qkhpm0000gn/T//cceFQQPk.s 			page 125


 4525 0268 1B69     		ldr	r3, [r3, #16]
 4526 026a C7F88C30 		str	r3, [r7, #140]
2602:Drivers/STM32F1xx_HAL_Driver/Src/stm32f1xx_hal_pcd.c ****           ep->xfer_len_db -= len;
 4527              		.loc 1 2602 27
 4528 026e BB68     		ldr	r3, [r7, #8]
 4529 0270 1A6A     		ldr	r2, [r3, #32]
 4530 0272 D7F88C30 		ldr	r3, [r7, #140]
 4531 0276 D21A     		subs	r2, r2, r3
 4532 0278 BB68     		ldr	r3, [r7, #8]
 4533 027a 1A62     		str	r2, [r3, #32]
 4534 027c 17E0     		b	.L161
 4535              	.L160:
2603:Drivers/STM32F1xx_HAL_Driver/Src/stm32f1xx_hal_pcd.c ****         }
2604:Drivers/STM32F1xx_HAL_Driver/Src/stm32f1xx_hal_pcd.c ****         else if (ep->xfer_len_db == 0U)
 4536              		.loc 1 2604 20
 4537 027e BB68     		ldr	r3, [r7, #8]
 4538 0280 1B6A     		ldr	r3, [r3, #32]
 4539              		.loc 1 2604 17
 4540 0282 002B     		cmp	r3, #0
 4541 0284 08D1     		bne	.L162
2605:Drivers/STM32F1xx_HAL_Driver/Src/stm32f1xx_hal_pcd.c ****         {
2606:Drivers/STM32F1xx_HAL_Driver/Src/stm32f1xx_hal_pcd.c ****           len = TxPctSize;
 4542              		.loc 1 2606 15
 4543 0286 B7F88630 		ldrh	r3, [r7, #134]
 4544 028a C7F88C30 		str	r3, [r7, #140]
2607:Drivers/STM32F1xx_HAL_Driver/Src/stm32f1xx_hal_pcd.c ****           ep->xfer_fill_db = 0U;
 4545              		.loc 1 2607 28
 4546 028e BB68     		ldr	r3, [r7, #8]
 4547 0290 0022     		movs	r2, #0
 4548 0292 83F82420 		strb	r2, [r3, #36]
 4549 0296 0AE0     		b	.L161
 4550              	.L162:
2608:Drivers/STM32F1xx_HAL_Driver/Src/stm32f1xx_hal_pcd.c ****         }
2609:Drivers/STM32F1xx_HAL_Driver/Src/stm32f1xx_hal_pcd.c ****         else
2610:Drivers/STM32F1xx_HAL_Driver/Src/stm32f1xx_hal_pcd.c ****         {
2611:Drivers/STM32F1xx_HAL_Driver/Src/stm32f1xx_hal_pcd.c ****           ep->xfer_fill_db = 0U;
 4551              		.loc 1 2611 28
 4552 0298 BB68     		ldr	r3, [r7, #8]
 4553 029a 0022     		movs	r2, #0
 4554 029c 83F82420 		strb	r2, [r3, #36]
2612:Drivers/STM32F1xx_HAL_Driver/Src/stm32f1xx_hal_pcd.c ****           len = ep->xfer_len_db;
 4555              		.loc 1 2612 15
 4556 02a0 BB68     		ldr	r3, [r7, #8]
 4557 02a2 1B6A     		ldr	r3, [r3, #32]
 4558 02a4 C7F88C30 		str	r3, [r7, #140]
2613:Drivers/STM32F1xx_HAL_Driver/Src/stm32f1xx_hal_pcd.c ****           ep->xfer_len_db = 0U;
 4559              		.loc 1 2613 27
 4560 02a8 BB68     		ldr	r3, [r7, #8]
 4561 02aa 0022     		movs	r2, #0
 4562 02ac 1A62     		str	r2, [r3, #32]
 4563              	.L161:
2614:Drivers/STM32F1xx_HAL_Driver/Src/stm32f1xx_hal_pcd.c ****         }
2615:Drivers/STM32F1xx_HAL_Driver/Src/stm32f1xx_hal_pcd.c **** 
2616:Drivers/STM32F1xx_HAL_Driver/Src/stm32f1xx_hal_pcd.c ****         /* Write remaining Data to Buffer */
2617:Drivers/STM32F1xx_HAL_Driver/Src/stm32f1xx_hal_pcd.c ****         /* Set the Double buffer counter for pma buffer1 */
2618:Drivers/STM32F1xx_HAL_Driver/Src/stm32f1xx_hal_pcd.c ****         PCD_SET_EP_DBUF0_CNT(hpcd->Instance, ep->num, ep->is_in, len);
 4564              		.loc 1 2618 9
ARM GAS  /var/folders/xf/tcndk8390ml5xdpfw93qkhpm0000gn/T//cceFQQPk.s 			page 126


 4565 02ae BB68     		ldr	r3, [r7, #8]
 4566 02b0 5B78     		ldrb	r3, [r3, #1]	@ zero_extendqisi2
 4567 02b2 002B     		cmp	r3, #0
 4568 02b4 65D1     		bne	.L163
 4569              	.LBB29:
 4570              		.loc 1 2618 9 is_stmt 0 discriminator 1
 4571 02b6 FB68     		ldr	r3, [r7, #12]
 4572 02b8 1B68     		ldr	r3, [r3]
 4573 02ba FB63     		str	r3, [r7, #60]
 4574 02bc FB68     		ldr	r3, [r7, #12]
 4575 02be 1B68     		ldr	r3, [r3]
 4576 02c0 B3F85030 		ldrh	r3, [r3, #80]	@ movhi
 4577 02c4 9BB2     		uxth	r3, r3
 4578 02c6 1A46     		mov	r2, r3
 4579 02c8 FB6B     		ldr	r3, [r7, #60]
 4580 02ca 1344     		add	r3, r3, r2
 4581 02cc FB63     		str	r3, [r7, #60]
 4582 02ce BB68     		ldr	r3, [r7, #8]
 4583 02d0 1B78     		ldrb	r3, [r3]	@ zero_extendqisi2
 4584 02d2 1A01     		lsls	r2, r3, #4
 4585 02d4 FB6B     		ldr	r3, [r7, #60]
 4586 02d6 1344     		add	r3, r3, r2
 4587 02d8 03F20443 		addw	r3, r3, #1028
 4588 02dc BB63     		str	r3, [r7, #56]
 4589              	.LBB30:
 4590 02de BB6B     		ldr	r3, [r7, #56]
 4591 02e0 1B88     		ldrh	r3, [r3]	@ movhi
 4592 02e2 9BB2     		uxth	r3, r3
 4593 02e4 C3F30903 		ubfx	r3, r3, #0, #10
 4594 02e8 9AB2     		uxth	r2, r3
 4595 02ea BB6B     		ldr	r3, [r7, #56]
 4596 02ec 1A80     		strh	r2, [r3]	@ movhi
 4597 02ee D7F88C30 		ldr	r3, [r7, #140]
 4598 02f2 3E2B     		cmp	r3, #62
 4599 02f4 1DD9     		bls	.L164
 4600              		.loc 1 2618 9 discriminator 3
 4601 02f6 D7F88C30 		ldr	r3, [r7, #140]
 4602 02fa 5B09     		lsrs	r3, r3, #5
 4603 02fc BB64     		str	r3, [r7, #72]
 4604 02fe D7F88C30 		ldr	r3, [r7, #140]
 4605 0302 03F01F03 		and	r3, r3, #31
 4606 0306 002B     		cmp	r3, #0
 4607 0308 02D1     		bne	.L165
 4608              		.loc 1 2618 9 discriminator 5
 4609 030a BB6C     		ldr	r3, [r7, #72]
 4610 030c 013B     		subs	r3, r3, #1
 4611 030e BB64     		str	r3, [r7, #72]
 4612              	.L165:
 4613              		.loc 1 2618 9 discriminator 7
 4614 0310 BB6B     		ldr	r3, [r7, #56]
 4615 0312 1B88     		ldrh	r3, [r3]	@ movhi
 4616 0314 9AB2     		uxth	r2, r3
 4617 0316 BB6C     		ldr	r3, [r7, #72]
 4618 0318 9BB2     		uxth	r3, r3
 4619 031a 9B02     		lsls	r3, r3, #10
 4620 031c 9BB2     		uxth	r3, r3
 4621 031e 1343     		orrs	r3, r3, r2
ARM GAS  /var/folders/xf/tcndk8390ml5xdpfw93qkhpm0000gn/T//cceFQQPk.s 			page 127


 4622 0320 9BB2     		uxth	r3, r3
 4623 0322 6FEA4343 		mvn	r3, r3, lsl #17
 4624 0326 6FEA5343 		mvn	r3, r3, lsr #17
 4625 032a 9AB2     		uxth	r2, r3
 4626 032c BB6B     		ldr	r3, [r7, #56]
 4627 032e 1A80     		strh	r2, [r3]	@ movhi
 4628 0330 44E0     		b	.L166
 4629              	.L164:
 4630              		.loc 1 2618 9 discriminator 4
 4631 0332 D7F88C30 		ldr	r3, [r7, #140]
 4632 0336 002B     		cmp	r3, #0
 4633 0338 0AD1     		bne	.L167
 4634              		.loc 1 2618 9 discriminator 8
 4635 033a BB6B     		ldr	r3, [r7, #56]
 4636 033c 1B88     		ldrh	r3, [r3]	@ movhi
 4637 033e 9BB2     		uxth	r3, r3
 4638 0340 6FEA4343 		mvn	r3, r3, lsl #17
 4639 0344 6FEA5343 		mvn	r3, r3, lsr #17
 4640 0348 9AB2     		uxth	r2, r3
 4641 034a BB6B     		ldr	r3, [r7, #56]
 4642 034c 1A80     		strh	r2, [r3]	@ movhi
 4643 034e 35E0     		b	.L166
 4644              	.L167:
 4645              		.loc 1 2618 9 discriminator 9
 4646 0350 D7F88C30 		ldr	r3, [r7, #140]
 4647 0354 5B08     		lsrs	r3, r3, #1
 4648 0356 BB64     		str	r3, [r7, #72]
 4649 0358 D7F88C30 		ldr	r3, [r7, #140]
 4650 035c 03F00103 		and	r3, r3, #1
 4651 0360 002B     		cmp	r3, #0
 4652 0362 02D0     		beq	.L168
 4653              		.loc 1 2618 9 discriminator 10
 4654 0364 BB6C     		ldr	r3, [r7, #72]
 4655 0366 0133     		adds	r3, r3, #1
 4656 0368 BB64     		str	r3, [r7, #72]
 4657              	.L168:
 4658              		.loc 1 2618 9 discriminator 12
 4659 036a BB6B     		ldr	r3, [r7, #56]
 4660 036c 1B88     		ldrh	r3, [r3]	@ movhi
 4661 036e 9AB2     		uxth	r2, r3
 4662 0370 BB6C     		ldr	r3, [r7, #72]
 4663 0372 9BB2     		uxth	r3, r3
 4664 0374 9B02     		lsls	r3, r3, #10
 4665 0376 9BB2     		uxth	r3, r3
 4666 0378 1343     		orrs	r3, r3, r2
 4667 037a 9AB2     		uxth	r2, r3
 4668 037c BB6B     		ldr	r3, [r7, #56]
 4669 037e 1A80     		strh	r2, [r3]	@ movhi
 4670 0380 1CE0     		b	.L166
 4671              	.L163:
 4672              	.LBE30:
 4673              	.LBE29:
 4674              		.loc 1 2618 9 discriminator 2
 4675 0382 BB68     		ldr	r3, [r7, #8]
 4676 0384 5B78     		ldrb	r3, [r3, #1]	@ zero_extendqisi2
 4677 0386 012B     		cmp	r3, #1
 4678 0388 18D1     		bne	.L166
ARM GAS  /var/folders/xf/tcndk8390ml5xdpfw93qkhpm0000gn/T//cceFQQPk.s 			page 128


 4679              	.LBB31:
 4680              		.loc 1 2618 9 discriminator 13
 4681 038a FB68     		ldr	r3, [r7, #12]
 4682 038c 1B68     		ldr	r3, [r3]
 4683 038e 7B64     		str	r3, [r7, #68]
 4684 0390 FB68     		ldr	r3, [r7, #12]
 4685 0392 1B68     		ldr	r3, [r3]
 4686 0394 B3F85030 		ldrh	r3, [r3, #80]	@ movhi
 4687 0398 9BB2     		uxth	r3, r3
 4688 039a 1A46     		mov	r2, r3
 4689 039c 7B6C     		ldr	r3, [r7, #68]
 4690 039e 1344     		add	r3, r3, r2
 4691 03a0 7B64     		str	r3, [r7, #68]
 4692 03a2 BB68     		ldr	r3, [r7, #8]
 4693 03a4 1B78     		ldrb	r3, [r3]	@ zero_extendqisi2
 4694 03a6 1A01     		lsls	r2, r3, #4
 4695 03a8 7B6C     		ldr	r3, [r7, #68]
 4696 03aa 1344     		add	r3, r3, r2
 4697 03ac 03F20443 		addw	r3, r3, #1028
 4698 03b0 3B64     		str	r3, [r7, #64]
 4699 03b2 D7F88C30 		ldr	r3, [r7, #140]
 4700 03b6 9AB2     		uxth	r2, r3
 4701 03b8 3B6C     		ldr	r3, [r7, #64]
 4702 03ba 1A80     		strh	r2, [r3]	@ movhi
 4703              	.L166:
 4704              	.LBE31:
2619:Drivers/STM32F1xx_HAL_Driver/Src/stm32f1xx_hal_pcd.c **** 
2620:Drivers/STM32F1xx_HAL_Driver/Src/stm32f1xx_hal_pcd.c ****         /* Copy user buffer to USB PMA */
2621:Drivers/STM32F1xx_HAL_Driver/Src/stm32f1xx_hal_pcd.c ****         USB_WritePMA(hpcd->Instance, ep->xfer_buff,  ep->pmaaddr0, (uint16_t)len);
 4705              		.loc 1 2621 26 is_stmt 1
 4706 03bc FB68     		ldr	r3, [r7, #12]
 4707 03be 1868     		ldr	r0, [r3]
 4708              		.loc 1 2621 9
 4709 03c0 BB68     		ldr	r3, [r7, #8]
 4710 03c2 5969     		ldr	r1, [r3, #20]
 4711 03c4 BB68     		ldr	r3, [r7, #8]
 4712 03c6 1A89     		ldrh	r2, [r3, #8]
 4713 03c8 D7F88C30 		ldr	r3, [r7, #140]
 4714 03cc 9BB2     		uxth	r3, r3
 4715 03ce FFF7FEFF 		bl	USB_WritePMA
 4716 03d2 E2E1     		b	.L158
 4717              	.L150:
2622:Drivers/STM32F1xx_HAL_Driver/Src/stm32f1xx_hal_pcd.c ****       }
2623:Drivers/STM32F1xx_HAL_Driver/Src/stm32f1xx_hal_pcd.c ****     }
2624:Drivers/STM32F1xx_HAL_Driver/Src/stm32f1xx_hal_pcd.c ****   }
2625:Drivers/STM32F1xx_HAL_Driver/Src/stm32f1xx_hal_pcd.c ****   else /* Data Buffer1 ACK received */
2626:Drivers/STM32F1xx_HAL_Driver/Src/stm32f1xx_hal_pcd.c ****   {
2627:Drivers/STM32F1xx_HAL_Driver/Src/stm32f1xx_hal_pcd.c ****     /* multi-packet on the NON control IN endpoint */
2628:Drivers/STM32F1xx_HAL_Driver/Src/stm32f1xx_hal_pcd.c ****     TxPctSize = (uint16_t)PCD_GET_EP_DBUF1_CNT(hpcd->Instance, ep->num);
 4718              		.loc 1 2628 27
 4719 03d4 FB68     		ldr	r3, [r7, #12]
 4720 03d6 1B68     		ldr	r3, [r3]
 4721 03d8 B3F85030 		ldrh	r3, [r3, #80]	@ movhi
 4722 03dc 9BB2     		uxth	r3, r3
 4723 03de 1A46     		mov	r2, r3
 4724 03e0 BB68     		ldr	r3, [r7, #8]
 4725 03e2 1B78     		ldrb	r3, [r3]	@ zero_extendqisi2
ARM GAS  /var/folders/xf/tcndk8390ml5xdpfw93qkhpm0000gn/T//cceFQQPk.s 			page 129


 4726 03e4 DB00     		lsls	r3, r3, #3
 4727 03e6 1344     		add	r3, r3, r2
 4728 03e8 0633     		adds	r3, r3, #6
 4729 03ea 5B00     		lsls	r3, r3, #1
 4730 03ec FA68     		ldr	r2, [r7, #12]
 4731 03ee 1268     		ldr	r2, [r2]
 4732 03f0 1344     		add	r3, r3, r2
 4733 03f2 03F58063 		add	r3, r3, #1024
 4734 03f6 1B88     		ldrh	r3, [r3]
 4735              		.loc 1 2628 15
 4736 03f8 C3F30903 		ubfx	r3, r3, #0, #10
 4737 03fc A7F88630 		strh	r3, [r7, #134]	@ movhi
2629:Drivers/STM32F1xx_HAL_Driver/Src/stm32f1xx_hal_pcd.c **** 
2630:Drivers/STM32F1xx_HAL_Driver/Src/stm32f1xx_hal_pcd.c ****     if (ep->xfer_len >= TxPctSize)
 4738              		.loc 1 2630 11
 4739 0400 BB68     		ldr	r3, [r7, #8]
 4740 0402 9A69     		ldr	r2, [r3, #24]
 4741              		.loc 1 2630 22
 4742 0404 B7F88630 		ldrh	r3, [r7, #134]
 4743              		.loc 1 2630 8
 4744 0408 9A42     		cmp	r2, r3
 4745 040a 07D3     		bcc	.L169
2631:Drivers/STM32F1xx_HAL_Driver/Src/stm32f1xx_hal_pcd.c ****     {
2632:Drivers/STM32F1xx_HAL_Driver/Src/stm32f1xx_hal_pcd.c ****       ep->xfer_len -= TxPctSize;
 4746              		.loc 1 2632 20
 4747 040c BB68     		ldr	r3, [r7, #8]
 4748 040e 9A69     		ldr	r2, [r3, #24]
 4749 0410 B7F88630 		ldrh	r3, [r7, #134]
 4750 0414 D21A     		subs	r2, r2, r3
 4751 0416 BB68     		ldr	r3, [r7, #8]
 4752 0418 9A61     		str	r2, [r3, #24]
 4753 041a 02E0     		b	.L170
 4754              	.L169:
2633:Drivers/STM32F1xx_HAL_Driver/Src/stm32f1xx_hal_pcd.c ****     }
2634:Drivers/STM32F1xx_HAL_Driver/Src/stm32f1xx_hal_pcd.c ****     else
2635:Drivers/STM32F1xx_HAL_Driver/Src/stm32f1xx_hal_pcd.c ****     {
2636:Drivers/STM32F1xx_HAL_Driver/Src/stm32f1xx_hal_pcd.c ****       ep->xfer_len = 0U;
 4755              		.loc 1 2636 20
 4756 041c BB68     		ldr	r3, [r7, #8]
 4757 041e 0022     		movs	r2, #0
 4758 0420 9A61     		str	r2, [r3, #24]
 4759              	.L170:
2637:Drivers/STM32F1xx_HAL_Driver/Src/stm32f1xx_hal_pcd.c ****     }
2638:Drivers/STM32F1xx_HAL_Driver/Src/stm32f1xx_hal_pcd.c **** 
2639:Drivers/STM32F1xx_HAL_Driver/Src/stm32f1xx_hal_pcd.c ****     /* Transfer is completed */
2640:Drivers/STM32F1xx_HAL_Driver/Src/stm32f1xx_hal_pcd.c ****     if (ep->xfer_len == 0U)
 4760              		.loc 1 2640 11
 4761 0422 BB68     		ldr	r3, [r7, #8]
 4762 0424 9B69     		ldr	r3, [r3, #24]
 4763              		.loc 1 2640 8
 4764 0426 002B     		cmp	r3, #0
 4765 0428 40F0C080 		bne	.L171
2641:Drivers/STM32F1xx_HAL_Driver/Src/stm32f1xx_hal_pcd.c ****     {
2642:Drivers/STM32F1xx_HAL_Driver/Src/stm32f1xx_hal_pcd.c ****       PCD_SET_EP_DBUF0_CNT(hpcd->Instance, ep->num, ep->is_in, 0U);
 4766              		.loc 1 2642 7
 4767 042c BB68     		ldr	r3, [r7, #8]
 4768 042e 5B78     		ldrb	r3, [r3, #1]	@ zero_extendqisi2
ARM GAS  /var/folders/xf/tcndk8390ml5xdpfw93qkhpm0000gn/T//cceFQQPk.s 			page 130


 4769 0430 002B     		cmp	r3, #0
 4770 0432 26D1     		bne	.L172
 4771              	.LBB32:
 4772              		.loc 1 2642 7 is_stmt 0 discriminator 1
 4773 0434 FB68     		ldr	r3, [r7, #12]
 4774 0436 1B68     		ldr	r3, [r3]
 4775 0438 FB67     		str	r3, [r7, #124]
 4776 043a FB68     		ldr	r3, [r7, #12]
 4777 043c 1B68     		ldr	r3, [r3]
 4778 043e B3F85030 		ldrh	r3, [r3, #80]	@ movhi
 4779 0442 9BB2     		uxth	r3, r3
 4780 0444 1A46     		mov	r2, r3
 4781 0446 FB6F     		ldr	r3, [r7, #124]
 4782 0448 1344     		add	r3, r3, r2
 4783 044a FB67     		str	r3, [r7, #124]
 4784 044c BB68     		ldr	r3, [r7, #8]
 4785 044e 1B78     		ldrb	r3, [r3]	@ zero_extendqisi2
 4786 0450 1A01     		lsls	r2, r3, #4
 4787 0452 FB6F     		ldr	r3, [r7, #124]
 4788 0454 1344     		add	r3, r3, r2
 4789 0456 03F20443 		addw	r3, r3, #1028
 4790 045a BB67     		str	r3, [r7, #120]
 4791              	.LBB33:
 4792 045c BB6F     		ldr	r3, [r7, #120]
 4793 045e 1B88     		ldrh	r3, [r3]	@ movhi
 4794 0460 9BB2     		uxth	r3, r3
 4795 0462 C3F30903 		ubfx	r3, r3, #0, #10
 4796 0466 9AB2     		uxth	r2, r3
 4797 0468 BB6F     		ldr	r3, [r7, #120]
 4798 046a 1A80     		strh	r2, [r3]	@ movhi
 4799 046c BB6F     		ldr	r3, [r7, #120]
 4800 046e 1B88     		ldrh	r3, [r3]	@ movhi
 4801 0470 9BB2     		uxth	r3, r3
 4802 0472 6FEA4343 		mvn	r3, r3, lsl #17
 4803 0476 6FEA5343 		mvn	r3, r3, lsr #17
 4804 047a 9AB2     		uxth	r2, r3
 4805 047c BB6F     		ldr	r3, [r7, #120]
 4806 047e 1A80     		strh	r2, [r3]	@ movhi
 4807 0480 1AE0     		b	.L173
 4808              	.L172:
 4809              	.LBE33:
 4810              	.LBE32:
 4811              		.loc 1 2642 7 discriminator 2
 4812 0482 BB68     		ldr	r3, [r7, #8]
 4813 0484 5B78     		ldrb	r3, [r3, #1]	@ zero_extendqisi2
 4814 0486 012B     		cmp	r3, #1
 4815 0488 16D1     		bne	.L173
 4816              	.LBB34:
 4817              		.loc 1 2642 7 discriminator 13
 4818 048a FB68     		ldr	r3, [r7, #12]
 4819 048c 1B68     		ldr	r3, [r3]
 4820 048e 7B66     		str	r3, [r7, #100]
 4821 0490 FB68     		ldr	r3, [r7, #12]
 4822 0492 1B68     		ldr	r3, [r3]
 4823 0494 B3F85030 		ldrh	r3, [r3, #80]	@ movhi
 4824 0498 9BB2     		uxth	r3, r3
 4825 049a 1A46     		mov	r2, r3
ARM GAS  /var/folders/xf/tcndk8390ml5xdpfw93qkhpm0000gn/T//cceFQQPk.s 			page 131


 4826 049c 7B6E     		ldr	r3, [r7, #100]
 4827 049e 1344     		add	r3, r3, r2
 4828 04a0 7B66     		str	r3, [r7, #100]
 4829 04a2 BB68     		ldr	r3, [r7, #8]
 4830 04a4 1B78     		ldrb	r3, [r3]	@ zero_extendqisi2
 4831 04a6 1A01     		lsls	r2, r3, #4
 4832 04a8 7B6E     		ldr	r3, [r7, #100]
 4833 04aa 1344     		add	r3, r3, r2
 4834 04ac 03F20443 		addw	r3, r3, #1028
 4835 04b0 3B66     		str	r3, [r7, #96]
 4836 04b2 3B6E     		ldr	r3, [r7, #96]
 4837 04b4 0022     		movs	r2, #0
 4838 04b6 1A80     		strh	r2, [r3]	@ movhi
 4839              	.L173:
 4840              	.LBE34:
 4841              	.LBB35:
2643:Drivers/STM32F1xx_HAL_Driver/Src/stm32f1xx_hal_pcd.c ****       PCD_SET_EP_DBUF1_CNT(hpcd->Instance, ep->num, ep->is_in, 0U);
 4842              		.loc 1 2643 7 is_stmt 1
 4843 04b8 FB68     		ldr	r3, [r7, #12]
 4844 04ba 1B68     		ldr	r3, [r3]
 4845 04bc 7B67     		str	r3, [r7, #116]
 4846 04be BB68     		ldr	r3, [r7, #8]
 4847 04c0 5B78     		ldrb	r3, [r3, #1]	@ zero_extendqisi2
 4848 04c2 002B     		cmp	r3, #0
 4849 04c4 2BD1     		bne	.L174
 4850              	.LBB36:
 4851              		.loc 1 2643 7 is_stmt 0 discriminator 1
 4852 04c6 FB68     		ldr	r3, [r7, #12]
 4853 04c8 1B68     		ldr	r3, [r3]
 4854 04ca FB66     		str	r3, [r7, #108]
 4855 04cc FB68     		ldr	r3, [r7, #12]
 4856 04ce 1B68     		ldr	r3, [r3]
 4857 04d0 B3F85030 		ldrh	r3, [r3, #80]	@ movhi
 4858 04d4 9BB2     		uxth	r3, r3
 4859 04d6 1A46     		mov	r2, r3
 4860 04d8 FB6E     		ldr	r3, [r7, #108]
 4861 04da 1344     		add	r3, r3, r2
 4862 04dc FB66     		str	r3, [r7, #108]
 4863 04de BB68     		ldr	r3, [r7, #8]
 4864 04e0 1B78     		ldrb	r3, [r3]	@ zero_extendqisi2
 4865 04e2 1A01     		lsls	r2, r3, #4
 4866 04e4 FB6E     		ldr	r3, [r7, #108]
 4867 04e6 1344     		add	r3, r3, r2
 4868 04e8 03F20C43 		addw	r3, r3, #1036
 4869 04ec C7F88030 		str	r3, [r7, #128]
 4870              	.LBB37:
 4871 04f0 D7F88030 		ldr	r3, [r7, #128]
 4872 04f4 1B88     		ldrh	r3, [r3]	@ movhi
 4873 04f6 9BB2     		uxth	r3, r3
 4874 04f8 C3F30903 		ubfx	r3, r3, #0, #10
 4875 04fc 9AB2     		uxth	r2, r3
 4876 04fe D7F88030 		ldr	r3, [r7, #128]
 4877 0502 1A80     		strh	r2, [r3]	@ movhi
 4878 0504 D7F88030 		ldr	r3, [r7, #128]
 4879 0508 1B88     		ldrh	r3, [r3]	@ movhi
 4880 050a 9BB2     		uxth	r3, r3
 4881 050c 6FEA4343 		mvn	r3, r3, lsl #17
ARM GAS  /var/folders/xf/tcndk8390ml5xdpfw93qkhpm0000gn/T//cceFQQPk.s 			page 132


 4882 0510 6FEA5343 		mvn	r3, r3, lsr #17
 4883 0514 9AB2     		uxth	r2, r3
 4884 0516 D7F88030 		ldr	r3, [r7, #128]
 4885 051a 1A80     		strh	r2, [r3]	@ movhi
 4886 051c 17E0     		b	.L175
 4887              	.L174:
 4888              	.LBE37:
 4889              	.LBE36:
 4890              		.loc 1 2643 7 discriminator 2
 4891 051e BB68     		ldr	r3, [r7, #8]
 4892 0520 5B78     		ldrb	r3, [r3, #1]	@ zero_extendqisi2
 4893 0522 012B     		cmp	r3, #1
 4894 0524 13D1     		bne	.L175
 4895              		.loc 1 2643 7 discriminator 13
 4896 0526 FB68     		ldr	r3, [r7, #12]
 4897 0528 1B68     		ldr	r3, [r3]
 4898 052a B3F85030 		ldrh	r3, [r3, #80]	@ movhi
 4899 052e 9BB2     		uxth	r3, r3
 4900 0530 1A46     		mov	r2, r3
 4901 0532 7B6F     		ldr	r3, [r7, #116]
 4902 0534 1344     		add	r3, r3, r2
 4903 0536 7B67     		str	r3, [r7, #116]
 4904 0538 BB68     		ldr	r3, [r7, #8]
 4905 053a 1B78     		ldrb	r3, [r3]	@ zero_extendqisi2
 4906 053c 1A01     		lsls	r2, r3, #4
 4907 053e 7B6F     		ldr	r3, [r7, #116]
 4908 0540 1344     		add	r3, r3, r2
 4909 0542 03F20C43 		addw	r3, r3, #1036
 4910 0546 3B67     		str	r3, [r7, #112]
 4911 0548 3B6F     		ldr	r3, [r7, #112]
 4912 054a 0022     		movs	r2, #0
 4913 054c 1A80     		strh	r2, [r3]	@ movhi
 4914              	.L175:
 4915              	.LBE35:
2644:Drivers/STM32F1xx_HAL_Driver/Src/stm32f1xx_hal_pcd.c **** 
2645:Drivers/STM32F1xx_HAL_Driver/Src/stm32f1xx_hal_pcd.c ****       /* TX COMPLETE */
2646:Drivers/STM32F1xx_HAL_Driver/Src/stm32f1xx_hal_pcd.c **** #if (USE_HAL_PCD_REGISTER_CALLBACKS == 1U)
2647:Drivers/STM32F1xx_HAL_Driver/Src/stm32f1xx_hal_pcd.c ****       hpcd->DataInStageCallback(hpcd, ep->num);
2648:Drivers/STM32F1xx_HAL_Driver/Src/stm32f1xx_hal_pcd.c **** #else
2649:Drivers/STM32F1xx_HAL_Driver/Src/stm32f1xx_hal_pcd.c ****       HAL_PCD_DataInStageCallback(hpcd, ep->num);
 4916              		.loc 1 2649 7 is_stmt 1
 4917 054e BB68     		ldr	r3, [r7, #8]
 4918 0550 1B78     		ldrb	r3, [r3]	@ zero_extendqisi2
 4919 0552 1946     		mov	r1, r3
 4920 0554 F868     		ldr	r0, [r7, #12]
 4921 0556 FFF7FEFF 		bl	HAL_PCD_DataInStageCallback
2650:Drivers/STM32F1xx_HAL_Driver/Src/stm32f1xx_hal_pcd.c **** #endif /* USE_HAL_PCD_REGISTER_CALLBACKS */
2651:Drivers/STM32F1xx_HAL_Driver/Src/stm32f1xx_hal_pcd.c **** 
2652:Drivers/STM32F1xx_HAL_Driver/Src/stm32f1xx_hal_pcd.c ****       /* need to Free USB Buff */
2653:Drivers/STM32F1xx_HAL_Driver/Src/stm32f1xx_hal_pcd.c ****       if ((wEPVal & USB_EP_DTOG_RX) == 0U)
 4922              		.loc 1 2653 19
 4923 055a FB88     		ldrh	r3, [r7, #6]
 4924 055c 03F48043 		and	r3, r3, #16384
 4925              		.loc 1 2653 10
 4926 0560 002B     		cmp	r3, #0
 4927 0562 40F01A81 		bne	.L158
 4928              	.LBB38:
ARM GAS  /var/folders/xf/tcndk8390ml5xdpfw93qkhpm0000gn/T//cceFQQPk.s 			page 133


2654:Drivers/STM32F1xx_HAL_Driver/Src/stm32f1xx_hal_pcd.c ****       {
2655:Drivers/STM32F1xx_HAL_Driver/Src/stm32f1xx_hal_pcd.c ****         PCD_FREE_USER_BUFFER(hpcd->Instance, ep->num, 1U);
 4929              		.loc 1 2655 9 discriminator 3
 4930 0566 FB68     		ldr	r3, [r7, #12]
 4931 0568 1B68     		ldr	r3, [r3]
 4932 056a 1A46     		mov	r2, r3
 4933 056c BB68     		ldr	r3, [r7, #8]
 4934 056e 1B78     		ldrb	r3, [r3]	@ zero_extendqisi2
 4935 0570 9B00     		lsls	r3, r3, #2
 4936 0572 1344     		add	r3, r3, r2
 4937 0574 1B88     		ldrh	r3, [r3]	@ movhi
 4938 0576 9BB2     		uxth	r3, r3
 4939 0578 23F4E043 		bic	r3, r3, #28672
 4940 057c 23F07003 		bic	r3, r3, #112
 4941 0580 A7F88830 		strh	r3, [r7, #136]	@ movhi
 4942 0584 FB68     		ldr	r3, [r7, #12]
 4943 0586 1B68     		ldr	r3, [r3]
 4944 0588 1A46     		mov	r2, r3
 4945 058a BB68     		ldr	r3, [r7, #8]
 4946 058c 1B78     		ldrb	r3, [r3]	@ zero_extendqisi2
 4947 058e 9B00     		lsls	r3, r3, #2
 4948 0590 1A44     		add	r2, r2, r3
 4949 0592 B7F88830 		ldrh	r3, [r7, #136]	@ movhi
 4950 0596 43F07F43 		orr	r3, r3, #-16777216
 4951 059a 43F47F03 		orr	r3, r3, #16711680
 4952 059e 43F44043 		orr	r3, r3, #49152
 4953 05a2 43F08003 		orr	r3, r3, #128
 4954 05a6 9BB2     		uxth	r3, r3
 4955 05a8 1380     		strh	r3, [r2]	@ movhi
 4956 05aa F6E0     		b	.L158
 4957              	.L171:
 4958              	.LBE38:
2656:Drivers/STM32F1xx_HAL_Driver/Src/stm32f1xx_hal_pcd.c ****       }
2657:Drivers/STM32F1xx_HAL_Driver/Src/stm32f1xx_hal_pcd.c ****     }
2658:Drivers/STM32F1xx_HAL_Driver/Src/stm32f1xx_hal_pcd.c ****     else /* Transfer is not yet Done */
2659:Drivers/STM32F1xx_HAL_Driver/Src/stm32f1xx_hal_pcd.c ****     {
2660:Drivers/STM32F1xx_HAL_Driver/Src/stm32f1xx_hal_pcd.c ****       /* need to Free USB Buff */
2661:Drivers/STM32F1xx_HAL_Driver/Src/stm32f1xx_hal_pcd.c ****       if ((wEPVal & USB_EP_DTOG_RX) == 0U)
 4959              		.loc 1 2661 19
 4960 05ac FB88     		ldrh	r3, [r7, #6]
 4961 05ae 03F48043 		and	r3, r3, #16384
 4962              		.loc 1 2661 10
 4963 05b2 002B     		cmp	r3, #0
 4964 05b4 21D1     		bne	.L176
 4965              	.LBB39:
2662:Drivers/STM32F1xx_HAL_Driver/Src/stm32f1xx_hal_pcd.c ****       {
2663:Drivers/STM32F1xx_HAL_Driver/Src/stm32f1xx_hal_pcd.c ****         PCD_FREE_USER_BUFFER(hpcd->Instance, ep->num, 1U);
 4966              		.loc 1 2663 9 discriminator 3
 4967 05b6 FB68     		ldr	r3, [r7, #12]
 4968 05b8 1B68     		ldr	r3, [r3]
 4969 05ba 1A46     		mov	r2, r3
 4970 05bc BB68     		ldr	r3, [r7, #8]
 4971 05be 1B78     		ldrb	r3, [r3]	@ zero_extendqisi2
 4972 05c0 9B00     		lsls	r3, r3, #2
 4973 05c2 1344     		add	r3, r3, r2
 4974 05c4 1B88     		ldrh	r3, [r3]	@ movhi
 4975 05c6 9BB2     		uxth	r3, r3
ARM GAS  /var/folders/xf/tcndk8390ml5xdpfw93qkhpm0000gn/T//cceFQQPk.s 			page 134


 4976 05c8 23F4E043 		bic	r3, r3, #28672
 4977 05cc 23F07003 		bic	r3, r3, #112
 4978 05d0 A7F84E30 		strh	r3, [r7, #78]	@ movhi
 4979 05d4 FB68     		ldr	r3, [r7, #12]
 4980 05d6 1B68     		ldr	r3, [r3]
 4981 05d8 1A46     		mov	r2, r3
 4982 05da BB68     		ldr	r3, [r7, #8]
 4983 05dc 1B78     		ldrb	r3, [r3]	@ zero_extendqisi2
 4984 05de 9B00     		lsls	r3, r3, #2
 4985 05e0 1A44     		add	r2, r2, r3
 4986 05e2 B7F84E30 		ldrh	r3, [r7, #78]	@ movhi
 4987 05e6 43F07F43 		orr	r3, r3, #-16777216
 4988 05ea 43F47F03 		orr	r3, r3, #16711680
 4989 05ee 43F44043 		orr	r3, r3, #49152
 4990 05f2 43F08003 		orr	r3, r3, #128
 4991 05f6 9BB2     		uxth	r3, r3
 4992 05f8 1380     		strh	r3, [r2]	@ movhi
 4993              	.L176:
 4994              	.LBE39:
2664:Drivers/STM32F1xx_HAL_Driver/Src/stm32f1xx_hal_pcd.c ****       }
2665:Drivers/STM32F1xx_HAL_Driver/Src/stm32f1xx_hal_pcd.c **** 
2666:Drivers/STM32F1xx_HAL_Driver/Src/stm32f1xx_hal_pcd.c ****       /* Still there is data to Fill in the next Buffer */
2667:Drivers/STM32F1xx_HAL_Driver/Src/stm32f1xx_hal_pcd.c ****       if (ep->xfer_fill_db == 1U)
 4995              		.loc 1 2667 13
 4996 05fa BB68     		ldr	r3, [r7, #8]
 4997 05fc 93F82430 		ldrb	r3, [r3, #36]	@ zero_extendqisi2
 4998              		.loc 1 2667 10
 4999 0600 012B     		cmp	r3, #1
 5000 0602 40F0CA80 		bne	.L158
2668:Drivers/STM32F1xx_HAL_Driver/Src/stm32f1xx_hal_pcd.c ****       {
2669:Drivers/STM32F1xx_HAL_Driver/Src/stm32f1xx_hal_pcd.c ****         ep->xfer_buff += TxPctSize;
 5001              		.loc 1 2669 23
 5002 0606 BB68     		ldr	r3, [r7, #8]
 5003 0608 5A69     		ldr	r2, [r3, #20]
 5004 060a B7F88630 		ldrh	r3, [r7, #134]
 5005 060e 1A44     		add	r2, r2, r3
 5006 0610 BB68     		ldr	r3, [r7, #8]
 5007 0612 5A61     		str	r2, [r3, #20]
2670:Drivers/STM32F1xx_HAL_Driver/Src/stm32f1xx_hal_pcd.c ****         ep->xfer_count += TxPctSize;
 5008              		.loc 1 2670 24
 5009 0614 BB68     		ldr	r3, [r7, #8]
 5010 0616 DA69     		ldr	r2, [r3, #28]
 5011 0618 B7F88630 		ldrh	r3, [r7, #134]
 5012 061c 1A44     		add	r2, r2, r3
 5013 061e BB68     		ldr	r3, [r7, #8]
 5014 0620 DA61     		str	r2, [r3, #28]
2671:Drivers/STM32F1xx_HAL_Driver/Src/stm32f1xx_hal_pcd.c **** 
2672:Drivers/STM32F1xx_HAL_Driver/Src/stm32f1xx_hal_pcd.c ****         /* Calculate the len of the new buffer to fill */
2673:Drivers/STM32F1xx_HAL_Driver/Src/stm32f1xx_hal_pcd.c ****         if (ep->xfer_len_db >= ep->maxpacket)
 5015              		.loc 1 2673 15
 5016 0622 BB68     		ldr	r3, [r7, #8]
 5017 0624 1A6A     		ldr	r2, [r3, #32]
 5018              		.loc 1 2673 34
 5019 0626 BB68     		ldr	r3, [r7, #8]
 5020 0628 1B69     		ldr	r3, [r3, #16]
 5021              		.loc 1 2673 12
 5022 062a 9A42     		cmp	r2, r3
ARM GAS  /var/folders/xf/tcndk8390ml5xdpfw93qkhpm0000gn/T//cceFQQPk.s 			page 135


 5023 062c 0BD3     		bcc	.L177
2674:Drivers/STM32F1xx_HAL_Driver/Src/stm32f1xx_hal_pcd.c ****         {
2675:Drivers/STM32F1xx_HAL_Driver/Src/stm32f1xx_hal_pcd.c ****           len = ep->maxpacket;
 5024              		.loc 1 2675 15
 5025 062e BB68     		ldr	r3, [r7, #8]
 5026 0630 1B69     		ldr	r3, [r3, #16]
 5027 0632 C7F88C30 		str	r3, [r7, #140]
2676:Drivers/STM32F1xx_HAL_Driver/Src/stm32f1xx_hal_pcd.c ****           ep->xfer_len_db -= len;
 5028              		.loc 1 2676 27
 5029 0636 BB68     		ldr	r3, [r7, #8]
 5030 0638 1A6A     		ldr	r2, [r3, #32]
 5031 063a D7F88C30 		ldr	r3, [r7, #140]
 5032 063e D21A     		subs	r2, r2, r3
 5033 0640 BB68     		ldr	r3, [r7, #8]
 5034 0642 1A62     		str	r2, [r3, #32]
 5035 0644 17E0     		b	.L178
 5036              	.L177:
2677:Drivers/STM32F1xx_HAL_Driver/Src/stm32f1xx_hal_pcd.c ****         }
2678:Drivers/STM32F1xx_HAL_Driver/Src/stm32f1xx_hal_pcd.c ****         else if (ep->xfer_len_db == 0U)
 5037              		.loc 1 2678 20
 5038 0646 BB68     		ldr	r3, [r7, #8]
 5039 0648 1B6A     		ldr	r3, [r3, #32]
 5040              		.loc 1 2678 17
 5041 064a 002B     		cmp	r3, #0
 5042 064c 08D1     		bne	.L179
2679:Drivers/STM32F1xx_HAL_Driver/Src/stm32f1xx_hal_pcd.c ****         {
2680:Drivers/STM32F1xx_HAL_Driver/Src/stm32f1xx_hal_pcd.c ****           len = TxPctSize;
 5043              		.loc 1 2680 15
 5044 064e B7F88630 		ldrh	r3, [r7, #134]
 5045 0652 C7F88C30 		str	r3, [r7, #140]
2681:Drivers/STM32F1xx_HAL_Driver/Src/stm32f1xx_hal_pcd.c ****           ep->xfer_fill_db = 0U;
 5046              		.loc 1 2681 28
 5047 0656 BB68     		ldr	r3, [r7, #8]
 5048 0658 0022     		movs	r2, #0
 5049 065a 83F82420 		strb	r2, [r3, #36]
 5050 065e 0AE0     		b	.L178
 5051              	.L179:
2682:Drivers/STM32F1xx_HAL_Driver/Src/stm32f1xx_hal_pcd.c ****         }
2683:Drivers/STM32F1xx_HAL_Driver/Src/stm32f1xx_hal_pcd.c ****         else
2684:Drivers/STM32F1xx_HAL_Driver/Src/stm32f1xx_hal_pcd.c ****         {
2685:Drivers/STM32F1xx_HAL_Driver/Src/stm32f1xx_hal_pcd.c ****           len = ep->xfer_len_db;
 5052              		.loc 1 2685 15
 5053 0660 BB68     		ldr	r3, [r7, #8]
 5054 0662 1B6A     		ldr	r3, [r3, #32]
 5055 0664 C7F88C30 		str	r3, [r7, #140]
2686:Drivers/STM32F1xx_HAL_Driver/Src/stm32f1xx_hal_pcd.c ****           ep->xfer_len_db = 0U;
 5056              		.loc 1 2686 27
 5057 0668 BB68     		ldr	r3, [r7, #8]
 5058 066a 0022     		movs	r2, #0
 5059 066c 1A62     		str	r2, [r3, #32]
2687:Drivers/STM32F1xx_HAL_Driver/Src/stm32f1xx_hal_pcd.c ****           ep->xfer_fill_db = 0;
 5060              		.loc 1 2687 28
 5061 066e BB68     		ldr	r3, [r7, #8]
 5062 0670 0022     		movs	r2, #0
 5063 0672 83F82420 		strb	r2, [r3, #36]
 5064              	.L178:
 5065              	.LBB40:
ARM GAS  /var/folders/xf/tcndk8390ml5xdpfw93qkhpm0000gn/T//cceFQQPk.s 			page 136


2688:Drivers/STM32F1xx_HAL_Driver/Src/stm32f1xx_hal_pcd.c ****         }
2689:Drivers/STM32F1xx_HAL_Driver/Src/stm32f1xx_hal_pcd.c **** 
2690:Drivers/STM32F1xx_HAL_Driver/Src/stm32f1xx_hal_pcd.c ****         /* Set the Double buffer counter for pmabuffer1 */
2691:Drivers/STM32F1xx_HAL_Driver/Src/stm32f1xx_hal_pcd.c ****         PCD_SET_EP_DBUF1_CNT(hpcd->Instance, ep->num, ep->is_in, len);
 5066              		.loc 1 2691 9
 5067 0676 FB68     		ldr	r3, [r7, #12]
 5068 0678 1B68     		ldr	r3, [r3]
 5069 067a 7B65     		str	r3, [r7, #84]
 5070 067c BB68     		ldr	r3, [r7, #8]
 5071 067e 5B78     		ldrb	r3, [r3, #1]	@ zero_extendqisi2
 5072 0680 002B     		cmp	r3, #0
 5073 0682 65D1     		bne	.L180
 5074              	.LBB41:
 5075              		.loc 1 2691 9 is_stmt 0 discriminator 1
 5076 0684 FB68     		ldr	r3, [r7, #12]
 5077 0686 1B68     		ldr	r3, [r3]
 5078 0688 FB65     		str	r3, [r7, #92]
 5079 068a FB68     		ldr	r3, [r7, #12]
 5080 068c 1B68     		ldr	r3, [r3]
 5081 068e B3F85030 		ldrh	r3, [r3, #80]	@ movhi
 5082 0692 9BB2     		uxth	r3, r3
 5083 0694 1A46     		mov	r2, r3
 5084 0696 FB6D     		ldr	r3, [r7, #92]
 5085 0698 1344     		add	r3, r3, r2
 5086 069a FB65     		str	r3, [r7, #92]
 5087 069c BB68     		ldr	r3, [r7, #8]
 5088 069e 1B78     		ldrb	r3, [r3]	@ zero_extendqisi2
 5089 06a0 1A01     		lsls	r2, r3, #4
 5090 06a2 FB6D     		ldr	r3, [r7, #92]
 5091 06a4 1344     		add	r3, r3, r2
 5092 06a6 03F20C43 		addw	r3, r3, #1036
 5093 06aa BB65     		str	r3, [r7, #88]
 5094              	.LBB42:
 5095 06ac BB6D     		ldr	r3, [r7, #88]
 5096 06ae 1B88     		ldrh	r3, [r3]	@ movhi
 5097 06b0 9BB2     		uxth	r3, r3
 5098 06b2 C3F30903 		ubfx	r3, r3, #0, #10
 5099 06b6 9AB2     		uxth	r2, r3
 5100 06b8 BB6D     		ldr	r3, [r7, #88]
 5101 06ba 1A80     		strh	r2, [r3]	@ movhi
 5102 06bc D7F88C30 		ldr	r3, [r7, #140]
 5103 06c0 3E2B     		cmp	r3, #62
 5104 06c2 1DD9     		bls	.L181
 5105              		.loc 1 2691 9 discriminator 3
 5106 06c4 D7F88C30 		ldr	r3, [r7, #140]
 5107 06c8 5B09     		lsrs	r3, r3, #5
 5108 06ca BB66     		str	r3, [r7, #104]
 5109 06cc D7F88C30 		ldr	r3, [r7, #140]
 5110 06d0 03F01F03 		and	r3, r3, #31
 5111 06d4 002B     		cmp	r3, #0
 5112 06d6 02D1     		bne	.L182
 5113              		.loc 1 2691 9 discriminator 5
 5114 06d8 BB6E     		ldr	r3, [r7, #104]
 5115 06da 013B     		subs	r3, r3, #1
 5116 06dc BB66     		str	r3, [r7, #104]
 5117              	.L182:
 5118              		.loc 1 2691 9 discriminator 7
ARM GAS  /var/folders/xf/tcndk8390ml5xdpfw93qkhpm0000gn/T//cceFQQPk.s 			page 137


 5119 06de BB6D     		ldr	r3, [r7, #88]
 5120 06e0 1B88     		ldrh	r3, [r3]	@ movhi
 5121 06e2 9AB2     		uxth	r2, r3
 5122 06e4 BB6E     		ldr	r3, [r7, #104]
 5123 06e6 9BB2     		uxth	r3, r3
 5124 06e8 9B02     		lsls	r3, r3, #10
 5125 06ea 9BB2     		uxth	r3, r3
 5126 06ec 1343     		orrs	r3, r3, r2
 5127 06ee 9BB2     		uxth	r3, r3
 5128 06f0 6FEA4343 		mvn	r3, r3, lsl #17
 5129 06f4 6FEA5343 		mvn	r3, r3, lsr #17
 5130 06f8 9AB2     		uxth	r2, r3
 5131 06fa BB6D     		ldr	r3, [r7, #88]
 5132 06fc 1A80     		strh	r2, [r3]	@ movhi
 5133 06fe 41E0     		b	.L183
 5134              	.L181:
 5135              		.loc 1 2691 9 discriminator 4
 5136 0700 D7F88C30 		ldr	r3, [r7, #140]
 5137 0704 002B     		cmp	r3, #0
 5138 0706 0AD1     		bne	.L184
 5139              		.loc 1 2691 9 discriminator 8
 5140 0708 BB6D     		ldr	r3, [r7, #88]
 5141 070a 1B88     		ldrh	r3, [r3]	@ movhi
 5142 070c 9BB2     		uxth	r3, r3
 5143 070e 6FEA4343 		mvn	r3, r3, lsl #17
 5144 0712 6FEA5343 		mvn	r3, r3, lsr #17
 5145 0716 9AB2     		uxth	r2, r3
 5146 0718 BB6D     		ldr	r3, [r7, #88]
 5147 071a 1A80     		strh	r2, [r3]	@ movhi
 5148 071c 32E0     		b	.L183
 5149              	.L184:
 5150              		.loc 1 2691 9 discriminator 9
 5151 071e D7F88C30 		ldr	r3, [r7, #140]
 5152 0722 5B08     		lsrs	r3, r3, #1
 5153 0724 BB66     		str	r3, [r7, #104]
 5154 0726 D7F88C30 		ldr	r3, [r7, #140]
 5155 072a 03F00103 		and	r3, r3, #1
 5156 072e 002B     		cmp	r3, #0
 5157 0730 02D0     		beq	.L185
 5158              		.loc 1 2691 9 discriminator 10
 5159 0732 BB6E     		ldr	r3, [r7, #104]
 5160 0734 0133     		adds	r3, r3, #1
 5161 0736 BB66     		str	r3, [r7, #104]
 5162              	.L185:
 5163              		.loc 1 2691 9 discriminator 12
 5164 0738 BB6D     		ldr	r3, [r7, #88]
 5165 073a 1B88     		ldrh	r3, [r3]	@ movhi
 5166 073c 9AB2     		uxth	r2, r3
 5167 073e BB6E     		ldr	r3, [r7, #104]
 5168 0740 9BB2     		uxth	r3, r3
 5169 0742 9B02     		lsls	r3, r3, #10
 5170 0744 9BB2     		uxth	r3, r3
 5171 0746 1343     		orrs	r3, r3, r2
 5172 0748 9AB2     		uxth	r2, r3
 5173 074a BB6D     		ldr	r3, [r7, #88]
 5174 074c 1A80     		strh	r2, [r3]	@ movhi
 5175 074e 19E0     		b	.L183
ARM GAS  /var/folders/xf/tcndk8390ml5xdpfw93qkhpm0000gn/T//cceFQQPk.s 			page 138


 5176              	.L180:
 5177              	.LBE42:
 5178              	.LBE41:
 5179              		.loc 1 2691 9 discriminator 2
 5180 0750 BB68     		ldr	r3, [r7, #8]
 5181 0752 5B78     		ldrb	r3, [r3, #1]	@ zero_extendqisi2
 5182 0754 012B     		cmp	r3, #1
 5183 0756 15D1     		bne	.L183
 5184              		.loc 1 2691 9 discriminator 13
 5185 0758 FB68     		ldr	r3, [r7, #12]
 5186 075a 1B68     		ldr	r3, [r3]
 5187 075c B3F85030 		ldrh	r3, [r3, #80]	@ movhi
 5188 0760 9BB2     		uxth	r3, r3
 5189 0762 1A46     		mov	r2, r3
 5190 0764 7B6D     		ldr	r3, [r7, #84]
 5191 0766 1344     		add	r3, r3, r2
 5192 0768 7B65     		str	r3, [r7, #84]
 5193 076a BB68     		ldr	r3, [r7, #8]
 5194 076c 1B78     		ldrb	r3, [r3]	@ zero_extendqisi2
 5195 076e 1A01     		lsls	r2, r3, #4
 5196 0770 7B6D     		ldr	r3, [r7, #84]
 5197 0772 1344     		add	r3, r3, r2
 5198 0774 03F20C43 		addw	r3, r3, #1036
 5199 0778 3B65     		str	r3, [r7, #80]
 5200 077a D7F88C30 		ldr	r3, [r7, #140]
 5201 077e 9AB2     		uxth	r2, r3
 5202 0780 3B6D     		ldr	r3, [r7, #80]
 5203 0782 1A80     		strh	r2, [r3]	@ movhi
 5204              	.L183:
 5205              	.LBE40:
2692:Drivers/STM32F1xx_HAL_Driver/Src/stm32f1xx_hal_pcd.c **** 
2693:Drivers/STM32F1xx_HAL_Driver/Src/stm32f1xx_hal_pcd.c ****         /* Copy the user buffer to USB PMA */
2694:Drivers/STM32F1xx_HAL_Driver/Src/stm32f1xx_hal_pcd.c ****         USB_WritePMA(hpcd->Instance, ep->xfer_buff,  ep->pmaaddr1, (uint16_t)len);
 5206              		.loc 1 2694 26 is_stmt 1
 5207 0784 FB68     		ldr	r3, [r7, #12]
 5208 0786 1868     		ldr	r0, [r3]
 5209              		.loc 1 2694 9
 5210 0788 BB68     		ldr	r3, [r7, #8]
 5211 078a 5969     		ldr	r1, [r3, #20]
 5212 078c BB68     		ldr	r3, [r7, #8]
 5213 078e 5A89     		ldrh	r2, [r3, #10]
 5214 0790 D7F88C30 		ldr	r3, [r7, #140]
 5215 0794 9BB2     		uxth	r3, r3
 5216 0796 FFF7FEFF 		bl	USB_WritePMA
 5217              	.L158:
 5218              	.LBB43:
2695:Drivers/STM32F1xx_HAL_Driver/Src/stm32f1xx_hal_pcd.c ****       }
2696:Drivers/STM32F1xx_HAL_Driver/Src/stm32f1xx_hal_pcd.c ****     }
2697:Drivers/STM32F1xx_HAL_Driver/Src/stm32f1xx_hal_pcd.c ****   }
2698:Drivers/STM32F1xx_HAL_Driver/Src/stm32f1xx_hal_pcd.c **** 
2699:Drivers/STM32F1xx_HAL_Driver/Src/stm32f1xx_hal_pcd.c ****   /*enable endpoint IN*/
2700:Drivers/STM32F1xx_HAL_Driver/Src/stm32f1xx_hal_pcd.c ****   PCD_SET_EP_TX_STATUS(hpcd->Instance, ep->num, USB_EP_TX_VALID);
 5219              		.loc 1 2700 3
 5220 079a FB68     		ldr	r3, [r7, #12]
 5221 079c 1B68     		ldr	r3, [r3]
 5222 079e 1A46     		mov	r2, r3
 5223 07a0 BB68     		ldr	r3, [r7, #8]
ARM GAS  /var/folders/xf/tcndk8390ml5xdpfw93qkhpm0000gn/T//cceFQQPk.s 			page 139


 5224 07a2 1B78     		ldrb	r3, [r3]	@ zero_extendqisi2
 5225 07a4 9B00     		lsls	r3, r3, #2
 5226 07a6 1344     		add	r3, r3, r2
 5227 07a8 1B88     		ldrh	r3, [r3]	@ movhi
 5228 07aa 9BB2     		uxth	r3, r3
 5229 07ac 23F4E043 		bic	r3, r3, #28672
 5230 07b0 23F04003 		bic	r3, r3, #64
 5231 07b4 BB82     		strh	r3, [r7, #20]	@ movhi
 5232 07b6 BB8A     		ldrh	r3, [r7, #20]	@ movhi
 5233 07b8 83F01003 		eor	r3, r3, #16
 5234 07bc BB82     		strh	r3, [r7, #20]	@ movhi
 5235 07be BB8A     		ldrh	r3, [r7, #20]	@ movhi
 5236 07c0 83F02003 		eor	r3, r3, #32
 5237 07c4 BB82     		strh	r3, [r7, #20]	@ movhi
 5238 07c6 FB68     		ldr	r3, [r7, #12]
 5239 07c8 1B68     		ldr	r3, [r3]
 5240 07ca 1A46     		mov	r2, r3
 5241 07cc BB68     		ldr	r3, [r7, #8]
 5242 07ce 1B78     		ldrb	r3, [r3]	@ zero_extendqisi2
 5243 07d0 9B00     		lsls	r3, r3, #2
 5244 07d2 1A44     		add	r2, r2, r3
 5245 07d4 BB8A     		ldrh	r3, [r7, #20]	@ movhi
 5246 07d6 43F07F43 		orr	r3, r3, #-16777216
 5247 07da 43F47F03 		orr	r3, r3, #16711680
 5248 07de 43F40043 		orr	r3, r3, #32768
 5249 07e2 43F08003 		orr	r3, r3, #128
 5250 07e6 9BB2     		uxth	r3, r3
 5251 07e8 1380     		strh	r3, [r2]	@ movhi
 5252              	.LBE43:
2701:Drivers/STM32F1xx_HAL_Driver/Src/stm32f1xx_hal_pcd.c **** 
2702:Drivers/STM32F1xx_HAL_Driver/Src/stm32f1xx_hal_pcd.c ****   return HAL_OK;
 5253              		.loc 1 2702 10
 5254 07ea 0023     		movs	r3, #0
2703:Drivers/STM32F1xx_HAL_Driver/Src/stm32f1xx_hal_pcd.c **** }
 5255              		.loc 1 2703 1
 5256 07ec 1846     		mov	r0, r3
 5257 07ee 9037     		adds	r7, r7, #144
 5258              	.LCFI199:
 5259              		.cfi_def_cfa_offset 8
 5260 07f0 BD46     		mov	sp, r7
 5261              	.LCFI200:
 5262              		.cfi_def_cfa_register 13
 5263              		@ sp needed
 5264 07f2 80BD     		pop	{r7, pc}
 5265              		.cfi_endproc
 5266              	.LFE101:
 5268              		.text
 5269              	.Letext0:
 5270              		.file 2 "/Applications/ARM/arm-none-eabi/include/machine/_default_types.h"
 5271              		.file 3 "/Applications/ARM/arm-none-eabi/include/sys/_stdint.h"
 5272              		.file 4 "Drivers/CMSIS/Device/ST/STM32F1xx/Include/stm32f103xb.h"
 5273              		.file 5 "Drivers/STM32F1xx_HAL_Driver/Inc/stm32f1xx_hal_def.h"
 5274              		.file 6 "Drivers/STM32F1xx_HAL_Driver/Inc/stm32f1xx_ll_usb.h"
 5275              		.file 7 "Drivers/STM32F1xx_HAL_Driver/Inc/stm32f1xx_hal_pcd.h"
ARM GAS  /var/folders/xf/tcndk8390ml5xdpfw93qkhpm0000gn/T//cceFQQPk.s 			page 140


DEFINED SYMBOLS
                            *ABS*:0000000000000000 stm32f1xx_hal_pcd.c
/var/folders/xf/tcndk8390ml5xdpfw93qkhpm0000gn/T//cceFQQPk.s:18     .text.HAL_PCD_Init:0000000000000000 $t
/var/folders/xf/tcndk8390ml5xdpfw93qkhpm0000gn/T//cceFQQPk.s:24     .text.HAL_PCD_Init:0000000000000000 HAL_PCD_Init
/var/folders/xf/tcndk8390ml5xdpfw93qkhpm0000gn/T//cceFQQPk.s:429    .text.HAL_PCD_MspInit:0000000000000000 HAL_PCD_MspInit
/var/folders/xf/tcndk8390ml5xdpfw93qkhpm0000gn/T//cceFQQPk.s:349    .text.HAL_PCD_DeInit:0000000000000000 $t
/var/folders/xf/tcndk8390ml5xdpfw93qkhpm0000gn/T//cceFQQPk.s:355    .text.HAL_PCD_DeInit:0000000000000000 HAL_PCD_DeInit
/var/folders/xf/tcndk8390ml5xdpfw93qkhpm0000gn/T//cceFQQPk.s:471    .text.HAL_PCD_MspDeInit:0000000000000000 HAL_PCD_MspDeInit
/var/folders/xf/tcndk8390ml5xdpfw93qkhpm0000gn/T//cceFQQPk.s:423    .text.HAL_PCD_MspInit:0000000000000000 $t
/var/folders/xf/tcndk8390ml5xdpfw93qkhpm0000gn/T//cceFQQPk.s:465    .text.HAL_PCD_MspDeInit:0000000000000000 $t
/var/folders/xf/tcndk8390ml5xdpfw93qkhpm0000gn/T//cceFQQPk.s:507    .text.HAL_PCD_Start:0000000000000000 $t
/var/folders/xf/tcndk8390ml5xdpfw93qkhpm0000gn/T//cceFQQPk.s:513    .text.HAL_PCD_Start:0000000000000000 HAL_PCD_Start
/var/folders/xf/tcndk8390ml5xdpfw93qkhpm0000gn/T//cceFQQPk.s:580    .text.HAL_PCD_Stop:0000000000000000 $t
/var/folders/xf/tcndk8390ml5xdpfw93qkhpm0000gn/T//cceFQQPk.s:586    .text.HAL_PCD_Stop:0000000000000000 HAL_PCD_Stop
/var/folders/xf/tcndk8390ml5xdpfw93qkhpm0000gn/T//cceFQQPk.s:653    .text.HAL_PCD_IRQHandler:0000000000000000 $t
/var/folders/xf/tcndk8390ml5xdpfw93qkhpm0000gn/T//cceFQQPk.s:659    .text.HAL_PCD_IRQHandler:0000000000000000 HAL_PCD_IRQHandler
/var/folders/xf/tcndk8390ml5xdpfw93qkhpm0000gn/T//cceFQQPk.s:2824   .text.PCD_EP_ISR_Handler:0000000000000000 PCD_EP_ISR_Handler
/var/folders/xf/tcndk8390ml5xdpfw93qkhpm0000gn/T//cceFQQPk.s:1248   .text.HAL_PCD_ResetCallback:0000000000000000 HAL_PCD_ResetCallback
/var/folders/xf/tcndk8390ml5xdpfw93qkhpm0000gn/T//cceFQQPk.s:1682   .text.HAL_PCD_SetAddress:0000000000000000 HAL_PCD_SetAddress
/var/folders/xf/tcndk8390ml5xdpfw93qkhpm0000gn/T//cceFQQPk.s:1332   .text.HAL_PCD_ResumeCallback:0000000000000000 HAL_PCD_ResumeCallback
/var/folders/xf/tcndk8390ml5xdpfw93qkhpm0000gn/T//cceFQQPk.s:1290   .text.HAL_PCD_SuspendCallback:0000000000000000 HAL_PCD_SuspendCallback
/var/folders/xf/tcndk8390ml5xdpfw93qkhpm0000gn/T//cceFQQPk.s:1206   .text.HAL_PCD_SOFCallback:0000000000000000 HAL_PCD_SOFCallback
/var/folders/xf/tcndk8390ml5xdpfw93qkhpm0000gn/T//cceFQQPk.s:1020   .text.HAL_PCD_WKUP_IRQHandler:0000000000000000 $t
/var/folders/xf/tcndk8390ml5xdpfw93qkhpm0000gn/T//cceFQQPk.s:1026   .text.HAL_PCD_WKUP_IRQHandler:0000000000000000 HAL_PCD_WKUP_IRQHandler
/var/folders/xf/tcndk8390ml5xdpfw93qkhpm0000gn/T//cceFQQPk.s:1065   .text.HAL_PCD_WKUP_IRQHandler:000000000000001c $d
/var/folders/xf/tcndk8390ml5xdpfw93qkhpm0000gn/T//cceFQQPk.s:1070   .text.HAL_PCD_DataOutStageCallback:0000000000000000 $t
/var/folders/xf/tcndk8390ml5xdpfw93qkhpm0000gn/T//cceFQQPk.s:1076   .text.HAL_PCD_DataOutStageCallback:0000000000000000 HAL_PCD_DataOutStageCallback
/var/folders/xf/tcndk8390ml5xdpfw93qkhpm0000gn/T//cceFQQPk.s:1114   .text.HAL_PCD_DataInStageCallback:0000000000000000 $t
/var/folders/xf/tcndk8390ml5xdpfw93qkhpm0000gn/T//cceFQQPk.s:1120   .text.HAL_PCD_DataInStageCallback:0000000000000000 HAL_PCD_DataInStageCallback
/var/folders/xf/tcndk8390ml5xdpfw93qkhpm0000gn/T//cceFQQPk.s:1158   .text.HAL_PCD_SetupStageCallback:0000000000000000 $t
/var/folders/xf/tcndk8390ml5xdpfw93qkhpm0000gn/T//cceFQQPk.s:1164   .text.HAL_PCD_SetupStageCallback:0000000000000000 HAL_PCD_SetupStageCallback
/var/folders/xf/tcndk8390ml5xdpfw93qkhpm0000gn/T//cceFQQPk.s:1200   .text.HAL_PCD_SOFCallback:0000000000000000 $t
/var/folders/xf/tcndk8390ml5xdpfw93qkhpm0000gn/T//cceFQQPk.s:1242   .text.HAL_PCD_ResetCallback:0000000000000000 $t
/var/folders/xf/tcndk8390ml5xdpfw93qkhpm0000gn/T//cceFQQPk.s:1284   .text.HAL_PCD_SuspendCallback:0000000000000000 $t
/var/folders/xf/tcndk8390ml5xdpfw93qkhpm0000gn/T//cceFQQPk.s:1326   .text.HAL_PCD_ResumeCallback:0000000000000000 $t
/var/folders/xf/tcndk8390ml5xdpfw93qkhpm0000gn/T//cceFQQPk.s:1368   .text.HAL_PCD_ISOOUTIncompleteCallback:0000000000000000 $t
/var/folders/xf/tcndk8390ml5xdpfw93qkhpm0000gn/T//cceFQQPk.s:1374   .text.HAL_PCD_ISOOUTIncompleteCallback:0000000000000000 HAL_PCD_ISOOUTIncompleteCallback
/var/folders/xf/tcndk8390ml5xdpfw93qkhpm0000gn/T//cceFQQPk.s:1412   .text.HAL_PCD_ISOINIncompleteCallback:0000000000000000 $t
/var/folders/xf/tcndk8390ml5xdpfw93qkhpm0000gn/T//cceFQQPk.s:1418   .text.HAL_PCD_ISOINIncompleteCallback:0000000000000000 HAL_PCD_ISOINIncompleteCallback
/var/folders/xf/tcndk8390ml5xdpfw93qkhpm0000gn/T//cceFQQPk.s:1456   .text.HAL_PCD_ConnectCallback:0000000000000000 $t
/var/folders/xf/tcndk8390ml5xdpfw93qkhpm0000gn/T//cceFQQPk.s:1462   .text.HAL_PCD_ConnectCallback:0000000000000000 HAL_PCD_ConnectCallback
/var/folders/xf/tcndk8390ml5xdpfw93qkhpm0000gn/T//cceFQQPk.s:1498   .text.HAL_PCD_DisconnectCallback:0000000000000000 $t
/var/folders/xf/tcndk8390ml5xdpfw93qkhpm0000gn/T//cceFQQPk.s:1504   .text.HAL_PCD_DisconnectCallback:0000000000000000 HAL_PCD_DisconnectCallback
/var/folders/xf/tcndk8390ml5xdpfw93qkhpm0000gn/T//cceFQQPk.s:1540   .text.HAL_PCD_DevConnect:0000000000000000 $t
/var/folders/xf/tcndk8390ml5xdpfw93qkhpm0000gn/T//cceFQQPk.s:1546   .text.HAL_PCD_DevConnect:0000000000000000 HAL_PCD_DevConnect
/var/folders/xf/tcndk8390ml5xdpfw93qkhpm0000gn/T//cceFQQPk.s:1608   .text.HAL_PCD_DevDisconnect:0000000000000000 $t
/var/folders/xf/tcndk8390ml5xdpfw93qkhpm0000gn/T//cceFQQPk.s:1614   .text.HAL_PCD_DevDisconnect:0000000000000000 HAL_PCD_DevDisconnect
/var/folders/xf/tcndk8390ml5xdpfw93qkhpm0000gn/T//cceFQQPk.s:1676   .text.HAL_PCD_SetAddress:0000000000000000 $t
/var/folders/xf/tcndk8390ml5xdpfw93qkhpm0000gn/T//cceFQQPk.s:1748   .text.HAL_PCD_EP_Open:0000000000000000 $t
/var/folders/xf/tcndk8390ml5xdpfw93qkhpm0000gn/T//cceFQQPk.s:1754   .text.HAL_PCD_EP_Open:0000000000000000 HAL_PCD_EP_Open
/var/folders/xf/tcndk8390ml5xdpfw93qkhpm0000gn/T//cceFQQPk.s:1889   .text.HAL_PCD_EP_Close:0000000000000000 $t
/var/folders/xf/tcndk8390ml5xdpfw93qkhpm0000gn/T//cceFQQPk.s:1895   .text.HAL_PCD_EP_Close:0000000000000000 HAL_PCD_EP_Close
/var/folders/xf/tcndk8390ml5xdpfw93qkhpm0000gn/T//cceFQQPk.s:2003   .text.HAL_PCD_EP_Receive:0000000000000000 $t
/var/folders/xf/tcndk8390ml5xdpfw93qkhpm0000gn/T//cceFQQPk.s:2009   .text.HAL_PCD_EP_Receive:0000000000000000 HAL_PCD_EP_Receive
/var/folders/xf/tcndk8390ml5xdpfw93qkhpm0000gn/T//cceFQQPk.s:2089   .text.HAL_PCD_EP_GetRxCount:0000000000000000 $t
/var/folders/xf/tcndk8390ml5xdpfw93qkhpm0000gn/T//cceFQQPk.s:2095   .text.HAL_PCD_EP_GetRxCount:0000000000000000 HAL_PCD_EP_GetRxCount
/var/folders/xf/tcndk8390ml5xdpfw93qkhpm0000gn/T//cceFQQPk.s:2145   .text.HAL_PCD_EP_Transmit:0000000000000000 $t
ARM GAS  /var/folders/xf/tcndk8390ml5xdpfw93qkhpm0000gn/T//cceFQQPk.s 			page 141


/var/folders/xf/tcndk8390ml5xdpfw93qkhpm0000gn/T//cceFQQPk.s:2151   .text.HAL_PCD_EP_Transmit:0000000000000000 HAL_PCD_EP_Transmit
/var/folders/xf/tcndk8390ml5xdpfw93qkhpm0000gn/T//cceFQQPk.s:2239   .text.HAL_PCD_EP_SetStall:0000000000000000 $t
/var/folders/xf/tcndk8390ml5xdpfw93qkhpm0000gn/T//cceFQQPk.s:2245   .text.HAL_PCD_EP_SetStall:0000000000000000 HAL_PCD_EP_SetStall
/var/folders/xf/tcndk8390ml5xdpfw93qkhpm0000gn/T//cceFQQPk.s:2386   .text.HAL_PCD_EP_ClrStall:0000000000000000 $t
/var/folders/xf/tcndk8390ml5xdpfw93qkhpm0000gn/T//cceFQQPk.s:2392   .text.HAL_PCD_EP_ClrStall:0000000000000000 HAL_PCD_EP_ClrStall
/var/folders/xf/tcndk8390ml5xdpfw93qkhpm0000gn/T//cceFQQPk.s:2517   .text.HAL_PCD_EP_Abort:0000000000000000 $t
/var/folders/xf/tcndk8390ml5xdpfw93qkhpm0000gn/T//cceFQQPk.s:2523   .text.HAL_PCD_EP_Abort:0000000000000000 HAL_PCD_EP_Abort
/var/folders/xf/tcndk8390ml5xdpfw93qkhpm0000gn/T//cceFQQPk.s:2600   .text.HAL_PCD_EP_Flush:0000000000000000 $t
/var/folders/xf/tcndk8390ml5xdpfw93qkhpm0000gn/T//cceFQQPk.s:2606   .text.HAL_PCD_EP_Flush:0000000000000000 HAL_PCD_EP_Flush
/var/folders/xf/tcndk8390ml5xdpfw93qkhpm0000gn/T//cceFQQPk.s:2683   .text.HAL_PCD_ActivateRemoteWakeup:0000000000000000 $t
/var/folders/xf/tcndk8390ml5xdpfw93qkhpm0000gn/T//cceFQQPk.s:2689   .text.HAL_PCD_ActivateRemoteWakeup:0000000000000000 HAL_PCD_ActivateRemoteWakeup
/var/folders/xf/tcndk8390ml5xdpfw93qkhpm0000gn/T//cceFQQPk.s:2728   .text.HAL_PCD_DeActivateRemoteWakeup:0000000000000000 $t
/var/folders/xf/tcndk8390ml5xdpfw93qkhpm0000gn/T//cceFQQPk.s:2734   .text.HAL_PCD_DeActivateRemoteWakeup:0000000000000000 HAL_PCD_DeActivateRemoteWakeup
/var/folders/xf/tcndk8390ml5xdpfw93qkhpm0000gn/T//cceFQQPk.s:2773   .text.HAL_PCD_GetState:0000000000000000 $t
/var/folders/xf/tcndk8390ml5xdpfw93qkhpm0000gn/T//cceFQQPk.s:2779   .text.HAL_PCD_GetState:0000000000000000 HAL_PCD_GetState
/var/folders/xf/tcndk8390ml5xdpfw93qkhpm0000gn/T//cceFQQPk.s:2819   .text.PCD_EP_ISR_Handler:0000000000000000 $t
/var/folders/xf/tcndk8390ml5xdpfw93qkhpm0000gn/T//cceFQQPk.s:3877   .text.HAL_PCD_EP_DB_Receive:0000000000000000 HAL_PCD_EP_DB_Receive
/var/folders/xf/tcndk8390ml5xdpfw93qkhpm0000gn/T//cceFQQPk.s:4190   .text.HAL_PCD_EP_DB_Transmit:0000000000000000 HAL_PCD_EP_DB_Transmit
/var/folders/xf/tcndk8390ml5xdpfw93qkhpm0000gn/T//cceFQQPk.s:3872   .text.HAL_PCD_EP_DB_Receive:0000000000000000 $t
/var/folders/xf/tcndk8390ml5xdpfw93qkhpm0000gn/T//cceFQQPk.s:4185   .text.HAL_PCD_EP_DB_Transmit:0000000000000000 $t

UNDEFINED SYMBOLS
USB_DisableGlobalInt
USB_CoreInit
USB_SetCurrentMode
USB_DevInit
USB_DevDisconnect
USB_StopDevice
USB_EnableGlobalInt
HAL_PCDEx_SetConnectionState
USB_DevConnect
USB_ReadInterrupts
USB_SetDevAddress
USB_ActivateEndpoint
USB_DeactivateEndpoint
USB_EPStartXfer
USB_EPSetStall
USB_EP0_OutStart
USB_EPClearStall
USB_EPStopXfer
USB_FlushTxFifo
USB_FlushRxFifo
USB_ActivateRemoteWakeup
USB_DeActivateRemoteWakeup
USB_ReadPMA
USB_WritePMA
