ARM GAS  /var/folders/xf/tcndk8390ml5xdpfw93qkhpm0000gn/T//cc0WvzGY.s 			page 1


   1              		.cpu cortex-m3
   2              		.arch armv7-m
   3              		.fpu softvfp
   4              		.eabi_attribute 20, 1
   5              		.eabi_attribute 21, 1
   6              		.eabi_attribute 23, 3
   7              		.eabi_attribute 24, 1
   8              		.eabi_attribute 25, 1
   9              		.eabi_attribute 26, 1
  10              		.eabi_attribute 30, 6
  11              		.eabi_attribute 34, 1
  12              		.eabi_attribute 18, 4
  13              		.file	"stm32f1xx_ll_usb.c"
  14              		.text
  15              	.Ltext0:
  16              		.cfi_sections	.debug_frame
  17              		.section	.text.USB_CoreInit,"ax",%progbits
  18              		.align	1
  19              		.global	USB_CoreInit
  20              		.syntax unified
  21              		.thumb
  22              		.thumb_func
  24              	USB_CoreInit:
  25              	.LFB65:
  26              		.file 1 "Drivers/STM32F1xx_HAL_Driver/Src/stm32f1xx_ll_usb.c"
   1:Drivers/STM32F1xx_HAL_Driver/Src/stm32f1xx_ll_usb.c **** /**
   2:Drivers/STM32F1xx_HAL_Driver/Src/stm32f1xx_ll_usb.c ****   ******************************************************************************
   3:Drivers/STM32F1xx_HAL_Driver/Src/stm32f1xx_ll_usb.c ****   * @file    stm32f1xx_ll_usb.c
   4:Drivers/STM32F1xx_HAL_Driver/Src/stm32f1xx_ll_usb.c ****   * @author  MCD Application Team
   5:Drivers/STM32F1xx_HAL_Driver/Src/stm32f1xx_ll_usb.c ****   * @brief   USB Low Layer HAL module driver.
   6:Drivers/STM32F1xx_HAL_Driver/Src/stm32f1xx_ll_usb.c ****   *
   7:Drivers/STM32F1xx_HAL_Driver/Src/stm32f1xx_ll_usb.c ****   *          This file provides firmware functions to manage the following
   8:Drivers/STM32F1xx_HAL_Driver/Src/stm32f1xx_ll_usb.c ****   *          functionalities of the USB Peripheral Controller:
   9:Drivers/STM32F1xx_HAL_Driver/Src/stm32f1xx_ll_usb.c ****   *           + Initialization/de-initialization functions
  10:Drivers/STM32F1xx_HAL_Driver/Src/stm32f1xx_ll_usb.c ****   *           + I/O operation functions
  11:Drivers/STM32F1xx_HAL_Driver/Src/stm32f1xx_ll_usb.c ****   *           + Peripheral Control functions
  12:Drivers/STM32F1xx_HAL_Driver/Src/stm32f1xx_ll_usb.c ****   *           + Peripheral State functions
  13:Drivers/STM32F1xx_HAL_Driver/Src/stm32f1xx_ll_usb.c ****   *
  14:Drivers/STM32F1xx_HAL_Driver/Src/stm32f1xx_ll_usb.c ****   ******************************************************************************
  15:Drivers/STM32F1xx_HAL_Driver/Src/stm32f1xx_ll_usb.c ****   * @attention
  16:Drivers/STM32F1xx_HAL_Driver/Src/stm32f1xx_ll_usb.c ****   *
  17:Drivers/STM32F1xx_HAL_Driver/Src/stm32f1xx_ll_usb.c ****   * Copyright (c) 2016 STMicroelectronics.
  18:Drivers/STM32F1xx_HAL_Driver/Src/stm32f1xx_ll_usb.c ****   * All rights reserved.
  19:Drivers/STM32F1xx_HAL_Driver/Src/stm32f1xx_ll_usb.c ****   *
  20:Drivers/STM32F1xx_HAL_Driver/Src/stm32f1xx_ll_usb.c ****   * This software is licensed under terms that can be found in the LICENSE file
  21:Drivers/STM32F1xx_HAL_Driver/Src/stm32f1xx_ll_usb.c ****   * in the root directory of this software component.
  22:Drivers/STM32F1xx_HAL_Driver/Src/stm32f1xx_ll_usb.c ****   * If no LICENSE file comes with this software, it is provided AS-IS.
  23:Drivers/STM32F1xx_HAL_Driver/Src/stm32f1xx_ll_usb.c ****   *
  24:Drivers/STM32F1xx_HAL_Driver/Src/stm32f1xx_ll_usb.c ****   ******************************************************************************
  25:Drivers/STM32F1xx_HAL_Driver/Src/stm32f1xx_ll_usb.c ****   @verbatim
  26:Drivers/STM32F1xx_HAL_Driver/Src/stm32f1xx_ll_usb.c ****   ==============================================================================
  27:Drivers/STM32F1xx_HAL_Driver/Src/stm32f1xx_ll_usb.c ****                     ##### How to use this driver #####
  28:Drivers/STM32F1xx_HAL_Driver/Src/stm32f1xx_ll_usb.c ****   ==============================================================================
  29:Drivers/STM32F1xx_HAL_Driver/Src/stm32f1xx_ll_usb.c ****     [..]
  30:Drivers/STM32F1xx_HAL_Driver/Src/stm32f1xx_ll_usb.c ****       (#) Fill parameters of Init structure in USB_CfgTypeDef structure.
  31:Drivers/STM32F1xx_HAL_Driver/Src/stm32f1xx_ll_usb.c **** 
  32:Drivers/STM32F1xx_HAL_Driver/Src/stm32f1xx_ll_usb.c ****       (#) Call USB_CoreInit() API to initialize the USB Core peripheral.
ARM GAS  /var/folders/xf/tcndk8390ml5xdpfw93qkhpm0000gn/T//cc0WvzGY.s 			page 2


  33:Drivers/STM32F1xx_HAL_Driver/Src/stm32f1xx_ll_usb.c **** 
  34:Drivers/STM32F1xx_HAL_Driver/Src/stm32f1xx_ll_usb.c ****       (#) The upper HAL HCD/PCD driver will call the right routines for its internal processes.
  35:Drivers/STM32F1xx_HAL_Driver/Src/stm32f1xx_ll_usb.c **** 
  36:Drivers/STM32F1xx_HAL_Driver/Src/stm32f1xx_ll_usb.c ****   @endverbatim
  37:Drivers/STM32F1xx_HAL_Driver/Src/stm32f1xx_ll_usb.c **** 
  38:Drivers/STM32F1xx_HAL_Driver/Src/stm32f1xx_ll_usb.c ****   ******************************************************************************
  39:Drivers/STM32F1xx_HAL_Driver/Src/stm32f1xx_ll_usb.c ****   */
  40:Drivers/STM32F1xx_HAL_Driver/Src/stm32f1xx_ll_usb.c **** 
  41:Drivers/STM32F1xx_HAL_Driver/Src/stm32f1xx_ll_usb.c **** /* Includes ------------------------------------------------------------------*/
  42:Drivers/STM32F1xx_HAL_Driver/Src/stm32f1xx_ll_usb.c **** #include "stm32f1xx_hal.h"
  43:Drivers/STM32F1xx_HAL_Driver/Src/stm32f1xx_ll_usb.c **** 
  44:Drivers/STM32F1xx_HAL_Driver/Src/stm32f1xx_ll_usb.c **** /** @addtogroup STM32F1xx_LL_USB_DRIVER
  45:Drivers/STM32F1xx_HAL_Driver/Src/stm32f1xx_ll_usb.c ****   * @{
  46:Drivers/STM32F1xx_HAL_Driver/Src/stm32f1xx_ll_usb.c ****   */
  47:Drivers/STM32F1xx_HAL_Driver/Src/stm32f1xx_ll_usb.c **** 
  48:Drivers/STM32F1xx_HAL_Driver/Src/stm32f1xx_ll_usb.c **** #if defined (HAL_PCD_MODULE_ENABLED) || defined (HAL_HCD_MODULE_ENABLED)
  49:Drivers/STM32F1xx_HAL_Driver/Src/stm32f1xx_ll_usb.c **** #if defined (USB) || defined (USB_OTG_FS)
  50:Drivers/STM32F1xx_HAL_Driver/Src/stm32f1xx_ll_usb.c **** /* Private typedef -----------------------------------------------------------*/
  51:Drivers/STM32F1xx_HAL_Driver/Src/stm32f1xx_ll_usb.c **** /* Private define ------------------------------------------------------------*/
  52:Drivers/STM32F1xx_HAL_Driver/Src/stm32f1xx_ll_usb.c **** /* Private macro -------------------------------------------------------------*/
  53:Drivers/STM32F1xx_HAL_Driver/Src/stm32f1xx_ll_usb.c **** /* Private variables ---------------------------------------------------------*/
  54:Drivers/STM32F1xx_HAL_Driver/Src/stm32f1xx_ll_usb.c **** /* Private function prototypes -----------------------------------------------*/
  55:Drivers/STM32F1xx_HAL_Driver/Src/stm32f1xx_ll_usb.c **** /* Private functions ---------------------------------------------------------*/
  56:Drivers/STM32F1xx_HAL_Driver/Src/stm32f1xx_ll_usb.c **** #if defined (USB_OTG_FS)
  57:Drivers/STM32F1xx_HAL_Driver/Src/stm32f1xx_ll_usb.c **** static HAL_StatusTypeDef USB_CoreReset(USB_OTG_GlobalTypeDef *USBx);
  58:Drivers/STM32F1xx_HAL_Driver/Src/stm32f1xx_ll_usb.c **** 
  59:Drivers/STM32F1xx_HAL_Driver/Src/stm32f1xx_ll_usb.c **** /* Exported functions --------------------------------------------------------*/
  60:Drivers/STM32F1xx_HAL_Driver/Src/stm32f1xx_ll_usb.c **** /** @defgroup USB_LL_Exported_Functions USB Low Layer Exported Functions
  61:Drivers/STM32F1xx_HAL_Driver/Src/stm32f1xx_ll_usb.c ****   * @{
  62:Drivers/STM32F1xx_HAL_Driver/Src/stm32f1xx_ll_usb.c ****   */
  63:Drivers/STM32F1xx_HAL_Driver/Src/stm32f1xx_ll_usb.c **** 
  64:Drivers/STM32F1xx_HAL_Driver/Src/stm32f1xx_ll_usb.c **** /** @defgroup USB_LL_Exported_Functions_Group1 Initialization/de-initialization functions
  65:Drivers/STM32F1xx_HAL_Driver/Src/stm32f1xx_ll_usb.c ****   *  @brief    Initialization and Configuration functions
  66:Drivers/STM32F1xx_HAL_Driver/Src/stm32f1xx_ll_usb.c ****   *
  67:Drivers/STM32F1xx_HAL_Driver/Src/stm32f1xx_ll_usb.c **** @verbatim
  68:Drivers/STM32F1xx_HAL_Driver/Src/stm32f1xx_ll_usb.c ****  ===============================================================================
  69:Drivers/STM32F1xx_HAL_Driver/Src/stm32f1xx_ll_usb.c ****                       ##### Initialization/de-initialization functions #####
  70:Drivers/STM32F1xx_HAL_Driver/Src/stm32f1xx_ll_usb.c ****  ===============================================================================
  71:Drivers/STM32F1xx_HAL_Driver/Src/stm32f1xx_ll_usb.c **** 
  72:Drivers/STM32F1xx_HAL_Driver/Src/stm32f1xx_ll_usb.c **** @endverbatim
  73:Drivers/STM32F1xx_HAL_Driver/Src/stm32f1xx_ll_usb.c ****   * @{
  74:Drivers/STM32F1xx_HAL_Driver/Src/stm32f1xx_ll_usb.c ****   */
  75:Drivers/STM32F1xx_HAL_Driver/Src/stm32f1xx_ll_usb.c **** 
  76:Drivers/STM32F1xx_HAL_Driver/Src/stm32f1xx_ll_usb.c **** /**
  77:Drivers/STM32F1xx_HAL_Driver/Src/stm32f1xx_ll_usb.c ****   * @brief  Initializes the USB Core
  78:Drivers/STM32F1xx_HAL_Driver/Src/stm32f1xx_ll_usb.c ****   * @param  USBx USB Instance
  79:Drivers/STM32F1xx_HAL_Driver/Src/stm32f1xx_ll_usb.c ****   * @param  cfg pointer to a USB_OTG_CfgTypeDef structure that contains
  80:Drivers/STM32F1xx_HAL_Driver/Src/stm32f1xx_ll_usb.c ****   *         the configuration information for the specified USBx peripheral.
  81:Drivers/STM32F1xx_HAL_Driver/Src/stm32f1xx_ll_usb.c ****   * @retval HAL status
  82:Drivers/STM32F1xx_HAL_Driver/Src/stm32f1xx_ll_usb.c ****   */
  83:Drivers/STM32F1xx_HAL_Driver/Src/stm32f1xx_ll_usb.c **** HAL_StatusTypeDef USB_CoreInit(USB_OTG_GlobalTypeDef *USBx, USB_OTG_CfgTypeDef cfg)
  84:Drivers/STM32F1xx_HAL_Driver/Src/stm32f1xx_ll_usb.c **** {
  85:Drivers/STM32F1xx_HAL_Driver/Src/stm32f1xx_ll_usb.c ****   HAL_StatusTypeDef ret;
  86:Drivers/STM32F1xx_HAL_Driver/Src/stm32f1xx_ll_usb.c **** 
  87:Drivers/STM32F1xx_HAL_Driver/Src/stm32f1xx_ll_usb.c ****   /* Select FS Embedded PHY */
  88:Drivers/STM32F1xx_HAL_Driver/Src/stm32f1xx_ll_usb.c ****   USBx->GUSBCFG |= USB_OTG_GUSBCFG_PHYSEL;
  89:Drivers/STM32F1xx_HAL_Driver/Src/stm32f1xx_ll_usb.c **** 
ARM GAS  /var/folders/xf/tcndk8390ml5xdpfw93qkhpm0000gn/T//cc0WvzGY.s 			page 3


  90:Drivers/STM32F1xx_HAL_Driver/Src/stm32f1xx_ll_usb.c ****   /* Reset after a PHY select */
  91:Drivers/STM32F1xx_HAL_Driver/Src/stm32f1xx_ll_usb.c ****   ret = USB_CoreReset(USBx);
  92:Drivers/STM32F1xx_HAL_Driver/Src/stm32f1xx_ll_usb.c **** 
  93:Drivers/STM32F1xx_HAL_Driver/Src/stm32f1xx_ll_usb.c ****   /* Activate the USB Transceiver */
  94:Drivers/STM32F1xx_HAL_Driver/Src/stm32f1xx_ll_usb.c ****   USBx->GCCFG |= USB_OTG_GCCFG_PWRDWN;
  95:Drivers/STM32F1xx_HAL_Driver/Src/stm32f1xx_ll_usb.c **** 
  96:Drivers/STM32F1xx_HAL_Driver/Src/stm32f1xx_ll_usb.c ****   return ret;
  97:Drivers/STM32F1xx_HAL_Driver/Src/stm32f1xx_ll_usb.c **** }
  98:Drivers/STM32F1xx_HAL_Driver/Src/stm32f1xx_ll_usb.c **** 
  99:Drivers/STM32F1xx_HAL_Driver/Src/stm32f1xx_ll_usb.c **** 
 100:Drivers/STM32F1xx_HAL_Driver/Src/stm32f1xx_ll_usb.c **** /**
 101:Drivers/STM32F1xx_HAL_Driver/Src/stm32f1xx_ll_usb.c ****   * @brief  Set the USB turnaround time
 102:Drivers/STM32F1xx_HAL_Driver/Src/stm32f1xx_ll_usb.c ****   * @param  USBx USB Instance
 103:Drivers/STM32F1xx_HAL_Driver/Src/stm32f1xx_ll_usb.c ****   * @param  hclk: AHB clock frequency
 104:Drivers/STM32F1xx_HAL_Driver/Src/stm32f1xx_ll_usb.c ****   * @retval USB turnaround time In PHY Clocks number
 105:Drivers/STM32F1xx_HAL_Driver/Src/stm32f1xx_ll_usb.c ****   */
 106:Drivers/STM32F1xx_HAL_Driver/Src/stm32f1xx_ll_usb.c **** HAL_StatusTypeDef USB_SetTurnaroundTime(USB_OTG_GlobalTypeDef *USBx,
 107:Drivers/STM32F1xx_HAL_Driver/Src/stm32f1xx_ll_usb.c ****                                         uint32_t hclk, uint8_t speed)
 108:Drivers/STM32F1xx_HAL_Driver/Src/stm32f1xx_ll_usb.c **** {
 109:Drivers/STM32F1xx_HAL_Driver/Src/stm32f1xx_ll_usb.c ****   uint32_t UsbTrd;
 110:Drivers/STM32F1xx_HAL_Driver/Src/stm32f1xx_ll_usb.c **** 
 111:Drivers/STM32F1xx_HAL_Driver/Src/stm32f1xx_ll_usb.c ****   /* The USBTRD is configured according to the tables below, depending on AHB frequency
 112:Drivers/STM32F1xx_HAL_Driver/Src/stm32f1xx_ll_usb.c ****   used by application. In the low AHB frequency range it is used to stretch enough the USB response
 113:Drivers/STM32F1xx_HAL_Driver/Src/stm32f1xx_ll_usb.c ****   time to IN tokens, the USB turnaround time, so to compensate for the longer AHB read access
 114:Drivers/STM32F1xx_HAL_Driver/Src/stm32f1xx_ll_usb.c ****   latency to the Data FIFO */
 115:Drivers/STM32F1xx_HAL_Driver/Src/stm32f1xx_ll_usb.c ****   if (speed == USBD_FS_SPEED)
 116:Drivers/STM32F1xx_HAL_Driver/Src/stm32f1xx_ll_usb.c ****   {
 117:Drivers/STM32F1xx_HAL_Driver/Src/stm32f1xx_ll_usb.c ****     if ((hclk >= 14200000U) && (hclk < 15000000U))
 118:Drivers/STM32F1xx_HAL_Driver/Src/stm32f1xx_ll_usb.c ****     {
 119:Drivers/STM32F1xx_HAL_Driver/Src/stm32f1xx_ll_usb.c ****       /* hclk Clock Range between 14.2-15 MHz */
 120:Drivers/STM32F1xx_HAL_Driver/Src/stm32f1xx_ll_usb.c ****       UsbTrd = 0xFU;
 121:Drivers/STM32F1xx_HAL_Driver/Src/stm32f1xx_ll_usb.c ****     }
 122:Drivers/STM32F1xx_HAL_Driver/Src/stm32f1xx_ll_usb.c ****     else if ((hclk >= 15000000U) && (hclk < 16000000U))
 123:Drivers/STM32F1xx_HAL_Driver/Src/stm32f1xx_ll_usb.c ****     {
 124:Drivers/STM32F1xx_HAL_Driver/Src/stm32f1xx_ll_usb.c ****       /* hclk Clock Range between 15-16 MHz */
 125:Drivers/STM32F1xx_HAL_Driver/Src/stm32f1xx_ll_usb.c ****       UsbTrd = 0xEU;
 126:Drivers/STM32F1xx_HAL_Driver/Src/stm32f1xx_ll_usb.c ****     }
 127:Drivers/STM32F1xx_HAL_Driver/Src/stm32f1xx_ll_usb.c ****     else if ((hclk >= 16000000U) && (hclk < 17200000U))
 128:Drivers/STM32F1xx_HAL_Driver/Src/stm32f1xx_ll_usb.c ****     {
 129:Drivers/STM32F1xx_HAL_Driver/Src/stm32f1xx_ll_usb.c ****       /* hclk Clock Range between 16-17.2 MHz */
 130:Drivers/STM32F1xx_HAL_Driver/Src/stm32f1xx_ll_usb.c ****       UsbTrd = 0xDU;
 131:Drivers/STM32F1xx_HAL_Driver/Src/stm32f1xx_ll_usb.c ****     }
 132:Drivers/STM32F1xx_HAL_Driver/Src/stm32f1xx_ll_usb.c ****     else if ((hclk >= 17200000U) && (hclk < 18500000U))
 133:Drivers/STM32F1xx_HAL_Driver/Src/stm32f1xx_ll_usb.c ****     {
 134:Drivers/STM32F1xx_HAL_Driver/Src/stm32f1xx_ll_usb.c ****       /* hclk Clock Range between 17.2-18.5 MHz */
 135:Drivers/STM32F1xx_HAL_Driver/Src/stm32f1xx_ll_usb.c ****       UsbTrd = 0xCU;
 136:Drivers/STM32F1xx_HAL_Driver/Src/stm32f1xx_ll_usb.c ****     }
 137:Drivers/STM32F1xx_HAL_Driver/Src/stm32f1xx_ll_usb.c ****     else if ((hclk >= 18500000U) && (hclk < 20000000U))
 138:Drivers/STM32F1xx_HAL_Driver/Src/stm32f1xx_ll_usb.c ****     {
 139:Drivers/STM32F1xx_HAL_Driver/Src/stm32f1xx_ll_usb.c ****       /* hclk Clock Range between 18.5-20 MHz */
 140:Drivers/STM32F1xx_HAL_Driver/Src/stm32f1xx_ll_usb.c ****       UsbTrd = 0xBU;
 141:Drivers/STM32F1xx_HAL_Driver/Src/stm32f1xx_ll_usb.c ****     }
 142:Drivers/STM32F1xx_HAL_Driver/Src/stm32f1xx_ll_usb.c ****     else if ((hclk >= 20000000U) && (hclk < 21800000U))
 143:Drivers/STM32F1xx_HAL_Driver/Src/stm32f1xx_ll_usb.c ****     {
 144:Drivers/STM32F1xx_HAL_Driver/Src/stm32f1xx_ll_usb.c ****       /* hclk Clock Range between 20-21.8 MHz */
 145:Drivers/STM32F1xx_HAL_Driver/Src/stm32f1xx_ll_usb.c ****       UsbTrd = 0xAU;
 146:Drivers/STM32F1xx_HAL_Driver/Src/stm32f1xx_ll_usb.c ****     }
ARM GAS  /var/folders/xf/tcndk8390ml5xdpfw93qkhpm0000gn/T//cc0WvzGY.s 			page 4


 147:Drivers/STM32F1xx_HAL_Driver/Src/stm32f1xx_ll_usb.c ****     else if ((hclk >= 21800000U) && (hclk < 24000000U))
 148:Drivers/STM32F1xx_HAL_Driver/Src/stm32f1xx_ll_usb.c ****     {
 149:Drivers/STM32F1xx_HAL_Driver/Src/stm32f1xx_ll_usb.c ****       /* hclk Clock Range between 21.8-24 MHz */
 150:Drivers/STM32F1xx_HAL_Driver/Src/stm32f1xx_ll_usb.c ****       UsbTrd = 0x9U;
 151:Drivers/STM32F1xx_HAL_Driver/Src/stm32f1xx_ll_usb.c ****     }
 152:Drivers/STM32F1xx_HAL_Driver/Src/stm32f1xx_ll_usb.c ****     else if ((hclk >= 24000000U) && (hclk < 27700000U))
 153:Drivers/STM32F1xx_HAL_Driver/Src/stm32f1xx_ll_usb.c ****     {
 154:Drivers/STM32F1xx_HAL_Driver/Src/stm32f1xx_ll_usb.c ****       /* hclk Clock Range between 24-27.7 MHz */
 155:Drivers/STM32F1xx_HAL_Driver/Src/stm32f1xx_ll_usb.c ****       UsbTrd = 0x8U;
 156:Drivers/STM32F1xx_HAL_Driver/Src/stm32f1xx_ll_usb.c ****     }
 157:Drivers/STM32F1xx_HAL_Driver/Src/stm32f1xx_ll_usb.c ****     else if ((hclk >= 27700000U) && (hclk < 32000000U))
 158:Drivers/STM32F1xx_HAL_Driver/Src/stm32f1xx_ll_usb.c ****     {
 159:Drivers/STM32F1xx_HAL_Driver/Src/stm32f1xx_ll_usb.c ****       /* hclk Clock Range between 27.7-32 MHz */
 160:Drivers/STM32F1xx_HAL_Driver/Src/stm32f1xx_ll_usb.c ****       UsbTrd = 0x7U;
 161:Drivers/STM32F1xx_HAL_Driver/Src/stm32f1xx_ll_usb.c ****     }
 162:Drivers/STM32F1xx_HAL_Driver/Src/stm32f1xx_ll_usb.c ****     else /* if(hclk >= 32000000) */
 163:Drivers/STM32F1xx_HAL_Driver/Src/stm32f1xx_ll_usb.c ****     {
 164:Drivers/STM32F1xx_HAL_Driver/Src/stm32f1xx_ll_usb.c ****       /* hclk Clock Range between 32-200 MHz */
 165:Drivers/STM32F1xx_HAL_Driver/Src/stm32f1xx_ll_usb.c ****       UsbTrd = 0x6U;
 166:Drivers/STM32F1xx_HAL_Driver/Src/stm32f1xx_ll_usb.c ****     }
 167:Drivers/STM32F1xx_HAL_Driver/Src/stm32f1xx_ll_usb.c ****   }
 168:Drivers/STM32F1xx_HAL_Driver/Src/stm32f1xx_ll_usb.c ****   else
 169:Drivers/STM32F1xx_HAL_Driver/Src/stm32f1xx_ll_usb.c ****   {
 170:Drivers/STM32F1xx_HAL_Driver/Src/stm32f1xx_ll_usb.c ****     UsbTrd = USBD_DEFAULT_TRDT_VALUE;
 171:Drivers/STM32F1xx_HAL_Driver/Src/stm32f1xx_ll_usb.c ****   }
 172:Drivers/STM32F1xx_HAL_Driver/Src/stm32f1xx_ll_usb.c **** 
 173:Drivers/STM32F1xx_HAL_Driver/Src/stm32f1xx_ll_usb.c ****   USBx->GUSBCFG &= ~USB_OTG_GUSBCFG_TRDT;
 174:Drivers/STM32F1xx_HAL_Driver/Src/stm32f1xx_ll_usb.c ****   USBx->GUSBCFG |= (uint32_t)((UsbTrd << 10) & USB_OTG_GUSBCFG_TRDT);
 175:Drivers/STM32F1xx_HAL_Driver/Src/stm32f1xx_ll_usb.c **** 
 176:Drivers/STM32F1xx_HAL_Driver/Src/stm32f1xx_ll_usb.c ****   return HAL_OK;
 177:Drivers/STM32F1xx_HAL_Driver/Src/stm32f1xx_ll_usb.c **** }
 178:Drivers/STM32F1xx_HAL_Driver/Src/stm32f1xx_ll_usb.c **** 
 179:Drivers/STM32F1xx_HAL_Driver/Src/stm32f1xx_ll_usb.c **** /**
 180:Drivers/STM32F1xx_HAL_Driver/Src/stm32f1xx_ll_usb.c ****   * @brief  USB_EnableGlobalInt
 181:Drivers/STM32F1xx_HAL_Driver/Src/stm32f1xx_ll_usb.c ****   *         Enables the controller's Global Int in the AHB Config reg
 182:Drivers/STM32F1xx_HAL_Driver/Src/stm32f1xx_ll_usb.c ****   * @param  USBx  Selected device
 183:Drivers/STM32F1xx_HAL_Driver/Src/stm32f1xx_ll_usb.c ****   * @retval HAL status
 184:Drivers/STM32F1xx_HAL_Driver/Src/stm32f1xx_ll_usb.c ****   */
 185:Drivers/STM32F1xx_HAL_Driver/Src/stm32f1xx_ll_usb.c **** HAL_StatusTypeDef USB_EnableGlobalInt(USB_OTG_GlobalTypeDef *USBx)
 186:Drivers/STM32F1xx_HAL_Driver/Src/stm32f1xx_ll_usb.c **** {
 187:Drivers/STM32F1xx_HAL_Driver/Src/stm32f1xx_ll_usb.c ****   USBx->GAHBCFG |= USB_OTG_GAHBCFG_GINT;
 188:Drivers/STM32F1xx_HAL_Driver/Src/stm32f1xx_ll_usb.c ****   return HAL_OK;
 189:Drivers/STM32F1xx_HAL_Driver/Src/stm32f1xx_ll_usb.c **** }
 190:Drivers/STM32F1xx_HAL_Driver/Src/stm32f1xx_ll_usb.c **** 
 191:Drivers/STM32F1xx_HAL_Driver/Src/stm32f1xx_ll_usb.c **** /**
 192:Drivers/STM32F1xx_HAL_Driver/Src/stm32f1xx_ll_usb.c ****   * @brief  USB_DisableGlobalInt
 193:Drivers/STM32F1xx_HAL_Driver/Src/stm32f1xx_ll_usb.c ****   *         Disable the controller's Global Int in the AHB Config reg
 194:Drivers/STM32F1xx_HAL_Driver/Src/stm32f1xx_ll_usb.c ****   * @param  USBx  Selected device
 195:Drivers/STM32F1xx_HAL_Driver/Src/stm32f1xx_ll_usb.c ****   * @retval HAL status
 196:Drivers/STM32F1xx_HAL_Driver/Src/stm32f1xx_ll_usb.c ****   */
 197:Drivers/STM32F1xx_HAL_Driver/Src/stm32f1xx_ll_usb.c **** HAL_StatusTypeDef USB_DisableGlobalInt(USB_OTG_GlobalTypeDef *USBx)
 198:Drivers/STM32F1xx_HAL_Driver/Src/stm32f1xx_ll_usb.c **** {
 199:Drivers/STM32F1xx_HAL_Driver/Src/stm32f1xx_ll_usb.c ****   USBx->GAHBCFG &= ~USB_OTG_GAHBCFG_GINT;
 200:Drivers/STM32F1xx_HAL_Driver/Src/stm32f1xx_ll_usb.c ****   return HAL_OK;
 201:Drivers/STM32F1xx_HAL_Driver/Src/stm32f1xx_ll_usb.c **** }
 202:Drivers/STM32F1xx_HAL_Driver/Src/stm32f1xx_ll_usb.c **** 
 203:Drivers/STM32F1xx_HAL_Driver/Src/stm32f1xx_ll_usb.c **** /**
ARM GAS  /var/folders/xf/tcndk8390ml5xdpfw93qkhpm0000gn/T//cc0WvzGY.s 			page 5


 204:Drivers/STM32F1xx_HAL_Driver/Src/stm32f1xx_ll_usb.c ****   * @brief  USB_SetCurrentMode Set functional mode
 205:Drivers/STM32F1xx_HAL_Driver/Src/stm32f1xx_ll_usb.c ****   * @param  USBx  Selected device
 206:Drivers/STM32F1xx_HAL_Driver/Src/stm32f1xx_ll_usb.c ****   * @param  mode  current core mode
 207:Drivers/STM32F1xx_HAL_Driver/Src/stm32f1xx_ll_usb.c ****   *          This parameter can be one of these values:
 208:Drivers/STM32F1xx_HAL_Driver/Src/stm32f1xx_ll_usb.c ****   *            @arg USB_DEVICE_MODE Peripheral mode
 209:Drivers/STM32F1xx_HAL_Driver/Src/stm32f1xx_ll_usb.c ****   *            @arg USB_HOST_MODE Host mode
 210:Drivers/STM32F1xx_HAL_Driver/Src/stm32f1xx_ll_usb.c ****   * @retval HAL status
 211:Drivers/STM32F1xx_HAL_Driver/Src/stm32f1xx_ll_usb.c ****   */
 212:Drivers/STM32F1xx_HAL_Driver/Src/stm32f1xx_ll_usb.c **** HAL_StatusTypeDef USB_SetCurrentMode(USB_OTG_GlobalTypeDef *USBx, USB_ModeTypeDef mode)
 213:Drivers/STM32F1xx_HAL_Driver/Src/stm32f1xx_ll_usb.c **** {
 214:Drivers/STM32F1xx_HAL_Driver/Src/stm32f1xx_ll_usb.c ****   uint32_t ms = 0U;
 215:Drivers/STM32F1xx_HAL_Driver/Src/stm32f1xx_ll_usb.c **** 
 216:Drivers/STM32F1xx_HAL_Driver/Src/stm32f1xx_ll_usb.c ****   USBx->GUSBCFG &= ~(USB_OTG_GUSBCFG_FHMOD | USB_OTG_GUSBCFG_FDMOD);
 217:Drivers/STM32F1xx_HAL_Driver/Src/stm32f1xx_ll_usb.c **** 
 218:Drivers/STM32F1xx_HAL_Driver/Src/stm32f1xx_ll_usb.c ****   if (mode == USB_HOST_MODE)
 219:Drivers/STM32F1xx_HAL_Driver/Src/stm32f1xx_ll_usb.c ****   {
 220:Drivers/STM32F1xx_HAL_Driver/Src/stm32f1xx_ll_usb.c ****     USBx->GUSBCFG |= USB_OTG_GUSBCFG_FHMOD;
 221:Drivers/STM32F1xx_HAL_Driver/Src/stm32f1xx_ll_usb.c **** 
 222:Drivers/STM32F1xx_HAL_Driver/Src/stm32f1xx_ll_usb.c ****     do
 223:Drivers/STM32F1xx_HAL_Driver/Src/stm32f1xx_ll_usb.c ****     {
 224:Drivers/STM32F1xx_HAL_Driver/Src/stm32f1xx_ll_usb.c ****       HAL_Delay(10U);
 225:Drivers/STM32F1xx_HAL_Driver/Src/stm32f1xx_ll_usb.c ****       ms += 10U;
 226:Drivers/STM32F1xx_HAL_Driver/Src/stm32f1xx_ll_usb.c ****     } while ((USB_GetMode(USBx) != (uint32_t)USB_HOST_MODE) && (ms < HAL_USB_CURRENT_MODE_MAX_DELAY
 227:Drivers/STM32F1xx_HAL_Driver/Src/stm32f1xx_ll_usb.c ****   }
 228:Drivers/STM32F1xx_HAL_Driver/Src/stm32f1xx_ll_usb.c ****   else if (mode == USB_DEVICE_MODE)
 229:Drivers/STM32F1xx_HAL_Driver/Src/stm32f1xx_ll_usb.c ****   {
 230:Drivers/STM32F1xx_HAL_Driver/Src/stm32f1xx_ll_usb.c ****     USBx->GUSBCFG |= USB_OTG_GUSBCFG_FDMOD;
 231:Drivers/STM32F1xx_HAL_Driver/Src/stm32f1xx_ll_usb.c **** 
 232:Drivers/STM32F1xx_HAL_Driver/Src/stm32f1xx_ll_usb.c ****     do
 233:Drivers/STM32F1xx_HAL_Driver/Src/stm32f1xx_ll_usb.c ****     {
 234:Drivers/STM32F1xx_HAL_Driver/Src/stm32f1xx_ll_usb.c ****       HAL_Delay(10U);
 235:Drivers/STM32F1xx_HAL_Driver/Src/stm32f1xx_ll_usb.c ****       ms += 10U;
 236:Drivers/STM32F1xx_HAL_Driver/Src/stm32f1xx_ll_usb.c ****     } while ((USB_GetMode(USBx) != (uint32_t)USB_DEVICE_MODE) && (ms < HAL_USB_CURRENT_MODE_MAX_DEL
 237:Drivers/STM32F1xx_HAL_Driver/Src/stm32f1xx_ll_usb.c ****   }
 238:Drivers/STM32F1xx_HAL_Driver/Src/stm32f1xx_ll_usb.c ****   else
 239:Drivers/STM32F1xx_HAL_Driver/Src/stm32f1xx_ll_usb.c ****   {
 240:Drivers/STM32F1xx_HAL_Driver/Src/stm32f1xx_ll_usb.c ****     return HAL_ERROR;
 241:Drivers/STM32F1xx_HAL_Driver/Src/stm32f1xx_ll_usb.c ****   }
 242:Drivers/STM32F1xx_HAL_Driver/Src/stm32f1xx_ll_usb.c **** 
 243:Drivers/STM32F1xx_HAL_Driver/Src/stm32f1xx_ll_usb.c ****   if (ms == HAL_USB_CURRENT_MODE_MAX_DELAY_MS)
 244:Drivers/STM32F1xx_HAL_Driver/Src/stm32f1xx_ll_usb.c ****   {
 245:Drivers/STM32F1xx_HAL_Driver/Src/stm32f1xx_ll_usb.c ****     return HAL_ERROR;
 246:Drivers/STM32F1xx_HAL_Driver/Src/stm32f1xx_ll_usb.c ****   }
 247:Drivers/STM32F1xx_HAL_Driver/Src/stm32f1xx_ll_usb.c **** 
 248:Drivers/STM32F1xx_HAL_Driver/Src/stm32f1xx_ll_usb.c ****   return HAL_OK;
 249:Drivers/STM32F1xx_HAL_Driver/Src/stm32f1xx_ll_usb.c **** }
 250:Drivers/STM32F1xx_HAL_Driver/Src/stm32f1xx_ll_usb.c **** 
 251:Drivers/STM32F1xx_HAL_Driver/Src/stm32f1xx_ll_usb.c **** /**
 252:Drivers/STM32F1xx_HAL_Driver/Src/stm32f1xx_ll_usb.c ****   * @brief  USB_DevInit Initializes the USB_OTG controller registers
 253:Drivers/STM32F1xx_HAL_Driver/Src/stm32f1xx_ll_usb.c ****   *         for device mode
 254:Drivers/STM32F1xx_HAL_Driver/Src/stm32f1xx_ll_usb.c ****   * @param  USBx  Selected device
 255:Drivers/STM32F1xx_HAL_Driver/Src/stm32f1xx_ll_usb.c ****   * @param  cfg   pointer to a USB_OTG_CfgTypeDef structure that contains
 256:Drivers/STM32F1xx_HAL_Driver/Src/stm32f1xx_ll_usb.c ****   *         the configuration information for the specified USBx peripheral.
 257:Drivers/STM32F1xx_HAL_Driver/Src/stm32f1xx_ll_usb.c ****   * @retval HAL status
 258:Drivers/STM32F1xx_HAL_Driver/Src/stm32f1xx_ll_usb.c ****   */
 259:Drivers/STM32F1xx_HAL_Driver/Src/stm32f1xx_ll_usb.c **** HAL_StatusTypeDef USB_DevInit(USB_OTG_GlobalTypeDef *USBx, USB_OTG_CfgTypeDef cfg)
 260:Drivers/STM32F1xx_HAL_Driver/Src/stm32f1xx_ll_usb.c **** {
ARM GAS  /var/folders/xf/tcndk8390ml5xdpfw93qkhpm0000gn/T//cc0WvzGY.s 			page 6


 261:Drivers/STM32F1xx_HAL_Driver/Src/stm32f1xx_ll_usb.c ****   HAL_StatusTypeDef ret = HAL_OK;
 262:Drivers/STM32F1xx_HAL_Driver/Src/stm32f1xx_ll_usb.c ****   uint32_t USBx_BASE = (uint32_t)USBx;
 263:Drivers/STM32F1xx_HAL_Driver/Src/stm32f1xx_ll_usb.c ****   uint32_t i;
 264:Drivers/STM32F1xx_HAL_Driver/Src/stm32f1xx_ll_usb.c **** 
 265:Drivers/STM32F1xx_HAL_Driver/Src/stm32f1xx_ll_usb.c ****   for (i = 0U; i < 15U; i++)
 266:Drivers/STM32F1xx_HAL_Driver/Src/stm32f1xx_ll_usb.c ****   {
 267:Drivers/STM32F1xx_HAL_Driver/Src/stm32f1xx_ll_usb.c ****     USBx->DIEPTXF[i] = 0U;
 268:Drivers/STM32F1xx_HAL_Driver/Src/stm32f1xx_ll_usb.c ****   }
 269:Drivers/STM32F1xx_HAL_Driver/Src/stm32f1xx_ll_usb.c **** 
 270:Drivers/STM32F1xx_HAL_Driver/Src/stm32f1xx_ll_usb.c ****   /* Enable HW VBUS sensing */
 271:Drivers/STM32F1xx_HAL_Driver/Src/stm32f1xx_ll_usb.c ****   USBx->GCCFG |= USB_OTG_GCCFG_VBUSBSEN;
 272:Drivers/STM32F1xx_HAL_Driver/Src/stm32f1xx_ll_usb.c **** 
 273:Drivers/STM32F1xx_HAL_Driver/Src/stm32f1xx_ll_usb.c ****   /* Restart the Phy Clock */
 274:Drivers/STM32F1xx_HAL_Driver/Src/stm32f1xx_ll_usb.c ****   USBx_PCGCCTL = 0U;
 275:Drivers/STM32F1xx_HAL_Driver/Src/stm32f1xx_ll_usb.c **** 
 276:Drivers/STM32F1xx_HAL_Driver/Src/stm32f1xx_ll_usb.c ****   /* Set Core speed to Full speed mode */
 277:Drivers/STM32F1xx_HAL_Driver/Src/stm32f1xx_ll_usb.c ****   (void)USB_SetDevSpeed(USBx, USB_OTG_SPEED_FULL);
 278:Drivers/STM32F1xx_HAL_Driver/Src/stm32f1xx_ll_usb.c **** 
 279:Drivers/STM32F1xx_HAL_Driver/Src/stm32f1xx_ll_usb.c ****   /* Flush the FIFOs */
 280:Drivers/STM32F1xx_HAL_Driver/Src/stm32f1xx_ll_usb.c ****   if (USB_FlushTxFifo(USBx, 0x10U) != HAL_OK) /* all Tx FIFOs */
 281:Drivers/STM32F1xx_HAL_Driver/Src/stm32f1xx_ll_usb.c ****   {
 282:Drivers/STM32F1xx_HAL_Driver/Src/stm32f1xx_ll_usb.c ****     ret = HAL_ERROR;
 283:Drivers/STM32F1xx_HAL_Driver/Src/stm32f1xx_ll_usb.c ****   }
 284:Drivers/STM32F1xx_HAL_Driver/Src/stm32f1xx_ll_usb.c **** 
 285:Drivers/STM32F1xx_HAL_Driver/Src/stm32f1xx_ll_usb.c ****   if (USB_FlushRxFifo(USBx) != HAL_OK)
 286:Drivers/STM32F1xx_HAL_Driver/Src/stm32f1xx_ll_usb.c ****   {
 287:Drivers/STM32F1xx_HAL_Driver/Src/stm32f1xx_ll_usb.c ****     ret = HAL_ERROR;
 288:Drivers/STM32F1xx_HAL_Driver/Src/stm32f1xx_ll_usb.c ****   }
 289:Drivers/STM32F1xx_HAL_Driver/Src/stm32f1xx_ll_usb.c **** 
 290:Drivers/STM32F1xx_HAL_Driver/Src/stm32f1xx_ll_usb.c ****   /* Clear all pending Device Interrupts */
 291:Drivers/STM32F1xx_HAL_Driver/Src/stm32f1xx_ll_usb.c ****   USBx_DEVICE->DIEPMSK = 0U;
 292:Drivers/STM32F1xx_HAL_Driver/Src/stm32f1xx_ll_usb.c ****   USBx_DEVICE->DOEPMSK = 0U;
 293:Drivers/STM32F1xx_HAL_Driver/Src/stm32f1xx_ll_usb.c ****   USBx_DEVICE->DAINTMSK = 0U;
 294:Drivers/STM32F1xx_HAL_Driver/Src/stm32f1xx_ll_usb.c **** 
 295:Drivers/STM32F1xx_HAL_Driver/Src/stm32f1xx_ll_usb.c ****   for (i = 0U; i < cfg.dev_endpoints; i++)
 296:Drivers/STM32F1xx_HAL_Driver/Src/stm32f1xx_ll_usb.c ****   {
 297:Drivers/STM32F1xx_HAL_Driver/Src/stm32f1xx_ll_usb.c ****     if ((USBx_INEP(i)->DIEPCTL & USB_OTG_DIEPCTL_EPENA) == USB_OTG_DIEPCTL_EPENA)
 298:Drivers/STM32F1xx_HAL_Driver/Src/stm32f1xx_ll_usb.c ****     {
 299:Drivers/STM32F1xx_HAL_Driver/Src/stm32f1xx_ll_usb.c ****       if (i == 0U)
 300:Drivers/STM32F1xx_HAL_Driver/Src/stm32f1xx_ll_usb.c ****       {
 301:Drivers/STM32F1xx_HAL_Driver/Src/stm32f1xx_ll_usb.c ****         USBx_INEP(i)->DIEPCTL = USB_OTG_DIEPCTL_SNAK;
 302:Drivers/STM32F1xx_HAL_Driver/Src/stm32f1xx_ll_usb.c ****       }
 303:Drivers/STM32F1xx_HAL_Driver/Src/stm32f1xx_ll_usb.c ****       else
 304:Drivers/STM32F1xx_HAL_Driver/Src/stm32f1xx_ll_usb.c ****       {
 305:Drivers/STM32F1xx_HAL_Driver/Src/stm32f1xx_ll_usb.c ****         USBx_INEP(i)->DIEPCTL = USB_OTG_DIEPCTL_EPDIS | USB_OTG_DIEPCTL_SNAK;
 306:Drivers/STM32F1xx_HAL_Driver/Src/stm32f1xx_ll_usb.c ****       }
 307:Drivers/STM32F1xx_HAL_Driver/Src/stm32f1xx_ll_usb.c ****     }
 308:Drivers/STM32F1xx_HAL_Driver/Src/stm32f1xx_ll_usb.c ****     else
 309:Drivers/STM32F1xx_HAL_Driver/Src/stm32f1xx_ll_usb.c ****     {
 310:Drivers/STM32F1xx_HAL_Driver/Src/stm32f1xx_ll_usb.c ****       USBx_INEP(i)->DIEPCTL = 0U;
 311:Drivers/STM32F1xx_HAL_Driver/Src/stm32f1xx_ll_usb.c ****     }
 312:Drivers/STM32F1xx_HAL_Driver/Src/stm32f1xx_ll_usb.c **** 
 313:Drivers/STM32F1xx_HAL_Driver/Src/stm32f1xx_ll_usb.c ****     USBx_INEP(i)->DIEPTSIZ = 0U;
 314:Drivers/STM32F1xx_HAL_Driver/Src/stm32f1xx_ll_usb.c ****     USBx_INEP(i)->DIEPINT  = 0xFB7FU;
 315:Drivers/STM32F1xx_HAL_Driver/Src/stm32f1xx_ll_usb.c ****   }
 316:Drivers/STM32F1xx_HAL_Driver/Src/stm32f1xx_ll_usb.c **** 
 317:Drivers/STM32F1xx_HAL_Driver/Src/stm32f1xx_ll_usb.c ****   for (i = 0U; i < cfg.dev_endpoints; i++)
ARM GAS  /var/folders/xf/tcndk8390ml5xdpfw93qkhpm0000gn/T//cc0WvzGY.s 			page 7


 318:Drivers/STM32F1xx_HAL_Driver/Src/stm32f1xx_ll_usb.c ****   {
 319:Drivers/STM32F1xx_HAL_Driver/Src/stm32f1xx_ll_usb.c ****     if ((USBx_OUTEP(i)->DOEPCTL & USB_OTG_DOEPCTL_EPENA) == USB_OTG_DOEPCTL_EPENA)
 320:Drivers/STM32F1xx_HAL_Driver/Src/stm32f1xx_ll_usb.c ****     {
 321:Drivers/STM32F1xx_HAL_Driver/Src/stm32f1xx_ll_usb.c ****       if (i == 0U)
 322:Drivers/STM32F1xx_HAL_Driver/Src/stm32f1xx_ll_usb.c ****       {
 323:Drivers/STM32F1xx_HAL_Driver/Src/stm32f1xx_ll_usb.c ****         USBx_OUTEP(i)->DOEPCTL = USB_OTG_DOEPCTL_SNAK;
 324:Drivers/STM32F1xx_HAL_Driver/Src/stm32f1xx_ll_usb.c ****       }
 325:Drivers/STM32F1xx_HAL_Driver/Src/stm32f1xx_ll_usb.c ****       else
 326:Drivers/STM32F1xx_HAL_Driver/Src/stm32f1xx_ll_usb.c ****       {
 327:Drivers/STM32F1xx_HAL_Driver/Src/stm32f1xx_ll_usb.c ****         USBx_OUTEP(i)->DOEPCTL = USB_OTG_DOEPCTL_EPDIS | USB_OTG_DOEPCTL_SNAK;
 328:Drivers/STM32F1xx_HAL_Driver/Src/stm32f1xx_ll_usb.c ****       }
 329:Drivers/STM32F1xx_HAL_Driver/Src/stm32f1xx_ll_usb.c ****     }
 330:Drivers/STM32F1xx_HAL_Driver/Src/stm32f1xx_ll_usb.c ****     else
 331:Drivers/STM32F1xx_HAL_Driver/Src/stm32f1xx_ll_usb.c ****     {
 332:Drivers/STM32F1xx_HAL_Driver/Src/stm32f1xx_ll_usb.c ****       USBx_OUTEP(i)->DOEPCTL = 0U;
 333:Drivers/STM32F1xx_HAL_Driver/Src/stm32f1xx_ll_usb.c ****     }
 334:Drivers/STM32F1xx_HAL_Driver/Src/stm32f1xx_ll_usb.c **** 
 335:Drivers/STM32F1xx_HAL_Driver/Src/stm32f1xx_ll_usb.c ****     USBx_OUTEP(i)->DOEPTSIZ = 0U;
 336:Drivers/STM32F1xx_HAL_Driver/Src/stm32f1xx_ll_usb.c ****     USBx_OUTEP(i)->DOEPINT  = 0xFB7FU;
 337:Drivers/STM32F1xx_HAL_Driver/Src/stm32f1xx_ll_usb.c ****   }
 338:Drivers/STM32F1xx_HAL_Driver/Src/stm32f1xx_ll_usb.c **** 
 339:Drivers/STM32F1xx_HAL_Driver/Src/stm32f1xx_ll_usb.c ****   USBx_DEVICE->DIEPMSK &= ~(USB_OTG_DIEPMSK_TXFURM);
 340:Drivers/STM32F1xx_HAL_Driver/Src/stm32f1xx_ll_usb.c **** 
 341:Drivers/STM32F1xx_HAL_Driver/Src/stm32f1xx_ll_usb.c ****   /* Disable all interrupts. */
 342:Drivers/STM32F1xx_HAL_Driver/Src/stm32f1xx_ll_usb.c ****   USBx->GINTMSK = 0U;
 343:Drivers/STM32F1xx_HAL_Driver/Src/stm32f1xx_ll_usb.c **** 
 344:Drivers/STM32F1xx_HAL_Driver/Src/stm32f1xx_ll_usb.c ****   /* Clear any pending interrupts */
 345:Drivers/STM32F1xx_HAL_Driver/Src/stm32f1xx_ll_usb.c ****   USBx->GINTSTS = 0xBFFFFFFFU;
 346:Drivers/STM32F1xx_HAL_Driver/Src/stm32f1xx_ll_usb.c **** 
 347:Drivers/STM32F1xx_HAL_Driver/Src/stm32f1xx_ll_usb.c ****   /* Enable the common interrupts */
 348:Drivers/STM32F1xx_HAL_Driver/Src/stm32f1xx_ll_usb.c ****   USBx->GINTMSK |= USB_OTG_GINTMSK_RXFLVLM;
 349:Drivers/STM32F1xx_HAL_Driver/Src/stm32f1xx_ll_usb.c **** 
 350:Drivers/STM32F1xx_HAL_Driver/Src/stm32f1xx_ll_usb.c ****   /* Enable interrupts matching to the Device mode ONLY */
 351:Drivers/STM32F1xx_HAL_Driver/Src/stm32f1xx_ll_usb.c ****   USBx->GINTMSK |= USB_OTG_GINTMSK_USBSUSPM | USB_OTG_GINTMSK_USBRST |
 352:Drivers/STM32F1xx_HAL_Driver/Src/stm32f1xx_ll_usb.c ****                    USB_OTG_GINTMSK_ENUMDNEM | USB_OTG_GINTMSK_IEPINT |
 353:Drivers/STM32F1xx_HAL_Driver/Src/stm32f1xx_ll_usb.c ****                    USB_OTG_GINTMSK_OEPINT   | USB_OTG_GINTMSK_IISOIXFRM |
 354:Drivers/STM32F1xx_HAL_Driver/Src/stm32f1xx_ll_usb.c ****                    USB_OTG_GINTMSK_PXFRM_IISOOXFRM | USB_OTG_GINTMSK_WUIM;
 355:Drivers/STM32F1xx_HAL_Driver/Src/stm32f1xx_ll_usb.c **** 
 356:Drivers/STM32F1xx_HAL_Driver/Src/stm32f1xx_ll_usb.c ****   if (cfg.Sof_enable != 0U)
 357:Drivers/STM32F1xx_HAL_Driver/Src/stm32f1xx_ll_usb.c ****   {
 358:Drivers/STM32F1xx_HAL_Driver/Src/stm32f1xx_ll_usb.c ****     USBx->GINTMSK |= USB_OTG_GINTMSK_SOFM;
 359:Drivers/STM32F1xx_HAL_Driver/Src/stm32f1xx_ll_usb.c ****   }
 360:Drivers/STM32F1xx_HAL_Driver/Src/stm32f1xx_ll_usb.c **** 
 361:Drivers/STM32F1xx_HAL_Driver/Src/stm32f1xx_ll_usb.c ****   if (cfg.vbus_sensing_enable == 1U)
 362:Drivers/STM32F1xx_HAL_Driver/Src/stm32f1xx_ll_usb.c ****   {
 363:Drivers/STM32F1xx_HAL_Driver/Src/stm32f1xx_ll_usb.c ****     USBx->GINTMSK |= (USB_OTG_GINTMSK_SRQIM | USB_OTG_GINTMSK_OTGINT);
 364:Drivers/STM32F1xx_HAL_Driver/Src/stm32f1xx_ll_usb.c ****   }
 365:Drivers/STM32F1xx_HAL_Driver/Src/stm32f1xx_ll_usb.c **** 
 366:Drivers/STM32F1xx_HAL_Driver/Src/stm32f1xx_ll_usb.c ****   return ret;
 367:Drivers/STM32F1xx_HAL_Driver/Src/stm32f1xx_ll_usb.c **** }
 368:Drivers/STM32F1xx_HAL_Driver/Src/stm32f1xx_ll_usb.c **** 
 369:Drivers/STM32F1xx_HAL_Driver/Src/stm32f1xx_ll_usb.c **** /**
 370:Drivers/STM32F1xx_HAL_Driver/Src/stm32f1xx_ll_usb.c ****   * @brief  USB_FlushTxFifo Flush a Tx FIFO
 371:Drivers/STM32F1xx_HAL_Driver/Src/stm32f1xx_ll_usb.c ****   * @param  USBx  Selected device
 372:Drivers/STM32F1xx_HAL_Driver/Src/stm32f1xx_ll_usb.c ****   * @param  num  FIFO number
 373:Drivers/STM32F1xx_HAL_Driver/Src/stm32f1xx_ll_usb.c ****   *         This parameter can be a value from 1 to 15
 374:Drivers/STM32F1xx_HAL_Driver/Src/stm32f1xx_ll_usb.c ****             15 means Flush all Tx FIFOs
ARM GAS  /var/folders/xf/tcndk8390ml5xdpfw93qkhpm0000gn/T//cc0WvzGY.s 			page 8


 375:Drivers/STM32F1xx_HAL_Driver/Src/stm32f1xx_ll_usb.c ****   * @retval HAL status
 376:Drivers/STM32F1xx_HAL_Driver/Src/stm32f1xx_ll_usb.c ****   */
 377:Drivers/STM32F1xx_HAL_Driver/Src/stm32f1xx_ll_usb.c **** HAL_StatusTypeDef USB_FlushTxFifo(USB_OTG_GlobalTypeDef *USBx, uint32_t num)
 378:Drivers/STM32F1xx_HAL_Driver/Src/stm32f1xx_ll_usb.c **** {
 379:Drivers/STM32F1xx_HAL_Driver/Src/stm32f1xx_ll_usb.c ****   __IO uint32_t count = 0U;
 380:Drivers/STM32F1xx_HAL_Driver/Src/stm32f1xx_ll_usb.c **** 
 381:Drivers/STM32F1xx_HAL_Driver/Src/stm32f1xx_ll_usb.c ****   /* Wait for AHB master IDLE state. */
 382:Drivers/STM32F1xx_HAL_Driver/Src/stm32f1xx_ll_usb.c ****   do
 383:Drivers/STM32F1xx_HAL_Driver/Src/stm32f1xx_ll_usb.c ****   {
 384:Drivers/STM32F1xx_HAL_Driver/Src/stm32f1xx_ll_usb.c ****     count++;
 385:Drivers/STM32F1xx_HAL_Driver/Src/stm32f1xx_ll_usb.c **** 
 386:Drivers/STM32F1xx_HAL_Driver/Src/stm32f1xx_ll_usb.c ****     if (count > HAL_USB_TIMEOUT)
 387:Drivers/STM32F1xx_HAL_Driver/Src/stm32f1xx_ll_usb.c ****     {
 388:Drivers/STM32F1xx_HAL_Driver/Src/stm32f1xx_ll_usb.c ****       return HAL_TIMEOUT;
 389:Drivers/STM32F1xx_HAL_Driver/Src/stm32f1xx_ll_usb.c ****     }
 390:Drivers/STM32F1xx_HAL_Driver/Src/stm32f1xx_ll_usb.c ****   } while ((USBx->GRSTCTL & USB_OTG_GRSTCTL_AHBIDL) == 0U);
 391:Drivers/STM32F1xx_HAL_Driver/Src/stm32f1xx_ll_usb.c **** 
 392:Drivers/STM32F1xx_HAL_Driver/Src/stm32f1xx_ll_usb.c ****   /* Flush TX Fifo */
 393:Drivers/STM32F1xx_HAL_Driver/Src/stm32f1xx_ll_usb.c ****   count = 0U;
 394:Drivers/STM32F1xx_HAL_Driver/Src/stm32f1xx_ll_usb.c ****   USBx->GRSTCTL = (USB_OTG_GRSTCTL_TXFFLSH | (num << 6));
 395:Drivers/STM32F1xx_HAL_Driver/Src/stm32f1xx_ll_usb.c **** 
 396:Drivers/STM32F1xx_HAL_Driver/Src/stm32f1xx_ll_usb.c ****   do
 397:Drivers/STM32F1xx_HAL_Driver/Src/stm32f1xx_ll_usb.c ****   {
 398:Drivers/STM32F1xx_HAL_Driver/Src/stm32f1xx_ll_usb.c ****     count++;
 399:Drivers/STM32F1xx_HAL_Driver/Src/stm32f1xx_ll_usb.c **** 
 400:Drivers/STM32F1xx_HAL_Driver/Src/stm32f1xx_ll_usb.c ****     if (count > HAL_USB_TIMEOUT)
 401:Drivers/STM32F1xx_HAL_Driver/Src/stm32f1xx_ll_usb.c ****     {
 402:Drivers/STM32F1xx_HAL_Driver/Src/stm32f1xx_ll_usb.c ****       return HAL_TIMEOUT;
 403:Drivers/STM32F1xx_HAL_Driver/Src/stm32f1xx_ll_usb.c ****     }
 404:Drivers/STM32F1xx_HAL_Driver/Src/stm32f1xx_ll_usb.c ****   } while ((USBx->GRSTCTL & USB_OTG_GRSTCTL_TXFFLSH) == USB_OTG_GRSTCTL_TXFFLSH);
 405:Drivers/STM32F1xx_HAL_Driver/Src/stm32f1xx_ll_usb.c **** 
 406:Drivers/STM32F1xx_HAL_Driver/Src/stm32f1xx_ll_usb.c ****   return HAL_OK;
 407:Drivers/STM32F1xx_HAL_Driver/Src/stm32f1xx_ll_usb.c **** }
 408:Drivers/STM32F1xx_HAL_Driver/Src/stm32f1xx_ll_usb.c **** 
 409:Drivers/STM32F1xx_HAL_Driver/Src/stm32f1xx_ll_usb.c **** /**
 410:Drivers/STM32F1xx_HAL_Driver/Src/stm32f1xx_ll_usb.c ****   * @brief  USB_FlushRxFifo  Flush Rx FIFO
 411:Drivers/STM32F1xx_HAL_Driver/Src/stm32f1xx_ll_usb.c ****   * @param  USBx  Selected device
 412:Drivers/STM32F1xx_HAL_Driver/Src/stm32f1xx_ll_usb.c ****   * @retval HAL status
 413:Drivers/STM32F1xx_HAL_Driver/Src/stm32f1xx_ll_usb.c ****   */
 414:Drivers/STM32F1xx_HAL_Driver/Src/stm32f1xx_ll_usb.c **** HAL_StatusTypeDef USB_FlushRxFifo(USB_OTG_GlobalTypeDef *USBx)
 415:Drivers/STM32F1xx_HAL_Driver/Src/stm32f1xx_ll_usb.c **** {
 416:Drivers/STM32F1xx_HAL_Driver/Src/stm32f1xx_ll_usb.c ****   __IO uint32_t count = 0U;
 417:Drivers/STM32F1xx_HAL_Driver/Src/stm32f1xx_ll_usb.c **** 
 418:Drivers/STM32F1xx_HAL_Driver/Src/stm32f1xx_ll_usb.c ****   /* Wait for AHB master IDLE state. */
 419:Drivers/STM32F1xx_HAL_Driver/Src/stm32f1xx_ll_usb.c ****   do
 420:Drivers/STM32F1xx_HAL_Driver/Src/stm32f1xx_ll_usb.c ****   {
 421:Drivers/STM32F1xx_HAL_Driver/Src/stm32f1xx_ll_usb.c ****     count++;
 422:Drivers/STM32F1xx_HAL_Driver/Src/stm32f1xx_ll_usb.c **** 
 423:Drivers/STM32F1xx_HAL_Driver/Src/stm32f1xx_ll_usb.c ****     if (count > HAL_USB_TIMEOUT)
 424:Drivers/STM32F1xx_HAL_Driver/Src/stm32f1xx_ll_usb.c ****     {
 425:Drivers/STM32F1xx_HAL_Driver/Src/stm32f1xx_ll_usb.c ****       return HAL_TIMEOUT;
 426:Drivers/STM32F1xx_HAL_Driver/Src/stm32f1xx_ll_usb.c ****     }
 427:Drivers/STM32F1xx_HAL_Driver/Src/stm32f1xx_ll_usb.c ****   } while ((USBx->GRSTCTL & USB_OTG_GRSTCTL_AHBIDL) == 0U);
 428:Drivers/STM32F1xx_HAL_Driver/Src/stm32f1xx_ll_usb.c **** 
 429:Drivers/STM32F1xx_HAL_Driver/Src/stm32f1xx_ll_usb.c ****   /* Flush RX Fifo */
 430:Drivers/STM32F1xx_HAL_Driver/Src/stm32f1xx_ll_usb.c ****   count = 0U;
 431:Drivers/STM32F1xx_HAL_Driver/Src/stm32f1xx_ll_usb.c ****   USBx->GRSTCTL = USB_OTG_GRSTCTL_RXFFLSH;
ARM GAS  /var/folders/xf/tcndk8390ml5xdpfw93qkhpm0000gn/T//cc0WvzGY.s 			page 9


 432:Drivers/STM32F1xx_HAL_Driver/Src/stm32f1xx_ll_usb.c **** 
 433:Drivers/STM32F1xx_HAL_Driver/Src/stm32f1xx_ll_usb.c ****   do
 434:Drivers/STM32F1xx_HAL_Driver/Src/stm32f1xx_ll_usb.c ****   {
 435:Drivers/STM32F1xx_HAL_Driver/Src/stm32f1xx_ll_usb.c ****     count++;
 436:Drivers/STM32F1xx_HAL_Driver/Src/stm32f1xx_ll_usb.c **** 
 437:Drivers/STM32F1xx_HAL_Driver/Src/stm32f1xx_ll_usb.c ****     if (count > HAL_USB_TIMEOUT)
 438:Drivers/STM32F1xx_HAL_Driver/Src/stm32f1xx_ll_usb.c ****     {
 439:Drivers/STM32F1xx_HAL_Driver/Src/stm32f1xx_ll_usb.c ****       return HAL_TIMEOUT;
 440:Drivers/STM32F1xx_HAL_Driver/Src/stm32f1xx_ll_usb.c ****     }
 441:Drivers/STM32F1xx_HAL_Driver/Src/stm32f1xx_ll_usb.c ****   } while ((USBx->GRSTCTL & USB_OTG_GRSTCTL_RXFFLSH) == USB_OTG_GRSTCTL_RXFFLSH);
 442:Drivers/STM32F1xx_HAL_Driver/Src/stm32f1xx_ll_usb.c **** 
 443:Drivers/STM32F1xx_HAL_Driver/Src/stm32f1xx_ll_usb.c ****   return HAL_OK;
 444:Drivers/STM32F1xx_HAL_Driver/Src/stm32f1xx_ll_usb.c **** }
 445:Drivers/STM32F1xx_HAL_Driver/Src/stm32f1xx_ll_usb.c **** 
 446:Drivers/STM32F1xx_HAL_Driver/Src/stm32f1xx_ll_usb.c **** /**
 447:Drivers/STM32F1xx_HAL_Driver/Src/stm32f1xx_ll_usb.c ****   * @brief  USB_SetDevSpeed  Initializes the DevSpd field of DCFG register
 448:Drivers/STM32F1xx_HAL_Driver/Src/stm32f1xx_ll_usb.c ****   *         depending the PHY type and the enumeration speed of the device.
 449:Drivers/STM32F1xx_HAL_Driver/Src/stm32f1xx_ll_usb.c ****   * @param  USBx  Selected device
 450:Drivers/STM32F1xx_HAL_Driver/Src/stm32f1xx_ll_usb.c ****   * @param  speed  device speed
 451:Drivers/STM32F1xx_HAL_Driver/Src/stm32f1xx_ll_usb.c ****   *          This parameter can be one of these values:
 452:Drivers/STM32F1xx_HAL_Driver/Src/stm32f1xx_ll_usb.c ****   *            @arg USB_OTG_SPEED_FULL: Full speed mode
 453:Drivers/STM32F1xx_HAL_Driver/Src/stm32f1xx_ll_usb.c ****   * @retval  Hal status
 454:Drivers/STM32F1xx_HAL_Driver/Src/stm32f1xx_ll_usb.c ****   */
 455:Drivers/STM32F1xx_HAL_Driver/Src/stm32f1xx_ll_usb.c **** HAL_StatusTypeDef USB_SetDevSpeed(const USB_OTG_GlobalTypeDef *USBx, uint8_t speed)
 456:Drivers/STM32F1xx_HAL_Driver/Src/stm32f1xx_ll_usb.c **** {
 457:Drivers/STM32F1xx_HAL_Driver/Src/stm32f1xx_ll_usb.c ****   uint32_t USBx_BASE = (uint32_t)USBx;
 458:Drivers/STM32F1xx_HAL_Driver/Src/stm32f1xx_ll_usb.c **** 
 459:Drivers/STM32F1xx_HAL_Driver/Src/stm32f1xx_ll_usb.c ****   USBx_DEVICE->DCFG |= speed;
 460:Drivers/STM32F1xx_HAL_Driver/Src/stm32f1xx_ll_usb.c ****   return HAL_OK;
 461:Drivers/STM32F1xx_HAL_Driver/Src/stm32f1xx_ll_usb.c **** }
 462:Drivers/STM32F1xx_HAL_Driver/Src/stm32f1xx_ll_usb.c **** 
 463:Drivers/STM32F1xx_HAL_Driver/Src/stm32f1xx_ll_usb.c **** /**
 464:Drivers/STM32F1xx_HAL_Driver/Src/stm32f1xx_ll_usb.c ****   * @brief  USB_GetDevSpeed  Return the Dev Speed
 465:Drivers/STM32F1xx_HAL_Driver/Src/stm32f1xx_ll_usb.c ****   * @param  USBx  Selected device
 466:Drivers/STM32F1xx_HAL_Driver/Src/stm32f1xx_ll_usb.c ****   * @retval speed  device speed
 467:Drivers/STM32F1xx_HAL_Driver/Src/stm32f1xx_ll_usb.c ****   *          This parameter can be one of these values:
 468:Drivers/STM32F1xx_HAL_Driver/Src/stm32f1xx_ll_usb.c ****   *            @arg USBD_FS_SPEED: Full speed mode
 469:Drivers/STM32F1xx_HAL_Driver/Src/stm32f1xx_ll_usb.c ****   */
 470:Drivers/STM32F1xx_HAL_Driver/Src/stm32f1xx_ll_usb.c **** uint8_t USB_GetDevSpeed(const USB_OTG_GlobalTypeDef *USBx)
 471:Drivers/STM32F1xx_HAL_Driver/Src/stm32f1xx_ll_usb.c **** {
 472:Drivers/STM32F1xx_HAL_Driver/Src/stm32f1xx_ll_usb.c ****   uint32_t USBx_BASE = (uint32_t)USBx;
 473:Drivers/STM32F1xx_HAL_Driver/Src/stm32f1xx_ll_usb.c ****   uint8_t speed;
 474:Drivers/STM32F1xx_HAL_Driver/Src/stm32f1xx_ll_usb.c ****   uint32_t DevEnumSpeed = USBx_DEVICE->DSTS & USB_OTG_DSTS_ENUMSPD;
 475:Drivers/STM32F1xx_HAL_Driver/Src/stm32f1xx_ll_usb.c **** 
 476:Drivers/STM32F1xx_HAL_Driver/Src/stm32f1xx_ll_usb.c ****   if ((DevEnumSpeed == DSTS_ENUMSPD_FS_PHY_30MHZ_OR_60MHZ) ||
 477:Drivers/STM32F1xx_HAL_Driver/Src/stm32f1xx_ll_usb.c ****       (DevEnumSpeed == DSTS_ENUMSPD_FS_PHY_48MHZ))
 478:Drivers/STM32F1xx_HAL_Driver/Src/stm32f1xx_ll_usb.c ****   {
 479:Drivers/STM32F1xx_HAL_Driver/Src/stm32f1xx_ll_usb.c ****     speed = USBD_FS_SPEED;
 480:Drivers/STM32F1xx_HAL_Driver/Src/stm32f1xx_ll_usb.c ****   }
 481:Drivers/STM32F1xx_HAL_Driver/Src/stm32f1xx_ll_usb.c ****   else
 482:Drivers/STM32F1xx_HAL_Driver/Src/stm32f1xx_ll_usb.c ****   {
 483:Drivers/STM32F1xx_HAL_Driver/Src/stm32f1xx_ll_usb.c ****     speed = 0xFU;
 484:Drivers/STM32F1xx_HAL_Driver/Src/stm32f1xx_ll_usb.c ****   }
 485:Drivers/STM32F1xx_HAL_Driver/Src/stm32f1xx_ll_usb.c **** 
 486:Drivers/STM32F1xx_HAL_Driver/Src/stm32f1xx_ll_usb.c ****   return speed;
 487:Drivers/STM32F1xx_HAL_Driver/Src/stm32f1xx_ll_usb.c **** }
 488:Drivers/STM32F1xx_HAL_Driver/Src/stm32f1xx_ll_usb.c **** 
ARM GAS  /var/folders/xf/tcndk8390ml5xdpfw93qkhpm0000gn/T//cc0WvzGY.s 			page 10


 489:Drivers/STM32F1xx_HAL_Driver/Src/stm32f1xx_ll_usb.c **** /**
 490:Drivers/STM32F1xx_HAL_Driver/Src/stm32f1xx_ll_usb.c ****   * @brief  Activate and configure an endpoint
 491:Drivers/STM32F1xx_HAL_Driver/Src/stm32f1xx_ll_usb.c ****   * @param  USBx  Selected device
 492:Drivers/STM32F1xx_HAL_Driver/Src/stm32f1xx_ll_usb.c ****   * @param  ep pointer to endpoint structure
 493:Drivers/STM32F1xx_HAL_Driver/Src/stm32f1xx_ll_usb.c ****   * @retval HAL status
 494:Drivers/STM32F1xx_HAL_Driver/Src/stm32f1xx_ll_usb.c ****   */
 495:Drivers/STM32F1xx_HAL_Driver/Src/stm32f1xx_ll_usb.c **** HAL_StatusTypeDef USB_ActivateEndpoint(const USB_OTG_GlobalTypeDef *USBx, const USB_OTG_EPTypeDef *
 496:Drivers/STM32F1xx_HAL_Driver/Src/stm32f1xx_ll_usb.c **** {
 497:Drivers/STM32F1xx_HAL_Driver/Src/stm32f1xx_ll_usb.c ****   uint32_t USBx_BASE = (uint32_t)USBx;
 498:Drivers/STM32F1xx_HAL_Driver/Src/stm32f1xx_ll_usb.c ****   uint32_t epnum = (uint32_t)ep->num;
 499:Drivers/STM32F1xx_HAL_Driver/Src/stm32f1xx_ll_usb.c **** 
 500:Drivers/STM32F1xx_HAL_Driver/Src/stm32f1xx_ll_usb.c ****   if (ep->is_in == 1U)
 501:Drivers/STM32F1xx_HAL_Driver/Src/stm32f1xx_ll_usb.c ****   {
 502:Drivers/STM32F1xx_HAL_Driver/Src/stm32f1xx_ll_usb.c ****     USBx_DEVICE->DAINTMSK |= USB_OTG_DAINTMSK_IEPM & (uint32_t)(1UL << (ep->num & EP_ADDR_MSK));
 503:Drivers/STM32F1xx_HAL_Driver/Src/stm32f1xx_ll_usb.c **** 
 504:Drivers/STM32F1xx_HAL_Driver/Src/stm32f1xx_ll_usb.c ****     if ((USBx_INEP(epnum)->DIEPCTL & USB_OTG_DIEPCTL_USBAEP) == 0U)
 505:Drivers/STM32F1xx_HAL_Driver/Src/stm32f1xx_ll_usb.c ****     {
 506:Drivers/STM32F1xx_HAL_Driver/Src/stm32f1xx_ll_usb.c ****       USBx_INEP(epnum)->DIEPCTL |= (ep->maxpacket & USB_OTG_DIEPCTL_MPSIZ) |
 507:Drivers/STM32F1xx_HAL_Driver/Src/stm32f1xx_ll_usb.c ****                                    ((uint32_t)ep->type << 18) | (epnum << 22) |
 508:Drivers/STM32F1xx_HAL_Driver/Src/stm32f1xx_ll_usb.c ****                                    USB_OTG_DIEPCTL_SD0PID_SEVNFRM |
 509:Drivers/STM32F1xx_HAL_Driver/Src/stm32f1xx_ll_usb.c ****                                    USB_OTG_DIEPCTL_USBAEP;
 510:Drivers/STM32F1xx_HAL_Driver/Src/stm32f1xx_ll_usb.c ****     }
 511:Drivers/STM32F1xx_HAL_Driver/Src/stm32f1xx_ll_usb.c ****   }
 512:Drivers/STM32F1xx_HAL_Driver/Src/stm32f1xx_ll_usb.c ****   else
 513:Drivers/STM32F1xx_HAL_Driver/Src/stm32f1xx_ll_usb.c ****   {
 514:Drivers/STM32F1xx_HAL_Driver/Src/stm32f1xx_ll_usb.c ****     USBx_DEVICE->DAINTMSK |= USB_OTG_DAINTMSK_OEPM & ((uint32_t)(1UL << (ep->num & EP_ADDR_MSK)) <<
 515:Drivers/STM32F1xx_HAL_Driver/Src/stm32f1xx_ll_usb.c **** 
 516:Drivers/STM32F1xx_HAL_Driver/Src/stm32f1xx_ll_usb.c ****     if (((USBx_OUTEP(epnum)->DOEPCTL) & USB_OTG_DOEPCTL_USBAEP) == 0U)
 517:Drivers/STM32F1xx_HAL_Driver/Src/stm32f1xx_ll_usb.c ****     {
 518:Drivers/STM32F1xx_HAL_Driver/Src/stm32f1xx_ll_usb.c ****       USBx_OUTEP(epnum)->DOEPCTL |= (ep->maxpacket & USB_OTG_DOEPCTL_MPSIZ) |
 519:Drivers/STM32F1xx_HAL_Driver/Src/stm32f1xx_ll_usb.c ****                                     ((uint32_t)ep->type << 18) |
 520:Drivers/STM32F1xx_HAL_Driver/Src/stm32f1xx_ll_usb.c ****                                     USB_OTG_DIEPCTL_SD0PID_SEVNFRM |
 521:Drivers/STM32F1xx_HAL_Driver/Src/stm32f1xx_ll_usb.c ****                                     USB_OTG_DOEPCTL_USBAEP;
 522:Drivers/STM32F1xx_HAL_Driver/Src/stm32f1xx_ll_usb.c ****     }
 523:Drivers/STM32F1xx_HAL_Driver/Src/stm32f1xx_ll_usb.c ****   }
 524:Drivers/STM32F1xx_HAL_Driver/Src/stm32f1xx_ll_usb.c ****   return HAL_OK;
 525:Drivers/STM32F1xx_HAL_Driver/Src/stm32f1xx_ll_usb.c **** }
 526:Drivers/STM32F1xx_HAL_Driver/Src/stm32f1xx_ll_usb.c **** 
 527:Drivers/STM32F1xx_HAL_Driver/Src/stm32f1xx_ll_usb.c **** /**
 528:Drivers/STM32F1xx_HAL_Driver/Src/stm32f1xx_ll_usb.c ****   * @brief  Activate and configure a dedicated endpoint
 529:Drivers/STM32F1xx_HAL_Driver/Src/stm32f1xx_ll_usb.c ****   * @param  USBx  Selected device
 530:Drivers/STM32F1xx_HAL_Driver/Src/stm32f1xx_ll_usb.c ****   * @param  ep pointer to endpoint structure
 531:Drivers/STM32F1xx_HAL_Driver/Src/stm32f1xx_ll_usb.c ****   * @retval HAL status
 532:Drivers/STM32F1xx_HAL_Driver/Src/stm32f1xx_ll_usb.c ****   */
 533:Drivers/STM32F1xx_HAL_Driver/Src/stm32f1xx_ll_usb.c **** HAL_StatusTypeDef USB_ActivateDedicatedEndpoint(const USB_OTG_GlobalTypeDef *USBx, const USB_OTG_EP
 534:Drivers/STM32F1xx_HAL_Driver/Src/stm32f1xx_ll_usb.c **** {
 535:Drivers/STM32F1xx_HAL_Driver/Src/stm32f1xx_ll_usb.c ****   uint32_t USBx_BASE = (uint32_t)USBx;
 536:Drivers/STM32F1xx_HAL_Driver/Src/stm32f1xx_ll_usb.c ****   uint32_t epnum = (uint32_t)ep->num;
 537:Drivers/STM32F1xx_HAL_Driver/Src/stm32f1xx_ll_usb.c **** 
 538:Drivers/STM32F1xx_HAL_Driver/Src/stm32f1xx_ll_usb.c ****   /* Read DEPCTLn register */
 539:Drivers/STM32F1xx_HAL_Driver/Src/stm32f1xx_ll_usb.c ****   if (ep->is_in == 1U)
 540:Drivers/STM32F1xx_HAL_Driver/Src/stm32f1xx_ll_usb.c ****   {
 541:Drivers/STM32F1xx_HAL_Driver/Src/stm32f1xx_ll_usb.c ****     if (((USBx_INEP(epnum)->DIEPCTL) & USB_OTG_DIEPCTL_USBAEP) == 0U)
 542:Drivers/STM32F1xx_HAL_Driver/Src/stm32f1xx_ll_usb.c ****     {
 543:Drivers/STM32F1xx_HAL_Driver/Src/stm32f1xx_ll_usb.c ****       USBx_INEP(epnum)->DIEPCTL |= (ep->maxpacket & USB_OTG_DIEPCTL_MPSIZ) |
 544:Drivers/STM32F1xx_HAL_Driver/Src/stm32f1xx_ll_usb.c ****                                    ((uint32_t)ep->type << 18) | (epnum << 22) |
 545:Drivers/STM32F1xx_HAL_Driver/Src/stm32f1xx_ll_usb.c ****                                    USB_OTG_DIEPCTL_SD0PID_SEVNFRM |
ARM GAS  /var/folders/xf/tcndk8390ml5xdpfw93qkhpm0000gn/T//cc0WvzGY.s 			page 11


 546:Drivers/STM32F1xx_HAL_Driver/Src/stm32f1xx_ll_usb.c ****                                    USB_OTG_DIEPCTL_USBAEP;
 547:Drivers/STM32F1xx_HAL_Driver/Src/stm32f1xx_ll_usb.c ****     }
 548:Drivers/STM32F1xx_HAL_Driver/Src/stm32f1xx_ll_usb.c **** 
 549:Drivers/STM32F1xx_HAL_Driver/Src/stm32f1xx_ll_usb.c ****     USBx_DEVICE->DEACHMSK |= USB_OTG_DAINTMSK_IEPM & (uint32_t)(1UL << (ep->num & EP_ADDR_MSK));
 550:Drivers/STM32F1xx_HAL_Driver/Src/stm32f1xx_ll_usb.c ****   }
 551:Drivers/STM32F1xx_HAL_Driver/Src/stm32f1xx_ll_usb.c ****   else
 552:Drivers/STM32F1xx_HAL_Driver/Src/stm32f1xx_ll_usb.c ****   {
 553:Drivers/STM32F1xx_HAL_Driver/Src/stm32f1xx_ll_usb.c ****     if (((USBx_OUTEP(epnum)->DOEPCTL) & USB_OTG_DOEPCTL_USBAEP) == 0U)
 554:Drivers/STM32F1xx_HAL_Driver/Src/stm32f1xx_ll_usb.c ****     {
 555:Drivers/STM32F1xx_HAL_Driver/Src/stm32f1xx_ll_usb.c ****       USBx_OUTEP(epnum)->DOEPCTL |= (ep->maxpacket & USB_OTG_DOEPCTL_MPSIZ) |
 556:Drivers/STM32F1xx_HAL_Driver/Src/stm32f1xx_ll_usb.c ****                                     ((uint32_t)ep->type << 18) | (epnum << 22) |
 557:Drivers/STM32F1xx_HAL_Driver/Src/stm32f1xx_ll_usb.c ****                                     USB_OTG_DOEPCTL_USBAEP;
 558:Drivers/STM32F1xx_HAL_Driver/Src/stm32f1xx_ll_usb.c ****     }
 559:Drivers/STM32F1xx_HAL_Driver/Src/stm32f1xx_ll_usb.c **** 
 560:Drivers/STM32F1xx_HAL_Driver/Src/stm32f1xx_ll_usb.c ****     USBx_DEVICE->DEACHMSK |= USB_OTG_DAINTMSK_OEPM & ((uint32_t)(1UL << (ep->num & EP_ADDR_MSK)) <<
 561:Drivers/STM32F1xx_HAL_Driver/Src/stm32f1xx_ll_usb.c ****   }
 562:Drivers/STM32F1xx_HAL_Driver/Src/stm32f1xx_ll_usb.c **** 
 563:Drivers/STM32F1xx_HAL_Driver/Src/stm32f1xx_ll_usb.c ****   return HAL_OK;
 564:Drivers/STM32F1xx_HAL_Driver/Src/stm32f1xx_ll_usb.c **** }
 565:Drivers/STM32F1xx_HAL_Driver/Src/stm32f1xx_ll_usb.c **** 
 566:Drivers/STM32F1xx_HAL_Driver/Src/stm32f1xx_ll_usb.c **** /**
 567:Drivers/STM32F1xx_HAL_Driver/Src/stm32f1xx_ll_usb.c ****   * @brief  De-activate and de-initialize an endpoint
 568:Drivers/STM32F1xx_HAL_Driver/Src/stm32f1xx_ll_usb.c ****   * @param  USBx  Selected device
 569:Drivers/STM32F1xx_HAL_Driver/Src/stm32f1xx_ll_usb.c ****   * @param  ep pointer to endpoint structure
 570:Drivers/STM32F1xx_HAL_Driver/Src/stm32f1xx_ll_usb.c ****   * @retval HAL status
 571:Drivers/STM32F1xx_HAL_Driver/Src/stm32f1xx_ll_usb.c ****   */
 572:Drivers/STM32F1xx_HAL_Driver/Src/stm32f1xx_ll_usb.c **** HAL_StatusTypeDef USB_DeactivateEndpoint(const USB_OTG_GlobalTypeDef *USBx, const USB_OTG_EPTypeDef
 573:Drivers/STM32F1xx_HAL_Driver/Src/stm32f1xx_ll_usb.c **** {
 574:Drivers/STM32F1xx_HAL_Driver/Src/stm32f1xx_ll_usb.c ****   uint32_t USBx_BASE = (uint32_t)USBx;
 575:Drivers/STM32F1xx_HAL_Driver/Src/stm32f1xx_ll_usb.c ****   uint32_t epnum = (uint32_t)ep->num;
 576:Drivers/STM32F1xx_HAL_Driver/Src/stm32f1xx_ll_usb.c **** 
 577:Drivers/STM32F1xx_HAL_Driver/Src/stm32f1xx_ll_usb.c ****   /* Read DEPCTLn register */
 578:Drivers/STM32F1xx_HAL_Driver/Src/stm32f1xx_ll_usb.c ****   if (ep->is_in == 1U)
 579:Drivers/STM32F1xx_HAL_Driver/Src/stm32f1xx_ll_usb.c ****   {
 580:Drivers/STM32F1xx_HAL_Driver/Src/stm32f1xx_ll_usb.c ****     if ((USBx_INEP(epnum)->DIEPCTL & USB_OTG_DIEPCTL_EPENA) == USB_OTG_DIEPCTL_EPENA)
 581:Drivers/STM32F1xx_HAL_Driver/Src/stm32f1xx_ll_usb.c ****     {
 582:Drivers/STM32F1xx_HAL_Driver/Src/stm32f1xx_ll_usb.c ****       USBx_INEP(epnum)->DIEPCTL |= USB_OTG_DIEPCTL_SNAK;
 583:Drivers/STM32F1xx_HAL_Driver/Src/stm32f1xx_ll_usb.c ****       USBx_INEP(epnum)->DIEPCTL |= USB_OTG_DIEPCTL_EPDIS;
 584:Drivers/STM32F1xx_HAL_Driver/Src/stm32f1xx_ll_usb.c ****     }
 585:Drivers/STM32F1xx_HAL_Driver/Src/stm32f1xx_ll_usb.c **** 
 586:Drivers/STM32F1xx_HAL_Driver/Src/stm32f1xx_ll_usb.c ****     USBx_DEVICE->DEACHMSK &= ~(USB_OTG_DAINTMSK_IEPM & (uint32_t)(1UL << (ep->num & EP_ADDR_MSK)));
 587:Drivers/STM32F1xx_HAL_Driver/Src/stm32f1xx_ll_usb.c ****     USBx_DEVICE->DAINTMSK &= ~(USB_OTG_DAINTMSK_IEPM & (uint32_t)(1UL << (ep->num & EP_ADDR_MSK)));
 588:Drivers/STM32F1xx_HAL_Driver/Src/stm32f1xx_ll_usb.c ****     USBx_INEP(epnum)->DIEPCTL &= ~(USB_OTG_DIEPCTL_USBAEP |
 589:Drivers/STM32F1xx_HAL_Driver/Src/stm32f1xx_ll_usb.c ****                                    USB_OTG_DIEPCTL_MPSIZ |
 590:Drivers/STM32F1xx_HAL_Driver/Src/stm32f1xx_ll_usb.c ****                                    USB_OTG_DIEPCTL_TXFNUM |
 591:Drivers/STM32F1xx_HAL_Driver/Src/stm32f1xx_ll_usb.c ****                                    USB_OTG_DIEPCTL_SD0PID_SEVNFRM |
 592:Drivers/STM32F1xx_HAL_Driver/Src/stm32f1xx_ll_usb.c ****                                    USB_OTG_DIEPCTL_EPTYP);
 593:Drivers/STM32F1xx_HAL_Driver/Src/stm32f1xx_ll_usb.c ****   }
 594:Drivers/STM32F1xx_HAL_Driver/Src/stm32f1xx_ll_usb.c ****   else
 595:Drivers/STM32F1xx_HAL_Driver/Src/stm32f1xx_ll_usb.c ****   {
 596:Drivers/STM32F1xx_HAL_Driver/Src/stm32f1xx_ll_usb.c ****     if ((USBx_OUTEP(epnum)->DOEPCTL & USB_OTG_DOEPCTL_EPENA) == USB_OTG_DOEPCTL_EPENA)
 597:Drivers/STM32F1xx_HAL_Driver/Src/stm32f1xx_ll_usb.c ****     {
 598:Drivers/STM32F1xx_HAL_Driver/Src/stm32f1xx_ll_usb.c ****       USBx_OUTEP(epnum)->DOEPCTL |= USB_OTG_DOEPCTL_SNAK;
 599:Drivers/STM32F1xx_HAL_Driver/Src/stm32f1xx_ll_usb.c ****       USBx_OUTEP(epnum)->DOEPCTL |= USB_OTG_DOEPCTL_EPDIS;
 600:Drivers/STM32F1xx_HAL_Driver/Src/stm32f1xx_ll_usb.c ****     }
 601:Drivers/STM32F1xx_HAL_Driver/Src/stm32f1xx_ll_usb.c **** 
 602:Drivers/STM32F1xx_HAL_Driver/Src/stm32f1xx_ll_usb.c ****     USBx_DEVICE->DEACHMSK &= ~(USB_OTG_DAINTMSK_OEPM & ((uint32_t)(1UL << (ep->num & EP_ADDR_MSK)) 
ARM GAS  /var/folders/xf/tcndk8390ml5xdpfw93qkhpm0000gn/T//cc0WvzGY.s 			page 12


 603:Drivers/STM32F1xx_HAL_Driver/Src/stm32f1xx_ll_usb.c ****     USBx_DEVICE->DAINTMSK &= ~(USB_OTG_DAINTMSK_OEPM & ((uint32_t)(1UL << (ep->num & EP_ADDR_MSK)) 
 604:Drivers/STM32F1xx_HAL_Driver/Src/stm32f1xx_ll_usb.c ****     USBx_OUTEP(epnum)->DOEPCTL &= ~(USB_OTG_DOEPCTL_USBAEP |
 605:Drivers/STM32F1xx_HAL_Driver/Src/stm32f1xx_ll_usb.c ****                                     USB_OTG_DOEPCTL_MPSIZ |
 606:Drivers/STM32F1xx_HAL_Driver/Src/stm32f1xx_ll_usb.c ****                                     USB_OTG_DOEPCTL_SD0PID_SEVNFRM |
 607:Drivers/STM32F1xx_HAL_Driver/Src/stm32f1xx_ll_usb.c ****                                     USB_OTG_DOEPCTL_EPTYP);
 608:Drivers/STM32F1xx_HAL_Driver/Src/stm32f1xx_ll_usb.c ****   }
 609:Drivers/STM32F1xx_HAL_Driver/Src/stm32f1xx_ll_usb.c **** 
 610:Drivers/STM32F1xx_HAL_Driver/Src/stm32f1xx_ll_usb.c ****   return HAL_OK;
 611:Drivers/STM32F1xx_HAL_Driver/Src/stm32f1xx_ll_usb.c **** }
 612:Drivers/STM32F1xx_HAL_Driver/Src/stm32f1xx_ll_usb.c **** 
 613:Drivers/STM32F1xx_HAL_Driver/Src/stm32f1xx_ll_usb.c **** /**
 614:Drivers/STM32F1xx_HAL_Driver/Src/stm32f1xx_ll_usb.c ****   * @brief  De-activate and de-initialize a dedicated endpoint
 615:Drivers/STM32F1xx_HAL_Driver/Src/stm32f1xx_ll_usb.c ****   * @param  USBx  Selected device
 616:Drivers/STM32F1xx_HAL_Driver/Src/stm32f1xx_ll_usb.c ****   * @param  ep pointer to endpoint structure
 617:Drivers/STM32F1xx_HAL_Driver/Src/stm32f1xx_ll_usb.c ****   * @retval HAL status
 618:Drivers/STM32F1xx_HAL_Driver/Src/stm32f1xx_ll_usb.c ****   */
 619:Drivers/STM32F1xx_HAL_Driver/Src/stm32f1xx_ll_usb.c **** HAL_StatusTypeDef USB_DeactivateDedicatedEndpoint(const USB_OTG_GlobalTypeDef *USBx, const USB_OTG_
 620:Drivers/STM32F1xx_HAL_Driver/Src/stm32f1xx_ll_usb.c **** {
 621:Drivers/STM32F1xx_HAL_Driver/Src/stm32f1xx_ll_usb.c ****   uint32_t USBx_BASE = (uint32_t)USBx;
 622:Drivers/STM32F1xx_HAL_Driver/Src/stm32f1xx_ll_usb.c ****   uint32_t epnum = (uint32_t)ep->num;
 623:Drivers/STM32F1xx_HAL_Driver/Src/stm32f1xx_ll_usb.c **** 
 624:Drivers/STM32F1xx_HAL_Driver/Src/stm32f1xx_ll_usb.c ****   /* Read DEPCTLn register */
 625:Drivers/STM32F1xx_HAL_Driver/Src/stm32f1xx_ll_usb.c ****   if (ep->is_in == 1U)
 626:Drivers/STM32F1xx_HAL_Driver/Src/stm32f1xx_ll_usb.c ****   {
 627:Drivers/STM32F1xx_HAL_Driver/Src/stm32f1xx_ll_usb.c ****     if ((USBx_INEP(epnum)->DIEPCTL & USB_OTG_DIEPCTL_EPENA) == USB_OTG_DIEPCTL_EPENA)
 628:Drivers/STM32F1xx_HAL_Driver/Src/stm32f1xx_ll_usb.c ****     {
 629:Drivers/STM32F1xx_HAL_Driver/Src/stm32f1xx_ll_usb.c ****       USBx_INEP(epnum)->DIEPCTL  |= USB_OTG_DIEPCTL_SNAK;
 630:Drivers/STM32F1xx_HAL_Driver/Src/stm32f1xx_ll_usb.c ****       USBx_INEP(epnum)->DIEPCTL  |= USB_OTG_DIEPCTL_EPDIS;
 631:Drivers/STM32F1xx_HAL_Driver/Src/stm32f1xx_ll_usb.c ****     }
 632:Drivers/STM32F1xx_HAL_Driver/Src/stm32f1xx_ll_usb.c **** 
 633:Drivers/STM32F1xx_HAL_Driver/Src/stm32f1xx_ll_usb.c ****     USBx_INEP(epnum)->DIEPCTL &= ~ USB_OTG_DIEPCTL_USBAEP;
 634:Drivers/STM32F1xx_HAL_Driver/Src/stm32f1xx_ll_usb.c ****     USBx_DEVICE->DAINTMSK &= ~(USB_OTG_DAINTMSK_IEPM & (uint32_t)(1UL << (ep->num & EP_ADDR_MSK)));
 635:Drivers/STM32F1xx_HAL_Driver/Src/stm32f1xx_ll_usb.c ****   }
 636:Drivers/STM32F1xx_HAL_Driver/Src/stm32f1xx_ll_usb.c ****   else
 637:Drivers/STM32F1xx_HAL_Driver/Src/stm32f1xx_ll_usb.c ****   {
 638:Drivers/STM32F1xx_HAL_Driver/Src/stm32f1xx_ll_usb.c ****     if ((USBx_OUTEP(epnum)->DOEPCTL & USB_OTG_DOEPCTL_EPENA) == USB_OTG_DOEPCTL_EPENA)
 639:Drivers/STM32F1xx_HAL_Driver/Src/stm32f1xx_ll_usb.c ****     {
 640:Drivers/STM32F1xx_HAL_Driver/Src/stm32f1xx_ll_usb.c ****       USBx_OUTEP(epnum)->DOEPCTL  |= USB_OTG_DOEPCTL_SNAK;
 641:Drivers/STM32F1xx_HAL_Driver/Src/stm32f1xx_ll_usb.c ****       USBx_OUTEP(epnum)->DOEPCTL  |= USB_OTG_DOEPCTL_EPDIS;
 642:Drivers/STM32F1xx_HAL_Driver/Src/stm32f1xx_ll_usb.c ****     }
 643:Drivers/STM32F1xx_HAL_Driver/Src/stm32f1xx_ll_usb.c **** 
 644:Drivers/STM32F1xx_HAL_Driver/Src/stm32f1xx_ll_usb.c ****     USBx_OUTEP(epnum)->DOEPCTL &= ~USB_OTG_DOEPCTL_USBAEP;
 645:Drivers/STM32F1xx_HAL_Driver/Src/stm32f1xx_ll_usb.c ****     USBx_DEVICE->DAINTMSK &= ~(USB_OTG_DAINTMSK_OEPM & ((uint32_t)(1UL << (ep->num & EP_ADDR_MSK)) 
 646:Drivers/STM32F1xx_HAL_Driver/Src/stm32f1xx_ll_usb.c ****   }
 647:Drivers/STM32F1xx_HAL_Driver/Src/stm32f1xx_ll_usb.c **** 
 648:Drivers/STM32F1xx_HAL_Driver/Src/stm32f1xx_ll_usb.c ****   return HAL_OK;
 649:Drivers/STM32F1xx_HAL_Driver/Src/stm32f1xx_ll_usb.c **** }
 650:Drivers/STM32F1xx_HAL_Driver/Src/stm32f1xx_ll_usb.c **** 
 651:Drivers/STM32F1xx_HAL_Driver/Src/stm32f1xx_ll_usb.c **** /**
 652:Drivers/STM32F1xx_HAL_Driver/Src/stm32f1xx_ll_usb.c ****   * @brief  USB_EPStartXfer : setup and starts a transfer over an EP
 653:Drivers/STM32F1xx_HAL_Driver/Src/stm32f1xx_ll_usb.c ****   * @param  USBx  Selected device
 654:Drivers/STM32F1xx_HAL_Driver/Src/stm32f1xx_ll_usb.c ****   * @param  ep pointer to endpoint structure
 655:Drivers/STM32F1xx_HAL_Driver/Src/stm32f1xx_ll_usb.c ****   * @retval HAL status
 656:Drivers/STM32F1xx_HAL_Driver/Src/stm32f1xx_ll_usb.c ****   */
 657:Drivers/STM32F1xx_HAL_Driver/Src/stm32f1xx_ll_usb.c **** HAL_StatusTypeDef USB_EPStartXfer(USB_OTG_GlobalTypeDef *USBx, USB_OTG_EPTypeDef *ep)
 658:Drivers/STM32F1xx_HAL_Driver/Src/stm32f1xx_ll_usb.c **** {
 659:Drivers/STM32F1xx_HAL_Driver/Src/stm32f1xx_ll_usb.c ****   uint32_t USBx_BASE = (uint32_t)USBx;
ARM GAS  /var/folders/xf/tcndk8390ml5xdpfw93qkhpm0000gn/T//cc0WvzGY.s 			page 13


 660:Drivers/STM32F1xx_HAL_Driver/Src/stm32f1xx_ll_usb.c ****   uint32_t epnum = (uint32_t)ep->num;
 661:Drivers/STM32F1xx_HAL_Driver/Src/stm32f1xx_ll_usb.c ****   uint16_t pktcnt;
 662:Drivers/STM32F1xx_HAL_Driver/Src/stm32f1xx_ll_usb.c **** 
 663:Drivers/STM32F1xx_HAL_Driver/Src/stm32f1xx_ll_usb.c ****   /* IN endpoint */
 664:Drivers/STM32F1xx_HAL_Driver/Src/stm32f1xx_ll_usb.c ****   if (ep->is_in == 1U)
 665:Drivers/STM32F1xx_HAL_Driver/Src/stm32f1xx_ll_usb.c ****   {
 666:Drivers/STM32F1xx_HAL_Driver/Src/stm32f1xx_ll_usb.c ****     /* Zero Length Packet? */
 667:Drivers/STM32F1xx_HAL_Driver/Src/stm32f1xx_ll_usb.c ****     if (ep->xfer_len == 0U)
 668:Drivers/STM32F1xx_HAL_Driver/Src/stm32f1xx_ll_usb.c ****     {
 669:Drivers/STM32F1xx_HAL_Driver/Src/stm32f1xx_ll_usb.c ****       USBx_INEP(epnum)->DIEPTSIZ &= ~(USB_OTG_DIEPTSIZ_PKTCNT);
 670:Drivers/STM32F1xx_HAL_Driver/Src/stm32f1xx_ll_usb.c ****       USBx_INEP(epnum)->DIEPTSIZ |= (USB_OTG_DIEPTSIZ_PKTCNT & (1U << 19));
 671:Drivers/STM32F1xx_HAL_Driver/Src/stm32f1xx_ll_usb.c ****       USBx_INEP(epnum)->DIEPTSIZ &= ~(USB_OTG_DIEPTSIZ_XFRSIZ);
 672:Drivers/STM32F1xx_HAL_Driver/Src/stm32f1xx_ll_usb.c ****     }
 673:Drivers/STM32F1xx_HAL_Driver/Src/stm32f1xx_ll_usb.c ****     else
 674:Drivers/STM32F1xx_HAL_Driver/Src/stm32f1xx_ll_usb.c ****     {
 675:Drivers/STM32F1xx_HAL_Driver/Src/stm32f1xx_ll_usb.c ****       /* Program the transfer size and packet count
 676:Drivers/STM32F1xx_HAL_Driver/Src/stm32f1xx_ll_usb.c ****       * as follows: xfersize = N * maxpacket +
 677:Drivers/STM32F1xx_HAL_Driver/Src/stm32f1xx_ll_usb.c ****       * short_packet pktcnt = N + (short_packet
 678:Drivers/STM32F1xx_HAL_Driver/Src/stm32f1xx_ll_usb.c ****       * exist ? 1 : 0)
 679:Drivers/STM32F1xx_HAL_Driver/Src/stm32f1xx_ll_usb.c ****       */
 680:Drivers/STM32F1xx_HAL_Driver/Src/stm32f1xx_ll_usb.c ****       USBx_INEP(epnum)->DIEPTSIZ &= ~(USB_OTG_DIEPTSIZ_XFRSIZ);
 681:Drivers/STM32F1xx_HAL_Driver/Src/stm32f1xx_ll_usb.c ****       USBx_INEP(epnum)->DIEPTSIZ &= ~(USB_OTG_DIEPTSIZ_PKTCNT);
 682:Drivers/STM32F1xx_HAL_Driver/Src/stm32f1xx_ll_usb.c **** 
 683:Drivers/STM32F1xx_HAL_Driver/Src/stm32f1xx_ll_usb.c ****       if (epnum == 0U)
 684:Drivers/STM32F1xx_HAL_Driver/Src/stm32f1xx_ll_usb.c ****       {
 685:Drivers/STM32F1xx_HAL_Driver/Src/stm32f1xx_ll_usb.c ****         if (ep->xfer_len > ep->maxpacket)
 686:Drivers/STM32F1xx_HAL_Driver/Src/stm32f1xx_ll_usb.c ****         {
 687:Drivers/STM32F1xx_HAL_Driver/Src/stm32f1xx_ll_usb.c ****           ep->xfer_len = ep->maxpacket;
 688:Drivers/STM32F1xx_HAL_Driver/Src/stm32f1xx_ll_usb.c ****         }
 689:Drivers/STM32F1xx_HAL_Driver/Src/stm32f1xx_ll_usb.c **** 
 690:Drivers/STM32F1xx_HAL_Driver/Src/stm32f1xx_ll_usb.c ****         USBx_INEP(epnum)->DIEPTSIZ |= (USB_OTG_DIEPTSIZ_PKTCNT & (1U << 19));
 691:Drivers/STM32F1xx_HAL_Driver/Src/stm32f1xx_ll_usb.c ****       }
 692:Drivers/STM32F1xx_HAL_Driver/Src/stm32f1xx_ll_usb.c ****       else
 693:Drivers/STM32F1xx_HAL_Driver/Src/stm32f1xx_ll_usb.c ****       {
 694:Drivers/STM32F1xx_HAL_Driver/Src/stm32f1xx_ll_usb.c ****         USBx_INEP(epnum)->DIEPTSIZ |= (USB_OTG_DIEPTSIZ_PKTCNT &
 695:Drivers/STM32F1xx_HAL_Driver/Src/stm32f1xx_ll_usb.c ****                                        (((ep->xfer_len + ep->maxpacket - 1U) / ep->maxpacket) << 19
 696:Drivers/STM32F1xx_HAL_Driver/Src/stm32f1xx_ll_usb.c ****       }
 697:Drivers/STM32F1xx_HAL_Driver/Src/stm32f1xx_ll_usb.c **** 
 698:Drivers/STM32F1xx_HAL_Driver/Src/stm32f1xx_ll_usb.c ****       USBx_INEP(epnum)->DIEPTSIZ |= (USB_OTG_DIEPTSIZ_XFRSIZ & ep->xfer_len);
 699:Drivers/STM32F1xx_HAL_Driver/Src/stm32f1xx_ll_usb.c **** 
 700:Drivers/STM32F1xx_HAL_Driver/Src/stm32f1xx_ll_usb.c ****       if (ep->type == EP_TYPE_ISOC)
 701:Drivers/STM32F1xx_HAL_Driver/Src/stm32f1xx_ll_usb.c ****       {
 702:Drivers/STM32F1xx_HAL_Driver/Src/stm32f1xx_ll_usb.c ****         USBx_INEP(epnum)->DIEPTSIZ &= ~(USB_OTG_DIEPTSIZ_MULCNT);
 703:Drivers/STM32F1xx_HAL_Driver/Src/stm32f1xx_ll_usb.c ****         USBx_INEP(epnum)->DIEPTSIZ |= (USB_OTG_DIEPTSIZ_MULCNT & (1U << 29));
 704:Drivers/STM32F1xx_HAL_Driver/Src/stm32f1xx_ll_usb.c ****       }
 705:Drivers/STM32F1xx_HAL_Driver/Src/stm32f1xx_ll_usb.c ****     }
 706:Drivers/STM32F1xx_HAL_Driver/Src/stm32f1xx_ll_usb.c ****     /* EP enable, IN data in FIFO */
 707:Drivers/STM32F1xx_HAL_Driver/Src/stm32f1xx_ll_usb.c ****     USBx_INEP(epnum)->DIEPCTL |= (USB_OTG_DIEPCTL_CNAK | USB_OTG_DIEPCTL_EPENA);
 708:Drivers/STM32F1xx_HAL_Driver/Src/stm32f1xx_ll_usb.c **** 
 709:Drivers/STM32F1xx_HAL_Driver/Src/stm32f1xx_ll_usb.c ****     if (ep->type != EP_TYPE_ISOC)
 710:Drivers/STM32F1xx_HAL_Driver/Src/stm32f1xx_ll_usb.c ****     {
 711:Drivers/STM32F1xx_HAL_Driver/Src/stm32f1xx_ll_usb.c ****       /* Enable the Tx FIFO Empty Interrupt for this EP */
 712:Drivers/STM32F1xx_HAL_Driver/Src/stm32f1xx_ll_usb.c ****       if (ep->xfer_len > 0U)
 713:Drivers/STM32F1xx_HAL_Driver/Src/stm32f1xx_ll_usb.c ****       {
 714:Drivers/STM32F1xx_HAL_Driver/Src/stm32f1xx_ll_usb.c ****         USBx_DEVICE->DIEPEMPMSK |= 1UL << (ep->num & EP_ADDR_MSK);
 715:Drivers/STM32F1xx_HAL_Driver/Src/stm32f1xx_ll_usb.c ****       }
 716:Drivers/STM32F1xx_HAL_Driver/Src/stm32f1xx_ll_usb.c ****     }
ARM GAS  /var/folders/xf/tcndk8390ml5xdpfw93qkhpm0000gn/T//cc0WvzGY.s 			page 14


 717:Drivers/STM32F1xx_HAL_Driver/Src/stm32f1xx_ll_usb.c ****     else
 718:Drivers/STM32F1xx_HAL_Driver/Src/stm32f1xx_ll_usb.c ****     {
 719:Drivers/STM32F1xx_HAL_Driver/Src/stm32f1xx_ll_usb.c ****       if ((USBx_DEVICE->DSTS & (1U << 8)) == 0U)
 720:Drivers/STM32F1xx_HAL_Driver/Src/stm32f1xx_ll_usb.c ****       {
 721:Drivers/STM32F1xx_HAL_Driver/Src/stm32f1xx_ll_usb.c ****         USBx_INEP(epnum)->DIEPCTL |= USB_OTG_DIEPCTL_SODDFRM;
 722:Drivers/STM32F1xx_HAL_Driver/Src/stm32f1xx_ll_usb.c ****       }
 723:Drivers/STM32F1xx_HAL_Driver/Src/stm32f1xx_ll_usb.c ****       else
 724:Drivers/STM32F1xx_HAL_Driver/Src/stm32f1xx_ll_usb.c ****       {
 725:Drivers/STM32F1xx_HAL_Driver/Src/stm32f1xx_ll_usb.c ****         USBx_INEP(epnum)->DIEPCTL |= USB_OTG_DIEPCTL_SD0PID_SEVNFRM;
 726:Drivers/STM32F1xx_HAL_Driver/Src/stm32f1xx_ll_usb.c ****       }
 727:Drivers/STM32F1xx_HAL_Driver/Src/stm32f1xx_ll_usb.c **** 
 728:Drivers/STM32F1xx_HAL_Driver/Src/stm32f1xx_ll_usb.c ****       (void)USB_WritePacket(USBx, ep->xfer_buff, ep->num, (uint16_t)ep->xfer_len);
 729:Drivers/STM32F1xx_HAL_Driver/Src/stm32f1xx_ll_usb.c ****     }
 730:Drivers/STM32F1xx_HAL_Driver/Src/stm32f1xx_ll_usb.c ****   }
 731:Drivers/STM32F1xx_HAL_Driver/Src/stm32f1xx_ll_usb.c ****   else /* OUT endpoint */
 732:Drivers/STM32F1xx_HAL_Driver/Src/stm32f1xx_ll_usb.c ****   {
 733:Drivers/STM32F1xx_HAL_Driver/Src/stm32f1xx_ll_usb.c ****     /* Program the transfer size and packet count as follows:
 734:Drivers/STM32F1xx_HAL_Driver/Src/stm32f1xx_ll_usb.c ****     * pktcnt = N
 735:Drivers/STM32F1xx_HAL_Driver/Src/stm32f1xx_ll_usb.c ****     * xfersize = N * maxpacket
 736:Drivers/STM32F1xx_HAL_Driver/Src/stm32f1xx_ll_usb.c ****     */
 737:Drivers/STM32F1xx_HAL_Driver/Src/stm32f1xx_ll_usb.c ****     USBx_OUTEP(epnum)->DOEPTSIZ &= ~(USB_OTG_DOEPTSIZ_XFRSIZ);
 738:Drivers/STM32F1xx_HAL_Driver/Src/stm32f1xx_ll_usb.c ****     USBx_OUTEP(epnum)->DOEPTSIZ &= ~(USB_OTG_DOEPTSIZ_PKTCNT);
 739:Drivers/STM32F1xx_HAL_Driver/Src/stm32f1xx_ll_usb.c **** 
 740:Drivers/STM32F1xx_HAL_Driver/Src/stm32f1xx_ll_usb.c ****     if (epnum == 0U)
 741:Drivers/STM32F1xx_HAL_Driver/Src/stm32f1xx_ll_usb.c ****     {
 742:Drivers/STM32F1xx_HAL_Driver/Src/stm32f1xx_ll_usb.c ****       if (ep->xfer_len > 0U)
 743:Drivers/STM32F1xx_HAL_Driver/Src/stm32f1xx_ll_usb.c ****       {
 744:Drivers/STM32F1xx_HAL_Driver/Src/stm32f1xx_ll_usb.c ****         ep->xfer_len = ep->maxpacket;
 745:Drivers/STM32F1xx_HAL_Driver/Src/stm32f1xx_ll_usb.c ****       }
 746:Drivers/STM32F1xx_HAL_Driver/Src/stm32f1xx_ll_usb.c **** 
 747:Drivers/STM32F1xx_HAL_Driver/Src/stm32f1xx_ll_usb.c ****       /* Store transfer size, for EP0 this is equal to endpoint max packet size */
 748:Drivers/STM32F1xx_HAL_Driver/Src/stm32f1xx_ll_usb.c ****       ep->xfer_size = ep->maxpacket;
 749:Drivers/STM32F1xx_HAL_Driver/Src/stm32f1xx_ll_usb.c **** 
 750:Drivers/STM32F1xx_HAL_Driver/Src/stm32f1xx_ll_usb.c ****       USBx_OUTEP(epnum)->DOEPTSIZ |= (USB_OTG_DOEPTSIZ_XFRSIZ & ep->xfer_size);
 751:Drivers/STM32F1xx_HAL_Driver/Src/stm32f1xx_ll_usb.c ****       USBx_OUTEP(epnum)->DOEPTSIZ |= (USB_OTG_DOEPTSIZ_PKTCNT & (1U << 19));
 752:Drivers/STM32F1xx_HAL_Driver/Src/stm32f1xx_ll_usb.c ****     }
 753:Drivers/STM32F1xx_HAL_Driver/Src/stm32f1xx_ll_usb.c ****     else
 754:Drivers/STM32F1xx_HAL_Driver/Src/stm32f1xx_ll_usb.c ****     {
 755:Drivers/STM32F1xx_HAL_Driver/Src/stm32f1xx_ll_usb.c ****       if (ep->xfer_len == 0U)
 756:Drivers/STM32F1xx_HAL_Driver/Src/stm32f1xx_ll_usb.c ****       {
 757:Drivers/STM32F1xx_HAL_Driver/Src/stm32f1xx_ll_usb.c ****         USBx_OUTEP(epnum)->DOEPTSIZ |= (USB_OTG_DOEPTSIZ_XFRSIZ & ep->maxpacket);
 758:Drivers/STM32F1xx_HAL_Driver/Src/stm32f1xx_ll_usb.c ****         USBx_OUTEP(epnum)->DOEPTSIZ |= (USB_OTG_DOEPTSIZ_PKTCNT & (1U << 19));
 759:Drivers/STM32F1xx_HAL_Driver/Src/stm32f1xx_ll_usb.c ****       }
 760:Drivers/STM32F1xx_HAL_Driver/Src/stm32f1xx_ll_usb.c ****       else
 761:Drivers/STM32F1xx_HAL_Driver/Src/stm32f1xx_ll_usb.c ****       {
 762:Drivers/STM32F1xx_HAL_Driver/Src/stm32f1xx_ll_usb.c ****         pktcnt = (uint16_t)((ep->xfer_len + ep->maxpacket - 1U) / ep->maxpacket);
 763:Drivers/STM32F1xx_HAL_Driver/Src/stm32f1xx_ll_usb.c ****         ep->xfer_size = ep->maxpacket * pktcnt;
 764:Drivers/STM32F1xx_HAL_Driver/Src/stm32f1xx_ll_usb.c **** 
 765:Drivers/STM32F1xx_HAL_Driver/Src/stm32f1xx_ll_usb.c ****         USBx_OUTEP(epnum)->DOEPTSIZ |= USB_OTG_DOEPTSIZ_PKTCNT & ((uint32_t)pktcnt << 19);
 766:Drivers/STM32F1xx_HAL_Driver/Src/stm32f1xx_ll_usb.c ****         USBx_OUTEP(epnum)->DOEPTSIZ |= USB_OTG_DOEPTSIZ_XFRSIZ & ep->xfer_size;
 767:Drivers/STM32F1xx_HAL_Driver/Src/stm32f1xx_ll_usb.c ****       }
 768:Drivers/STM32F1xx_HAL_Driver/Src/stm32f1xx_ll_usb.c ****     }
 769:Drivers/STM32F1xx_HAL_Driver/Src/stm32f1xx_ll_usb.c **** 
 770:Drivers/STM32F1xx_HAL_Driver/Src/stm32f1xx_ll_usb.c ****     if (ep->type == EP_TYPE_ISOC)
 771:Drivers/STM32F1xx_HAL_Driver/Src/stm32f1xx_ll_usb.c ****     {
 772:Drivers/STM32F1xx_HAL_Driver/Src/stm32f1xx_ll_usb.c ****       if ((USBx_DEVICE->DSTS & (1U << 8)) == 0U)
 773:Drivers/STM32F1xx_HAL_Driver/Src/stm32f1xx_ll_usb.c ****       {
ARM GAS  /var/folders/xf/tcndk8390ml5xdpfw93qkhpm0000gn/T//cc0WvzGY.s 			page 15


 774:Drivers/STM32F1xx_HAL_Driver/Src/stm32f1xx_ll_usb.c ****         USBx_OUTEP(epnum)->DOEPCTL |= USB_OTG_DOEPCTL_SODDFRM;
 775:Drivers/STM32F1xx_HAL_Driver/Src/stm32f1xx_ll_usb.c ****       }
 776:Drivers/STM32F1xx_HAL_Driver/Src/stm32f1xx_ll_usb.c ****       else
 777:Drivers/STM32F1xx_HAL_Driver/Src/stm32f1xx_ll_usb.c ****       {
 778:Drivers/STM32F1xx_HAL_Driver/Src/stm32f1xx_ll_usb.c ****         USBx_OUTEP(epnum)->DOEPCTL |= USB_OTG_DOEPCTL_SD0PID_SEVNFRM;
 779:Drivers/STM32F1xx_HAL_Driver/Src/stm32f1xx_ll_usb.c ****       }
 780:Drivers/STM32F1xx_HAL_Driver/Src/stm32f1xx_ll_usb.c ****     }
 781:Drivers/STM32F1xx_HAL_Driver/Src/stm32f1xx_ll_usb.c ****     /* EP enable */
 782:Drivers/STM32F1xx_HAL_Driver/Src/stm32f1xx_ll_usb.c ****     USBx_OUTEP(epnum)->DOEPCTL |= (USB_OTG_DOEPCTL_CNAK | USB_OTG_DOEPCTL_EPENA);
 783:Drivers/STM32F1xx_HAL_Driver/Src/stm32f1xx_ll_usb.c ****   }
 784:Drivers/STM32F1xx_HAL_Driver/Src/stm32f1xx_ll_usb.c **** 
 785:Drivers/STM32F1xx_HAL_Driver/Src/stm32f1xx_ll_usb.c ****   return HAL_OK;
 786:Drivers/STM32F1xx_HAL_Driver/Src/stm32f1xx_ll_usb.c **** }
 787:Drivers/STM32F1xx_HAL_Driver/Src/stm32f1xx_ll_usb.c **** 
 788:Drivers/STM32F1xx_HAL_Driver/Src/stm32f1xx_ll_usb.c **** 
 789:Drivers/STM32F1xx_HAL_Driver/Src/stm32f1xx_ll_usb.c **** /**
 790:Drivers/STM32F1xx_HAL_Driver/Src/stm32f1xx_ll_usb.c ****    * @brief  USB_EPStoptXfer  Stop transfer on an EP
 791:Drivers/STM32F1xx_HAL_Driver/Src/stm32f1xx_ll_usb.c ****    * @param  USBx  usb device instance
 792:Drivers/STM32F1xx_HAL_Driver/Src/stm32f1xx_ll_usb.c ****    * @param  ep pointer to endpoint structure
 793:Drivers/STM32F1xx_HAL_Driver/Src/stm32f1xx_ll_usb.c ****    * @retval HAL status
 794:Drivers/STM32F1xx_HAL_Driver/Src/stm32f1xx_ll_usb.c ****    */
 795:Drivers/STM32F1xx_HAL_Driver/Src/stm32f1xx_ll_usb.c **** HAL_StatusTypeDef USB_EPStopXfer(const USB_OTG_GlobalTypeDef *USBx, USB_OTG_EPTypeDef *ep)
 796:Drivers/STM32F1xx_HAL_Driver/Src/stm32f1xx_ll_usb.c **** {
 797:Drivers/STM32F1xx_HAL_Driver/Src/stm32f1xx_ll_usb.c ****   __IO uint32_t count = 0U;
 798:Drivers/STM32F1xx_HAL_Driver/Src/stm32f1xx_ll_usb.c ****   HAL_StatusTypeDef ret = HAL_OK;
 799:Drivers/STM32F1xx_HAL_Driver/Src/stm32f1xx_ll_usb.c ****   uint32_t USBx_BASE = (uint32_t)USBx;
 800:Drivers/STM32F1xx_HAL_Driver/Src/stm32f1xx_ll_usb.c **** 
 801:Drivers/STM32F1xx_HAL_Driver/Src/stm32f1xx_ll_usb.c ****   /* IN endpoint */
 802:Drivers/STM32F1xx_HAL_Driver/Src/stm32f1xx_ll_usb.c ****   if (ep->is_in == 1U)
 803:Drivers/STM32F1xx_HAL_Driver/Src/stm32f1xx_ll_usb.c ****   {
 804:Drivers/STM32F1xx_HAL_Driver/Src/stm32f1xx_ll_usb.c ****     /* EP enable, IN data in FIFO */
 805:Drivers/STM32F1xx_HAL_Driver/Src/stm32f1xx_ll_usb.c ****     if (((USBx_INEP(ep->num)->DIEPCTL) & USB_OTG_DIEPCTL_EPENA) == USB_OTG_DIEPCTL_EPENA)
 806:Drivers/STM32F1xx_HAL_Driver/Src/stm32f1xx_ll_usb.c ****     {
 807:Drivers/STM32F1xx_HAL_Driver/Src/stm32f1xx_ll_usb.c ****       USBx_INEP(ep->num)->DIEPCTL |= (USB_OTG_DIEPCTL_SNAK);
 808:Drivers/STM32F1xx_HAL_Driver/Src/stm32f1xx_ll_usb.c ****       USBx_INEP(ep->num)->DIEPCTL |= (USB_OTG_DIEPCTL_EPDIS);
 809:Drivers/STM32F1xx_HAL_Driver/Src/stm32f1xx_ll_usb.c **** 
 810:Drivers/STM32F1xx_HAL_Driver/Src/stm32f1xx_ll_usb.c ****       do
 811:Drivers/STM32F1xx_HAL_Driver/Src/stm32f1xx_ll_usb.c ****       {
 812:Drivers/STM32F1xx_HAL_Driver/Src/stm32f1xx_ll_usb.c ****         count++;
 813:Drivers/STM32F1xx_HAL_Driver/Src/stm32f1xx_ll_usb.c **** 
 814:Drivers/STM32F1xx_HAL_Driver/Src/stm32f1xx_ll_usb.c ****         if (count > 10000U)
 815:Drivers/STM32F1xx_HAL_Driver/Src/stm32f1xx_ll_usb.c ****         {
 816:Drivers/STM32F1xx_HAL_Driver/Src/stm32f1xx_ll_usb.c ****           ret = HAL_ERROR;
 817:Drivers/STM32F1xx_HAL_Driver/Src/stm32f1xx_ll_usb.c ****           break;
 818:Drivers/STM32F1xx_HAL_Driver/Src/stm32f1xx_ll_usb.c ****         }
 819:Drivers/STM32F1xx_HAL_Driver/Src/stm32f1xx_ll_usb.c ****       } while (((USBx_INEP(ep->num)->DIEPCTL) & USB_OTG_DIEPCTL_EPENA) ==  USB_OTG_DIEPCTL_EPENA);
 820:Drivers/STM32F1xx_HAL_Driver/Src/stm32f1xx_ll_usb.c ****     }
 821:Drivers/STM32F1xx_HAL_Driver/Src/stm32f1xx_ll_usb.c ****   }
 822:Drivers/STM32F1xx_HAL_Driver/Src/stm32f1xx_ll_usb.c ****   else /* OUT endpoint */
 823:Drivers/STM32F1xx_HAL_Driver/Src/stm32f1xx_ll_usb.c ****   {
 824:Drivers/STM32F1xx_HAL_Driver/Src/stm32f1xx_ll_usb.c ****     if (((USBx_OUTEP(ep->num)->DOEPCTL) & USB_OTG_DOEPCTL_EPENA) == USB_OTG_DOEPCTL_EPENA)
 825:Drivers/STM32F1xx_HAL_Driver/Src/stm32f1xx_ll_usb.c ****     {
 826:Drivers/STM32F1xx_HAL_Driver/Src/stm32f1xx_ll_usb.c ****       USBx_OUTEP(ep->num)->DOEPCTL |= (USB_OTG_DOEPCTL_SNAK);
 827:Drivers/STM32F1xx_HAL_Driver/Src/stm32f1xx_ll_usb.c ****       USBx_OUTEP(ep->num)->DOEPCTL |= (USB_OTG_DOEPCTL_EPDIS);
 828:Drivers/STM32F1xx_HAL_Driver/Src/stm32f1xx_ll_usb.c **** 
 829:Drivers/STM32F1xx_HAL_Driver/Src/stm32f1xx_ll_usb.c ****       do
 830:Drivers/STM32F1xx_HAL_Driver/Src/stm32f1xx_ll_usb.c ****       {
ARM GAS  /var/folders/xf/tcndk8390ml5xdpfw93qkhpm0000gn/T//cc0WvzGY.s 			page 16


 831:Drivers/STM32F1xx_HAL_Driver/Src/stm32f1xx_ll_usb.c ****         count++;
 832:Drivers/STM32F1xx_HAL_Driver/Src/stm32f1xx_ll_usb.c **** 
 833:Drivers/STM32F1xx_HAL_Driver/Src/stm32f1xx_ll_usb.c ****         if (count > 10000U)
 834:Drivers/STM32F1xx_HAL_Driver/Src/stm32f1xx_ll_usb.c ****         {
 835:Drivers/STM32F1xx_HAL_Driver/Src/stm32f1xx_ll_usb.c ****           ret = HAL_ERROR;
 836:Drivers/STM32F1xx_HAL_Driver/Src/stm32f1xx_ll_usb.c ****           break;
 837:Drivers/STM32F1xx_HAL_Driver/Src/stm32f1xx_ll_usb.c ****         }
 838:Drivers/STM32F1xx_HAL_Driver/Src/stm32f1xx_ll_usb.c ****       } while (((USBx_OUTEP(ep->num)->DOEPCTL) & USB_OTG_DOEPCTL_EPENA) ==  USB_OTG_DOEPCTL_EPENA);
 839:Drivers/STM32F1xx_HAL_Driver/Src/stm32f1xx_ll_usb.c ****     }
 840:Drivers/STM32F1xx_HAL_Driver/Src/stm32f1xx_ll_usb.c ****   }
 841:Drivers/STM32F1xx_HAL_Driver/Src/stm32f1xx_ll_usb.c **** 
 842:Drivers/STM32F1xx_HAL_Driver/Src/stm32f1xx_ll_usb.c ****   return ret;
 843:Drivers/STM32F1xx_HAL_Driver/Src/stm32f1xx_ll_usb.c **** }
 844:Drivers/STM32F1xx_HAL_Driver/Src/stm32f1xx_ll_usb.c **** 
 845:Drivers/STM32F1xx_HAL_Driver/Src/stm32f1xx_ll_usb.c **** 
 846:Drivers/STM32F1xx_HAL_Driver/Src/stm32f1xx_ll_usb.c **** /**
 847:Drivers/STM32F1xx_HAL_Driver/Src/stm32f1xx_ll_usb.c ****   * @brief  USB_WritePacket : Writes a packet into the Tx FIFO associated
 848:Drivers/STM32F1xx_HAL_Driver/Src/stm32f1xx_ll_usb.c ****   *         with the EP/channel
 849:Drivers/STM32F1xx_HAL_Driver/Src/stm32f1xx_ll_usb.c ****   * @param  USBx  Selected device
 850:Drivers/STM32F1xx_HAL_Driver/Src/stm32f1xx_ll_usb.c ****   * @param  src   pointer to source buffer
 851:Drivers/STM32F1xx_HAL_Driver/Src/stm32f1xx_ll_usb.c ****   * @param  ch_ep_num  endpoint or host channel number
 852:Drivers/STM32F1xx_HAL_Driver/Src/stm32f1xx_ll_usb.c ****   * @param  len  Number of bytes to write
 853:Drivers/STM32F1xx_HAL_Driver/Src/stm32f1xx_ll_usb.c ****   * @retval HAL status
 854:Drivers/STM32F1xx_HAL_Driver/Src/stm32f1xx_ll_usb.c ****   */
 855:Drivers/STM32F1xx_HAL_Driver/Src/stm32f1xx_ll_usb.c **** HAL_StatusTypeDef USB_WritePacket(const USB_OTG_GlobalTypeDef *USBx, uint8_t *src,
 856:Drivers/STM32F1xx_HAL_Driver/Src/stm32f1xx_ll_usb.c ****                                   uint8_t ch_ep_num, uint16_t len)
 857:Drivers/STM32F1xx_HAL_Driver/Src/stm32f1xx_ll_usb.c **** {
 858:Drivers/STM32F1xx_HAL_Driver/Src/stm32f1xx_ll_usb.c ****   uint32_t USBx_BASE = (uint32_t)USBx;
 859:Drivers/STM32F1xx_HAL_Driver/Src/stm32f1xx_ll_usb.c ****   uint8_t *pSrc = src;
 860:Drivers/STM32F1xx_HAL_Driver/Src/stm32f1xx_ll_usb.c ****   uint32_t count32b;
 861:Drivers/STM32F1xx_HAL_Driver/Src/stm32f1xx_ll_usb.c ****   uint32_t i;
 862:Drivers/STM32F1xx_HAL_Driver/Src/stm32f1xx_ll_usb.c **** 
 863:Drivers/STM32F1xx_HAL_Driver/Src/stm32f1xx_ll_usb.c ****   count32b = ((uint32_t)len + 3U) / 4U;
 864:Drivers/STM32F1xx_HAL_Driver/Src/stm32f1xx_ll_usb.c ****   for (i = 0U; i < count32b; i++)
 865:Drivers/STM32F1xx_HAL_Driver/Src/stm32f1xx_ll_usb.c ****   {
 866:Drivers/STM32F1xx_HAL_Driver/Src/stm32f1xx_ll_usb.c ****     USBx_DFIFO((uint32_t)ch_ep_num) = __UNALIGNED_UINT32_READ(pSrc);
 867:Drivers/STM32F1xx_HAL_Driver/Src/stm32f1xx_ll_usb.c ****     pSrc++;
 868:Drivers/STM32F1xx_HAL_Driver/Src/stm32f1xx_ll_usb.c ****     pSrc++;
 869:Drivers/STM32F1xx_HAL_Driver/Src/stm32f1xx_ll_usb.c ****     pSrc++;
 870:Drivers/STM32F1xx_HAL_Driver/Src/stm32f1xx_ll_usb.c ****     pSrc++;
 871:Drivers/STM32F1xx_HAL_Driver/Src/stm32f1xx_ll_usb.c ****   }
 872:Drivers/STM32F1xx_HAL_Driver/Src/stm32f1xx_ll_usb.c **** 
 873:Drivers/STM32F1xx_HAL_Driver/Src/stm32f1xx_ll_usb.c ****   return HAL_OK;
 874:Drivers/STM32F1xx_HAL_Driver/Src/stm32f1xx_ll_usb.c **** }
 875:Drivers/STM32F1xx_HAL_Driver/Src/stm32f1xx_ll_usb.c **** 
 876:Drivers/STM32F1xx_HAL_Driver/Src/stm32f1xx_ll_usb.c **** /**
 877:Drivers/STM32F1xx_HAL_Driver/Src/stm32f1xx_ll_usb.c ****   * @brief  USB_ReadPacket : read a packet from the RX FIFO
 878:Drivers/STM32F1xx_HAL_Driver/Src/stm32f1xx_ll_usb.c ****   * @param  USBx  Selected device
 879:Drivers/STM32F1xx_HAL_Driver/Src/stm32f1xx_ll_usb.c ****   * @param  dest  source pointer
 880:Drivers/STM32F1xx_HAL_Driver/Src/stm32f1xx_ll_usb.c ****   * @param  len  Number of bytes to read
 881:Drivers/STM32F1xx_HAL_Driver/Src/stm32f1xx_ll_usb.c ****   * @retval pointer to destination buffer
 882:Drivers/STM32F1xx_HAL_Driver/Src/stm32f1xx_ll_usb.c ****   */
 883:Drivers/STM32F1xx_HAL_Driver/Src/stm32f1xx_ll_usb.c **** void *USB_ReadPacket(const USB_OTG_GlobalTypeDef *USBx, uint8_t *dest, uint16_t len)
 884:Drivers/STM32F1xx_HAL_Driver/Src/stm32f1xx_ll_usb.c **** {
 885:Drivers/STM32F1xx_HAL_Driver/Src/stm32f1xx_ll_usb.c ****   uint32_t USBx_BASE = (uint32_t)USBx;
 886:Drivers/STM32F1xx_HAL_Driver/Src/stm32f1xx_ll_usb.c ****   uint8_t *pDest = dest;
 887:Drivers/STM32F1xx_HAL_Driver/Src/stm32f1xx_ll_usb.c ****   uint32_t pData;
ARM GAS  /var/folders/xf/tcndk8390ml5xdpfw93qkhpm0000gn/T//cc0WvzGY.s 			page 17


 888:Drivers/STM32F1xx_HAL_Driver/Src/stm32f1xx_ll_usb.c ****   uint32_t i;
 889:Drivers/STM32F1xx_HAL_Driver/Src/stm32f1xx_ll_usb.c ****   uint32_t count32b = (uint32_t)len >> 2U;
 890:Drivers/STM32F1xx_HAL_Driver/Src/stm32f1xx_ll_usb.c ****   uint16_t remaining_bytes = len % 4U;
 891:Drivers/STM32F1xx_HAL_Driver/Src/stm32f1xx_ll_usb.c **** 
 892:Drivers/STM32F1xx_HAL_Driver/Src/stm32f1xx_ll_usb.c ****   for (i = 0U; i < count32b; i++)
 893:Drivers/STM32F1xx_HAL_Driver/Src/stm32f1xx_ll_usb.c ****   {
 894:Drivers/STM32F1xx_HAL_Driver/Src/stm32f1xx_ll_usb.c ****     __UNALIGNED_UINT32_WRITE(pDest, USBx_DFIFO(0U));
 895:Drivers/STM32F1xx_HAL_Driver/Src/stm32f1xx_ll_usb.c ****     pDest++;
 896:Drivers/STM32F1xx_HAL_Driver/Src/stm32f1xx_ll_usb.c ****     pDest++;
 897:Drivers/STM32F1xx_HAL_Driver/Src/stm32f1xx_ll_usb.c ****     pDest++;
 898:Drivers/STM32F1xx_HAL_Driver/Src/stm32f1xx_ll_usb.c ****     pDest++;
 899:Drivers/STM32F1xx_HAL_Driver/Src/stm32f1xx_ll_usb.c ****   }
 900:Drivers/STM32F1xx_HAL_Driver/Src/stm32f1xx_ll_usb.c **** 
 901:Drivers/STM32F1xx_HAL_Driver/Src/stm32f1xx_ll_usb.c ****   /* When Number of data is not word aligned, read the remaining byte */
 902:Drivers/STM32F1xx_HAL_Driver/Src/stm32f1xx_ll_usb.c ****   if (remaining_bytes != 0U)
 903:Drivers/STM32F1xx_HAL_Driver/Src/stm32f1xx_ll_usb.c ****   {
 904:Drivers/STM32F1xx_HAL_Driver/Src/stm32f1xx_ll_usb.c ****     i = 0U;
 905:Drivers/STM32F1xx_HAL_Driver/Src/stm32f1xx_ll_usb.c ****     __UNALIGNED_UINT32_WRITE(&pData, USBx_DFIFO(0U));
 906:Drivers/STM32F1xx_HAL_Driver/Src/stm32f1xx_ll_usb.c **** 
 907:Drivers/STM32F1xx_HAL_Driver/Src/stm32f1xx_ll_usb.c ****     do
 908:Drivers/STM32F1xx_HAL_Driver/Src/stm32f1xx_ll_usb.c ****     {
 909:Drivers/STM32F1xx_HAL_Driver/Src/stm32f1xx_ll_usb.c ****       *(uint8_t *)pDest = (uint8_t)(pData >> (8U * (uint8_t)(i)));
 910:Drivers/STM32F1xx_HAL_Driver/Src/stm32f1xx_ll_usb.c ****       i++;
 911:Drivers/STM32F1xx_HAL_Driver/Src/stm32f1xx_ll_usb.c ****       pDest++;
 912:Drivers/STM32F1xx_HAL_Driver/Src/stm32f1xx_ll_usb.c ****       remaining_bytes--;
 913:Drivers/STM32F1xx_HAL_Driver/Src/stm32f1xx_ll_usb.c ****     } while (remaining_bytes != 0U);
 914:Drivers/STM32F1xx_HAL_Driver/Src/stm32f1xx_ll_usb.c ****   }
 915:Drivers/STM32F1xx_HAL_Driver/Src/stm32f1xx_ll_usb.c **** 
 916:Drivers/STM32F1xx_HAL_Driver/Src/stm32f1xx_ll_usb.c ****   return ((void *)pDest);
 917:Drivers/STM32F1xx_HAL_Driver/Src/stm32f1xx_ll_usb.c **** }
 918:Drivers/STM32F1xx_HAL_Driver/Src/stm32f1xx_ll_usb.c **** 
 919:Drivers/STM32F1xx_HAL_Driver/Src/stm32f1xx_ll_usb.c **** /**
 920:Drivers/STM32F1xx_HAL_Driver/Src/stm32f1xx_ll_usb.c ****   * @brief  USB_EPSetStall : set a stall condition over an EP
 921:Drivers/STM32F1xx_HAL_Driver/Src/stm32f1xx_ll_usb.c ****   * @param  USBx  Selected device
 922:Drivers/STM32F1xx_HAL_Driver/Src/stm32f1xx_ll_usb.c ****   * @param  ep pointer to endpoint structure
 923:Drivers/STM32F1xx_HAL_Driver/Src/stm32f1xx_ll_usb.c ****   * @retval HAL status
 924:Drivers/STM32F1xx_HAL_Driver/Src/stm32f1xx_ll_usb.c ****   */
 925:Drivers/STM32F1xx_HAL_Driver/Src/stm32f1xx_ll_usb.c **** HAL_StatusTypeDef USB_EPSetStall(const USB_OTG_GlobalTypeDef *USBx, const USB_OTG_EPTypeDef *ep)
 926:Drivers/STM32F1xx_HAL_Driver/Src/stm32f1xx_ll_usb.c **** {
 927:Drivers/STM32F1xx_HAL_Driver/Src/stm32f1xx_ll_usb.c ****   uint32_t USBx_BASE = (uint32_t)USBx;
 928:Drivers/STM32F1xx_HAL_Driver/Src/stm32f1xx_ll_usb.c ****   uint32_t epnum = (uint32_t)ep->num;
 929:Drivers/STM32F1xx_HAL_Driver/Src/stm32f1xx_ll_usb.c **** 
 930:Drivers/STM32F1xx_HAL_Driver/Src/stm32f1xx_ll_usb.c ****   if (ep->is_in == 1U)
 931:Drivers/STM32F1xx_HAL_Driver/Src/stm32f1xx_ll_usb.c ****   {
 932:Drivers/STM32F1xx_HAL_Driver/Src/stm32f1xx_ll_usb.c ****     if (((USBx_INEP(epnum)->DIEPCTL & USB_OTG_DIEPCTL_EPENA) == 0U) && (epnum != 0U))
 933:Drivers/STM32F1xx_HAL_Driver/Src/stm32f1xx_ll_usb.c ****     {
 934:Drivers/STM32F1xx_HAL_Driver/Src/stm32f1xx_ll_usb.c ****       USBx_INEP(epnum)->DIEPCTL &= ~(USB_OTG_DIEPCTL_EPDIS);
 935:Drivers/STM32F1xx_HAL_Driver/Src/stm32f1xx_ll_usb.c ****     }
 936:Drivers/STM32F1xx_HAL_Driver/Src/stm32f1xx_ll_usb.c ****     USBx_INEP(epnum)->DIEPCTL |= USB_OTG_DIEPCTL_STALL;
 937:Drivers/STM32F1xx_HAL_Driver/Src/stm32f1xx_ll_usb.c ****   }
 938:Drivers/STM32F1xx_HAL_Driver/Src/stm32f1xx_ll_usb.c ****   else
 939:Drivers/STM32F1xx_HAL_Driver/Src/stm32f1xx_ll_usb.c ****   {
 940:Drivers/STM32F1xx_HAL_Driver/Src/stm32f1xx_ll_usb.c ****     if (((USBx_OUTEP(epnum)->DOEPCTL & USB_OTG_DOEPCTL_EPENA) == 0U) && (epnum != 0U))
 941:Drivers/STM32F1xx_HAL_Driver/Src/stm32f1xx_ll_usb.c ****     {
 942:Drivers/STM32F1xx_HAL_Driver/Src/stm32f1xx_ll_usb.c ****       USBx_OUTEP(epnum)->DOEPCTL &= ~(USB_OTG_DOEPCTL_EPDIS);
 943:Drivers/STM32F1xx_HAL_Driver/Src/stm32f1xx_ll_usb.c ****     }
 944:Drivers/STM32F1xx_HAL_Driver/Src/stm32f1xx_ll_usb.c ****     USBx_OUTEP(epnum)->DOEPCTL |= USB_OTG_DOEPCTL_STALL;
ARM GAS  /var/folders/xf/tcndk8390ml5xdpfw93qkhpm0000gn/T//cc0WvzGY.s 			page 18


 945:Drivers/STM32F1xx_HAL_Driver/Src/stm32f1xx_ll_usb.c ****   }
 946:Drivers/STM32F1xx_HAL_Driver/Src/stm32f1xx_ll_usb.c **** 
 947:Drivers/STM32F1xx_HAL_Driver/Src/stm32f1xx_ll_usb.c ****   return HAL_OK;
 948:Drivers/STM32F1xx_HAL_Driver/Src/stm32f1xx_ll_usb.c **** }
 949:Drivers/STM32F1xx_HAL_Driver/Src/stm32f1xx_ll_usb.c **** 
 950:Drivers/STM32F1xx_HAL_Driver/Src/stm32f1xx_ll_usb.c **** /**
 951:Drivers/STM32F1xx_HAL_Driver/Src/stm32f1xx_ll_usb.c ****   * @brief  USB_EPClearStall : Clear a stall condition over an EP
 952:Drivers/STM32F1xx_HAL_Driver/Src/stm32f1xx_ll_usb.c ****   * @param  USBx  Selected device
 953:Drivers/STM32F1xx_HAL_Driver/Src/stm32f1xx_ll_usb.c ****   * @param  ep pointer to endpoint structure
 954:Drivers/STM32F1xx_HAL_Driver/Src/stm32f1xx_ll_usb.c ****   * @retval HAL status
 955:Drivers/STM32F1xx_HAL_Driver/Src/stm32f1xx_ll_usb.c ****   */
 956:Drivers/STM32F1xx_HAL_Driver/Src/stm32f1xx_ll_usb.c **** HAL_StatusTypeDef USB_EPClearStall(const USB_OTG_GlobalTypeDef *USBx, const USB_OTG_EPTypeDef *ep)
 957:Drivers/STM32F1xx_HAL_Driver/Src/stm32f1xx_ll_usb.c **** {
 958:Drivers/STM32F1xx_HAL_Driver/Src/stm32f1xx_ll_usb.c ****   uint32_t USBx_BASE = (uint32_t)USBx;
 959:Drivers/STM32F1xx_HAL_Driver/Src/stm32f1xx_ll_usb.c ****   uint32_t epnum = (uint32_t)ep->num;
 960:Drivers/STM32F1xx_HAL_Driver/Src/stm32f1xx_ll_usb.c **** 
 961:Drivers/STM32F1xx_HAL_Driver/Src/stm32f1xx_ll_usb.c ****   if (ep->is_in == 1U)
 962:Drivers/STM32F1xx_HAL_Driver/Src/stm32f1xx_ll_usb.c ****   {
 963:Drivers/STM32F1xx_HAL_Driver/Src/stm32f1xx_ll_usb.c ****     USBx_INEP(epnum)->DIEPCTL &= ~USB_OTG_DIEPCTL_STALL;
 964:Drivers/STM32F1xx_HAL_Driver/Src/stm32f1xx_ll_usb.c ****     if ((ep->type == EP_TYPE_INTR) || (ep->type == EP_TYPE_BULK))
 965:Drivers/STM32F1xx_HAL_Driver/Src/stm32f1xx_ll_usb.c ****     {
 966:Drivers/STM32F1xx_HAL_Driver/Src/stm32f1xx_ll_usb.c ****       USBx_INEP(epnum)->DIEPCTL |= USB_OTG_DIEPCTL_SD0PID_SEVNFRM; /* DATA0 */
 967:Drivers/STM32F1xx_HAL_Driver/Src/stm32f1xx_ll_usb.c ****     }
 968:Drivers/STM32F1xx_HAL_Driver/Src/stm32f1xx_ll_usb.c ****   }
 969:Drivers/STM32F1xx_HAL_Driver/Src/stm32f1xx_ll_usb.c ****   else
 970:Drivers/STM32F1xx_HAL_Driver/Src/stm32f1xx_ll_usb.c ****   {
 971:Drivers/STM32F1xx_HAL_Driver/Src/stm32f1xx_ll_usb.c ****     USBx_OUTEP(epnum)->DOEPCTL &= ~USB_OTG_DOEPCTL_STALL;
 972:Drivers/STM32F1xx_HAL_Driver/Src/stm32f1xx_ll_usb.c ****     if ((ep->type == EP_TYPE_INTR) || (ep->type == EP_TYPE_BULK))
 973:Drivers/STM32F1xx_HAL_Driver/Src/stm32f1xx_ll_usb.c ****     {
 974:Drivers/STM32F1xx_HAL_Driver/Src/stm32f1xx_ll_usb.c ****       USBx_OUTEP(epnum)->DOEPCTL |= USB_OTG_DOEPCTL_SD0PID_SEVNFRM; /* DATA0 */
 975:Drivers/STM32F1xx_HAL_Driver/Src/stm32f1xx_ll_usb.c ****     }
 976:Drivers/STM32F1xx_HAL_Driver/Src/stm32f1xx_ll_usb.c ****   }
 977:Drivers/STM32F1xx_HAL_Driver/Src/stm32f1xx_ll_usb.c ****   return HAL_OK;
 978:Drivers/STM32F1xx_HAL_Driver/Src/stm32f1xx_ll_usb.c **** }
 979:Drivers/STM32F1xx_HAL_Driver/Src/stm32f1xx_ll_usb.c **** 
 980:Drivers/STM32F1xx_HAL_Driver/Src/stm32f1xx_ll_usb.c **** /**
 981:Drivers/STM32F1xx_HAL_Driver/Src/stm32f1xx_ll_usb.c ****   * @brief  USB_StopDevice : Stop the usb device mode
 982:Drivers/STM32F1xx_HAL_Driver/Src/stm32f1xx_ll_usb.c ****   * @param  USBx  Selected device
 983:Drivers/STM32F1xx_HAL_Driver/Src/stm32f1xx_ll_usb.c ****   * @retval HAL status
 984:Drivers/STM32F1xx_HAL_Driver/Src/stm32f1xx_ll_usb.c ****   */
 985:Drivers/STM32F1xx_HAL_Driver/Src/stm32f1xx_ll_usb.c **** HAL_StatusTypeDef USB_StopDevice(USB_OTG_GlobalTypeDef *USBx)
 986:Drivers/STM32F1xx_HAL_Driver/Src/stm32f1xx_ll_usb.c **** {
 987:Drivers/STM32F1xx_HAL_Driver/Src/stm32f1xx_ll_usb.c ****   HAL_StatusTypeDef ret;
 988:Drivers/STM32F1xx_HAL_Driver/Src/stm32f1xx_ll_usb.c ****   uint32_t USBx_BASE = (uint32_t)USBx;
 989:Drivers/STM32F1xx_HAL_Driver/Src/stm32f1xx_ll_usb.c ****   uint32_t i;
 990:Drivers/STM32F1xx_HAL_Driver/Src/stm32f1xx_ll_usb.c **** 
 991:Drivers/STM32F1xx_HAL_Driver/Src/stm32f1xx_ll_usb.c ****   /* Clear Pending interrupt */
 992:Drivers/STM32F1xx_HAL_Driver/Src/stm32f1xx_ll_usb.c ****   for (i = 0U; i < 15U; i++)
 993:Drivers/STM32F1xx_HAL_Driver/Src/stm32f1xx_ll_usb.c ****   {
 994:Drivers/STM32F1xx_HAL_Driver/Src/stm32f1xx_ll_usb.c ****     USBx_INEP(i)->DIEPINT = 0xFB7FU;
 995:Drivers/STM32F1xx_HAL_Driver/Src/stm32f1xx_ll_usb.c ****     USBx_OUTEP(i)->DOEPINT = 0xFB7FU;
 996:Drivers/STM32F1xx_HAL_Driver/Src/stm32f1xx_ll_usb.c ****   }
 997:Drivers/STM32F1xx_HAL_Driver/Src/stm32f1xx_ll_usb.c **** 
 998:Drivers/STM32F1xx_HAL_Driver/Src/stm32f1xx_ll_usb.c ****   /* Clear interrupt masks */
 999:Drivers/STM32F1xx_HAL_Driver/Src/stm32f1xx_ll_usb.c ****   USBx_DEVICE->DIEPMSK  = 0U;
1000:Drivers/STM32F1xx_HAL_Driver/Src/stm32f1xx_ll_usb.c ****   USBx_DEVICE->DOEPMSK  = 0U;
1001:Drivers/STM32F1xx_HAL_Driver/Src/stm32f1xx_ll_usb.c ****   USBx_DEVICE->DAINTMSK = 0U;
ARM GAS  /var/folders/xf/tcndk8390ml5xdpfw93qkhpm0000gn/T//cc0WvzGY.s 			page 19


1002:Drivers/STM32F1xx_HAL_Driver/Src/stm32f1xx_ll_usb.c **** 
1003:Drivers/STM32F1xx_HAL_Driver/Src/stm32f1xx_ll_usb.c ****   /* Flush the FIFO */
1004:Drivers/STM32F1xx_HAL_Driver/Src/stm32f1xx_ll_usb.c ****   ret = USB_FlushRxFifo(USBx);
1005:Drivers/STM32F1xx_HAL_Driver/Src/stm32f1xx_ll_usb.c ****   if (ret != HAL_OK)
1006:Drivers/STM32F1xx_HAL_Driver/Src/stm32f1xx_ll_usb.c ****   {
1007:Drivers/STM32F1xx_HAL_Driver/Src/stm32f1xx_ll_usb.c ****     return ret;
1008:Drivers/STM32F1xx_HAL_Driver/Src/stm32f1xx_ll_usb.c ****   }
1009:Drivers/STM32F1xx_HAL_Driver/Src/stm32f1xx_ll_usb.c **** 
1010:Drivers/STM32F1xx_HAL_Driver/Src/stm32f1xx_ll_usb.c ****   ret = USB_FlushTxFifo(USBx,  0x10U);
1011:Drivers/STM32F1xx_HAL_Driver/Src/stm32f1xx_ll_usb.c ****   if (ret != HAL_OK)
1012:Drivers/STM32F1xx_HAL_Driver/Src/stm32f1xx_ll_usb.c ****   {
1013:Drivers/STM32F1xx_HAL_Driver/Src/stm32f1xx_ll_usb.c ****     return ret;
1014:Drivers/STM32F1xx_HAL_Driver/Src/stm32f1xx_ll_usb.c ****   }
1015:Drivers/STM32F1xx_HAL_Driver/Src/stm32f1xx_ll_usb.c **** 
1016:Drivers/STM32F1xx_HAL_Driver/Src/stm32f1xx_ll_usb.c ****   return ret;
1017:Drivers/STM32F1xx_HAL_Driver/Src/stm32f1xx_ll_usb.c **** }
1018:Drivers/STM32F1xx_HAL_Driver/Src/stm32f1xx_ll_usb.c **** 
1019:Drivers/STM32F1xx_HAL_Driver/Src/stm32f1xx_ll_usb.c **** /**
1020:Drivers/STM32F1xx_HAL_Driver/Src/stm32f1xx_ll_usb.c ****   * @brief  USB_SetDevAddress : Stop the usb device mode
1021:Drivers/STM32F1xx_HAL_Driver/Src/stm32f1xx_ll_usb.c ****   * @param  USBx  Selected device
1022:Drivers/STM32F1xx_HAL_Driver/Src/stm32f1xx_ll_usb.c ****   * @param  address  new device address to be assigned
1023:Drivers/STM32F1xx_HAL_Driver/Src/stm32f1xx_ll_usb.c ****   *          This parameter can be a value from 0 to 255
1024:Drivers/STM32F1xx_HAL_Driver/Src/stm32f1xx_ll_usb.c ****   * @retval HAL status
1025:Drivers/STM32F1xx_HAL_Driver/Src/stm32f1xx_ll_usb.c ****   */
1026:Drivers/STM32F1xx_HAL_Driver/Src/stm32f1xx_ll_usb.c **** HAL_StatusTypeDef USB_SetDevAddress(const USB_OTG_GlobalTypeDef *USBx, uint8_t address)
1027:Drivers/STM32F1xx_HAL_Driver/Src/stm32f1xx_ll_usb.c **** {
1028:Drivers/STM32F1xx_HAL_Driver/Src/stm32f1xx_ll_usb.c ****   uint32_t USBx_BASE = (uint32_t)USBx;
1029:Drivers/STM32F1xx_HAL_Driver/Src/stm32f1xx_ll_usb.c **** 
1030:Drivers/STM32F1xx_HAL_Driver/Src/stm32f1xx_ll_usb.c ****   USBx_DEVICE->DCFG &= ~(USB_OTG_DCFG_DAD);
1031:Drivers/STM32F1xx_HAL_Driver/Src/stm32f1xx_ll_usb.c ****   USBx_DEVICE->DCFG |= ((uint32_t)address << 4) & USB_OTG_DCFG_DAD;
1032:Drivers/STM32F1xx_HAL_Driver/Src/stm32f1xx_ll_usb.c **** 
1033:Drivers/STM32F1xx_HAL_Driver/Src/stm32f1xx_ll_usb.c ****   return HAL_OK;
1034:Drivers/STM32F1xx_HAL_Driver/Src/stm32f1xx_ll_usb.c **** }
1035:Drivers/STM32F1xx_HAL_Driver/Src/stm32f1xx_ll_usb.c **** 
1036:Drivers/STM32F1xx_HAL_Driver/Src/stm32f1xx_ll_usb.c **** /**
1037:Drivers/STM32F1xx_HAL_Driver/Src/stm32f1xx_ll_usb.c ****   * @brief  USB_DevConnect : Connect the USB device by enabling Rpu
1038:Drivers/STM32F1xx_HAL_Driver/Src/stm32f1xx_ll_usb.c ****   * @param  USBx  Selected device
1039:Drivers/STM32F1xx_HAL_Driver/Src/stm32f1xx_ll_usb.c ****   * @retval HAL status
1040:Drivers/STM32F1xx_HAL_Driver/Src/stm32f1xx_ll_usb.c ****   */
1041:Drivers/STM32F1xx_HAL_Driver/Src/stm32f1xx_ll_usb.c **** HAL_StatusTypeDef USB_DevConnect(const USB_OTG_GlobalTypeDef *USBx)
1042:Drivers/STM32F1xx_HAL_Driver/Src/stm32f1xx_ll_usb.c **** {
1043:Drivers/STM32F1xx_HAL_Driver/Src/stm32f1xx_ll_usb.c ****   uint32_t USBx_BASE = (uint32_t)USBx;
1044:Drivers/STM32F1xx_HAL_Driver/Src/stm32f1xx_ll_usb.c **** 
1045:Drivers/STM32F1xx_HAL_Driver/Src/stm32f1xx_ll_usb.c ****   /* In case phy is stopped, ensure to ungate and restore the phy CLK */
1046:Drivers/STM32F1xx_HAL_Driver/Src/stm32f1xx_ll_usb.c ****   USBx_PCGCCTL &= ~(USB_OTG_PCGCCTL_STOPCLK | USB_OTG_PCGCCTL_GATECLK);
1047:Drivers/STM32F1xx_HAL_Driver/Src/stm32f1xx_ll_usb.c **** 
1048:Drivers/STM32F1xx_HAL_Driver/Src/stm32f1xx_ll_usb.c ****   USBx_DEVICE->DCTL &= ~USB_OTG_DCTL_SDIS;
1049:Drivers/STM32F1xx_HAL_Driver/Src/stm32f1xx_ll_usb.c **** 
1050:Drivers/STM32F1xx_HAL_Driver/Src/stm32f1xx_ll_usb.c ****   return HAL_OK;
1051:Drivers/STM32F1xx_HAL_Driver/Src/stm32f1xx_ll_usb.c **** }
1052:Drivers/STM32F1xx_HAL_Driver/Src/stm32f1xx_ll_usb.c **** 
1053:Drivers/STM32F1xx_HAL_Driver/Src/stm32f1xx_ll_usb.c **** /**
1054:Drivers/STM32F1xx_HAL_Driver/Src/stm32f1xx_ll_usb.c ****   * @brief  USB_DevDisconnect : Disconnect the USB device by disabling Rpu
1055:Drivers/STM32F1xx_HAL_Driver/Src/stm32f1xx_ll_usb.c ****   * @param  USBx  Selected device
1056:Drivers/STM32F1xx_HAL_Driver/Src/stm32f1xx_ll_usb.c ****   * @retval HAL status
1057:Drivers/STM32F1xx_HAL_Driver/Src/stm32f1xx_ll_usb.c ****   */
1058:Drivers/STM32F1xx_HAL_Driver/Src/stm32f1xx_ll_usb.c **** HAL_StatusTypeDef USB_DevDisconnect(const USB_OTG_GlobalTypeDef *USBx)
ARM GAS  /var/folders/xf/tcndk8390ml5xdpfw93qkhpm0000gn/T//cc0WvzGY.s 			page 20


1059:Drivers/STM32F1xx_HAL_Driver/Src/stm32f1xx_ll_usb.c **** {
1060:Drivers/STM32F1xx_HAL_Driver/Src/stm32f1xx_ll_usb.c ****   uint32_t USBx_BASE = (uint32_t)USBx;
1061:Drivers/STM32F1xx_HAL_Driver/Src/stm32f1xx_ll_usb.c **** 
1062:Drivers/STM32F1xx_HAL_Driver/Src/stm32f1xx_ll_usb.c ****   /* In case phy is stopped, ensure to ungate and restore the phy CLK */
1063:Drivers/STM32F1xx_HAL_Driver/Src/stm32f1xx_ll_usb.c ****   USBx_PCGCCTL &= ~(USB_OTG_PCGCCTL_STOPCLK | USB_OTG_PCGCCTL_GATECLK);
1064:Drivers/STM32F1xx_HAL_Driver/Src/stm32f1xx_ll_usb.c **** 
1065:Drivers/STM32F1xx_HAL_Driver/Src/stm32f1xx_ll_usb.c ****   USBx_DEVICE->DCTL |= USB_OTG_DCTL_SDIS;
1066:Drivers/STM32F1xx_HAL_Driver/Src/stm32f1xx_ll_usb.c **** 
1067:Drivers/STM32F1xx_HAL_Driver/Src/stm32f1xx_ll_usb.c ****   return HAL_OK;
1068:Drivers/STM32F1xx_HAL_Driver/Src/stm32f1xx_ll_usb.c **** }
1069:Drivers/STM32F1xx_HAL_Driver/Src/stm32f1xx_ll_usb.c **** 
1070:Drivers/STM32F1xx_HAL_Driver/Src/stm32f1xx_ll_usb.c **** /**
1071:Drivers/STM32F1xx_HAL_Driver/Src/stm32f1xx_ll_usb.c ****   * @brief  USB_ReadInterrupts: return the global USB interrupt status
1072:Drivers/STM32F1xx_HAL_Driver/Src/stm32f1xx_ll_usb.c ****   * @param  USBx  Selected device
1073:Drivers/STM32F1xx_HAL_Driver/Src/stm32f1xx_ll_usb.c ****   * @retval USB Global Interrupt status
1074:Drivers/STM32F1xx_HAL_Driver/Src/stm32f1xx_ll_usb.c ****   */
1075:Drivers/STM32F1xx_HAL_Driver/Src/stm32f1xx_ll_usb.c **** uint32_t USB_ReadInterrupts(USB_OTG_GlobalTypeDef const *USBx)
1076:Drivers/STM32F1xx_HAL_Driver/Src/stm32f1xx_ll_usb.c **** {
1077:Drivers/STM32F1xx_HAL_Driver/Src/stm32f1xx_ll_usb.c ****   uint32_t tmpreg;
1078:Drivers/STM32F1xx_HAL_Driver/Src/stm32f1xx_ll_usb.c **** 
1079:Drivers/STM32F1xx_HAL_Driver/Src/stm32f1xx_ll_usb.c ****   tmpreg = USBx->GINTSTS;
1080:Drivers/STM32F1xx_HAL_Driver/Src/stm32f1xx_ll_usb.c ****   tmpreg &= USBx->GINTMSK;
1081:Drivers/STM32F1xx_HAL_Driver/Src/stm32f1xx_ll_usb.c **** 
1082:Drivers/STM32F1xx_HAL_Driver/Src/stm32f1xx_ll_usb.c ****   return tmpreg;
1083:Drivers/STM32F1xx_HAL_Driver/Src/stm32f1xx_ll_usb.c **** }
1084:Drivers/STM32F1xx_HAL_Driver/Src/stm32f1xx_ll_usb.c **** 
1085:Drivers/STM32F1xx_HAL_Driver/Src/stm32f1xx_ll_usb.c **** /**
1086:Drivers/STM32F1xx_HAL_Driver/Src/stm32f1xx_ll_usb.c ****   * @brief  USB_ReadChInterrupts: return USB channel interrupt status
1087:Drivers/STM32F1xx_HAL_Driver/Src/stm32f1xx_ll_usb.c ****   * @param  USBx  Selected device
1088:Drivers/STM32F1xx_HAL_Driver/Src/stm32f1xx_ll_usb.c ****   * @param  chnum Channel number
1089:Drivers/STM32F1xx_HAL_Driver/Src/stm32f1xx_ll_usb.c ****   * @retval USB Channel Interrupt status
1090:Drivers/STM32F1xx_HAL_Driver/Src/stm32f1xx_ll_usb.c ****   */
1091:Drivers/STM32F1xx_HAL_Driver/Src/stm32f1xx_ll_usb.c **** uint32_t USB_ReadChInterrupts(const USB_OTG_GlobalTypeDef *USBx, uint8_t chnum)
1092:Drivers/STM32F1xx_HAL_Driver/Src/stm32f1xx_ll_usb.c **** {
1093:Drivers/STM32F1xx_HAL_Driver/Src/stm32f1xx_ll_usb.c ****   uint32_t USBx_BASE = (uint32_t)USBx;
1094:Drivers/STM32F1xx_HAL_Driver/Src/stm32f1xx_ll_usb.c ****   uint32_t tmpreg;
1095:Drivers/STM32F1xx_HAL_Driver/Src/stm32f1xx_ll_usb.c **** 
1096:Drivers/STM32F1xx_HAL_Driver/Src/stm32f1xx_ll_usb.c ****   tmpreg = USBx_HC(chnum)->HCINT;
1097:Drivers/STM32F1xx_HAL_Driver/Src/stm32f1xx_ll_usb.c ****   tmpreg &= USBx_HC(chnum)->HCINTMSK;
1098:Drivers/STM32F1xx_HAL_Driver/Src/stm32f1xx_ll_usb.c **** 
1099:Drivers/STM32F1xx_HAL_Driver/Src/stm32f1xx_ll_usb.c ****   return tmpreg;
1100:Drivers/STM32F1xx_HAL_Driver/Src/stm32f1xx_ll_usb.c **** }
1101:Drivers/STM32F1xx_HAL_Driver/Src/stm32f1xx_ll_usb.c **** 
1102:Drivers/STM32F1xx_HAL_Driver/Src/stm32f1xx_ll_usb.c **** /**
1103:Drivers/STM32F1xx_HAL_Driver/Src/stm32f1xx_ll_usb.c ****   * @brief  USB_ReadDevAllOutEpInterrupt: return the USB device OUT endpoints interrupt status
1104:Drivers/STM32F1xx_HAL_Driver/Src/stm32f1xx_ll_usb.c ****   * @param  USBx  Selected device
1105:Drivers/STM32F1xx_HAL_Driver/Src/stm32f1xx_ll_usb.c ****   * @retval USB Device OUT EP interrupt status
1106:Drivers/STM32F1xx_HAL_Driver/Src/stm32f1xx_ll_usb.c ****   */
1107:Drivers/STM32F1xx_HAL_Driver/Src/stm32f1xx_ll_usb.c **** uint32_t USB_ReadDevAllOutEpInterrupt(const USB_OTG_GlobalTypeDef *USBx)
1108:Drivers/STM32F1xx_HAL_Driver/Src/stm32f1xx_ll_usb.c **** {
1109:Drivers/STM32F1xx_HAL_Driver/Src/stm32f1xx_ll_usb.c ****   uint32_t USBx_BASE = (uint32_t)USBx;
1110:Drivers/STM32F1xx_HAL_Driver/Src/stm32f1xx_ll_usb.c ****   uint32_t tmpreg;
1111:Drivers/STM32F1xx_HAL_Driver/Src/stm32f1xx_ll_usb.c **** 
1112:Drivers/STM32F1xx_HAL_Driver/Src/stm32f1xx_ll_usb.c ****   tmpreg  = USBx_DEVICE->DAINT;
1113:Drivers/STM32F1xx_HAL_Driver/Src/stm32f1xx_ll_usb.c ****   tmpreg &= USBx_DEVICE->DAINTMSK;
1114:Drivers/STM32F1xx_HAL_Driver/Src/stm32f1xx_ll_usb.c **** 
1115:Drivers/STM32F1xx_HAL_Driver/Src/stm32f1xx_ll_usb.c ****   return ((tmpreg & 0xffff0000U) >> 16);
ARM GAS  /var/folders/xf/tcndk8390ml5xdpfw93qkhpm0000gn/T//cc0WvzGY.s 			page 21


1116:Drivers/STM32F1xx_HAL_Driver/Src/stm32f1xx_ll_usb.c **** }
1117:Drivers/STM32F1xx_HAL_Driver/Src/stm32f1xx_ll_usb.c **** 
1118:Drivers/STM32F1xx_HAL_Driver/Src/stm32f1xx_ll_usb.c **** /**
1119:Drivers/STM32F1xx_HAL_Driver/Src/stm32f1xx_ll_usb.c ****   * @brief  USB_ReadDevAllInEpInterrupt: return the USB device IN endpoints interrupt status
1120:Drivers/STM32F1xx_HAL_Driver/Src/stm32f1xx_ll_usb.c ****   * @param  USBx  Selected device
1121:Drivers/STM32F1xx_HAL_Driver/Src/stm32f1xx_ll_usb.c ****   * @retval USB Device IN EP interrupt status
1122:Drivers/STM32F1xx_HAL_Driver/Src/stm32f1xx_ll_usb.c ****   */
1123:Drivers/STM32F1xx_HAL_Driver/Src/stm32f1xx_ll_usb.c **** uint32_t USB_ReadDevAllInEpInterrupt(const USB_OTG_GlobalTypeDef *USBx)
1124:Drivers/STM32F1xx_HAL_Driver/Src/stm32f1xx_ll_usb.c **** {
1125:Drivers/STM32F1xx_HAL_Driver/Src/stm32f1xx_ll_usb.c ****   uint32_t USBx_BASE = (uint32_t)USBx;
1126:Drivers/STM32F1xx_HAL_Driver/Src/stm32f1xx_ll_usb.c ****   uint32_t tmpreg;
1127:Drivers/STM32F1xx_HAL_Driver/Src/stm32f1xx_ll_usb.c **** 
1128:Drivers/STM32F1xx_HAL_Driver/Src/stm32f1xx_ll_usb.c ****   tmpreg  = USBx_DEVICE->DAINT;
1129:Drivers/STM32F1xx_HAL_Driver/Src/stm32f1xx_ll_usb.c ****   tmpreg &= USBx_DEVICE->DAINTMSK;
1130:Drivers/STM32F1xx_HAL_Driver/Src/stm32f1xx_ll_usb.c **** 
1131:Drivers/STM32F1xx_HAL_Driver/Src/stm32f1xx_ll_usb.c ****   return ((tmpreg & 0xFFFFU));
1132:Drivers/STM32F1xx_HAL_Driver/Src/stm32f1xx_ll_usb.c **** }
1133:Drivers/STM32F1xx_HAL_Driver/Src/stm32f1xx_ll_usb.c **** 
1134:Drivers/STM32F1xx_HAL_Driver/Src/stm32f1xx_ll_usb.c **** /**
1135:Drivers/STM32F1xx_HAL_Driver/Src/stm32f1xx_ll_usb.c ****   * @brief  Returns Device OUT EP Interrupt register
1136:Drivers/STM32F1xx_HAL_Driver/Src/stm32f1xx_ll_usb.c ****   * @param  USBx  Selected device
1137:Drivers/STM32F1xx_HAL_Driver/Src/stm32f1xx_ll_usb.c ****   * @param  epnum  endpoint number
1138:Drivers/STM32F1xx_HAL_Driver/Src/stm32f1xx_ll_usb.c ****   *          This parameter can be a value from 0 to 15
1139:Drivers/STM32F1xx_HAL_Driver/Src/stm32f1xx_ll_usb.c ****   * @retval Device OUT EP Interrupt register
1140:Drivers/STM32F1xx_HAL_Driver/Src/stm32f1xx_ll_usb.c ****   */
1141:Drivers/STM32F1xx_HAL_Driver/Src/stm32f1xx_ll_usb.c **** uint32_t USB_ReadDevOutEPInterrupt(const USB_OTG_GlobalTypeDef *USBx, uint8_t epnum)
1142:Drivers/STM32F1xx_HAL_Driver/Src/stm32f1xx_ll_usb.c **** {
1143:Drivers/STM32F1xx_HAL_Driver/Src/stm32f1xx_ll_usb.c ****   uint32_t USBx_BASE = (uint32_t)USBx;
1144:Drivers/STM32F1xx_HAL_Driver/Src/stm32f1xx_ll_usb.c ****   uint32_t tmpreg;
1145:Drivers/STM32F1xx_HAL_Driver/Src/stm32f1xx_ll_usb.c **** 
1146:Drivers/STM32F1xx_HAL_Driver/Src/stm32f1xx_ll_usb.c ****   tmpreg  = USBx_OUTEP((uint32_t)epnum)->DOEPINT;
1147:Drivers/STM32F1xx_HAL_Driver/Src/stm32f1xx_ll_usb.c ****   tmpreg &= USBx_DEVICE->DOEPMSK;
1148:Drivers/STM32F1xx_HAL_Driver/Src/stm32f1xx_ll_usb.c **** 
1149:Drivers/STM32F1xx_HAL_Driver/Src/stm32f1xx_ll_usb.c ****   return tmpreg;
1150:Drivers/STM32F1xx_HAL_Driver/Src/stm32f1xx_ll_usb.c **** }
1151:Drivers/STM32F1xx_HAL_Driver/Src/stm32f1xx_ll_usb.c **** 
1152:Drivers/STM32F1xx_HAL_Driver/Src/stm32f1xx_ll_usb.c **** /**
1153:Drivers/STM32F1xx_HAL_Driver/Src/stm32f1xx_ll_usb.c ****   * @brief  Returns Device IN EP Interrupt register
1154:Drivers/STM32F1xx_HAL_Driver/Src/stm32f1xx_ll_usb.c ****   * @param  USBx  Selected device
1155:Drivers/STM32F1xx_HAL_Driver/Src/stm32f1xx_ll_usb.c ****   * @param  epnum  endpoint number
1156:Drivers/STM32F1xx_HAL_Driver/Src/stm32f1xx_ll_usb.c ****   *          This parameter can be a value from 0 to 15
1157:Drivers/STM32F1xx_HAL_Driver/Src/stm32f1xx_ll_usb.c ****   * @retval Device IN EP Interrupt register
1158:Drivers/STM32F1xx_HAL_Driver/Src/stm32f1xx_ll_usb.c ****   */
1159:Drivers/STM32F1xx_HAL_Driver/Src/stm32f1xx_ll_usb.c **** uint32_t USB_ReadDevInEPInterrupt(const USB_OTG_GlobalTypeDef *USBx, uint8_t epnum)
1160:Drivers/STM32F1xx_HAL_Driver/Src/stm32f1xx_ll_usb.c **** {
1161:Drivers/STM32F1xx_HAL_Driver/Src/stm32f1xx_ll_usb.c ****   uint32_t USBx_BASE = (uint32_t)USBx;
1162:Drivers/STM32F1xx_HAL_Driver/Src/stm32f1xx_ll_usb.c ****   uint32_t tmpreg;
1163:Drivers/STM32F1xx_HAL_Driver/Src/stm32f1xx_ll_usb.c ****   uint32_t msk;
1164:Drivers/STM32F1xx_HAL_Driver/Src/stm32f1xx_ll_usb.c ****   uint32_t emp;
1165:Drivers/STM32F1xx_HAL_Driver/Src/stm32f1xx_ll_usb.c **** 
1166:Drivers/STM32F1xx_HAL_Driver/Src/stm32f1xx_ll_usb.c ****   msk = USBx_DEVICE->DIEPMSK;
1167:Drivers/STM32F1xx_HAL_Driver/Src/stm32f1xx_ll_usb.c ****   emp = USBx_DEVICE->DIEPEMPMSK;
1168:Drivers/STM32F1xx_HAL_Driver/Src/stm32f1xx_ll_usb.c ****   msk |= ((emp >> (epnum & EP_ADDR_MSK)) & 0x1U) << 7;
1169:Drivers/STM32F1xx_HAL_Driver/Src/stm32f1xx_ll_usb.c ****   tmpreg = USBx_INEP((uint32_t)epnum)->DIEPINT & msk;
1170:Drivers/STM32F1xx_HAL_Driver/Src/stm32f1xx_ll_usb.c **** 
1171:Drivers/STM32F1xx_HAL_Driver/Src/stm32f1xx_ll_usb.c ****   return tmpreg;
1172:Drivers/STM32F1xx_HAL_Driver/Src/stm32f1xx_ll_usb.c **** }
ARM GAS  /var/folders/xf/tcndk8390ml5xdpfw93qkhpm0000gn/T//cc0WvzGY.s 			page 22


1173:Drivers/STM32F1xx_HAL_Driver/Src/stm32f1xx_ll_usb.c **** 
1174:Drivers/STM32F1xx_HAL_Driver/Src/stm32f1xx_ll_usb.c **** /**
1175:Drivers/STM32F1xx_HAL_Driver/Src/stm32f1xx_ll_usb.c ****   * @brief  USB_ClearInterrupts: clear a USB interrupt
1176:Drivers/STM32F1xx_HAL_Driver/Src/stm32f1xx_ll_usb.c ****   * @param  USBx  Selected device
1177:Drivers/STM32F1xx_HAL_Driver/Src/stm32f1xx_ll_usb.c ****   * @param  interrupt  flag
1178:Drivers/STM32F1xx_HAL_Driver/Src/stm32f1xx_ll_usb.c ****   * @retval None
1179:Drivers/STM32F1xx_HAL_Driver/Src/stm32f1xx_ll_usb.c ****   */
1180:Drivers/STM32F1xx_HAL_Driver/Src/stm32f1xx_ll_usb.c **** void  USB_ClearInterrupts(USB_OTG_GlobalTypeDef *USBx, uint32_t interrupt)
1181:Drivers/STM32F1xx_HAL_Driver/Src/stm32f1xx_ll_usb.c **** {
1182:Drivers/STM32F1xx_HAL_Driver/Src/stm32f1xx_ll_usb.c ****   USBx->GINTSTS &= interrupt;
1183:Drivers/STM32F1xx_HAL_Driver/Src/stm32f1xx_ll_usb.c **** }
1184:Drivers/STM32F1xx_HAL_Driver/Src/stm32f1xx_ll_usb.c **** 
1185:Drivers/STM32F1xx_HAL_Driver/Src/stm32f1xx_ll_usb.c **** /**
1186:Drivers/STM32F1xx_HAL_Driver/Src/stm32f1xx_ll_usb.c ****   * @brief  Returns USB core mode
1187:Drivers/STM32F1xx_HAL_Driver/Src/stm32f1xx_ll_usb.c ****   * @param  USBx  Selected device
1188:Drivers/STM32F1xx_HAL_Driver/Src/stm32f1xx_ll_usb.c ****   * @retval return core mode : Host or Device
1189:Drivers/STM32F1xx_HAL_Driver/Src/stm32f1xx_ll_usb.c ****   *          This parameter can be one of these values:
1190:Drivers/STM32F1xx_HAL_Driver/Src/stm32f1xx_ll_usb.c ****   *           0 : Host
1191:Drivers/STM32F1xx_HAL_Driver/Src/stm32f1xx_ll_usb.c ****   *           1 : Device
1192:Drivers/STM32F1xx_HAL_Driver/Src/stm32f1xx_ll_usb.c ****   */
1193:Drivers/STM32F1xx_HAL_Driver/Src/stm32f1xx_ll_usb.c **** uint32_t USB_GetMode(const USB_OTG_GlobalTypeDef *USBx)
1194:Drivers/STM32F1xx_HAL_Driver/Src/stm32f1xx_ll_usb.c **** {
1195:Drivers/STM32F1xx_HAL_Driver/Src/stm32f1xx_ll_usb.c ****   return ((USBx->GINTSTS) & 0x1U);
1196:Drivers/STM32F1xx_HAL_Driver/Src/stm32f1xx_ll_usb.c **** }
1197:Drivers/STM32F1xx_HAL_Driver/Src/stm32f1xx_ll_usb.c **** 
1198:Drivers/STM32F1xx_HAL_Driver/Src/stm32f1xx_ll_usb.c **** /**
1199:Drivers/STM32F1xx_HAL_Driver/Src/stm32f1xx_ll_usb.c ****   * @brief  Activate EP0 for Setup transactions
1200:Drivers/STM32F1xx_HAL_Driver/Src/stm32f1xx_ll_usb.c ****   * @param  USBx  Selected device
1201:Drivers/STM32F1xx_HAL_Driver/Src/stm32f1xx_ll_usb.c ****   * @retval HAL status
1202:Drivers/STM32F1xx_HAL_Driver/Src/stm32f1xx_ll_usb.c ****   */
1203:Drivers/STM32F1xx_HAL_Driver/Src/stm32f1xx_ll_usb.c **** HAL_StatusTypeDef USB_ActivateSetup(const USB_OTG_GlobalTypeDef *USBx)
1204:Drivers/STM32F1xx_HAL_Driver/Src/stm32f1xx_ll_usb.c **** {
1205:Drivers/STM32F1xx_HAL_Driver/Src/stm32f1xx_ll_usb.c ****   uint32_t USBx_BASE = (uint32_t)USBx;
1206:Drivers/STM32F1xx_HAL_Driver/Src/stm32f1xx_ll_usb.c **** 
1207:Drivers/STM32F1xx_HAL_Driver/Src/stm32f1xx_ll_usb.c ****   /* Set the MPS of the IN EP0 to 64 bytes */
1208:Drivers/STM32F1xx_HAL_Driver/Src/stm32f1xx_ll_usb.c ****   USBx_INEP(0U)->DIEPCTL &= ~USB_OTG_DIEPCTL_MPSIZ;
1209:Drivers/STM32F1xx_HAL_Driver/Src/stm32f1xx_ll_usb.c **** 
1210:Drivers/STM32F1xx_HAL_Driver/Src/stm32f1xx_ll_usb.c ****   USBx_DEVICE->DCTL |= USB_OTG_DCTL_CGINAK;
1211:Drivers/STM32F1xx_HAL_Driver/Src/stm32f1xx_ll_usb.c **** 
1212:Drivers/STM32F1xx_HAL_Driver/Src/stm32f1xx_ll_usb.c ****   return HAL_OK;
1213:Drivers/STM32F1xx_HAL_Driver/Src/stm32f1xx_ll_usb.c **** }
1214:Drivers/STM32F1xx_HAL_Driver/Src/stm32f1xx_ll_usb.c **** 
1215:Drivers/STM32F1xx_HAL_Driver/Src/stm32f1xx_ll_usb.c **** /**
1216:Drivers/STM32F1xx_HAL_Driver/Src/stm32f1xx_ll_usb.c ****   * @brief  Prepare the EP0 to start the first control setup
1217:Drivers/STM32F1xx_HAL_Driver/Src/stm32f1xx_ll_usb.c ****   * @param  USBx  Selected device
1218:Drivers/STM32F1xx_HAL_Driver/Src/stm32f1xx_ll_usb.c ****   * @param  psetup  pointer to setup packet
1219:Drivers/STM32F1xx_HAL_Driver/Src/stm32f1xx_ll_usb.c ****   * @retval HAL status
1220:Drivers/STM32F1xx_HAL_Driver/Src/stm32f1xx_ll_usb.c ****   */
1221:Drivers/STM32F1xx_HAL_Driver/Src/stm32f1xx_ll_usb.c **** HAL_StatusTypeDef USB_EP0_OutStart(const USB_OTG_GlobalTypeDef *USBx, const uint8_t *psetup)
1222:Drivers/STM32F1xx_HAL_Driver/Src/stm32f1xx_ll_usb.c **** {
1223:Drivers/STM32F1xx_HAL_Driver/Src/stm32f1xx_ll_usb.c ****   uint32_t USBx_BASE = (uint32_t)USBx;
1224:Drivers/STM32F1xx_HAL_Driver/Src/stm32f1xx_ll_usb.c ****   uint32_t gSNPSiD = *(__IO const uint32_t *)(&USBx->CID + 0x1U);
1225:Drivers/STM32F1xx_HAL_Driver/Src/stm32f1xx_ll_usb.c ****   UNUSED(psetup);
1226:Drivers/STM32F1xx_HAL_Driver/Src/stm32f1xx_ll_usb.c **** 
1227:Drivers/STM32F1xx_HAL_Driver/Src/stm32f1xx_ll_usb.c ****   if (gSNPSiD > USB_OTG_CORE_ID_300A)
1228:Drivers/STM32F1xx_HAL_Driver/Src/stm32f1xx_ll_usb.c ****   {
1229:Drivers/STM32F1xx_HAL_Driver/Src/stm32f1xx_ll_usb.c ****     if ((USBx_OUTEP(0U)->DOEPCTL & USB_OTG_DOEPCTL_EPENA) == USB_OTG_DOEPCTL_EPENA)
ARM GAS  /var/folders/xf/tcndk8390ml5xdpfw93qkhpm0000gn/T//cc0WvzGY.s 			page 23


1230:Drivers/STM32F1xx_HAL_Driver/Src/stm32f1xx_ll_usb.c ****     {
1231:Drivers/STM32F1xx_HAL_Driver/Src/stm32f1xx_ll_usb.c ****       return HAL_OK;
1232:Drivers/STM32F1xx_HAL_Driver/Src/stm32f1xx_ll_usb.c ****     }
1233:Drivers/STM32F1xx_HAL_Driver/Src/stm32f1xx_ll_usb.c ****   }
1234:Drivers/STM32F1xx_HAL_Driver/Src/stm32f1xx_ll_usb.c **** 
1235:Drivers/STM32F1xx_HAL_Driver/Src/stm32f1xx_ll_usb.c ****   USBx_OUTEP(0U)->DOEPTSIZ = 0U;
1236:Drivers/STM32F1xx_HAL_Driver/Src/stm32f1xx_ll_usb.c ****   USBx_OUTEP(0U)->DOEPTSIZ |= (USB_OTG_DOEPTSIZ_PKTCNT & (1U << 19));
1237:Drivers/STM32F1xx_HAL_Driver/Src/stm32f1xx_ll_usb.c ****   USBx_OUTEP(0U)->DOEPTSIZ |= (3U * 8U);
1238:Drivers/STM32F1xx_HAL_Driver/Src/stm32f1xx_ll_usb.c ****   USBx_OUTEP(0U)->DOEPTSIZ |=  USB_OTG_DOEPTSIZ_STUPCNT;
1239:Drivers/STM32F1xx_HAL_Driver/Src/stm32f1xx_ll_usb.c **** 
1240:Drivers/STM32F1xx_HAL_Driver/Src/stm32f1xx_ll_usb.c ****   return HAL_OK;
1241:Drivers/STM32F1xx_HAL_Driver/Src/stm32f1xx_ll_usb.c **** }
1242:Drivers/STM32F1xx_HAL_Driver/Src/stm32f1xx_ll_usb.c **** 
1243:Drivers/STM32F1xx_HAL_Driver/Src/stm32f1xx_ll_usb.c **** /**
1244:Drivers/STM32F1xx_HAL_Driver/Src/stm32f1xx_ll_usb.c ****   * @brief  Reset the USB Core (needed after USB clock settings change)
1245:Drivers/STM32F1xx_HAL_Driver/Src/stm32f1xx_ll_usb.c ****   * @param  USBx  Selected device
1246:Drivers/STM32F1xx_HAL_Driver/Src/stm32f1xx_ll_usb.c ****   * @retval HAL status
1247:Drivers/STM32F1xx_HAL_Driver/Src/stm32f1xx_ll_usb.c ****   */
1248:Drivers/STM32F1xx_HAL_Driver/Src/stm32f1xx_ll_usb.c **** static HAL_StatusTypeDef USB_CoreReset(USB_OTG_GlobalTypeDef *USBx)
1249:Drivers/STM32F1xx_HAL_Driver/Src/stm32f1xx_ll_usb.c **** {
1250:Drivers/STM32F1xx_HAL_Driver/Src/stm32f1xx_ll_usb.c ****   __IO uint32_t count = 0U;
1251:Drivers/STM32F1xx_HAL_Driver/Src/stm32f1xx_ll_usb.c **** 
1252:Drivers/STM32F1xx_HAL_Driver/Src/stm32f1xx_ll_usb.c ****   /* Wait for AHB master IDLE state. */
1253:Drivers/STM32F1xx_HAL_Driver/Src/stm32f1xx_ll_usb.c ****   do
1254:Drivers/STM32F1xx_HAL_Driver/Src/stm32f1xx_ll_usb.c ****   {
1255:Drivers/STM32F1xx_HAL_Driver/Src/stm32f1xx_ll_usb.c ****     count++;
1256:Drivers/STM32F1xx_HAL_Driver/Src/stm32f1xx_ll_usb.c **** 
1257:Drivers/STM32F1xx_HAL_Driver/Src/stm32f1xx_ll_usb.c ****     if (count > HAL_USB_TIMEOUT)
1258:Drivers/STM32F1xx_HAL_Driver/Src/stm32f1xx_ll_usb.c ****     {
1259:Drivers/STM32F1xx_HAL_Driver/Src/stm32f1xx_ll_usb.c ****       return HAL_TIMEOUT;
1260:Drivers/STM32F1xx_HAL_Driver/Src/stm32f1xx_ll_usb.c ****     }
1261:Drivers/STM32F1xx_HAL_Driver/Src/stm32f1xx_ll_usb.c ****   } while ((USBx->GRSTCTL & USB_OTG_GRSTCTL_AHBIDL) == 0U);
1262:Drivers/STM32F1xx_HAL_Driver/Src/stm32f1xx_ll_usb.c **** 
1263:Drivers/STM32F1xx_HAL_Driver/Src/stm32f1xx_ll_usb.c ****   /* Core Soft Reset */
1264:Drivers/STM32F1xx_HAL_Driver/Src/stm32f1xx_ll_usb.c ****   count = 0U;
1265:Drivers/STM32F1xx_HAL_Driver/Src/stm32f1xx_ll_usb.c ****   USBx->GRSTCTL |= USB_OTG_GRSTCTL_CSRST;
1266:Drivers/STM32F1xx_HAL_Driver/Src/stm32f1xx_ll_usb.c **** 
1267:Drivers/STM32F1xx_HAL_Driver/Src/stm32f1xx_ll_usb.c ****   do
1268:Drivers/STM32F1xx_HAL_Driver/Src/stm32f1xx_ll_usb.c ****   {
1269:Drivers/STM32F1xx_HAL_Driver/Src/stm32f1xx_ll_usb.c ****     count++;
1270:Drivers/STM32F1xx_HAL_Driver/Src/stm32f1xx_ll_usb.c **** 
1271:Drivers/STM32F1xx_HAL_Driver/Src/stm32f1xx_ll_usb.c ****     if (count > HAL_USB_TIMEOUT)
1272:Drivers/STM32F1xx_HAL_Driver/Src/stm32f1xx_ll_usb.c ****     {
1273:Drivers/STM32F1xx_HAL_Driver/Src/stm32f1xx_ll_usb.c ****       return HAL_TIMEOUT;
1274:Drivers/STM32F1xx_HAL_Driver/Src/stm32f1xx_ll_usb.c ****     }
1275:Drivers/STM32F1xx_HAL_Driver/Src/stm32f1xx_ll_usb.c ****   } while ((USBx->GRSTCTL & USB_OTG_GRSTCTL_CSRST) == USB_OTG_GRSTCTL_CSRST);
1276:Drivers/STM32F1xx_HAL_Driver/Src/stm32f1xx_ll_usb.c **** 
1277:Drivers/STM32F1xx_HAL_Driver/Src/stm32f1xx_ll_usb.c ****   return HAL_OK;
1278:Drivers/STM32F1xx_HAL_Driver/Src/stm32f1xx_ll_usb.c **** }
1279:Drivers/STM32F1xx_HAL_Driver/Src/stm32f1xx_ll_usb.c **** 
1280:Drivers/STM32F1xx_HAL_Driver/Src/stm32f1xx_ll_usb.c **** /**
1281:Drivers/STM32F1xx_HAL_Driver/Src/stm32f1xx_ll_usb.c ****   * @brief  USB_HostInit : Initializes the USB OTG controller registers
1282:Drivers/STM32F1xx_HAL_Driver/Src/stm32f1xx_ll_usb.c ****   *         for Host mode
1283:Drivers/STM32F1xx_HAL_Driver/Src/stm32f1xx_ll_usb.c ****   * @param  USBx  Selected device
1284:Drivers/STM32F1xx_HAL_Driver/Src/stm32f1xx_ll_usb.c ****   * @param  cfg   pointer to a USB_OTG_CfgTypeDef structure that contains
1285:Drivers/STM32F1xx_HAL_Driver/Src/stm32f1xx_ll_usb.c ****   *         the configuration information for the specified USBx peripheral.
1286:Drivers/STM32F1xx_HAL_Driver/Src/stm32f1xx_ll_usb.c ****   * @retval HAL status
ARM GAS  /var/folders/xf/tcndk8390ml5xdpfw93qkhpm0000gn/T//cc0WvzGY.s 			page 24


1287:Drivers/STM32F1xx_HAL_Driver/Src/stm32f1xx_ll_usb.c ****   */
1288:Drivers/STM32F1xx_HAL_Driver/Src/stm32f1xx_ll_usb.c **** HAL_StatusTypeDef USB_HostInit(USB_OTG_GlobalTypeDef *USBx, USB_OTG_CfgTypeDef cfg)
1289:Drivers/STM32F1xx_HAL_Driver/Src/stm32f1xx_ll_usb.c **** {
1290:Drivers/STM32F1xx_HAL_Driver/Src/stm32f1xx_ll_usb.c ****   HAL_StatusTypeDef ret = HAL_OK;
1291:Drivers/STM32F1xx_HAL_Driver/Src/stm32f1xx_ll_usb.c ****   uint32_t USBx_BASE = (uint32_t)USBx;
1292:Drivers/STM32F1xx_HAL_Driver/Src/stm32f1xx_ll_usb.c ****   uint32_t i;
1293:Drivers/STM32F1xx_HAL_Driver/Src/stm32f1xx_ll_usb.c **** 
1294:Drivers/STM32F1xx_HAL_Driver/Src/stm32f1xx_ll_usb.c ****   /* Restart the Phy Clock */
1295:Drivers/STM32F1xx_HAL_Driver/Src/stm32f1xx_ll_usb.c ****   USBx_PCGCCTL = 0U;
1296:Drivers/STM32F1xx_HAL_Driver/Src/stm32f1xx_ll_usb.c **** 
1297:Drivers/STM32F1xx_HAL_Driver/Src/stm32f1xx_ll_usb.c ****   /* Disable VBUS sensing */
1298:Drivers/STM32F1xx_HAL_Driver/Src/stm32f1xx_ll_usb.c ****   USBx->GCCFG &= ~(USB_OTG_GCCFG_VBUSASEN);
1299:Drivers/STM32F1xx_HAL_Driver/Src/stm32f1xx_ll_usb.c ****   USBx->GCCFG &= ~(USB_OTG_GCCFG_VBUSBSEN);
1300:Drivers/STM32F1xx_HAL_Driver/Src/stm32f1xx_ll_usb.c ****   /* Set default Max speed support */
1301:Drivers/STM32F1xx_HAL_Driver/Src/stm32f1xx_ll_usb.c ****   USBx_HOST->HCFG &= ~(USB_OTG_HCFG_FSLSS);
1302:Drivers/STM32F1xx_HAL_Driver/Src/stm32f1xx_ll_usb.c **** 
1303:Drivers/STM32F1xx_HAL_Driver/Src/stm32f1xx_ll_usb.c ****   /* Make sure the FIFOs are flushed. */
1304:Drivers/STM32F1xx_HAL_Driver/Src/stm32f1xx_ll_usb.c ****   if (USB_FlushTxFifo(USBx, 0x10U) != HAL_OK) /* all Tx FIFOs */
1305:Drivers/STM32F1xx_HAL_Driver/Src/stm32f1xx_ll_usb.c ****   {
1306:Drivers/STM32F1xx_HAL_Driver/Src/stm32f1xx_ll_usb.c ****     ret = HAL_ERROR;
1307:Drivers/STM32F1xx_HAL_Driver/Src/stm32f1xx_ll_usb.c ****   }
1308:Drivers/STM32F1xx_HAL_Driver/Src/stm32f1xx_ll_usb.c **** 
1309:Drivers/STM32F1xx_HAL_Driver/Src/stm32f1xx_ll_usb.c ****   if (USB_FlushRxFifo(USBx) != HAL_OK)
1310:Drivers/STM32F1xx_HAL_Driver/Src/stm32f1xx_ll_usb.c ****   {
1311:Drivers/STM32F1xx_HAL_Driver/Src/stm32f1xx_ll_usb.c ****     ret = HAL_ERROR;
1312:Drivers/STM32F1xx_HAL_Driver/Src/stm32f1xx_ll_usb.c ****   }
1313:Drivers/STM32F1xx_HAL_Driver/Src/stm32f1xx_ll_usb.c **** 
1314:Drivers/STM32F1xx_HAL_Driver/Src/stm32f1xx_ll_usb.c ****   /* Clear all pending HC Interrupts */
1315:Drivers/STM32F1xx_HAL_Driver/Src/stm32f1xx_ll_usb.c ****   for (i = 0U; i < cfg.Host_channels; i++)
1316:Drivers/STM32F1xx_HAL_Driver/Src/stm32f1xx_ll_usb.c ****   {
1317:Drivers/STM32F1xx_HAL_Driver/Src/stm32f1xx_ll_usb.c ****     USBx_HC(i)->HCINT = CLEAR_INTERRUPT_MASK;
1318:Drivers/STM32F1xx_HAL_Driver/Src/stm32f1xx_ll_usb.c ****     USBx_HC(i)->HCINTMSK = 0U;
1319:Drivers/STM32F1xx_HAL_Driver/Src/stm32f1xx_ll_usb.c ****   }
1320:Drivers/STM32F1xx_HAL_Driver/Src/stm32f1xx_ll_usb.c **** 
1321:Drivers/STM32F1xx_HAL_Driver/Src/stm32f1xx_ll_usb.c ****   /* Disable all interrupts. */
1322:Drivers/STM32F1xx_HAL_Driver/Src/stm32f1xx_ll_usb.c ****   USBx->GINTMSK = 0U;
1323:Drivers/STM32F1xx_HAL_Driver/Src/stm32f1xx_ll_usb.c **** 
1324:Drivers/STM32F1xx_HAL_Driver/Src/stm32f1xx_ll_usb.c ****   /* Clear any pending interrupts */
1325:Drivers/STM32F1xx_HAL_Driver/Src/stm32f1xx_ll_usb.c ****   USBx->GINTSTS = CLEAR_INTERRUPT_MASK;
1326:Drivers/STM32F1xx_HAL_Driver/Src/stm32f1xx_ll_usb.c **** 
1327:Drivers/STM32F1xx_HAL_Driver/Src/stm32f1xx_ll_usb.c ****   /* set Rx FIFO size */
1328:Drivers/STM32F1xx_HAL_Driver/Src/stm32f1xx_ll_usb.c ****   USBx->GRXFSIZ  = 0x80U;
1329:Drivers/STM32F1xx_HAL_Driver/Src/stm32f1xx_ll_usb.c ****   USBx->DIEPTXF0_HNPTXFSIZ = (uint32_t)(((0x60U << 16) & USB_OTG_NPTXFD) | 0x80U);
1330:Drivers/STM32F1xx_HAL_Driver/Src/stm32f1xx_ll_usb.c ****   USBx->HPTXFSIZ = (uint32_t)(((0x40U << 16)& USB_OTG_HPTXFSIZ_PTXFD) | 0xE0U);
1331:Drivers/STM32F1xx_HAL_Driver/Src/stm32f1xx_ll_usb.c ****   /* Enable the common interrupts */
1332:Drivers/STM32F1xx_HAL_Driver/Src/stm32f1xx_ll_usb.c ****   USBx->GINTMSK |= USB_OTG_GINTMSK_RXFLVLM;
1333:Drivers/STM32F1xx_HAL_Driver/Src/stm32f1xx_ll_usb.c **** 
1334:Drivers/STM32F1xx_HAL_Driver/Src/stm32f1xx_ll_usb.c ****   /* Enable interrupts matching to the Host mode ONLY */
1335:Drivers/STM32F1xx_HAL_Driver/Src/stm32f1xx_ll_usb.c ****   USBx->GINTMSK |= (USB_OTG_GINTMSK_PRTIM            | USB_OTG_GINTMSK_HCIM | \
1336:Drivers/STM32F1xx_HAL_Driver/Src/stm32f1xx_ll_usb.c ****                     USB_OTG_GINTMSK_SOFM             | USB_OTG_GINTSTS_DISCINT | \
1337:Drivers/STM32F1xx_HAL_Driver/Src/stm32f1xx_ll_usb.c ****                     USB_OTG_GINTMSK_PXFRM_IISOOXFRM  | USB_OTG_GINTMSK_WUIM);
1338:Drivers/STM32F1xx_HAL_Driver/Src/stm32f1xx_ll_usb.c **** 
1339:Drivers/STM32F1xx_HAL_Driver/Src/stm32f1xx_ll_usb.c ****   return ret;
1340:Drivers/STM32F1xx_HAL_Driver/Src/stm32f1xx_ll_usb.c **** }
1341:Drivers/STM32F1xx_HAL_Driver/Src/stm32f1xx_ll_usb.c **** 
1342:Drivers/STM32F1xx_HAL_Driver/Src/stm32f1xx_ll_usb.c **** /**
1343:Drivers/STM32F1xx_HAL_Driver/Src/stm32f1xx_ll_usb.c ****   * @brief  USB_InitFSLSPClkSel : Initializes the FSLSPClkSel field of the
ARM GAS  /var/folders/xf/tcndk8390ml5xdpfw93qkhpm0000gn/T//cc0WvzGY.s 			page 25


1344:Drivers/STM32F1xx_HAL_Driver/Src/stm32f1xx_ll_usb.c ****   *         HCFG register on the PHY type and set the right frame interval
1345:Drivers/STM32F1xx_HAL_Driver/Src/stm32f1xx_ll_usb.c ****   * @param  USBx  Selected device
1346:Drivers/STM32F1xx_HAL_Driver/Src/stm32f1xx_ll_usb.c ****   * @param  freq  clock frequency
1347:Drivers/STM32F1xx_HAL_Driver/Src/stm32f1xx_ll_usb.c ****   *          This parameter can be one of these values:
1348:Drivers/STM32F1xx_HAL_Driver/Src/stm32f1xx_ll_usb.c ****   *           HCFG_48_MHZ : Full Speed 48 MHz Clock
1349:Drivers/STM32F1xx_HAL_Driver/Src/stm32f1xx_ll_usb.c ****   *           HCFG_6_MHZ : Low Speed 6 MHz Clock
1350:Drivers/STM32F1xx_HAL_Driver/Src/stm32f1xx_ll_usb.c ****   * @retval HAL status
1351:Drivers/STM32F1xx_HAL_Driver/Src/stm32f1xx_ll_usb.c ****   */
1352:Drivers/STM32F1xx_HAL_Driver/Src/stm32f1xx_ll_usb.c **** HAL_StatusTypeDef USB_InitFSLSPClkSel(const USB_OTG_GlobalTypeDef *USBx, uint8_t freq)
1353:Drivers/STM32F1xx_HAL_Driver/Src/stm32f1xx_ll_usb.c **** {
1354:Drivers/STM32F1xx_HAL_Driver/Src/stm32f1xx_ll_usb.c ****   uint32_t USBx_BASE = (uint32_t)USBx;
1355:Drivers/STM32F1xx_HAL_Driver/Src/stm32f1xx_ll_usb.c **** 
1356:Drivers/STM32F1xx_HAL_Driver/Src/stm32f1xx_ll_usb.c ****   USBx_HOST->HCFG &= ~(USB_OTG_HCFG_FSLSPCS);
1357:Drivers/STM32F1xx_HAL_Driver/Src/stm32f1xx_ll_usb.c ****   USBx_HOST->HCFG |= (uint32_t)freq & USB_OTG_HCFG_FSLSPCS;
1358:Drivers/STM32F1xx_HAL_Driver/Src/stm32f1xx_ll_usb.c **** 
1359:Drivers/STM32F1xx_HAL_Driver/Src/stm32f1xx_ll_usb.c ****   if (freq == HCFG_48_MHZ)
1360:Drivers/STM32F1xx_HAL_Driver/Src/stm32f1xx_ll_usb.c ****   {
1361:Drivers/STM32F1xx_HAL_Driver/Src/stm32f1xx_ll_usb.c ****     USBx_HOST->HFIR = HFIR_48_MHZ;
1362:Drivers/STM32F1xx_HAL_Driver/Src/stm32f1xx_ll_usb.c ****   }
1363:Drivers/STM32F1xx_HAL_Driver/Src/stm32f1xx_ll_usb.c ****   else if (freq == HCFG_6_MHZ)
1364:Drivers/STM32F1xx_HAL_Driver/Src/stm32f1xx_ll_usb.c ****   {
1365:Drivers/STM32F1xx_HAL_Driver/Src/stm32f1xx_ll_usb.c ****     USBx_HOST->HFIR = HFIR_6_MHZ;
1366:Drivers/STM32F1xx_HAL_Driver/Src/stm32f1xx_ll_usb.c ****   }
1367:Drivers/STM32F1xx_HAL_Driver/Src/stm32f1xx_ll_usb.c ****   else
1368:Drivers/STM32F1xx_HAL_Driver/Src/stm32f1xx_ll_usb.c ****   {
1369:Drivers/STM32F1xx_HAL_Driver/Src/stm32f1xx_ll_usb.c ****     return HAL_ERROR;
1370:Drivers/STM32F1xx_HAL_Driver/Src/stm32f1xx_ll_usb.c ****   }
1371:Drivers/STM32F1xx_HAL_Driver/Src/stm32f1xx_ll_usb.c **** 
1372:Drivers/STM32F1xx_HAL_Driver/Src/stm32f1xx_ll_usb.c ****   return HAL_OK;
1373:Drivers/STM32F1xx_HAL_Driver/Src/stm32f1xx_ll_usb.c **** }
1374:Drivers/STM32F1xx_HAL_Driver/Src/stm32f1xx_ll_usb.c **** 
1375:Drivers/STM32F1xx_HAL_Driver/Src/stm32f1xx_ll_usb.c **** /**
1376:Drivers/STM32F1xx_HAL_Driver/Src/stm32f1xx_ll_usb.c ****   * @brief  USB_OTG_ResetPort : Reset Host Port
1377:Drivers/STM32F1xx_HAL_Driver/Src/stm32f1xx_ll_usb.c ****   * @param  USBx  Selected device
1378:Drivers/STM32F1xx_HAL_Driver/Src/stm32f1xx_ll_usb.c ****   * @retval HAL status
1379:Drivers/STM32F1xx_HAL_Driver/Src/stm32f1xx_ll_usb.c ****   * @note (1)The application must wait at least 10 ms
1380:Drivers/STM32F1xx_HAL_Driver/Src/stm32f1xx_ll_usb.c ****   *   before clearing the reset bit.
1381:Drivers/STM32F1xx_HAL_Driver/Src/stm32f1xx_ll_usb.c ****   */
1382:Drivers/STM32F1xx_HAL_Driver/Src/stm32f1xx_ll_usb.c **** HAL_StatusTypeDef USB_ResetPort(const USB_OTG_GlobalTypeDef *USBx)
1383:Drivers/STM32F1xx_HAL_Driver/Src/stm32f1xx_ll_usb.c **** {
1384:Drivers/STM32F1xx_HAL_Driver/Src/stm32f1xx_ll_usb.c ****   uint32_t USBx_BASE = (uint32_t)USBx;
1385:Drivers/STM32F1xx_HAL_Driver/Src/stm32f1xx_ll_usb.c **** 
1386:Drivers/STM32F1xx_HAL_Driver/Src/stm32f1xx_ll_usb.c ****   __IO uint32_t hprt0 = 0U;
1387:Drivers/STM32F1xx_HAL_Driver/Src/stm32f1xx_ll_usb.c **** 
1388:Drivers/STM32F1xx_HAL_Driver/Src/stm32f1xx_ll_usb.c ****   hprt0 = USBx_HPRT0;
1389:Drivers/STM32F1xx_HAL_Driver/Src/stm32f1xx_ll_usb.c **** 
1390:Drivers/STM32F1xx_HAL_Driver/Src/stm32f1xx_ll_usb.c ****   hprt0 &= ~(USB_OTG_HPRT_PENA | USB_OTG_HPRT_PCDET |
1391:Drivers/STM32F1xx_HAL_Driver/Src/stm32f1xx_ll_usb.c ****              USB_OTG_HPRT_PENCHNG | USB_OTG_HPRT_POCCHNG);
1392:Drivers/STM32F1xx_HAL_Driver/Src/stm32f1xx_ll_usb.c **** 
1393:Drivers/STM32F1xx_HAL_Driver/Src/stm32f1xx_ll_usb.c ****   USBx_HPRT0 = (USB_OTG_HPRT_PRST | hprt0);
1394:Drivers/STM32F1xx_HAL_Driver/Src/stm32f1xx_ll_usb.c ****   HAL_Delay(100U);                                 /* See Note #1 */
1395:Drivers/STM32F1xx_HAL_Driver/Src/stm32f1xx_ll_usb.c ****   USBx_HPRT0 = ((~USB_OTG_HPRT_PRST) & hprt0);
1396:Drivers/STM32F1xx_HAL_Driver/Src/stm32f1xx_ll_usb.c ****   HAL_Delay(10U);
1397:Drivers/STM32F1xx_HAL_Driver/Src/stm32f1xx_ll_usb.c **** 
1398:Drivers/STM32F1xx_HAL_Driver/Src/stm32f1xx_ll_usb.c ****   return HAL_OK;
1399:Drivers/STM32F1xx_HAL_Driver/Src/stm32f1xx_ll_usb.c **** }
1400:Drivers/STM32F1xx_HAL_Driver/Src/stm32f1xx_ll_usb.c **** 
ARM GAS  /var/folders/xf/tcndk8390ml5xdpfw93qkhpm0000gn/T//cc0WvzGY.s 			page 26


1401:Drivers/STM32F1xx_HAL_Driver/Src/stm32f1xx_ll_usb.c **** /**
1402:Drivers/STM32F1xx_HAL_Driver/Src/stm32f1xx_ll_usb.c ****   * @brief  USB_DriveVbus : activate or de-activate vbus
1403:Drivers/STM32F1xx_HAL_Driver/Src/stm32f1xx_ll_usb.c ****   * @param  state  VBUS state
1404:Drivers/STM32F1xx_HAL_Driver/Src/stm32f1xx_ll_usb.c ****   *          This parameter can be one of these values:
1405:Drivers/STM32F1xx_HAL_Driver/Src/stm32f1xx_ll_usb.c ****   *           0 : Deactivate VBUS
1406:Drivers/STM32F1xx_HAL_Driver/Src/stm32f1xx_ll_usb.c ****   *           1 : Activate VBUS
1407:Drivers/STM32F1xx_HAL_Driver/Src/stm32f1xx_ll_usb.c ****   * @retval HAL status
1408:Drivers/STM32F1xx_HAL_Driver/Src/stm32f1xx_ll_usb.c ****   */
1409:Drivers/STM32F1xx_HAL_Driver/Src/stm32f1xx_ll_usb.c **** HAL_StatusTypeDef USB_DriveVbus(const USB_OTG_GlobalTypeDef *USBx, uint8_t state)
1410:Drivers/STM32F1xx_HAL_Driver/Src/stm32f1xx_ll_usb.c **** {
1411:Drivers/STM32F1xx_HAL_Driver/Src/stm32f1xx_ll_usb.c ****   uint32_t USBx_BASE = (uint32_t)USBx;
1412:Drivers/STM32F1xx_HAL_Driver/Src/stm32f1xx_ll_usb.c ****   __IO uint32_t hprt0 = 0U;
1413:Drivers/STM32F1xx_HAL_Driver/Src/stm32f1xx_ll_usb.c **** 
1414:Drivers/STM32F1xx_HAL_Driver/Src/stm32f1xx_ll_usb.c ****   hprt0 = USBx_HPRT0;
1415:Drivers/STM32F1xx_HAL_Driver/Src/stm32f1xx_ll_usb.c **** 
1416:Drivers/STM32F1xx_HAL_Driver/Src/stm32f1xx_ll_usb.c ****   hprt0 &= ~(USB_OTG_HPRT_PENA | USB_OTG_HPRT_PCDET |
1417:Drivers/STM32F1xx_HAL_Driver/Src/stm32f1xx_ll_usb.c ****              USB_OTG_HPRT_PENCHNG | USB_OTG_HPRT_POCCHNG);
1418:Drivers/STM32F1xx_HAL_Driver/Src/stm32f1xx_ll_usb.c **** 
1419:Drivers/STM32F1xx_HAL_Driver/Src/stm32f1xx_ll_usb.c ****   if (((hprt0 & USB_OTG_HPRT_PPWR) == 0U) && (state == 1U))
1420:Drivers/STM32F1xx_HAL_Driver/Src/stm32f1xx_ll_usb.c ****   {
1421:Drivers/STM32F1xx_HAL_Driver/Src/stm32f1xx_ll_usb.c ****     USBx_HPRT0 = (USB_OTG_HPRT_PPWR | hprt0);
1422:Drivers/STM32F1xx_HAL_Driver/Src/stm32f1xx_ll_usb.c ****   }
1423:Drivers/STM32F1xx_HAL_Driver/Src/stm32f1xx_ll_usb.c ****   if (((hprt0 & USB_OTG_HPRT_PPWR) == USB_OTG_HPRT_PPWR) && (state == 0U))
1424:Drivers/STM32F1xx_HAL_Driver/Src/stm32f1xx_ll_usb.c ****   {
1425:Drivers/STM32F1xx_HAL_Driver/Src/stm32f1xx_ll_usb.c ****     USBx_HPRT0 = ((~USB_OTG_HPRT_PPWR) & hprt0);
1426:Drivers/STM32F1xx_HAL_Driver/Src/stm32f1xx_ll_usb.c ****   }
1427:Drivers/STM32F1xx_HAL_Driver/Src/stm32f1xx_ll_usb.c ****   return HAL_OK;
1428:Drivers/STM32F1xx_HAL_Driver/Src/stm32f1xx_ll_usb.c **** }
1429:Drivers/STM32F1xx_HAL_Driver/Src/stm32f1xx_ll_usb.c **** 
1430:Drivers/STM32F1xx_HAL_Driver/Src/stm32f1xx_ll_usb.c **** /**
1431:Drivers/STM32F1xx_HAL_Driver/Src/stm32f1xx_ll_usb.c ****   * @brief  Return Host Core speed
1432:Drivers/STM32F1xx_HAL_Driver/Src/stm32f1xx_ll_usb.c ****   * @param  USBx  Selected device
1433:Drivers/STM32F1xx_HAL_Driver/Src/stm32f1xx_ll_usb.c ****   * @retval speed : Host speed
1434:Drivers/STM32F1xx_HAL_Driver/Src/stm32f1xx_ll_usb.c ****   *          This parameter can be one of these values:
1435:Drivers/STM32F1xx_HAL_Driver/Src/stm32f1xx_ll_usb.c ****   *            @arg HCD_SPEED_FULL: Full speed mode
1436:Drivers/STM32F1xx_HAL_Driver/Src/stm32f1xx_ll_usb.c ****   *            @arg HCD_SPEED_LOW: Low speed mode
1437:Drivers/STM32F1xx_HAL_Driver/Src/stm32f1xx_ll_usb.c ****   */
1438:Drivers/STM32F1xx_HAL_Driver/Src/stm32f1xx_ll_usb.c **** uint32_t USB_GetHostSpeed(USB_OTG_GlobalTypeDef const *USBx)
1439:Drivers/STM32F1xx_HAL_Driver/Src/stm32f1xx_ll_usb.c **** {
1440:Drivers/STM32F1xx_HAL_Driver/Src/stm32f1xx_ll_usb.c ****   uint32_t USBx_BASE = (uint32_t)USBx;
1441:Drivers/STM32F1xx_HAL_Driver/Src/stm32f1xx_ll_usb.c ****   __IO uint32_t hprt0 = 0U;
1442:Drivers/STM32F1xx_HAL_Driver/Src/stm32f1xx_ll_usb.c **** 
1443:Drivers/STM32F1xx_HAL_Driver/Src/stm32f1xx_ll_usb.c ****   hprt0 = USBx_HPRT0;
1444:Drivers/STM32F1xx_HAL_Driver/Src/stm32f1xx_ll_usb.c ****   return ((hprt0 & USB_OTG_HPRT_PSPD) >> 17);
1445:Drivers/STM32F1xx_HAL_Driver/Src/stm32f1xx_ll_usb.c **** }
1446:Drivers/STM32F1xx_HAL_Driver/Src/stm32f1xx_ll_usb.c **** 
1447:Drivers/STM32F1xx_HAL_Driver/Src/stm32f1xx_ll_usb.c **** /**
1448:Drivers/STM32F1xx_HAL_Driver/Src/stm32f1xx_ll_usb.c ****   * @brief  Return Host Current Frame number
1449:Drivers/STM32F1xx_HAL_Driver/Src/stm32f1xx_ll_usb.c ****   * @param  USBx  Selected device
1450:Drivers/STM32F1xx_HAL_Driver/Src/stm32f1xx_ll_usb.c ****   * @retval current frame number
1451:Drivers/STM32F1xx_HAL_Driver/Src/stm32f1xx_ll_usb.c ****   */
1452:Drivers/STM32F1xx_HAL_Driver/Src/stm32f1xx_ll_usb.c **** uint32_t USB_GetCurrentFrame(USB_OTG_GlobalTypeDef const *USBx)
1453:Drivers/STM32F1xx_HAL_Driver/Src/stm32f1xx_ll_usb.c **** {
1454:Drivers/STM32F1xx_HAL_Driver/Src/stm32f1xx_ll_usb.c ****   uint32_t USBx_BASE = (uint32_t)USBx;
1455:Drivers/STM32F1xx_HAL_Driver/Src/stm32f1xx_ll_usb.c **** 
1456:Drivers/STM32F1xx_HAL_Driver/Src/stm32f1xx_ll_usb.c ****   return (USBx_HOST->HFNUM & USB_OTG_HFNUM_FRNUM);
1457:Drivers/STM32F1xx_HAL_Driver/Src/stm32f1xx_ll_usb.c **** }
ARM GAS  /var/folders/xf/tcndk8390ml5xdpfw93qkhpm0000gn/T//cc0WvzGY.s 			page 27


1458:Drivers/STM32F1xx_HAL_Driver/Src/stm32f1xx_ll_usb.c **** 
1459:Drivers/STM32F1xx_HAL_Driver/Src/stm32f1xx_ll_usb.c **** /**
1460:Drivers/STM32F1xx_HAL_Driver/Src/stm32f1xx_ll_usb.c ****   * @brief  Initialize a host channel
1461:Drivers/STM32F1xx_HAL_Driver/Src/stm32f1xx_ll_usb.c ****   * @param  USBx  Selected device
1462:Drivers/STM32F1xx_HAL_Driver/Src/stm32f1xx_ll_usb.c ****   * @param  ch_num  Channel number
1463:Drivers/STM32F1xx_HAL_Driver/Src/stm32f1xx_ll_usb.c ****   *         This parameter can be a value from 1 to 15
1464:Drivers/STM32F1xx_HAL_Driver/Src/stm32f1xx_ll_usb.c ****   * @param  epnum  Endpoint number
1465:Drivers/STM32F1xx_HAL_Driver/Src/stm32f1xx_ll_usb.c ****   *          This parameter can be a value from 1 to 15
1466:Drivers/STM32F1xx_HAL_Driver/Src/stm32f1xx_ll_usb.c ****   * @param  dev_address  Current device address
1467:Drivers/STM32F1xx_HAL_Driver/Src/stm32f1xx_ll_usb.c ****   *          This parameter can be a value from 0 to 255
1468:Drivers/STM32F1xx_HAL_Driver/Src/stm32f1xx_ll_usb.c ****   * @param  speed  Current device speed
1469:Drivers/STM32F1xx_HAL_Driver/Src/stm32f1xx_ll_usb.c ****   *          This parameter can be one of these values:
1470:Drivers/STM32F1xx_HAL_Driver/Src/stm32f1xx_ll_usb.c ****   *            @arg USB_OTG_SPEED_FULL: Full speed mode
1471:Drivers/STM32F1xx_HAL_Driver/Src/stm32f1xx_ll_usb.c ****   *            @arg USB_OTG_SPEED_LOW: Low speed mode
1472:Drivers/STM32F1xx_HAL_Driver/Src/stm32f1xx_ll_usb.c ****   * @param  ep_type  Endpoint Type
1473:Drivers/STM32F1xx_HAL_Driver/Src/stm32f1xx_ll_usb.c ****   *          This parameter can be one of these values:
1474:Drivers/STM32F1xx_HAL_Driver/Src/stm32f1xx_ll_usb.c ****   *            @arg EP_TYPE_CTRL: Control type
1475:Drivers/STM32F1xx_HAL_Driver/Src/stm32f1xx_ll_usb.c ****   *            @arg EP_TYPE_ISOC: Isochronous type
1476:Drivers/STM32F1xx_HAL_Driver/Src/stm32f1xx_ll_usb.c ****   *            @arg EP_TYPE_BULK: Bulk type
1477:Drivers/STM32F1xx_HAL_Driver/Src/stm32f1xx_ll_usb.c ****   *            @arg EP_TYPE_INTR: Interrupt type
1478:Drivers/STM32F1xx_HAL_Driver/Src/stm32f1xx_ll_usb.c ****   * @param  mps  Max Packet Size
1479:Drivers/STM32F1xx_HAL_Driver/Src/stm32f1xx_ll_usb.c ****   *          This parameter can be a value from 0 to 32K
1480:Drivers/STM32F1xx_HAL_Driver/Src/stm32f1xx_ll_usb.c ****   * @retval HAL state
1481:Drivers/STM32F1xx_HAL_Driver/Src/stm32f1xx_ll_usb.c ****   */
1482:Drivers/STM32F1xx_HAL_Driver/Src/stm32f1xx_ll_usb.c **** HAL_StatusTypeDef USB_HC_Init(USB_OTG_GlobalTypeDef *USBx, uint8_t ch_num,
1483:Drivers/STM32F1xx_HAL_Driver/Src/stm32f1xx_ll_usb.c ****                               uint8_t epnum, uint8_t dev_address, uint8_t speed,
1484:Drivers/STM32F1xx_HAL_Driver/Src/stm32f1xx_ll_usb.c ****                               uint8_t ep_type, uint16_t mps)
1485:Drivers/STM32F1xx_HAL_Driver/Src/stm32f1xx_ll_usb.c **** {
1486:Drivers/STM32F1xx_HAL_Driver/Src/stm32f1xx_ll_usb.c ****   HAL_StatusTypeDef ret = HAL_OK;
1487:Drivers/STM32F1xx_HAL_Driver/Src/stm32f1xx_ll_usb.c ****   uint32_t USBx_BASE = (uint32_t)USBx;
1488:Drivers/STM32F1xx_HAL_Driver/Src/stm32f1xx_ll_usb.c ****   uint32_t HCcharEpDir;
1489:Drivers/STM32F1xx_HAL_Driver/Src/stm32f1xx_ll_usb.c ****   uint32_t HCcharLowSpeed;
1490:Drivers/STM32F1xx_HAL_Driver/Src/stm32f1xx_ll_usb.c ****   uint32_t HostCoreSpeed;
1491:Drivers/STM32F1xx_HAL_Driver/Src/stm32f1xx_ll_usb.c **** 
1492:Drivers/STM32F1xx_HAL_Driver/Src/stm32f1xx_ll_usb.c ****   /* Clear old interrupt conditions for this host channel. */
1493:Drivers/STM32F1xx_HAL_Driver/Src/stm32f1xx_ll_usb.c ****   USBx_HC((uint32_t)ch_num)->HCINT = CLEAR_INTERRUPT_MASK;
1494:Drivers/STM32F1xx_HAL_Driver/Src/stm32f1xx_ll_usb.c **** 
1495:Drivers/STM32F1xx_HAL_Driver/Src/stm32f1xx_ll_usb.c ****   /* Enable channel interrupts required for this transfer. */
1496:Drivers/STM32F1xx_HAL_Driver/Src/stm32f1xx_ll_usb.c ****   switch (ep_type)
1497:Drivers/STM32F1xx_HAL_Driver/Src/stm32f1xx_ll_usb.c ****   {
1498:Drivers/STM32F1xx_HAL_Driver/Src/stm32f1xx_ll_usb.c ****     case EP_TYPE_CTRL:
1499:Drivers/STM32F1xx_HAL_Driver/Src/stm32f1xx_ll_usb.c ****     case EP_TYPE_BULK:
1500:Drivers/STM32F1xx_HAL_Driver/Src/stm32f1xx_ll_usb.c ****       USBx_HC((uint32_t)ch_num)->HCINTMSK = USB_OTG_HCINTMSK_XFRCM  |
1501:Drivers/STM32F1xx_HAL_Driver/Src/stm32f1xx_ll_usb.c ****                                             USB_OTG_HCINTMSK_STALLM |
1502:Drivers/STM32F1xx_HAL_Driver/Src/stm32f1xx_ll_usb.c ****                                             USB_OTG_HCINTMSK_TXERRM |
1503:Drivers/STM32F1xx_HAL_Driver/Src/stm32f1xx_ll_usb.c ****                                             USB_OTG_HCINTMSK_DTERRM |
1504:Drivers/STM32F1xx_HAL_Driver/Src/stm32f1xx_ll_usb.c ****                                             USB_OTG_HCINTMSK_AHBERR |
1505:Drivers/STM32F1xx_HAL_Driver/Src/stm32f1xx_ll_usb.c ****                                             USB_OTG_HCINTMSK_NAKM;
1506:Drivers/STM32F1xx_HAL_Driver/Src/stm32f1xx_ll_usb.c **** 
1507:Drivers/STM32F1xx_HAL_Driver/Src/stm32f1xx_ll_usb.c ****       if ((epnum & 0x80U) == 0x80U)
1508:Drivers/STM32F1xx_HAL_Driver/Src/stm32f1xx_ll_usb.c ****       {
1509:Drivers/STM32F1xx_HAL_Driver/Src/stm32f1xx_ll_usb.c ****         USBx_HC((uint32_t)ch_num)->HCINTMSK |= USB_OTG_HCINTMSK_BBERRM;
1510:Drivers/STM32F1xx_HAL_Driver/Src/stm32f1xx_ll_usb.c ****       }
1511:Drivers/STM32F1xx_HAL_Driver/Src/stm32f1xx_ll_usb.c ****       break;
1512:Drivers/STM32F1xx_HAL_Driver/Src/stm32f1xx_ll_usb.c **** 
1513:Drivers/STM32F1xx_HAL_Driver/Src/stm32f1xx_ll_usb.c ****     case EP_TYPE_INTR:
1514:Drivers/STM32F1xx_HAL_Driver/Src/stm32f1xx_ll_usb.c ****       USBx_HC((uint32_t)ch_num)->HCINTMSK = USB_OTG_HCINTMSK_XFRCM  |
ARM GAS  /var/folders/xf/tcndk8390ml5xdpfw93qkhpm0000gn/T//cc0WvzGY.s 			page 28


1515:Drivers/STM32F1xx_HAL_Driver/Src/stm32f1xx_ll_usb.c ****                                             USB_OTG_HCINTMSK_STALLM |
1516:Drivers/STM32F1xx_HAL_Driver/Src/stm32f1xx_ll_usb.c ****                                             USB_OTG_HCINTMSK_TXERRM |
1517:Drivers/STM32F1xx_HAL_Driver/Src/stm32f1xx_ll_usb.c ****                                             USB_OTG_HCINTMSK_DTERRM |
1518:Drivers/STM32F1xx_HAL_Driver/Src/stm32f1xx_ll_usb.c ****                                             USB_OTG_HCINTMSK_NAKM   |
1519:Drivers/STM32F1xx_HAL_Driver/Src/stm32f1xx_ll_usb.c ****                                             USB_OTG_HCINTMSK_AHBERR |
1520:Drivers/STM32F1xx_HAL_Driver/Src/stm32f1xx_ll_usb.c ****                                             USB_OTG_HCINTMSK_FRMORM;
1521:Drivers/STM32F1xx_HAL_Driver/Src/stm32f1xx_ll_usb.c **** 
1522:Drivers/STM32F1xx_HAL_Driver/Src/stm32f1xx_ll_usb.c ****       if ((epnum & 0x80U) == 0x80U)
1523:Drivers/STM32F1xx_HAL_Driver/Src/stm32f1xx_ll_usb.c ****       {
1524:Drivers/STM32F1xx_HAL_Driver/Src/stm32f1xx_ll_usb.c ****         USBx_HC((uint32_t)ch_num)->HCINTMSK |= USB_OTG_HCINTMSK_BBERRM;
1525:Drivers/STM32F1xx_HAL_Driver/Src/stm32f1xx_ll_usb.c ****       }
1526:Drivers/STM32F1xx_HAL_Driver/Src/stm32f1xx_ll_usb.c **** 
1527:Drivers/STM32F1xx_HAL_Driver/Src/stm32f1xx_ll_usb.c ****       break;
1528:Drivers/STM32F1xx_HAL_Driver/Src/stm32f1xx_ll_usb.c **** 
1529:Drivers/STM32F1xx_HAL_Driver/Src/stm32f1xx_ll_usb.c ****     case EP_TYPE_ISOC:
1530:Drivers/STM32F1xx_HAL_Driver/Src/stm32f1xx_ll_usb.c ****       USBx_HC((uint32_t)ch_num)->HCINTMSK = USB_OTG_HCINTMSK_XFRCM  |
1531:Drivers/STM32F1xx_HAL_Driver/Src/stm32f1xx_ll_usb.c ****                                             USB_OTG_HCINTMSK_ACKM   |
1532:Drivers/STM32F1xx_HAL_Driver/Src/stm32f1xx_ll_usb.c ****                                             USB_OTG_HCINTMSK_AHBERR |
1533:Drivers/STM32F1xx_HAL_Driver/Src/stm32f1xx_ll_usb.c ****                                             USB_OTG_HCINTMSK_FRMORM;
1534:Drivers/STM32F1xx_HAL_Driver/Src/stm32f1xx_ll_usb.c **** 
1535:Drivers/STM32F1xx_HAL_Driver/Src/stm32f1xx_ll_usb.c ****       if ((epnum & 0x80U) == 0x80U)
1536:Drivers/STM32F1xx_HAL_Driver/Src/stm32f1xx_ll_usb.c ****       {
1537:Drivers/STM32F1xx_HAL_Driver/Src/stm32f1xx_ll_usb.c ****         USBx_HC((uint32_t)ch_num)->HCINTMSK |= (USB_OTG_HCINTMSK_TXERRM | USB_OTG_HCINTMSK_BBERRM);
1538:Drivers/STM32F1xx_HAL_Driver/Src/stm32f1xx_ll_usb.c ****       }
1539:Drivers/STM32F1xx_HAL_Driver/Src/stm32f1xx_ll_usb.c ****       break;
1540:Drivers/STM32F1xx_HAL_Driver/Src/stm32f1xx_ll_usb.c **** 
1541:Drivers/STM32F1xx_HAL_Driver/Src/stm32f1xx_ll_usb.c ****     default:
1542:Drivers/STM32F1xx_HAL_Driver/Src/stm32f1xx_ll_usb.c ****       ret = HAL_ERROR;
1543:Drivers/STM32F1xx_HAL_Driver/Src/stm32f1xx_ll_usb.c ****       break;
1544:Drivers/STM32F1xx_HAL_Driver/Src/stm32f1xx_ll_usb.c ****   }
1545:Drivers/STM32F1xx_HAL_Driver/Src/stm32f1xx_ll_usb.c **** 
1546:Drivers/STM32F1xx_HAL_Driver/Src/stm32f1xx_ll_usb.c ****   /* Enable host channel Halt interrupt */
1547:Drivers/STM32F1xx_HAL_Driver/Src/stm32f1xx_ll_usb.c ****   USBx_HC((uint32_t)ch_num)->HCINTMSK |= USB_OTG_HCINTMSK_CHHM;
1548:Drivers/STM32F1xx_HAL_Driver/Src/stm32f1xx_ll_usb.c **** 
1549:Drivers/STM32F1xx_HAL_Driver/Src/stm32f1xx_ll_usb.c ****   /* Enable the top level host channel interrupt. */
1550:Drivers/STM32F1xx_HAL_Driver/Src/stm32f1xx_ll_usb.c ****   USBx_HOST->HAINTMSK |= 1UL << (ch_num & 0xFU);
1551:Drivers/STM32F1xx_HAL_Driver/Src/stm32f1xx_ll_usb.c **** 
1552:Drivers/STM32F1xx_HAL_Driver/Src/stm32f1xx_ll_usb.c ****   /* Make sure host channel interrupts are enabled. */
1553:Drivers/STM32F1xx_HAL_Driver/Src/stm32f1xx_ll_usb.c ****   USBx->GINTMSK |= USB_OTG_GINTMSK_HCIM;
1554:Drivers/STM32F1xx_HAL_Driver/Src/stm32f1xx_ll_usb.c **** 
1555:Drivers/STM32F1xx_HAL_Driver/Src/stm32f1xx_ll_usb.c ****   /* Program the HCCHAR register */
1556:Drivers/STM32F1xx_HAL_Driver/Src/stm32f1xx_ll_usb.c ****   if ((epnum & 0x80U) == 0x80U)
1557:Drivers/STM32F1xx_HAL_Driver/Src/stm32f1xx_ll_usb.c ****   {
1558:Drivers/STM32F1xx_HAL_Driver/Src/stm32f1xx_ll_usb.c ****     HCcharEpDir = (0x1U << 15) & USB_OTG_HCCHAR_EPDIR;
1559:Drivers/STM32F1xx_HAL_Driver/Src/stm32f1xx_ll_usb.c ****   }
1560:Drivers/STM32F1xx_HAL_Driver/Src/stm32f1xx_ll_usb.c ****   else
1561:Drivers/STM32F1xx_HAL_Driver/Src/stm32f1xx_ll_usb.c ****   {
1562:Drivers/STM32F1xx_HAL_Driver/Src/stm32f1xx_ll_usb.c ****     HCcharEpDir = 0U;
1563:Drivers/STM32F1xx_HAL_Driver/Src/stm32f1xx_ll_usb.c ****   }
1564:Drivers/STM32F1xx_HAL_Driver/Src/stm32f1xx_ll_usb.c **** 
1565:Drivers/STM32F1xx_HAL_Driver/Src/stm32f1xx_ll_usb.c ****   HostCoreSpeed = USB_GetHostSpeed(USBx);
1566:Drivers/STM32F1xx_HAL_Driver/Src/stm32f1xx_ll_usb.c **** 
1567:Drivers/STM32F1xx_HAL_Driver/Src/stm32f1xx_ll_usb.c ****   /* LS device plugged to HUB */
1568:Drivers/STM32F1xx_HAL_Driver/Src/stm32f1xx_ll_usb.c ****   if ((speed == HPRT0_PRTSPD_LOW_SPEED) && (HostCoreSpeed != HPRT0_PRTSPD_LOW_SPEED))
1569:Drivers/STM32F1xx_HAL_Driver/Src/stm32f1xx_ll_usb.c ****   {
1570:Drivers/STM32F1xx_HAL_Driver/Src/stm32f1xx_ll_usb.c ****     HCcharLowSpeed = (0x1U << 17) & USB_OTG_HCCHAR_LSDEV;
1571:Drivers/STM32F1xx_HAL_Driver/Src/stm32f1xx_ll_usb.c ****   }
ARM GAS  /var/folders/xf/tcndk8390ml5xdpfw93qkhpm0000gn/T//cc0WvzGY.s 			page 29


1572:Drivers/STM32F1xx_HAL_Driver/Src/stm32f1xx_ll_usb.c ****   else
1573:Drivers/STM32F1xx_HAL_Driver/Src/stm32f1xx_ll_usb.c ****   {
1574:Drivers/STM32F1xx_HAL_Driver/Src/stm32f1xx_ll_usb.c ****     HCcharLowSpeed = 0U;
1575:Drivers/STM32F1xx_HAL_Driver/Src/stm32f1xx_ll_usb.c ****   }
1576:Drivers/STM32F1xx_HAL_Driver/Src/stm32f1xx_ll_usb.c **** 
1577:Drivers/STM32F1xx_HAL_Driver/Src/stm32f1xx_ll_usb.c ****   USBx_HC((uint32_t)ch_num)->HCCHAR = (((uint32_t)dev_address << 22) & USB_OTG_HCCHAR_DAD) |
1578:Drivers/STM32F1xx_HAL_Driver/Src/stm32f1xx_ll_usb.c ****                                       ((((uint32_t)epnum & 0x7FU) << 11) & USB_OTG_HCCHAR_EPNUM) |
1579:Drivers/STM32F1xx_HAL_Driver/Src/stm32f1xx_ll_usb.c ****                                       (((uint32_t)ep_type << 18) & USB_OTG_HCCHAR_EPTYP) |
1580:Drivers/STM32F1xx_HAL_Driver/Src/stm32f1xx_ll_usb.c ****                                       ((uint32_t)mps & USB_OTG_HCCHAR_MPSIZ) |
1581:Drivers/STM32F1xx_HAL_Driver/Src/stm32f1xx_ll_usb.c ****                                       USB_OTG_HCCHAR_MC_0 | HCcharEpDir | HCcharLowSpeed;
1582:Drivers/STM32F1xx_HAL_Driver/Src/stm32f1xx_ll_usb.c **** 
1583:Drivers/STM32F1xx_HAL_Driver/Src/stm32f1xx_ll_usb.c ****   if ((ep_type == EP_TYPE_INTR) || (ep_type == EP_TYPE_ISOC))
1584:Drivers/STM32F1xx_HAL_Driver/Src/stm32f1xx_ll_usb.c ****   {
1585:Drivers/STM32F1xx_HAL_Driver/Src/stm32f1xx_ll_usb.c ****     USBx_HC((uint32_t)ch_num)->HCCHAR |= USB_OTG_HCCHAR_ODDFRM;
1586:Drivers/STM32F1xx_HAL_Driver/Src/stm32f1xx_ll_usb.c ****   }
1587:Drivers/STM32F1xx_HAL_Driver/Src/stm32f1xx_ll_usb.c **** 
1588:Drivers/STM32F1xx_HAL_Driver/Src/stm32f1xx_ll_usb.c ****   return ret;
1589:Drivers/STM32F1xx_HAL_Driver/Src/stm32f1xx_ll_usb.c **** }
1590:Drivers/STM32F1xx_HAL_Driver/Src/stm32f1xx_ll_usb.c **** 
1591:Drivers/STM32F1xx_HAL_Driver/Src/stm32f1xx_ll_usb.c **** /**
1592:Drivers/STM32F1xx_HAL_Driver/Src/stm32f1xx_ll_usb.c ****   * @brief  Start a transfer over a host channel
1593:Drivers/STM32F1xx_HAL_Driver/Src/stm32f1xx_ll_usb.c ****   * @param  USBx  Selected device
1594:Drivers/STM32F1xx_HAL_Driver/Src/stm32f1xx_ll_usb.c ****   * @param  hc  pointer to host channel structure
1595:Drivers/STM32F1xx_HAL_Driver/Src/stm32f1xx_ll_usb.c ****   * @retval HAL state
1596:Drivers/STM32F1xx_HAL_Driver/Src/stm32f1xx_ll_usb.c ****   */
1597:Drivers/STM32F1xx_HAL_Driver/Src/stm32f1xx_ll_usb.c **** HAL_StatusTypeDef USB_HC_StartXfer(USB_OTG_GlobalTypeDef *USBx, USB_OTG_HCTypeDef *hc)
1598:Drivers/STM32F1xx_HAL_Driver/Src/stm32f1xx_ll_usb.c **** {
1599:Drivers/STM32F1xx_HAL_Driver/Src/stm32f1xx_ll_usb.c ****   uint32_t USBx_BASE = (uint32_t)USBx;
1600:Drivers/STM32F1xx_HAL_Driver/Src/stm32f1xx_ll_usb.c ****   uint32_t ch_num = (uint32_t)hc->ch_num;
1601:Drivers/STM32F1xx_HAL_Driver/Src/stm32f1xx_ll_usb.c ****   __IO uint32_t tmpreg;
1602:Drivers/STM32F1xx_HAL_Driver/Src/stm32f1xx_ll_usb.c ****   uint8_t  is_oddframe;
1603:Drivers/STM32F1xx_HAL_Driver/Src/stm32f1xx_ll_usb.c ****   uint16_t len_words;
1604:Drivers/STM32F1xx_HAL_Driver/Src/stm32f1xx_ll_usb.c ****   uint16_t num_packets;
1605:Drivers/STM32F1xx_HAL_Driver/Src/stm32f1xx_ll_usb.c ****   uint16_t max_hc_pkt_count = HC_MAX_PKT_CNT;
1606:Drivers/STM32F1xx_HAL_Driver/Src/stm32f1xx_ll_usb.c **** 
1607:Drivers/STM32F1xx_HAL_Driver/Src/stm32f1xx_ll_usb.c ****   /* Compute the expected number of packets associated to the transfer */
1608:Drivers/STM32F1xx_HAL_Driver/Src/stm32f1xx_ll_usb.c ****   if (hc->xfer_len > 0U)
1609:Drivers/STM32F1xx_HAL_Driver/Src/stm32f1xx_ll_usb.c ****   {
1610:Drivers/STM32F1xx_HAL_Driver/Src/stm32f1xx_ll_usb.c ****     num_packets = (uint16_t)((hc->xfer_len + hc->max_packet - 1U) / hc->max_packet);
1611:Drivers/STM32F1xx_HAL_Driver/Src/stm32f1xx_ll_usb.c **** 
1612:Drivers/STM32F1xx_HAL_Driver/Src/stm32f1xx_ll_usb.c ****     if (num_packets > max_hc_pkt_count)
1613:Drivers/STM32F1xx_HAL_Driver/Src/stm32f1xx_ll_usb.c ****     {
1614:Drivers/STM32F1xx_HAL_Driver/Src/stm32f1xx_ll_usb.c ****       num_packets = max_hc_pkt_count;
1615:Drivers/STM32F1xx_HAL_Driver/Src/stm32f1xx_ll_usb.c ****       hc->XferSize = (uint32_t)num_packets * hc->max_packet;
1616:Drivers/STM32F1xx_HAL_Driver/Src/stm32f1xx_ll_usb.c ****     }
1617:Drivers/STM32F1xx_HAL_Driver/Src/stm32f1xx_ll_usb.c ****   }
1618:Drivers/STM32F1xx_HAL_Driver/Src/stm32f1xx_ll_usb.c ****   else
1619:Drivers/STM32F1xx_HAL_Driver/Src/stm32f1xx_ll_usb.c ****   {
1620:Drivers/STM32F1xx_HAL_Driver/Src/stm32f1xx_ll_usb.c ****     num_packets = 1U;
1621:Drivers/STM32F1xx_HAL_Driver/Src/stm32f1xx_ll_usb.c ****   }
1622:Drivers/STM32F1xx_HAL_Driver/Src/stm32f1xx_ll_usb.c **** 
1623:Drivers/STM32F1xx_HAL_Driver/Src/stm32f1xx_ll_usb.c ****   /*
1624:Drivers/STM32F1xx_HAL_Driver/Src/stm32f1xx_ll_usb.c ****    * For IN channel HCTSIZ.XferSize is expected to be an integer multiple of
1625:Drivers/STM32F1xx_HAL_Driver/Src/stm32f1xx_ll_usb.c ****    * max_packet size.
1626:Drivers/STM32F1xx_HAL_Driver/Src/stm32f1xx_ll_usb.c ****    */
1627:Drivers/STM32F1xx_HAL_Driver/Src/stm32f1xx_ll_usb.c ****   if (hc->ep_is_in != 0U)
1628:Drivers/STM32F1xx_HAL_Driver/Src/stm32f1xx_ll_usb.c ****   {
ARM GAS  /var/folders/xf/tcndk8390ml5xdpfw93qkhpm0000gn/T//cc0WvzGY.s 			page 30


1629:Drivers/STM32F1xx_HAL_Driver/Src/stm32f1xx_ll_usb.c ****     hc->XferSize = (uint32_t)num_packets * hc->max_packet;
1630:Drivers/STM32F1xx_HAL_Driver/Src/stm32f1xx_ll_usb.c ****   }
1631:Drivers/STM32F1xx_HAL_Driver/Src/stm32f1xx_ll_usb.c ****   else
1632:Drivers/STM32F1xx_HAL_Driver/Src/stm32f1xx_ll_usb.c ****   {
1633:Drivers/STM32F1xx_HAL_Driver/Src/stm32f1xx_ll_usb.c ****     hc->XferSize = hc->xfer_len;
1634:Drivers/STM32F1xx_HAL_Driver/Src/stm32f1xx_ll_usb.c ****   }
1635:Drivers/STM32F1xx_HAL_Driver/Src/stm32f1xx_ll_usb.c **** 
1636:Drivers/STM32F1xx_HAL_Driver/Src/stm32f1xx_ll_usb.c ****   /* Initialize the HCTSIZn register */
1637:Drivers/STM32F1xx_HAL_Driver/Src/stm32f1xx_ll_usb.c ****   USBx_HC(ch_num)->HCTSIZ = (hc->XferSize & USB_OTG_HCTSIZ_XFRSIZ) |
1638:Drivers/STM32F1xx_HAL_Driver/Src/stm32f1xx_ll_usb.c ****                             (((uint32_t)num_packets << 19) & USB_OTG_HCTSIZ_PKTCNT) |
1639:Drivers/STM32F1xx_HAL_Driver/Src/stm32f1xx_ll_usb.c ****                             (((uint32_t)hc->data_pid << 29) & USB_OTG_HCTSIZ_DPID);
1640:Drivers/STM32F1xx_HAL_Driver/Src/stm32f1xx_ll_usb.c **** 
1641:Drivers/STM32F1xx_HAL_Driver/Src/stm32f1xx_ll_usb.c ****   is_oddframe = (((uint32_t)USBx_HOST->HFNUM & 0x01U) != 0U) ? 0U : 1U;
1642:Drivers/STM32F1xx_HAL_Driver/Src/stm32f1xx_ll_usb.c ****   USBx_HC(ch_num)->HCCHAR &= ~USB_OTG_HCCHAR_ODDFRM;
1643:Drivers/STM32F1xx_HAL_Driver/Src/stm32f1xx_ll_usb.c ****   USBx_HC(ch_num)->HCCHAR |= (uint32_t)is_oddframe << 29;
1644:Drivers/STM32F1xx_HAL_Driver/Src/stm32f1xx_ll_usb.c **** 
1645:Drivers/STM32F1xx_HAL_Driver/Src/stm32f1xx_ll_usb.c ****   /* Set host channel enable */
1646:Drivers/STM32F1xx_HAL_Driver/Src/stm32f1xx_ll_usb.c ****   tmpreg = USBx_HC(ch_num)->HCCHAR;
1647:Drivers/STM32F1xx_HAL_Driver/Src/stm32f1xx_ll_usb.c ****   tmpreg &= ~USB_OTG_HCCHAR_CHDIS;
1648:Drivers/STM32F1xx_HAL_Driver/Src/stm32f1xx_ll_usb.c **** 
1649:Drivers/STM32F1xx_HAL_Driver/Src/stm32f1xx_ll_usb.c ****   /* make sure to set the correct ep direction */
1650:Drivers/STM32F1xx_HAL_Driver/Src/stm32f1xx_ll_usb.c ****   if (hc->ep_is_in != 0U)
1651:Drivers/STM32F1xx_HAL_Driver/Src/stm32f1xx_ll_usb.c ****   {
1652:Drivers/STM32F1xx_HAL_Driver/Src/stm32f1xx_ll_usb.c ****     tmpreg |= USB_OTG_HCCHAR_EPDIR;
1653:Drivers/STM32F1xx_HAL_Driver/Src/stm32f1xx_ll_usb.c ****   }
1654:Drivers/STM32F1xx_HAL_Driver/Src/stm32f1xx_ll_usb.c ****   else
1655:Drivers/STM32F1xx_HAL_Driver/Src/stm32f1xx_ll_usb.c ****   {
1656:Drivers/STM32F1xx_HAL_Driver/Src/stm32f1xx_ll_usb.c ****     tmpreg &= ~USB_OTG_HCCHAR_EPDIR;
1657:Drivers/STM32F1xx_HAL_Driver/Src/stm32f1xx_ll_usb.c ****   }
1658:Drivers/STM32F1xx_HAL_Driver/Src/stm32f1xx_ll_usb.c ****   tmpreg |= USB_OTG_HCCHAR_CHENA;
1659:Drivers/STM32F1xx_HAL_Driver/Src/stm32f1xx_ll_usb.c ****   USBx_HC(ch_num)->HCCHAR = tmpreg;
1660:Drivers/STM32F1xx_HAL_Driver/Src/stm32f1xx_ll_usb.c **** 
1661:Drivers/STM32F1xx_HAL_Driver/Src/stm32f1xx_ll_usb.c ****   if ((hc->ep_is_in == 0U) && (hc->xfer_len > 0U))
1662:Drivers/STM32F1xx_HAL_Driver/Src/stm32f1xx_ll_usb.c ****   {
1663:Drivers/STM32F1xx_HAL_Driver/Src/stm32f1xx_ll_usb.c ****     switch (hc->ep_type)
1664:Drivers/STM32F1xx_HAL_Driver/Src/stm32f1xx_ll_usb.c ****     {
1665:Drivers/STM32F1xx_HAL_Driver/Src/stm32f1xx_ll_usb.c ****       /* Non periodic transfer */
1666:Drivers/STM32F1xx_HAL_Driver/Src/stm32f1xx_ll_usb.c ****       case EP_TYPE_CTRL:
1667:Drivers/STM32F1xx_HAL_Driver/Src/stm32f1xx_ll_usb.c ****       case EP_TYPE_BULK:
1668:Drivers/STM32F1xx_HAL_Driver/Src/stm32f1xx_ll_usb.c **** 
1669:Drivers/STM32F1xx_HAL_Driver/Src/stm32f1xx_ll_usb.c ****         len_words = (uint16_t)((hc->xfer_len + 3U) / 4U);
1670:Drivers/STM32F1xx_HAL_Driver/Src/stm32f1xx_ll_usb.c **** 
1671:Drivers/STM32F1xx_HAL_Driver/Src/stm32f1xx_ll_usb.c ****         /* check if there is enough space in FIFO space */
1672:Drivers/STM32F1xx_HAL_Driver/Src/stm32f1xx_ll_usb.c ****         if (len_words > (USBx->HNPTXSTS & 0xFFFFU))
1673:Drivers/STM32F1xx_HAL_Driver/Src/stm32f1xx_ll_usb.c ****         {
1674:Drivers/STM32F1xx_HAL_Driver/Src/stm32f1xx_ll_usb.c ****           /* need to process data in nptxfempty interrupt */
1675:Drivers/STM32F1xx_HAL_Driver/Src/stm32f1xx_ll_usb.c ****           USBx->GINTMSK |= USB_OTG_GINTMSK_NPTXFEM;
1676:Drivers/STM32F1xx_HAL_Driver/Src/stm32f1xx_ll_usb.c ****         }
1677:Drivers/STM32F1xx_HAL_Driver/Src/stm32f1xx_ll_usb.c ****         break;
1678:Drivers/STM32F1xx_HAL_Driver/Src/stm32f1xx_ll_usb.c **** 
1679:Drivers/STM32F1xx_HAL_Driver/Src/stm32f1xx_ll_usb.c ****       /* Periodic transfer */
1680:Drivers/STM32F1xx_HAL_Driver/Src/stm32f1xx_ll_usb.c ****       case EP_TYPE_INTR:
1681:Drivers/STM32F1xx_HAL_Driver/Src/stm32f1xx_ll_usb.c ****       case EP_TYPE_ISOC:
1682:Drivers/STM32F1xx_HAL_Driver/Src/stm32f1xx_ll_usb.c ****         len_words = (uint16_t)((hc->xfer_len + 3U) / 4U);
1683:Drivers/STM32F1xx_HAL_Driver/Src/stm32f1xx_ll_usb.c ****         /* check if there is enough space in FIFO space */
1684:Drivers/STM32F1xx_HAL_Driver/Src/stm32f1xx_ll_usb.c ****         if (len_words > (USBx_HOST->HPTXSTS & 0xFFFFU)) /* split the transfer */
1685:Drivers/STM32F1xx_HAL_Driver/Src/stm32f1xx_ll_usb.c ****         {
ARM GAS  /var/folders/xf/tcndk8390ml5xdpfw93qkhpm0000gn/T//cc0WvzGY.s 			page 31


1686:Drivers/STM32F1xx_HAL_Driver/Src/stm32f1xx_ll_usb.c ****           /* need to process data in ptxfempty interrupt */
1687:Drivers/STM32F1xx_HAL_Driver/Src/stm32f1xx_ll_usb.c ****           USBx->GINTMSK |= USB_OTG_GINTMSK_PTXFEM;
1688:Drivers/STM32F1xx_HAL_Driver/Src/stm32f1xx_ll_usb.c ****         }
1689:Drivers/STM32F1xx_HAL_Driver/Src/stm32f1xx_ll_usb.c ****         break;
1690:Drivers/STM32F1xx_HAL_Driver/Src/stm32f1xx_ll_usb.c **** 
1691:Drivers/STM32F1xx_HAL_Driver/Src/stm32f1xx_ll_usb.c ****       default:
1692:Drivers/STM32F1xx_HAL_Driver/Src/stm32f1xx_ll_usb.c ****         break;
1693:Drivers/STM32F1xx_HAL_Driver/Src/stm32f1xx_ll_usb.c ****     }
1694:Drivers/STM32F1xx_HAL_Driver/Src/stm32f1xx_ll_usb.c **** 
1695:Drivers/STM32F1xx_HAL_Driver/Src/stm32f1xx_ll_usb.c ****     /* Write packet into the Tx FIFO. */
1696:Drivers/STM32F1xx_HAL_Driver/Src/stm32f1xx_ll_usb.c ****     (void)USB_WritePacket(USBx, hc->xfer_buff, hc->ch_num, (uint16_t)hc->xfer_len);
1697:Drivers/STM32F1xx_HAL_Driver/Src/stm32f1xx_ll_usb.c ****   }
1698:Drivers/STM32F1xx_HAL_Driver/Src/stm32f1xx_ll_usb.c **** 
1699:Drivers/STM32F1xx_HAL_Driver/Src/stm32f1xx_ll_usb.c ****   return HAL_OK;
1700:Drivers/STM32F1xx_HAL_Driver/Src/stm32f1xx_ll_usb.c **** }
1701:Drivers/STM32F1xx_HAL_Driver/Src/stm32f1xx_ll_usb.c **** 
1702:Drivers/STM32F1xx_HAL_Driver/Src/stm32f1xx_ll_usb.c **** /**
1703:Drivers/STM32F1xx_HAL_Driver/Src/stm32f1xx_ll_usb.c ****   * @brief Read all host channel interrupts status
1704:Drivers/STM32F1xx_HAL_Driver/Src/stm32f1xx_ll_usb.c ****   * @param  USBx  Selected device
1705:Drivers/STM32F1xx_HAL_Driver/Src/stm32f1xx_ll_usb.c ****   * @retval HAL state
1706:Drivers/STM32F1xx_HAL_Driver/Src/stm32f1xx_ll_usb.c ****   */
1707:Drivers/STM32F1xx_HAL_Driver/Src/stm32f1xx_ll_usb.c **** uint32_t USB_HC_ReadInterrupt(const USB_OTG_GlobalTypeDef *USBx)
1708:Drivers/STM32F1xx_HAL_Driver/Src/stm32f1xx_ll_usb.c **** {
1709:Drivers/STM32F1xx_HAL_Driver/Src/stm32f1xx_ll_usb.c ****   uint32_t USBx_BASE = (uint32_t)USBx;
1710:Drivers/STM32F1xx_HAL_Driver/Src/stm32f1xx_ll_usb.c **** 
1711:Drivers/STM32F1xx_HAL_Driver/Src/stm32f1xx_ll_usb.c ****   return ((USBx_HOST->HAINT) & 0xFFFFU);
1712:Drivers/STM32F1xx_HAL_Driver/Src/stm32f1xx_ll_usb.c **** }
1713:Drivers/STM32F1xx_HAL_Driver/Src/stm32f1xx_ll_usb.c **** 
1714:Drivers/STM32F1xx_HAL_Driver/Src/stm32f1xx_ll_usb.c **** /**
1715:Drivers/STM32F1xx_HAL_Driver/Src/stm32f1xx_ll_usb.c ****   * @brief  Halt a host channel
1716:Drivers/STM32F1xx_HAL_Driver/Src/stm32f1xx_ll_usb.c ****   * @param  USBx  Selected device
1717:Drivers/STM32F1xx_HAL_Driver/Src/stm32f1xx_ll_usb.c ****   * @param  hc_num  Host Channel number
1718:Drivers/STM32F1xx_HAL_Driver/Src/stm32f1xx_ll_usb.c ****   *         This parameter can be a value from 1 to 15
1719:Drivers/STM32F1xx_HAL_Driver/Src/stm32f1xx_ll_usb.c ****   * @retval HAL state
1720:Drivers/STM32F1xx_HAL_Driver/Src/stm32f1xx_ll_usb.c ****   */
1721:Drivers/STM32F1xx_HAL_Driver/Src/stm32f1xx_ll_usb.c **** HAL_StatusTypeDef USB_HC_Halt(const USB_OTG_GlobalTypeDef *USBx, uint8_t hc_num)
1722:Drivers/STM32F1xx_HAL_Driver/Src/stm32f1xx_ll_usb.c **** {
1723:Drivers/STM32F1xx_HAL_Driver/Src/stm32f1xx_ll_usb.c ****   uint32_t USBx_BASE = (uint32_t)USBx;
1724:Drivers/STM32F1xx_HAL_Driver/Src/stm32f1xx_ll_usb.c ****   uint32_t hcnum = (uint32_t)hc_num;
1725:Drivers/STM32F1xx_HAL_Driver/Src/stm32f1xx_ll_usb.c ****   __IO uint32_t count = 0U;
1726:Drivers/STM32F1xx_HAL_Driver/Src/stm32f1xx_ll_usb.c ****   uint32_t HcEpType = (USBx_HC(hcnum)->HCCHAR & USB_OTG_HCCHAR_EPTYP) >> 18;
1727:Drivers/STM32F1xx_HAL_Driver/Src/stm32f1xx_ll_usb.c ****   uint32_t ChannelEna = (USBx_HC(hcnum)->HCCHAR & USB_OTG_HCCHAR_CHENA) >> 31;
1728:Drivers/STM32F1xx_HAL_Driver/Src/stm32f1xx_ll_usb.c ****   uint32_t SplitEna = (USBx_HC(hcnum)->HCSPLT & USB_OTG_HCSPLT_SPLITEN) >> 31;
1729:Drivers/STM32F1xx_HAL_Driver/Src/stm32f1xx_ll_usb.c **** 
1730:Drivers/STM32F1xx_HAL_Driver/Src/stm32f1xx_ll_usb.c ****   /* In buffer DMA, Channel disable must not be programmed for non-split periodic channels.
1731:Drivers/STM32F1xx_HAL_Driver/Src/stm32f1xx_ll_usb.c ****      At the end of the next uframe/frame (in the worst case), the core generates a channel halted
1732:Drivers/STM32F1xx_HAL_Driver/Src/stm32f1xx_ll_usb.c ****      and disables the channel automatically. */
1733:Drivers/STM32F1xx_HAL_Driver/Src/stm32f1xx_ll_usb.c **** 
1734:Drivers/STM32F1xx_HAL_Driver/Src/stm32f1xx_ll_usb.c ****   if ((((USBx->GAHBCFG & USB_OTG_GAHBCFG_DMAEN) == USB_OTG_GAHBCFG_DMAEN) && (SplitEna == 0U)) &&
1735:Drivers/STM32F1xx_HAL_Driver/Src/stm32f1xx_ll_usb.c ****       ((ChannelEna == 0U) || (((HcEpType == HCCHAR_ISOC) || (HcEpType == HCCHAR_INTR)))))
1736:Drivers/STM32F1xx_HAL_Driver/Src/stm32f1xx_ll_usb.c ****   {
1737:Drivers/STM32F1xx_HAL_Driver/Src/stm32f1xx_ll_usb.c ****     return HAL_OK;
1738:Drivers/STM32F1xx_HAL_Driver/Src/stm32f1xx_ll_usb.c ****   }
1739:Drivers/STM32F1xx_HAL_Driver/Src/stm32f1xx_ll_usb.c **** 
1740:Drivers/STM32F1xx_HAL_Driver/Src/stm32f1xx_ll_usb.c ****   /* Check for space in the request queue to issue the halt. */
1741:Drivers/STM32F1xx_HAL_Driver/Src/stm32f1xx_ll_usb.c ****   if ((HcEpType == HCCHAR_CTRL) || (HcEpType == HCCHAR_BULK))
1742:Drivers/STM32F1xx_HAL_Driver/Src/stm32f1xx_ll_usb.c ****   {
ARM GAS  /var/folders/xf/tcndk8390ml5xdpfw93qkhpm0000gn/T//cc0WvzGY.s 			page 32


1743:Drivers/STM32F1xx_HAL_Driver/Src/stm32f1xx_ll_usb.c ****     USBx_HC(hcnum)->HCCHAR |= USB_OTG_HCCHAR_CHDIS;
1744:Drivers/STM32F1xx_HAL_Driver/Src/stm32f1xx_ll_usb.c **** 
1745:Drivers/STM32F1xx_HAL_Driver/Src/stm32f1xx_ll_usb.c ****     if ((USBx->GAHBCFG & USB_OTG_GAHBCFG_DMAEN) == 0U)
1746:Drivers/STM32F1xx_HAL_Driver/Src/stm32f1xx_ll_usb.c ****     {
1747:Drivers/STM32F1xx_HAL_Driver/Src/stm32f1xx_ll_usb.c ****       if ((USBx->HNPTXSTS & (0xFFU << 16)) == 0U)
1748:Drivers/STM32F1xx_HAL_Driver/Src/stm32f1xx_ll_usb.c ****       {
1749:Drivers/STM32F1xx_HAL_Driver/Src/stm32f1xx_ll_usb.c ****         USBx_HC(hcnum)->HCCHAR &= ~USB_OTG_HCCHAR_CHENA;
1750:Drivers/STM32F1xx_HAL_Driver/Src/stm32f1xx_ll_usb.c ****         USBx_HC(hcnum)->HCCHAR |= USB_OTG_HCCHAR_CHENA;
1751:Drivers/STM32F1xx_HAL_Driver/Src/stm32f1xx_ll_usb.c ****         do
1752:Drivers/STM32F1xx_HAL_Driver/Src/stm32f1xx_ll_usb.c ****         {
1753:Drivers/STM32F1xx_HAL_Driver/Src/stm32f1xx_ll_usb.c ****           count++;
1754:Drivers/STM32F1xx_HAL_Driver/Src/stm32f1xx_ll_usb.c **** 
1755:Drivers/STM32F1xx_HAL_Driver/Src/stm32f1xx_ll_usb.c ****           if (count > 1000U)
1756:Drivers/STM32F1xx_HAL_Driver/Src/stm32f1xx_ll_usb.c ****           {
1757:Drivers/STM32F1xx_HAL_Driver/Src/stm32f1xx_ll_usb.c ****             break;
1758:Drivers/STM32F1xx_HAL_Driver/Src/stm32f1xx_ll_usb.c ****           }
1759:Drivers/STM32F1xx_HAL_Driver/Src/stm32f1xx_ll_usb.c ****         } while ((USBx_HC(hcnum)->HCCHAR & USB_OTG_HCCHAR_CHENA) == USB_OTG_HCCHAR_CHENA);
1760:Drivers/STM32F1xx_HAL_Driver/Src/stm32f1xx_ll_usb.c ****       }
1761:Drivers/STM32F1xx_HAL_Driver/Src/stm32f1xx_ll_usb.c ****       else
1762:Drivers/STM32F1xx_HAL_Driver/Src/stm32f1xx_ll_usb.c ****       {
1763:Drivers/STM32F1xx_HAL_Driver/Src/stm32f1xx_ll_usb.c ****         USBx_HC(hcnum)->HCCHAR |= USB_OTG_HCCHAR_CHENA;
1764:Drivers/STM32F1xx_HAL_Driver/Src/stm32f1xx_ll_usb.c ****       }
1765:Drivers/STM32F1xx_HAL_Driver/Src/stm32f1xx_ll_usb.c ****     }
1766:Drivers/STM32F1xx_HAL_Driver/Src/stm32f1xx_ll_usb.c ****     else
1767:Drivers/STM32F1xx_HAL_Driver/Src/stm32f1xx_ll_usb.c ****     {
1768:Drivers/STM32F1xx_HAL_Driver/Src/stm32f1xx_ll_usb.c ****       USBx_HC(hcnum)->HCCHAR |= USB_OTG_HCCHAR_CHENA;
1769:Drivers/STM32F1xx_HAL_Driver/Src/stm32f1xx_ll_usb.c ****     }
1770:Drivers/STM32F1xx_HAL_Driver/Src/stm32f1xx_ll_usb.c ****   }
1771:Drivers/STM32F1xx_HAL_Driver/Src/stm32f1xx_ll_usb.c ****   else
1772:Drivers/STM32F1xx_HAL_Driver/Src/stm32f1xx_ll_usb.c ****   {
1773:Drivers/STM32F1xx_HAL_Driver/Src/stm32f1xx_ll_usb.c ****     USBx_HC(hcnum)->HCCHAR |= USB_OTG_HCCHAR_CHDIS;
1774:Drivers/STM32F1xx_HAL_Driver/Src/stm32f1xx_ll_usb.c **** 
1775:Drivers/STM32F1xx_HAL_Driver/Src/stm32f1xx_ll_usb.c ****     if ((USBx_HOST->HPTXSTS & (0xFFU << 16)) == 0U)
1776:Drivers/STM32F1xx_HAL_Driver/Src/stm32f1xx_ll_usb.c ****     {
1777:Drivers/STM32F1xx_HAL_Driver/Src/stm32f1xx_ll_usb.c ****       USBx_HC(hcnum)->HCCHAR &= ~USB_OTG_HCCHAR_CHENA;
1778:Drivers/STM32F1xx_HAL_Driver/Src/stm32f1xx_ll_usb.c ****       USBx_HC(hcnum)->HCCHAR |= USB_OTG_HCCHAR_CHENA;
1779:Drivers/STM32F1xx_HAL_Driver/Src/stm32f1xx_ll_usb.c ****       do
1780:Drivers/STM32F1xx_HAL_Driver/Src/stm32f1xx_ll_usb.c ****       {
1781:Drivers/STM32F1xx_HAL_Driver/Src/stm32f1xx_ll_usb.c ****         count++;
1782:Drivers/STM32F1xx_HAL_Driver/Src/stm32f1xx_ll_usb.c **** 
1783:Drivers/STM32F1xx_HAL_Driver/Src/stm32f1xx_ll_usb.c ****         if (count > 1000U)
1784:Drivers/STM32F1xx_HAL_Driver/Src/stm32f1xx_ll_usb.c ****         {
1785:Drivers/STM32F1xx_HAL_Driver/Src/stm32f1xx_ll_usb.c ****           break;
1786:Drivers/STM32F1xx_HAL_Driver/Src/stm32f1xx_ll_usb.c ****         }
1787:Drivers/STM32F1xx_HAL_Driver/Src/stm32f1xx_ll_usb.c ****       } while ((USBx_HC(hcnum)->HCCHAR & USB_OTG_HCCHAR_CHENA) == USB_OTG_HCCHAR_CHENA);
1788:Drivers/STM32F1xx_HAL_Driver/Src/stm32f1xx_ll_usb.c ****     }
1789:Drivers/STM32F1xx_HAL_Driver/Src/stm32f1xx_ll_usb.c ****     else
1790:Drivers/STM32F1xx_HAL_Driver/Src/stm32f1xx_ll_usb.c ****     {
1791:Drivers/STM32F1xx_HAL_Driver/Src/stm32f1xx_ll_usb.c ****       USBx_HC(hcnum)->HCCHAR |= USB_OTG_HCCHAR_CHENA;
1792:Drivers/STM32F1xx_HAL_Driver/Src/stm32f1xx_ll_usb.c ****     }
1793:Drivers/STM32F1xx_HAL_Driver/Src/stm32f1xx_ll_usb.c ****   }
1794:Drivers/STM32F1xx_HAL_Driver/Src/stm32f1xx_ll_usb.c **** 
1795:Drivers/STM32F1xx_HAL_Driver/Src/stm32f1xx_ll_usb.c ****   return HAL_OK;
1796:Drivers/STM32F1xx_HAL_Driver/Src/stm32f1xx_ll_usb.c **** }
1797:Drivers/STM32F1xx_HAL_Driver/Src/stm32f1xx_ll_usb.c **** 
1798:Drivers/STM32F1xx_HAL_Driver/Src/stm32f1xx_ll_usb.c **** /**
1799:Drivers/STM32F1xx_HAL_Driver/Src/stm32f1xx_ll_usb.c ****   * @brief  Initiate Do Ping protocol
ARM GAS  /var/folders/xf/tcndk8390ml5xdpfw93qkhpm0000gn/T//cc0WvzGY.s 			page 33


1800:Drivers/STM32F1xx_HAL_Driver/Src/stm32f1xx_ll_usb.c ****   * @param  USBx  Selected device
1801:Drivers/STM32F1xx_HAL_Driver/Src/stm32f1xx_ll_usb.c ****   * @param  hc_num  Host Channel number
1802:Drivers/STM32F1xx_HAL_Driver/Src/stm32f1xx_ll_usb.c ****   *         This parameter can be a value from 1 to 15
1803:Drivers/STM32F1xx_HAL_Driver/Src/stm32f1xx_ll_usb.c ****   * @retval HAL state
1804:Drivers/STM32F1xx_HAL_Driver/Src/stm32f1xx_ll_usb.c ****   */
1805:Drivers/STM32F1xx_HAL_Driver/Src/stm32f1xx_ll_usb.c **** HAL_StatusTypeDef USB_DoPing(const USB_OTG_GlobalTypeDef *USBx, uint8_t ch_num)
1806:Drivers/STM32F1xx_HAL_Driver/Src/stm32f1xx_ll_usb.c **** {
1807:Drivers/STM32F1xx_HAL_Driver/Src/stm32f1xx_ll_usb.c ****   uint32_t USBx_BASE = (uint32_t)USBx;
1808:Drivers/STM32F1xx_HAL_Driver/Src/stm32f1xx_ll_usb.c ****   uint32_t chnum = (uint32_t)ch_num;
1809:Drivers/STM32F1xx_HAL_Driver/Src/stm32f1xx_ll_usb.c ****   uint32_t num_packets = 1U;
1810:Drivers/STM32F1xx_HAL_Driver/Src/stm32f1xx_ll_usb.c ****   uint32_t tmpreg;
1811:Drivers/STM32F1xx_HAL_Driver/Src/stm32f1xx_ll_usb.c **** 
1812:Drivers/STM32F1xx_HAL_Driver/Src/stm32f1xx_ll_usb.c ****   USBx_HC(chnum)->HCTSIZ = ((num_packets << 19) & USB_OTG_HCTSIZ_PKTCNT) |
1813:Drivers/STM32F1xx_HAL_Driver/Src/stm32f1xx_ll_usb.c ****                            USB_OTG_HCTSIZ_DOPING;
1814:Drivers/STM32F1xx_HAL_Driver/Src/stm32f1xx_ll_usb.c **** 
1815:Drivers/STM32F1xx_HAL_Driver/Src/stm32f1xx_ll_usb.c ****   /* Set host channel enable */
1816:Drivers/STM32F1xx_HAL_Driver/Src/stm32f1xx_ll_usb.c ****   tmpreg = USBx_HC(chnum)->HCCHAR;
1817:Drivers/STM32F1xx_HAL_Driver/Src/stm32f1xx_ll_usb.c ****   tmpreg &= ~USB_OTG_HCCHAR_CHDIS;
1818:Drivers/STM32F1xx_HAL_Driver/Src/stm32f1xx_ll_usb.c ****   tmpreg |= USB_OTG_HCCHAR_CHENA;
1819:Drivers/STM32F1xx_HAL_Driver/Src/stm32f1xx_ll_usb.c ****   USBx_HC(chnum)->HCCHAR = tmpreg;
1820:Drivers/STM32F1xx_HAL_Driver/Src/stm32f1xx_ll_usb.c **** 
1821:Drivers/STM32F1xx_HAL_Driver/Src/stm32f1xx_ll_usb.c ****   return HAL_OK;
1822:Drivers/STM32F1xx_HAL_Driver/Src/stm32f1xx_ll_usb.c **** }
1823:Drivers/STM32F1xx_HAL_Driver/Src/stm32f1xx_ll_usb.c **** 
1824:Drivers/STM32F1xx_HAL_Driver/Src/stm32f1xx_ll_usb.c **** /**
1825:Drivers/STM32F1xx_HAL_Driver/Src/stm32f1xx_ll_usb.c ****   * @brief  Stop Host Core
1826:Drivers/STM32F1xx_HAL_Driver/Src/stm32f1xx_ll_usb.c ****   * @param  USBx  Selected device
1827:Drivers/STM32F1xx_HAL_Driver/Src/stm32f1xx_ll_usb.c ****   * @retval HAL state
1828:Drivers/STM32F1xx_HAL_Driver/Src/stm32f1xx_ll_usb.c ****   */
1829:Drivers/STM32F1xx_HAL_Driver/Src/stm32f1xx_ll_usb.c **** HAL_StatusTypeDef USB_StopHost(USB_OTG_GlobalTypeDef *USBx)
1830:Drivers/STM32F1xx_HAL_Driver/Src/stm32f1xx_ll_usb.c **** {
1831:Drivers/STM32F1xx_HAL_Driver/Src/stm32f1xx_ll_usb.c ****   HAL_StatusTypeDef ret = HAL_OK;
1832:Drivers/STM32F1xx_HAL_Driver/Src/stm32f1xx_ll_usb.c ****   uint32_t USBx_BASE = (uint32_t)USBx;
1833:Drivers/STM32F1xx_HAL_Driver/Src/stm32f1xx_ll_usb.c ****   __IO uint32_t count = 0U;
1834:Drivers/STM32F1xx_HAL_Driver/Src/stm32f1xx_ll_usb.c ****   uint32_t value;
1835:Drivers/STM32F1xx_HAL_Driver/Src/stm32f1xx_ll_usb.c ****   uint32_t i;
1836:Drivers/STM32F1xx_HAL_Driver/Src/stm32f1xx_ll_usb.c **** 
1837:Drivers/STM32F1xx_HAL_Driver/Src/stm32f1xx_ll_usb.c ****   (void)USB_DisableGlobalInt(USBx);
1838:Drivers/STM32F1xx_HAL_Driver/Src/stm32f1xx_ll_usb.c **** 
1839:Drivers/STM32F1xx_HAL_Driver/Src/stm32f1xx_ll_usb.c ****   /* Flush USB FIFO */
1840:Drivers/STM32F1xx_HAL_Driver/Src/stm32f1xx_ll_usb.c ****   if (USB_FlushTxFifo(USBx, 0x10U) != HAL_OK) /* all Tx FIFOs */
1841:Drivers/STM32F1xx_HAL_Driver/Src/stm32f1xx_ll_usb.c ****   {
1842:Drivers/STM32F1xx_HAL_Driver/Src/stm32f1xx_ll_usb.c ****     ret = HAL_ERROR;
1843:Drivers/STM32F1xx_HAL_Driver/Src/stm32f1xx_ll_usb.c ****   }
1844:Drivers/STM32F1xx_HAL_Driver/Src/stm32f1xx_ll_usb.c **** 
1845:Drivers/STM32F1xx_HAL_Driver/Src/stm32f1xx_ll_usb.c ****   if (USB_FlushRxFifo(USBx) != HAL_OK)
1846:Drivers/STM32F1xx_HAL_Driver/Src/stm32f1xx_ll_usb.c ****   {
1847:Drivers/STM32F1xx_HAL_Driver/Src/stm32f1xx_ll_usb.c ****     ret = HAL_ERROR;
1848:Drivers/STM32F1xx_HAL_Driver/Src/stm32f1xx_ll_usb.c ****   }
1849:Drivers/STM32F1xx_HAL_Driver/Src/stm32f1xx_ll_usb.c **** 
1850:Drivers/STM32F1xx_HAL_Driver/Src/stm32f1xx_ll_usb.c ****   /* Flush out any leftover queued requests. */
1851:Drivers/STM32F1xx_HAL_Driver/Src/stm32f1xx_ll_usb.c ****   for (i = 0U; i <= 15U; i++)
1852:Drivers/STM32F1xx_HAL_Driver/Src/stm32f1xx_ll_usb.c ****   {
1853:Drivers/STM32F1xx_HAL_Driver/Src/stm32f1xx_ll_usb.c ****     value = USBx_HC(i)->HCCHAR;
1854:Drivers/STM32F1xx_HAL_Driver/Src/stm32f1xx_ll_usb.c ****     value |=  USB_OTG_HCCHAR_CHDIS;
1855:Drivers/STM32F1xx_HAL_Driver/Src/stm32f1xx_ll_usb.c ****     value &= ~USB_OTG_HCCHAR_CHENA;
1856:Drivers/STM32F1xx_HAL_Driver/Src/stm32f1xx_ll_usb.c ****     value &= ~USB_OTG_HCCHAR_EPDIR;
ARM GAS  /var/folders/xf/tcndk8390ml5xdpfw93qkhpm0000gn/T//cc0WvzGY.s 			page 34


1857:Drivers/STM32F1xx_HAL_Driver/Src/stm32f1xx_ll_usb.c ****     USBx_HC(i)->HCCHAR = value;
1858:Drivers/STM32F1xx_HAL_Driver/Src/stm32f1xx_ll_usb.c ****   }
1859:Drivers/STM32F1xx_HAL_Driver/Src/stm32f1xx_ll_usb.c **** 
1860:Drivers/STM32F1xx_HAL_Driver/Src/stm32f1xx_ll_usb.c ****   /* Halt all channels to put them into a known state. */
1861:Drivers/STM32F1xx_HAL_Driver/Src/stm32f1xx_ll_usb.c ****   for (i = 0U; i <= 15U; i++)
1862:Drivers/STM32F1xx_HAL_Driver/Src/stm32f1xx_ll_usb.c ****   {
1863:Drivers/STM32F1xx_HAL_Driver/Src/stm32f1xx_ll_usb.c ****     value = USBx_HC(i)->HCCHAR;
1864:Drivers/STM32F1xx_HAL_Driver/Src/stm32f1xx_ll_usb.c ****     value |= USB_OTG_HCCHAR_CHDIS;
1865:Drivers/STM32F1xx_HAL_Driver/Src/stm32f1xx_ll_usb.c ****     value |= USB_OTG_HCCHAR_CHENA;
1866:Drivers/STM32F1xx_HAL_Driver/Src/stm32f1xx_ll_usb.c ****     value &= ~USB_OTG_HCCHAR_EPDIR;
1867:Drivers/STM32F1xx_HAL_Driver/Src/stm32f1xx_ll_usb.c ****     USBx_HC(i)->HCCHAR = value;
1868:Drivers/STM32F1xx_HAL_Driver/Src/stm32f1xx_ll_usb.c **** 
1869:Drivers/STM32F1xx_HAL_Driver/Src/stm32f1xx_ll_usb.c ****     do
1870:Drivers/STM32F1xx_HAL_Driver/Src/stm32f1xx_ll_usb.c ****     {
1871:Drivers/STM32F1xx_HAL_Driver/Src/stm32f1xx_ll_usb.c ****       count++;
1872:Drivers/STM32F1xx_HAL_Driver/Src/stm32f1xx_ll_usb.c **** 
1873:Drivers/STM32F1xx_HAL_Driver/Src/stm32f1xx_ll_usb.c ****       if (count > 1000U)
1874:Drivers/STM32F1xx_HAL_Driver/Src/stm32f1xx_ll_usb.c ****       {
1875:Drivers/STM32F1xx_HAL_Driver/Src/stm32f1xx_ll_usb.c ****         break;
1876:Drivers/STM32F1xx_HAL_Driver/Src/stm32f1xx_ll_usb.c ****       }
1877:Drivers/STM32F1xx_HAL_Driver/Src/stm32f1xx_ll_usb.c ****     } while ((USBx_HC(i)->HCCHAR & USB_OTG_HCCHAR_CHENA) == USB_OTG_HCCHAR_CHENA);
1878:Drivers/STM32F1xx_HAL_Driver/Src/stm32f1xx_ll_usb.c ****   }
1879:Drivers/STM32F1xx_HAL_Driver/Src/stm32f1xx_ll_usb.c **** 
1880:Drivers/STM32F1xx_HAL_Driver/Src/stm32f1xx_ll_usb.c ****   /* Clear any pending Host interrupts */
1881:Drivers/STM32F1xx_HAL_Driver/Src/stm32f1xx_ll_usb.c ****   USBx_HOST->HAINT = CLEAR_INTERRUPT_MASK;
1882:Drivers/STM32F1xx_HAL_Driver/Src/stm32f1xx_ll_usb.c ****   USBx->GINTSTS = CLEAR_INTERRUPT_MASK;
1883:Drivers/STM32F1xx_HAL_Driver/Src/stm32f1xx_ll_usb.c **** 
1884:Drivers/STM32F1xx_HAL_Driver/Src/stm32f1xx_ll_usb.c ****   (void)USB_EnableGlobalInt(USBx);
1885:Drivers/STM32F1xx_HAL_Driver/Src/stm32f1xx_ll_usb.c **** 
1886:Drivers/STM32F1xx_HAL_Driver/Src/stm32f1xx_ll_usb.c ****   return ret;
1887:Drivers/STM32F1xx_HAL_Driver/Src/stm32f1xx_ll_usb.c **** }
1888:Drivers/STM32F1xx_HAL_Driver/Src/stm32f1xx_ll_usb.c **** 
1889:Drivers/STM32F1xx_HAL_Driver/Src/stm32f1xx_ll_usb.c **** /**
1890:Drivers/STM32F1xx_HAL_Driver/Src/stm32f1xx_ll_usb.c ****   * @brief  USB_ActivateRemoteWakeup active remote wakeup signalling
1891:Drivers/STM32F1xx_HAL_Driver/Src/stm32f1xx_ll_usb.c ****   * @param  USBx Selected device
1892:Drivers/STM32F1xx_HAL_Driver/Src/stm32f1xx_ll_usb.c ****   * @retval HAL status
1893:Drivers/STM32F1xx_HAL_Driver/Src/stm32f1xx_ll_usb.c ****   */
1894:Drivers/STM32F1xx_HAL_Driver/Src/stm32f1xx_ll_usb.c **** HAL_StatusTypeDef USB_ActivateRemoteWakeup(const USB_OTG_GlobalTypeDef *USBx)
1895:Drivers/STM32F1xx_HAL_Driver/Src/stm32f1xx_ll_usb.c **** {
1896:Drivers/STM32F1xx_HAL_Driver/Src/stm32f1xx_ll_usb.c ****   uint32_t USBx_BASE = (uint32_t)USBx;
1897:Drivers/STM32F1xx_HAL_Driver/Src/stm32f1xx_ll_usb.c **** 
1898:Drivers/STM32F1xx_HAL_Driver/Src/stm32f1xx_ll_usb.c ****   if ((USBx_DEVICE->DSTS & USB_OTG_DSTS_SUSPSTS) == USB_OTG_DSTS_SUSPSTS)
1899:Drivers/STM32F1xx_HAL_Driver/Src/stm32f1xx_ll_usb.c ****   {
1900:Drivers/STM32F1xx_HAL_Driver/Src/stm32f1xx_ll_usb.c ****     /* active Remote wakeup signalling */
1901:Drivers/STM32F1xx_HAL_Driver/Src/stm32f1xx_ll_usb.c ****     USBx_DEVICE->DCTL |= USB_OTG_DCTL_RWUSIG;
1902:Drivers/STM32F1xx_HAL_Driver/Src/stm32f1xx_ll_usb.c ****   }
1903:Drivers/STM32F1xx_HAL_Driver/Src/stm32f1xx_ll_usb.c **** 
1904:Drivers/STM32F1xx_HAL_Driver/Src/stm32f1xx_ll_usb.c ****   return HAL_OK;
1905:Drivers/STM32F1xx_HAL_Driver/Src/stm32f1xx_ll_usb.c **** }
1906:Drivers/STM32F1xx_HAL_Driver/Src/stm32f1xx_ll_usb.c **** 
1907:Drivers/STM32F1xx_HAL_Driver/Src/stm32f1xx_ll_usb.c **** /**
1908:Drivers/STM32F1xx_HAL_Driver/Src/stm32f1xx_ll_usb.c ****   * @brief  USB_DeActivateRemoteWakeup de-active remote wakeup signalling
1909:Drivers/STM32F1xx_HAL_Driver/Src/stm32f1xx_ll_usb.c ****   * @param  USBx Selected device
1910:Drivers/STM32F1xx_HAL_Driver/Src/stm32f1xx_ll_usb.c ****   * @retval HAL status
1911:Drivers/STM32F1xx_HAL_Driver/Src/stm32f1xx_ll_usb.c ****   */
1912:Drivers/STM32F1xx_HAL_Driver/Src/stm32f1xx_ll_usb.c **** HAL_StatusTypeDef USB_DeActivateRemoteWakeup(const USB_OTG_GlobalTypeDef *USBx)
1913:Drivers/STM32F1xx_HAL_Driver/Src/stm32f1xx_ll_usb.c **** {
ARM GAS  /var/folders/xf/tcndk8390ml5xdpfw93qkhpm0000gn/T//cc0WvzGY.s 			page 35


1914:Drivers/STM32F1xx_HAL_Driver/Src/stm32f1xx_ll_usb.c ****   uint32_t USBx_BASE = (uint32_t)USBx;
1915:Drivers/STM32F1xx_HAL_Driver/Src/stm32f1xx_ll_usb.c **** 
1916:Drivers/STM32F1xx_HAL_Driver/Src/stm32f1xx_ll_usb.c ****   /* active Remote wakeup signalling */
1917:Drivers/STM32F1xx_HAL_Driver/Src/stm32f1xx_ll_usb.c ****   USBx_DEVICE->DCTL &= ~(USB_OTG_DCTL_RWUSIG);
1918:Drivers/STM32F1xx_HAL_Driver/Src/stm32f1xx_ll_usb.c **** 
1919:Drivers/STM32F1xx_HAL_Driver/Src/stm32f1xx_ll_usb.c ****   return HAL_OK;
1920:Drivers/STM32F1xx_HAL_Driver/Src/stm32f1xx_ll_usb.c **** }
1921:Drivers/STM32F1xx_HAL_Driver/Src/stm32f1xx_ll_usb.c **** #endif /* defined (USB_OTG_FS) */
1922:Drivers/STM32F1xx_HAL_Driver/Src/stm32f1xx_ll_usb.c **** 
1923:Drivers/STM32F1xx_HAL_Driver/Src/stm32f1xx_ll_usb.c **** #if defined (USB)
1924:Drivers/STM32F1xx_HAL_Driver/Src/stm32f1xx_ll_usb.c **** /**
1925:Drivers/STM32F1xx_HAL_Driver/Src/stm32f1xx_ll_usb.c ****   * @brief  Initializes the USB Core
1926:Drivers/STM32F1xx_HAL_Driver/Src/stm32f1xx_ll_usb.c ****   * @param  USBx USB Instance
1927:Drivers/STM32F1xx_HAL_Driver/Src/stm32f1xx_ll_usb.c ****   * @param  cfg pointer to a USB_CfgTypeDef structure that contains
1928:Drivers/STM32F1xx_HAL_Driver/Src/stm32f1xx_ll_usb.c ****   *         the configuration information for the specified USBx peripheral.
1929:Drivers/STM32F1xx_HAL_Driver/Src/stm32f1xx_ll_usb.c ****   * @retval HAL status
1930:Drivers/STM32F1xx_HAL_Driver/Src/stm32f1xx_ll_usb.c ****   */
1931:Drivers/STM32F1xx_HAL_Driver/Src/stm32f1xx_ll_usb.c **** HAL_StatusTypeDef USB_CoreInit(USB_TypeDef *USBx, USB_CfgTypeDef cfg)
1932:Drivers/STM32F1xx_HAL_Driver/Src/stm32f1xx_ll_usb.c **** {
  27              		.loc 1 1932 1
  28              		.cfi_startproc
  29              		@ args = 0, pretend = 0, frame = 16
  30              		@ frame_needed = 1, uses_anonymous_args = 0
  31              		@ link register save eliminated.
  32 0000 80B4     		push	{r7}
  33              	.LCFI0:
  34              		.cfi_def_cfa_offset 4
  35              		.cfi_offset 7, -4
  36 0002 85B0     		sub	sp, sp, #20
  37              	.LCFI1:
  38              		.cfi_def_cfa_offset 24
  39 0004 00AF     		add	r7, sp, #0
  40              	.LCFI2:
  41              		.cfi_def_cfa_register 7
  42 0006 F860     		str	r0, [r7, #12]
  43 0008 3846     		mov	r0, r7
  44 000a 80E80E00 		stm	r0, {r1, r2, r3}
1933:Drivers/STM32F1xx_HAL_Driver/Src/stm32f1xx_ll_usb.c ****   /* Prevent unused argument(s) compilation warning */
1934:Drivers/STM32F1xx_HAL_Driver/Src/stm32f1xx_ll_usb.c ****   UNUSED(USBx);
1935:Drivers/STM32F1xx_HAL_Driver/Src/stm32f1xx_ll_usb.c ****   UNUSED(cfg);
1936:Drivers/STM32F1xx_HAL_Driver/Src/stm32f1xx_ll_usb.c **** 
1937:Drivers/STM32F1xx_HAL_Driver/Src/stm32f1xx_ll_usb.c ****   /* NOTE : - This function is not required by USB Device FS peripheral, it is used
1938:Drivers/STM32F1xx_HAL_Driver/Src/stm32f1xx_ll_usb.c ****               only by USB OTG FS peripheral.
1939:Drivers/STM32F1xx_HAL_Driver/Src/stm32f1xx_ll_usb.c ****             - This function is added to ensure compatibility across platforms.
1940:Drivers/STM32F1xx_HAL_Driver/Src/stm32f1xx_ll_usb.c ****    */
1941:Drivers/STM32F1xx_HAL_Driver/Src/stm32f1xx_ll_usb.c **** 
1942:Drivers/STM32F1xx_HAL_Driver/Src/stm32f1xx_ll_usb.c ****   return HAL_OK;
  45              		.loc 1 1942 10
  46 000e 0023     		movs	r3, #0
1943:Drivers/STM32F1xx_HAL_Driver/Src/stm32f1xx_ll_usb.c **** }
  47              		.loc 1 1943 1
  48 0010 1846     		mov	r0, r3
  49 0012 1437     		adds	r7, r7, #20
  50              	.LCFI3:
  51              		.cfi_def_cfa_offset 4
  52 0014 BD46     		mov	sp, r7
  53              	.LCFI4:
ARM GAS  /var/folders/xf/tcndk8390ml5xdpfw93qkhpm0000gn/T//cc0WvzGY.s 			page 36


  54              		.cfi_def_cfa_register 13
  55              		@ sp needed
  56 0016 80BC     		pop	{r7}
  57              	.LCFI5:
  58              		.cfi_restore 7
  59              		.cfi_def_cfa_offset 0
  60 0018 7047     		bx	lr
  61              		.cfi_endproc
  62              	.LFE65:
  64              		.section	.text.USB_EnableGlobalInt,"ax",%progbits
  65              		.align	1
  66              		.global	USB_EnableGlobalInt
  67              		.syntax unified
  68              		.thumb
  69              		.thumb_func
  71              	USB_EnableGlobalInt:
  72              	.LFB66:
1944:Drivers/STM32F1xx_HAL_Driver/Src/stm32f1xx_ll_usb.c **** 
1945:Drivers/STM32F1xx_HAL_Driver/Src/stm32f1xx_ll_usb.c **** /**
1946:Drivers/STM32F1xx_HAL_Driver/Src/stm32f1xx_ll_usb.c ****   * @brief  USB_EnableGlobalInt
1947:Drivers/STM32F1xx_HAL_Driver/Src/stm32f1xx_ll_usb.c ****   *         Enables the controller's Global Int in the AHB Config reg
1948:Drivers/STM32F1xx_HAL_Driver/Src/stm32f1xx_ll_usb.c ****   * @param  USBx Selected device
1949:Drivers/STM32F1xx_HAL_Driver/Src/stm32f1xx_ll_usb.c ****   * @retval HAL status
1950:Drivers/STM32F1xx_HAL_Driver/Src/stm32f1xx_ll_usb.c ****   */
1951:Drivers/STM32F1xx_HAL_Driver/Src/stm32f1xx_ll_usb.c **** HAL_StatusTypeDef USB_EnableGlobalInt(USB_TypeDef *USBx)
1952:Drivers/STM32F1xx_HAL_Driver/Src/stm32f1xx_ll_usb.c **** {
  73              		.loc 1 1952 1
  74              		.cfi_startproc
  75              		@ args = 0, pretend = 0, frame = 16
  76              		@ frame_needed = 1, uses_anonymous_args = 0
  77              		@ link register save eliminated.
  78 0000 80B4     		push	{r7}
  79              	.LCFI6:
  80              		.cfi_def_cfa_offset 4
  81              		.cfi_offset 7, -4
  82 0002 85B0     		sub	sp, sp, #20
  83              	.LCFI7:
  84              		.cfi_def_cfa_offset 24
  85 0004 00AF     		add	r7, sp, #0
  86              	.LCFI8:
  87              		.cfi_def_cfa_register 7
  88 0006 7860     		str	r0, [r7, #4]
1953:Drivers/STM32F1xx_HAL_Driver/Src/stm32f1xx_ll_usb.c ****   uint32_t winterruptmask;
1954:Drivers/STM32F1xx_HAL_Driver/Src/stm32f1xx_ll_usb.c **** 
1955:Drivers/STM32F1xx_HAL_Driver/Src/stm32f1xx_ll_usb.c ****   /* Clear pending interrupts */
1956:Drivers/STM32F1xx_HAL_Driver/Src/stm32f1xx_ll_usb.c ****   USBx->ISTR = 0U;
  89              		.loc 1 1956 14
  90 0008 7B68     		ldr	r3, [r7, #4]
  91 000a 0022     		movs	r2, #0
  92 000c A3F84420 		strh	r2, [r3, #68]	@ movhi
1957:Drivers/STM32F1xx_HAL_Driver/Src/stm32f1xx_ll_usb.c **** 
1958:Drivers/STM32F1xx_HAL_Driver/Src/stm32f1xx_ll_usb.c ****   /* Set winterruptmask variable */
1959:Drivers/STM32F1xx_HAL_Driver/Src/stm32f1xx_ll_usb.c ****   winterruptmask = USB_CNTR_CTRM  | USB_CNTR_WKUPM |
  93              		.loc 1 1959 18
  94 0010 4FF43F43 		mov	r3, #48896
  95 0014 FB60     		str	r3, [r7, #12]
1960:Drivers/STM32F1xx_HAL_Driver/Src/stm32f1xx_ll_usb.c ****                    USB_CNTR_SUSPM | USB_CNTR_ERRM |
ARM GAS  /var/folders/xf/tcndk8390ml5xdpfw93qkhpm0000gn/T//cc0WvzGY.s 			page 37


1961:Drivers/STM32F1xx_HAL_Driver/Src/stm32f1xx_ll_usb.c ****                    USB_CNTR_SOFM | USB_CNTR_ESOFM |
1962:Drivers/STM32F1xx_HAL_Driver/Src/stm32f1xx_ll_usb.c ****                    USB_CNTR_RESETM;
1963:Drivers/STM32F1xx_HAL_Driver/Src/stm32f1xx_ll_usb.c **** 
1964:Drivers/STM32F1xx_HAL_Driver/Src/stm32f1xx_ll_usb.c ****   /* Set interrupt mask */
1965:Drivers/STM32F1xx_HAL_Driver/Src/stm32f1xx_ll_usb.c ****   USBx->CNTR = (uint16_t)winterruptmask;
  96              		.loc 1 1965 16
  97 0016 FB68     		ldr	r3, [r7, #12]
  98 0018 9AB2     		uxth	r2, r3
  99              		.loc 1 1965 14
 100 001a 7B68     		ldr	r3, [r7, #4]
 101 001c A3F84020 		strh	r2, [r3, #64]	@ movhi
1966:Drivers/STM32F1xx_HAL_Driver/Src/stm32f1xx_ll_usb.c **** 
1967:Drivers/STM32F1xx_HAL_Driver/Src/stm32f1xx_ll_usb.c ****   return HAL_OK;
 102              		.loc 1 1967 10
 103 0020 0023     		movs	r3, #0
1968:Drivers/STM32F1xx_HAL_Driver/Src/stm32f1xx_ll_usb.c **** }
 104              		.loc 1 1968 1
 105 0022 1846     		mov	r0, r3
 106 0024 1437     		adds	r7, r7, #20
 107              	.LCFI9:
 108              		.cfi_def_cfa_offset 4
 109 0026 BD46     		mov	sp, r7
 110              	.LCFI10:
 111              		.cfi_def_cfa_register 13
 112              		@ sp needed
 113 0028 80BC     		pop	{r7}
 114              	.LCFI11:
 115              		.cfi_restore 7
 116              		.cfi_def_cfa_offset 0
 117 002a 7047     		bx	lr
 118              		.cfi_endproc
 119              	.LFE66:
 121              		.section	.text.USB_DisableGlobalInt,"ax",%progbits
 122              		.align	1
 123              		.global	USB_DisableGlobalInt
 124              		.syntax unified
 125              		.thumb
 126              		.thumb_func
 128              	USB_DisableGlobalInt:
 129              	.LFB67:
1969:Drivers/STM32F1xx_HAL_Driver/Src/stm32f1xx_ll_usb.c **** 
1970:Drivers/STM32F1xx_HAL_Driver/Src/stm32f1xx_ll_usb.c **** /**
1971:Drivers/STM32F1xx_HAL_Driver/Src/stm32f1xx_ll_usb.c ****   * @brief  USB_DisableGlobalInt
1972:Drivers/STM32F1xx_HAL_Driver/Src/stm32f1xx_ll_usb.c ****   *         Disable the controller's Global Int in the AHB Config reg
1973:Drivers/STM32F1xx_HAL_Driver/Src/stm32f1xx_ll_usb.c ****   * @param  USBx Selected device
1974:Drivers/STM32F1xx_HAL_Driver/Src/stm32f1xx_ll_usb.c ****   * @retval HAL status
1975:Drivers/STM32F1xx_HAL_Driver/Src/stm32f1xx_ll_usb.c ****   */
1976:Drivers/STM32F1xx_HAL_Driver/Src/stm32f1xx_ll_usb.c **** HAL_StatusTypeDef USB_DisableGlobalInt(USB_TypeDef *USBx)
1977:Drivers/STM32F1xx_HAL_Driver/Src/stm32f1xx_ll_usb.c **** {
 130              		.loc 1 1977 1
 131              		.cfi_startproc
 132              		@ args = 0, pretend = 0, frame = 16
 133              		@ frame_needed = 1, uses_anonymous_args = 0
 134              		@ link register save eliminated.
 135 0000 80B4     		push	{r7}
 136              	.LCFI12:
 137              		.cfi_def_cfa_offset 4
ARM GAS  /var/folders/xf/tcndk8390ml5xdpfw93qkhpm0000gn/T//cc0WvzGY.s 			page 38


 138              		.cfi_offset 7, -4
 139 0002 85B0     		sub	sp, sp, #20
 140              	.LCFI13:
 141              		.cfi_def_cfa_offset 24
 142 0004 00AF     		add	r7, sp, #0
 143              	.LCFI14:
 144              		.cfi_def_cfa_register 7
 145 0006 7860     		str	r0, [r7, #4]
1978:Drivers/STM32F1xx_HAL_Driver/Src/stm32f1xx_ll_usb.c ****   uint32_t winterruptmask;
1979:Drivers/STM32F1xx_HAL_Driver/Src/stm32f1xx_ll_usb.c **** 
1980:Drivers/STM32F1xx_HAL_Driver/Src/stm32f1xx_ll_usb.c ****   /* Set winterruptmask variable */
1981:Drivers/STM32F1xx_HAL_Driver/Src/stm32f1xx_ll_usb.c ****   winterruptmask = USB_CNTR_CTRM  | USB_CNTR_WKUPM |
 146              		.loc 1 1981 18
 147 0008 4FF43F43 		mov	r3, #48896
 148 000c FB60     		str	r3, [r7, #12]
1982:Drivers/STM32F1xx_HAL_Driver/Src/stm32f1xx_ll_usb.c ****                    USB_CNTR_SUSPM | USB_CNTR_ERRM |
1983:Drivers/STM32F1xx_HAL_Driver/Src/stm32f1xx_ll_usb.c ****                    USB_CNTR_SOFM | USB_CNTR_ESOFM |
1984:Drivers/STM32F1xx_HAL_Driver/Src/stm32f1xx_ll_usb.c ****                    USB_CNTR_RESETM;
1985:Drivers/STM32F1xx_HAL_Driver/Src/stm32f1xx_ll_usb.c **** 
1986:Drivers/STM32F1xx_HAL_Driver/Src/stm32f1xx_ll_usb.c ****   /* Clear interrupt mask */
1987:Drivers/STM32F1xx_HAL_Driver/Src/stm32f1xx_ll_usb.c ****   USBx->CNTR &= (uint16_t)(~winterruptmask);
 149              		.loc 1 1987 14
 150 000e 7B68     		ldr	r3, [r7, #4]
 151 0010 B3F84030 		ldrh	r3, [r3, #64]	@ movhi
 152 0014 9AB2     		uxth	r2, r3
 153              		.loc 1 1987 17
 154 0016 FB68     		ldr	r3, [r7, #12]
 155 0018 9BB2     		uxth	r3, r3
 156 001a DB43     		mvns	r3, r3
 157 001c 9BB2     		uxth	r3, r3
 158              		.loc 1 1987 14
 159 001e 1340     		ands	r3, r3, r2
 160 0020 9AB2     		uxth	r2, r3
 161 0022 7B68     		ldr	r3, [r7, #4]
 162 0024 A3F84020 		strh	r2, [r3, #64]	@ movhi
1988:Drivers/STM32F1xx_HAL_Driver/Src/stm32f1xx_ll_usb.c **** 
1989:Drivers/STM32F1xx_HAL_Driver/Src/stm32f1xx_ll_usb.c ****   return HAL_OK;
 163              		.loc 1 1989 10
 164 0028 0023     		movs	r3, #0
1990:Drivers/STM32F1xx_HAL_Driver/Src/stm32f1xx_ll_usb.c **** }
 165              		.loc 1 1990 1
 166 002a 1846     		mov	r0, r3
 167 002c 1437     		adds	r7, r7, #20
 168              	.LCFI15:
 169              		.cfi_def_cfa_offset 4
 170 002e BD46     		mov	sp, r7
 171              	.LCFI16:
 172              		.cfi_def_cfa_register 13
 173              		@ sp needed
 174 0030 80BC     		pop	{r7}
 175              	.LCFI17:
 176              		.cfi_restore 7
 177              		.cfi_def_cfa_offset 0
 178 0032 7047     		bx	lr
 179              		.cfi_endproc
 180              	.LFE67:
 182              		.section	.text.USB_SetCurrentMode,"ax",%progbits
ARM GAS  /var/folders/xf/tcndk8390ml5xdpfw93qkhpm0000gn/T//cc0WvzGY.s 			page 39


 183              		.align	1
 184              		.global	USB_SetCurrentMode
 185              		.syntax unified
 186              		.thumb
 187              		.thumb_func
 189              	USB_SetCurrentMode:
 190              	.LFB68:
1991:Drivers/STM32F1xx_HAL_Driver/Src/stm32f1xx_ll_usb.c **** 
1992:Drivers/STM32F1xx_HAL_Driver/Src/stm32f1xx_ll_usb.c **** /**
1993:Drivers/STM32F1xx_HAL_Driver/Src/stm32f1xx_ll_usb.c ****   * @brief  USB_SetCurrentMode Set functional mode
1994:Drivers/STM32F1xx_HAL_Driver/Src/stm32f1xx_ll_usb.c ****   * @param  USBx Selected device
1995:Drivers/STM32F1xx_HAL_Driver/Src/stm32f1xx_ll_usb.c ****   * @param  mode current core mode
1996:Drivers/STM32F1xx_HAL_Driver/Src/stm32f1xx_ll_usb.c ****   *          This parameter can be one of the these values:
1997:Drivers/STM32F1xx_HAL_Driver/Src/stm32f1xx_ll_usb.c ****   *            @arg USB_DEVICE_MODE Peripheral mode
1998:Drivers/STM32F1xx_HAL_Driver/Src/stm32f1xx_ll_usb.c ****   * @retval HAL status
1999:Drivers/STM32F1xx_HAL_Driver/Src/stm32f1xx_ll_usb.c ****   */
2000:Drivers/STM32F1xx_HAL_Driver/Src/stm32f1xx_ll_usb.c **** HAL_StatusTypeDef USB_SetCurrentMode(USB_TypeDef *USBx, USB_ModeTypeDef mode)
2001:Drivers/STM32F1xx_HAL_Driver/Src/stm32f1xx_ll_usb.c **** {
 191              		.loc 1 2001 1
 192              		.cfi_startproc
 193              		@ args = 0, pretend = 0, frame = 8
 194              		@ frame_needed = 1, uses_anonymous_args = 0
 195              		@ link register save eliminated.
 196 0000 80B4     		push	{r7}
 197              	.LCFI18:
 198              		.cfi_def_cfa_offset 4
 199              		.cfi_offset 7, -4
 200 0002 83B0     		sub	sp, sp, #12
 201              	.LCFI19:
 202              		.cfi_def_cfa_offset 16
 203 0004 00AF     		add	r7, sp, #0
 204              	.LCFI20:
 205              		.cfi_def_cfa_register 7
 206 0006 7860     		str	r0, [r7, #4]
 207 0008 0B46     		mov	r3, r1
 208 000a FB70     		strb	r3, [r7, #3]
2002:Drivers/STM32F1xx_HAL_Driver/Src/stm32f1xx_ll_usb.c ****   /* Prevent unused argument(s) compilation warning */
2003:Drivers/STM32F1xx_HAL_Driver/Src/stm32f1xx_ll_usb.c ****   UNUSED(USBx);
2004:Drivers/STM32F1xx_HAL_Driver/Src/stm32f1xx_ll_usb.c ****   UNUSED(mode);
2005:Drivers/STM32F1xx_HAL_Driver/Src/stm32f1xx_ll_usb.c **** 
2006:Drivers/STM32F1xx_HAL_Driver/Src/stm32f1xx_ll_usb.c ****   /* NOTE : - This function is not required by USB Device FS peripheral, it is used
2007:Drivers/STM32F1xx_HAL_Driver/Src/stm32f1xx_ll_usb.c ****               only by USB OTG FS peripheral.
2008:Drivers/STM32F1xx_HAL_Driver/Src/stm32f1xx_ll_usb.c ****             - This function is added to ensure compatibility across platforms.
2009:Drivers/STM32F1xx_HAL_Driver/Src/stm32f1xx_ll_usb.c ****    */
2010:Drivers/STM32F1xx_HAL_Driver/Src/stm32f1xx_ll_usb.c ****   return HAL_OK;
 209              		.loc 1 2010 10
 210 000c 0023     		movs	r3, #0
2011:Drivers/STM32F1xx_HAL_Driver/Src/stm32f1xx_ll_usb.c **** }
 211              		.loc 1 2011 1
 212 000e 1846     		mov	r0, r3
 213 0010 0C37     		adds	r7, r7, #12
 214              	.LCFI21:
 215              		.cfi_def_cfa_offset 4
 216 0012 BD46     		mov	sp, r7
 217              	.LCFI22:
 218              		.cfi_def_cfa_register 13
 219              		@ sp needed
ARM GAS  /var/folders/xf/tcndk8390ml5xdpfw93qkhpm0000gn/T//cc0WvzGY.s 			page 40


 220 0014 80BC     		pop	{r7}
 221              	.LCFI23:
 222              		.cfi_restore 7
 223              		.cfi_def_cfa_offset 0
 224 0016 7047     		bx	lr
 225              		.cfi_endproc
 226              	.LFE68:
 228              		.section	.text.USB_DevInit,"ax",%progbits
 229              		.align	1
 230              		.global	USB_DevInit
 231              		.syntax unified
 232              		.thumb
 233              		.thumb_func
 235              	USB_DevInit:
 236              	.LFB69:
2012:Drivers/STM32F1xx_HAL_Driver/Src/stm32f1xx_ll_usb.c **** 
2013:Drivers/STM32F1xx_HAL_Driver/Src/stm32f1xx_ll_usb.c **** /**
2014:Drivers/STM32F1xx_HAL_Driver/Src/stm32f1xx_ll_usb.c ****   * @brief  USB_DevInit Initializes the USB controller registers
2015:Drivers/STM32F1xx_HAL_Driver/Src/stm32f1xx_ll_usb.c ****   *         for device mode
2016:Drivers/STM32F1xx_HAL_Driver/Src/stm32f1xx_ll_usb.c ****   * @param  USBx Selected device
2017:Drivers/STM32F1xx_HAL_Driver/Src/stm32f1xx_ll_usb.c ****   * @param  cfg  pointer to a USB_CfgTypeDef structure that contains
2018:Drivers/STM32F1xx_HAL_Driver/Src/stm32f1xx_ll_usb.c ****   *         the configuration information for the specified USBx peripheral.
2019:Drivers/STM32F1xx_HAL_Driver/Src/stm32f1xx_ll_usb.c ****   * @retval HAL status
2020:Drivers/STM32F1xx_HAL_Driver/Src/stm32f1xx_ll_usb.c ****   */
2021:Drivers/STM32F1xx_HAL_Driver/Src/stm32f1xx_ll_usb.c **** HAL_StatusTypeDef USB_DevInit(USB_TypeDef *USBx, USB_CfgTypeDef cfg)
2022:Drivers/STM32F1xx_HAL_Driver/Src/stm32f1xx_ll_usb.c **** {
 237              		.loc 1 2022 1
 238              		.cfi_startproc
 239              		@ args = 0, pretend = 0, frame = 16
 240              		@ frame_needed = 1, uses_anonymous_args = 0
 241              		@ link register save eliminated.
 242 0000 80B4     		push	{r7}
 243              	.LCFI24:
 244              		.cfi_def_cfa_offset 4
 245              		.cfi_offset 7, -4
 246 0002 85B0     		sub	sp, sp, #20
 247              	.LCFI25:
 248              		.cfi_def_cfa_offset 24
 249 0004 00AF     		add	r7, sp, #0
 250              	.LCFI26:
 251              		.cfi_def_cfa_register 7
 252 0006 F860     		str	r0, [r7, #12]
 253 0008 3846     		mov	r0, r7
 254 000a 80E80E00 		stm	r0, {r1, r2, r3}
2023:Drivers/STM32F1xx_HAL_Driver/Src/stm32f1xx_ll_usb.c ****   /* Prevent unused argument(s) compilation warning */
2024:Drivers/STM32F1xx_HAL_Driver/Src/stm32f1xx_ll_usb.c ****   UNUSED(cfg);
2025:Drivers/STM32F1xx_HAL_Driver/Src/stm32f1xx_ll_usb.c **** 
2026:Drivers/STM32F1xx_HAL_Driver/Src/stm32f1xx_ll_usb.c ****   /* Init Device */
2027:Drivers/STM32F1xx_HAL_Driver/Src/stm32f1xx_ll_usb.c ****   /* CNTR_FRES = 1 */
2028:Drivers/STM32F1xx_HAL_Driver/Src/stm32f1xx_ll_usb.c ****   USBx->CNTR = (uint16_t)USB_CNTR_FRES;
 255              		.loc 1 2028 14
 256 000e FB68     		ldr	r3, [r7, #12]
 257 0010 0122     		movs	r2, #1
 258 0012 A3F84020 		strh	r2, [r3, #64]	@ movhi
2029:Drivers/STM32F1xx_HAL_Driver/Src/stm32f1xx_ll_usb.c **** 
2030:Drivers/STM32F1xx_HAL_Driver/Src/stm32f1xx_ll_usb.c ****   /* CNTR_FRES = 0 */
2031:Drivers/STM32F1xx_HAL_Driver/Src/stm32f1xx_ll_usb.c ****   USBx->CNTR = 0U;
ARM GAS  /var/folders/xf/tcndk8390ml5xdpfw93qkhpm0000gn/T//cc0WvzGY.s 			page 41


 259              		.loc 1 2031 14
 260 0016 FB68     		ldr	r3, [r7, #12]
 261 0018 0022     		movs	r2, #0
 262 001a A3F84020 		strh	r2, [r3, #64]	@ movhi
2032:Drivers/STM32F1xx_HAL_Driver/Src/stm32f1xx_ll_usb.c **** 
2033:Drivers/STM32F1xx_HAL_Driver/Src/stm32f1xx_ll_usb.c ****   /* Clear pending interrupts */
2034:Drivers/STM32F1xx_HAL_Driver/Src/stm32f1xx_ll_usb.c ****   USBx->ISTR = 0U;
 263              		.loc 1 2034 14
 264 001e FB68     		ldr	r3, [r7, #12]
 265 0020 0022     		movs	r2, #0
 266 0022 A3F84420 		strh	r2, [r3, #68]	@ movhi
2035:Drivers/STM32F1xx_HAL_Driver/Src/stm32f1xx_ll_usb.c **** 
2036:Drivers/STM32F1xx_HAL_Driver/Src/stm32f1xx_ll_usb.c ****   /*Set Btable Address*/
2037:Drivers/STM32F1xx_HAL_Driver/Src/stm32f1xx_ll_usb.c ****   USBx->BTABLE = BTABLE_ADDRESS;
 267              		.loc 1 2037 16
 268 0026 FB68     		ldr	r3, [r7, #12]
 269 0028 0022     		movs	r2, #0
 270 002a A3F85020 		strh	r2, [r3, #80]	@ movhi
2038:Drivers/STM32F1xx_HAL_Driver/Src/stm32f1xx_ll_usb.c **** 
2039:Drivers/STM32F1xx_HAL_Driver/Src/stm32f1xx_ll_usb.c ****   return HAL_OK;
 271              		.loc 1 2039 10
 272 002e 0023     		movs	r3, #0
2040:Drivers/STM32F1xx_HAL_Driver/Src/stm32f1xx_ll_usb.c **** }
 273              		.loc 1 2040 1
 274 0030 1846     		mov	r0, r3
 275 0032 1437     		adds	r7, r7, #20
 276              	.LCFI27:
 277              		.cfi_def_cfa_offset 4
 278 0034 BD46     		mov	sp, r7
 279              	.LCFI28:
 280              		.cfi_def_cfa_register 13
 281              		@ sp needed
 282 0036 80BC     		pop	{r7}
 283              	.LCFI29:
 284              		.cfi_restore 7
 285              		.cfi_def_cfa_offset 0
 286 0038 7047     		bx	lr
 287              		.cfi_endproc
 288              	.LFE69:
 290              		.section	.text.USB_FlushTxFifo,"ax",%progbits
 291              		.align	1
 292              		.global	USB_FlushTxFifo
 293              		.syntax unified
 294              		.thumb
 295              		.thumb_func
 297              	USB_FlushTxFifo:
 298              	.LFB70:
2041:Drivers/STM32F1xx_HAL_Driver/Src/stm32f1xx_ll_usb.c **** 
2042:Drivers/STM32F1xx_HAL_Driver/Src/stm32f1xx_ll_usb.c **** /**
2043:Drivers/STM32F1xx_HAL_Driver/Src/stm32f1xx_ll_usb.c ****   * @brief  USB_FlushTxFifo : Flush a Tx FIFO
2044:Drivers/STM32F1xx_HAL_Driver/Src/stm32f1xx_ll_usb.c ****   * @param  USBx : Selected device
2045:Drivers/STM32F1xx_HAL_Driver/Src/stm32f1xx_ll_usb.c ****   * @param  num : FIFO number
2046:Drivers/STM32F1xx_HAL_Driver/Src/stm32f1xx_ll_usb.c ****   *         This parameter can be a value from 1 to 15
2047:Drivers/STM32F1xx_HAL_Driver/Src/stm32f1xx_ll_usb.c ****             15 means Flush all Tx FIFOs
2048:Drivers/STM32F1xx_HAL_Driver/Src/stm32f1xx_ll_usb.c ****   * @retval HAL status
2049:Drivers/STM32F1xx_HAL_Driver/Src/stm32f1xx_ll_usb.c ****   */
2050:Drivers/STM32F1xx_HAL_Driver/Src/stm32f1xx_ll_usb.c **** HAL_StatusTypeDef USB_FlushTxFifo(USB_TypeDef const *USBx, uint32_t num)
ARM GAS  /var/folders/xf/tcndk8390ml5xdpfw93qkhpm0000gn/T//cc0WvzGY.s 			page 42


2051:Drivers/STM32F1xx_HAL_Driver/Src/stm32f1xx_ll_usb.c **** {
 299              		.loc 1 2051 1
 300              		.cfi_startproc
 301              		@ args = 0, pretend = 0, frame = 8
 302              		@ frame_needed = 1, uses_anonymous_args = 0
 303              		@ link register save eliminated.
 304 0000 80B4     		push	{r7}
 305              	.LCFI30:
 306              		.cfi_def_cfa_offset 4
 307              		.cfi_offset 7, -4
 308 0002 83B0     		sub	sp, sp, #12
 309              	.LCFI31:
 310              		.cfi_def_cfa_offset 16
 311 0004 00AF     		add	r7, sp, #0
 312              	.LCFI32:
 313              		.cfi_def_cfa_register 7
 314 0006 7860     		str	r0, [r7, #4]
 315 0008 3960     		str	r1, [r7]
2052:Drivers/STM32F1xx_HAL_Driver/Src/stm32f1xx_ll_usb.c ****   /* Prevent unused argument(s) compilation warning */
2053:Drivers/STM32F1xx_HAL_Driver/Src/stm32f1xx_ll_usb.c ****   UNUSED(USBx);
2054:Drivers/STM32F1xx_HAL_Driver/Src/stm32f1xx_ll_usb.c ****   UNUSED(num);
2055:Drivers/STM32F1xx_HAL_Driver/Src/stm32f1xx_ll_usb.c **** 
2056:Drivers/STM32F1xx_HAL_Driver/Src/stm32f1xx_ll_usb.c ****   /* NOTE : - This function is not required by USB Device FS peripheral, it is used
2057:Drivers/STM32F1xx_HAL_Driver/Src/stm32f1xx_ll_usb.c ****               only by USB OTG FS peripheral.
2058:Drivers/STM32F1xx_HAL_Driver/Src/stm32f1xx_ll_usb.c ****             - This function is added to ensure compatibility across platforms.
2059:Drivers/STM32F1xx_HAL_Driver/Src/stm32f1xx_ll_usb.c ****    */
2060:Drivers/STM32F1xx_HAL_Driver/Src/stm32f1xx_ll_usb.c **** 
2061:Drivers/STM32F1xx_HAL_Driver/Src/stm32f1xx_ll_usb.c ****   return HAL_OK;
 316              		.loc 1 2061 10
 317 000a 0023     		movs	r3, #0
2062:Drivers/STM32F1xx_HAL_Driver/Src/stm32f1xx_ll_usb.c **** }
 318              		.loc 1 2062 1
 319 000c 1846     		mov	r0, r3
 320 000e 0C37     		adds	r7, r7, #12
 321              	.LCFI33:
 322              		.cfi_def_cfa_offset 4
 323 0010 BD46     		mov	sp, r7
 324              	.LCFI34:
 325              		.cfi_def_cfa_register 13
 326              		@ sp needed
 327 0012 80BC     		pop	{r7}
 328              	.LCFI35:
 329              		.cfi_restore 7
 330              		.cfi_def_cfa_offset 0
 331 0014 7047     		bx	lr
 332              		.cfi_endproc
 333              	.LFE70:
 335              		.section	.text.USB_FlushRxFifo,"ax",%progbits
 336              		.align	1
 337              		.global	USB_FlushRxFifo
 338              		.syntax unified
 339              		.thumb
 340              		.thumb_func
 342              	USB_FlushRxFifo:
 343              	.LFB71:
2063:Drivers/STM32F1xx_HAL_Driver/Src/stm32f1xx_ll_usb.c **** 
2064:Drivers/STM32F1xx_HAL_Driver/Src/stm32f1xx_ll_usb.c **** /**
ARM GAS  /var/folders/xf/tcndk8390ml5xdpfw93qkhpm0000gn/T//cc0WvzGY.s 			page 43


2065:Drivers/STM32F1xx_HAL_Driver/Src/stm32f1xx_ll_usb.c ****   * @brief  USB_FlushRxFifo : Flush Rx FIFO
2066:Drivers/STM32F1xx_HAL_Driver/Src/stm32f1xx_ll_usb.c ****   * @param  USBx : Selected device
2067:Drivers/STM32F1xx_HAL_Driver/Src/stm32f1xx_ll_usb.c ****   * @retval HAL status
2068:Drivers/STM32F1xx_HAL_Driver/Src/stm32f1xx_ll_usb.c ****   */
2069:Drivers/STM32F1xx_HAL_Driver/Src/stm32f1xx_ll_usb.c **** HAL_StatusTypeDef USB_FlushRxFifo(USB_TypeDef const *USBx)
2070:Drivers/STM32F1xx_HAL_Driver/Src/stm32f1xx_ll_usb.c **** {
 344              		.loc 1 2070 1
 345              		.cfi_startproc
 346              		@ args = 0, pretend = 0, frame = 8
 347              		@ frame_needed = 1, uses_anonymous_args = 0
 348              		@ link register save eliminated.
 349 0000 80B4     		push	{r7}
 350              	.LCFI36:
 351              		.cfi_def_cfa_offset 4
 352              		.cfi_offset 7, -4
 353 0002 83B0     		sub	sp, sp, #12
 354              	.LCFI37:
 355              		.cfi_def_cfa_offset 16
 356 0004 00AF     		add	r7, sp, #0
 357              	.LCFI38:
 358              		.cfi_def_cfa_register 7
 359 0006 7860     		str	r0, [r7, #4]
2071:Drivers/STM32F1xx_HAL_Driver/Src/stm32f1xx_ll_usb.c ****   /* Prevent unused argument(s) compilation warning */
2072:Drivers/STM32F1xx_HAL_Driver/Src/stm32f1xx_ll_usb.c ****   UNUSED(USBx);
2073:Drivers/STM32F1xx_HAL_Driver/Src/stm32f1xx_ll_usb.c **** 
2074:Drivers/STM32F1xx_HAL_Driver/Src/stm32f1xx_ll_usb.c ****   /* NOTE : - This function is not required by USB Device FS peripheral, it is used
2075:Drivers/STM32F1xx_HAL_Driver/Src/stm32f1xx_ll_usb.c ****               only by USB OTG FS peripheral.
2076:Drivers/STM32F1xx_HAL_Driver/Src/stm32f1xx_ll_usb.c ****             - This function is added to ensure compatibility across platforms.
2077:Drivers/STM32F1xx_HAL_Driver/Src/stm32f1xx_ll_usb.c ****    */
2078:Drivers/STM32F1xx_HAL_Driver/Src/stm32f1xx_ll_usb.c **** 
2079:Drivers/STM32F1xx_HAL_Driver/Src/stm32f1xx_ll_usb.c ****   return HAL_OK;
 360              		.loc 1 2079 10
 361 0008 0023     		movs	r3, #0
2080:Drivers/STM32F1xx_HAL_Driver/Src/stm32f1xx_ll_usb.c **** }
 362              		.loc 1 2080 1
 363 000a 1846     		mov	r0, r3
 364 000c 0C37     		adds	r7, r7, #12
 365              	.LCFI39:
 366              		.cfi_def_cfa_offset 4
 367 000e BD46     		mov	sp, r7
 368              	.LCFI40:
 369              		.cfi_def_cfa_register 13
 370              		@ sp needed
 371 0010 80BC     		pop	{r7}
 372              	.LCFI41:
 373              		.cfi_restore 7
 374              		.cfi_def_cfa_offset 0
 375 0012 7047     		bx	lr
 376              		.cfi_endproc
 377              	.LFE71:
 379              		.section	.text.USB_ActivateEndpoint,"ax",%progbits
 380              		.align	1
 381              		.global	USB_ActivateEndpoint
 382              		.syntax unified
 383              		.thumb
 384              		.thumb_func
 386              	USB_ActivateEndpoint:
ARM GAS  /var/folders/xf/tcndk8390ml5xdpfw93qkhpm0000gn/T//cc0WvzGY.s 			page 44


 387              	.LFB72:
2081:Drivers/STM32F1xx_HAL_Driver/Src/stm32f1xx_ll_usb.c **** 
2082:Drivers/STM32F1xx_HAL_Driver/Src/stm32f1xx_ll_usb.c **** 
2083:Drivers/STM32F1xx_HAL_Driver/Src/stm32f1xx_ll_usb.c **** #if defined (HAL_PCD_MODULE_ENABLED)
2084:Drivers/STM32F1xx_HAL_Driver/Src/stm32f1xx_ll_usb.c **** /**
2085:Drivers/STM32F1xx_HAL_Driver/Src/stm32f1xx_ll_usb.c ****   * @brief  Activate and configure an endpoint
2086:Drivers/STM32F1xx_HAL_Driver/Src/stm32f1xx_ll_usb.c ****   * @param  USBx Selected device
2087:Drivers/STM32F1xx_HAL_Driver/Src/stm32f1xx_ll_usb.c ****   * @param  ep pointer to endpoint structure
2088:Drivers/STM32F1xx_HAL_Driver/Src/stm32f1xx_ll_usb.c ****   * @retval HAL status
2089:Drivers/STM32F1xx_HAL_Driver/Src/stm32f1xx_ll_usb.c ****   */
2090:Drivers/STM32F1xx_HAL_Driver/Src/stm32f1xx_ll_usb.c **** HAL_StatusTypeDef USB_ActivateEndpoint(USB_TypeDef *USBx, USB_EPTypeDef *ep)
2091:Drivers/STM32F1xx_HAL_Driver/Src/stm32f1xx_ll_usb.c **** {
 388              		.loc 1 2091 1
 389              		.cfi_startproc
 390              		@ args = 0, pretend = 0, frame = 112
 391              		@ frame_needed = 1, uses_anonymous_args = 0
 392              		@ link register save eliminated.
 393 0000 80B4     		push	{r7}
 394              	.LCFI42:
 395              		.cfi_def_cfa_offset 4
 396              		.cfi_offset 7, -4
 397 0002 9DB0     		sub	sp, sp, #116
 398              	.LCFI43:
 399              		.cfi_def_cfa_offset 120
 400 0004 00AF     		add	r7, sp, #0
 401              	.LCFI44:
 402              		.cfi_def_cfa_register 7
 403 0006 7860     		str	r0, [r7, #4]
 404 0008 3960     		str	r1, [r7]
2092:Drivers/STM32F1xx_HAL_Driver/Src/stm32f1xx_ll_usb.c ****   HAL_StatusTypeDef ret = HAL_OK;
 405              		.loc 1 2092 21
 406 000a 0023     		movs	r3, #0
 407 000c 87F86F30 		strb	r3, [r7, #111]
2093:Drivers/STM32F1xx_HAL_Driver/Src/stm32f1xx_ll_usb.c ****   uint16_t wEpRegVal;
2094:Drivers/STM32F1xx_HAL_Driver/Src/stm32f1xx_ll_usb.c **** 
2095:Drivers/STM32F1xx_HAL_Driver/Src/stm32f1xx_ll_usb.c ****   wEpRegVal = PCD_GET_ENDPOINT(USBx, ep->num) & USB_EP_T_MASK;
 408              		.loc 1 2095 15
 409 0010 7A68     		ldr	r2, [r7, #4]
 410 0012 3B68     		ldr	r3, [r7]
 411 0014 1B78     		ldrb	r3, [r3]	@ zero_extendqisi2
 412 0016 9B00     		lsls	r3, r3, #2
 413 0018 1344     		add	r3, r3, r2
 414 001a 1B88     		ldrh	r3, [r3]	@ movhi
 415 001c 9BB2     		uxth	r3, r3
 416              		.loc 1 2095 13
 417 001e 23F4EC43 		bic	r3, r3, #30208
 418 0022 23F07003 		bic	r3, r3, #112
 419 0026 A7F86C30 		strh	r3, [r7, #108]	@ movhi
2096:Drivers/STM32F1xx_HAL_Driver/Src/stm32f1xx_ll_usb.c **** 
2097:Drivers/STM32F1xx_HAL_Driver/Src/stm32f1xx_ll_usb.c ****   /* initialize Endpoint */
2098:Drivers/STM32F1xx_HAL_Driver/Src/stm32f1xx_ll_usb.c ****   switch (ep->type)
 420              		.loc 1 2098 13
 421 002a 3B68     		ldr	r3, [r7]
 422 002c DB78     		ldrb	r3, [r3, #3]	@ zero_extendqisi2
 423              		.loc 1 2098 3
 424 002e 032B     		cmp	r3, #3
 425 0030 1FD8     		bhi	.L16
ARM GAS  /var/folders/xf/tcndk8390ml5xdpfw93qkhpm0000gn/T//cc0WvzGY.s 			page 45


 426 0032 01A2     		adr	r2, .L18
 427 0034 52F823F0 		ldr	pc, [r2, r3, lsl #2]
 428              		.p2align 2
 429              	.L18:
 430 0038 49000000 		.word	.L21+1
 431 003c 65000000 		.word	.L20+1
 432 0040 7B000000 		.word	.L45+1
 433 0044 57000000 		.word	.L17+1
 434              		.p2align 1
 435              	.L21:
2099:Drivers/STM32F1xx_HAL_Driver/Src/stm32f1xx_ll_usb.c ****   {
2100:Drivers/STM32F1xx_HAL_Driver/Src/stm32f1xx_ll_usb.c ****     case EP_TYPE_CTRL:
2101:Drivers/STM32F1xx_HAL_Driver/Src/stm32f1xx_ll_usb.c ****       wEpRegVal |= USB_EP_CONTROL;
 436              		.loc 1 2101 17
 437 0048 B7F86C30 		ldrh	r3, [r7, #108]	@ movhi
 438 004c 43F40073 		orr	r3, r3, #512
 439 0050 A7F86C30 		strh	r3, [r7, #108]	@ movhi
2102:Drivers/STM32F1xx_HAL_Driver/Src/stm32f1xx_ll_usb.c ****       break;
 440              		.loc 1 2102 7
 441 0054 12E0     		b	.L22
 442              	.L17:
2103:Drivers/STM32F1xx_HAL_Driver/Src/stm32f1xx_ll_usb.c **** 
2104:Drivers/STM32F1xx_HAL_Driver/Src/stm32f1xx_ll_usb.c ****     case EP_TYPE_BULK:
2105:Drivers/STM32F1xx_HAL_Driver/Src/stm32f1xx_ll_usb.c ****       wEpRegVal |= USB_EP_BULK;
2106:Drivers/STM32F1xx_HAL_Driver/Src/stm32f1xx_ll_usb.c ****       break;
2107:Drivers/STM32F1xx_HAL_Driver/Src/stm32f1xx_ll_usb.c **** 
2108:Drivers/STM32F1xx_HAL_Driver/Src/stm32f1xx_ll_usb.c ****     case EP_TYPE_INTR:
2109:Drivers/STM32F1xx_HAL_Driver/Src/stm32f1xx_ll_usb.c ****       wEpRegVal |= USB_EP_INTERRUPT;
 443              		.loc 1 2109 17
 444 0056 B7F86C30 		ldrh	r3, [r7, #108]	@ movhi
 445 005a 43F4C063 		orr	r3, r3, #1536
 446 005e A7F86C30 		strh	r3, [r7, #108]	@ movhi
2110:Drivers/STM32F1xx_HAL_Driver/Src/stm32f1xx_ll_usb.c ****       break;
 447              		.loc 1 2110 7
 448 0062 0BE0     		b	.L22
 449              	.L20:
2111:Drivers/STM32F1xx_HAL_Driver/Src/stm32f1xx_ll_usb.c **** 
2112:Drivers/STM32F1xx_HAL_Driver/Src/stm32f1xx_ll_usb.c ****     case EP_TYPE_ISOC:
2113:Drivers/STM32F1xx_HAL_Driver/Src/stm32f1xx_ll_usb.c ****       wEpRegVal |= USB_EP_ISOCHRONOUS;
 450              		.loc 1 2113 17
 451 0064 B7F86C30 		ldrh	r3, [r7, #108]	@ movhi
 452 0068 43F48063 		orr	r3, r3, #1024
 453 006c A7F86C30 		strh	r3, [r7, #108]	@ movhi
2114:Drivers/STM32F1xx_HAL_Driver/Src/stm32f1xx_ll_usb.c ****       break;
 454              		.loc 1 2114 7
 455 0070 04E0     		b	.L22
 456              	.L16:
2115:Drivers/STM32F1xx_HAL_Driver/Src/stm32f1xx_ll_usb.c **** 
2116:Drivers/STM32F1xx_HAL_Driver/Src/stm32f1xx_ll_usb.c ****     default:
2117:Drivers/STM32F1xx_HAL_Driver/Src/stm32f1xx_ll_usb.c ****       ret = HAL_ERROR;
 457              		.loc 1 2117 11
 458 0072 0123     		movs	r3, #1
 459 0074 87F86F30 		strb	r3, [r7, #111]
2118:Drivers/STM32F1xx_HAL_Driver/Src/stm32f1xx_ll_usb.c ****       break;
 460              		.loc 1 2118 7
 461 0078 00E0     		b	.L22
 462              	.L45:
ARM GAS  /var/folders/xf/tcndk8390ml5xdpfw93qkhpm0000gn/T//cc0WvzGY.s 			page 46


2106:Drivers/STM32F1xx_HAL_Driver/Src/stm32f1xx_ll_usb.c **** 
 463              		.loc 1 2106 7
 464 007a 00BF     		nop
 465              	.L22:
2119:Drivers/STM32F1xx_HAL_Driver/Src/stm32f1xx_ll_usb.c ****   }
2120:Drivers/STM32F1xx_HAL_Driver/Src/stm32f1xx_ll_usb.c **** 
2121:Drivers/STM32F1xx_HAL_Driver/Src/stm32f1xx_ll_usb.c ****   PCD_SET_ENDPOINT(USBx, ep->num, (wEpRegVal | USB_EP_CTR_RX | USB_EP_CTR_TX));
 466              		.loc 1 2121 3
 467 007c 7A68     		ldr	r2, [r7, #4]
 468 007e 3B68     		ldr	r3, [r7]
 469 0080 1B78     		ldrb	r3, [r3]	@ zero_extendqisi2
 470 0082 9B00     		lsls	r3, r3, #2
 471 0084 1A44     		add	r2, r2, r3
 472 0086 B7F86C30 		ldrh	r3, [r7, #108]	@ movhi
 473 008a 43F07F43 		orr	r3, r3, #-16777216
 474 008e 43F47F03 		orr	r3, r3, #16711680
 475 0092 43F40043 		orr	r3, r3, #32768
 476 0096 43F08003 		orr	r3, r3, #128
 477 009a 9BB2     		uxth	r3, r3
 478 009c 1380     		strh	r3, [r2]	@ movhi
 479              	.LBB2:
2122:Drivers/STM32F1xx_HAL_Driver/Src/stm32f1xx_ll_usb.c **** 
2123:Drivers/STM32F1xx_HAL_Driver/Src/stm32f1xx_ll_usb.c ****   PCD_SET_EP_ADDRESS(USBx, ep->num, ep->num);
 480              		.loc 1 2123 3
 481 009e 7A68     		ldr	r2, [r7, #4]
 482 00a0 3B68     		ldr	r3, [r7]
 483 00a2 1B78     		ldrb	r3, [r3]	@ zero_extendqisi2
 484 00a4 9B00     		lsls	r3, r3, #2
 485 00a6 1344     		add	r3, r3, r2
 486 00a8 1B88     		ldrh	r3, [r3]	@ movhi
 487 00aa 9BB2     		uxth	r3, r3
 488 00ac 23F4E043 		bic	r3, r3, #28672
 489 00b0 23F07003 		bic	r3, r3, #112
 490 00b4 9AB2     		uxth	r2, r3
 491 00b6 3B68     		ldr	r3, [r7]
 492 00b8 1B78     		ldrb	r3, [r3]	@ zero_extendqisi2
 493 00ba 9BB2     		uxth	r3, r3
 494 00bc 1343     		orrs	r3, r3, r2
 495 00be A7F86630 		strh	r3, [r7, #102]	@ movhi
 496 00c2 7A68     		ldr	r2, [r7, #4]
 497 00c4 3B68     		ldr	r3, [r7]
 498 00c6 1B78     		ldrb	r3, [r3]	@ zero_extendqisi2
 499 00c8 9B00     		lsls	r3, r3, #2
 500 00ca 1A44     		add	r2, r2, r3
 501 00cc B7F86630 		ldrh	r3, [r7, #102]	@ movhi
 502 00d0 43F07F43 		orr	r3, r3, #-16777216
 503 00d4 43F47F03 		orr	r3, r3, #16711680
 504 00d8 43F40043 		orr	r3, r3, #32768
 505 00dc 43F08003 		orr	r3, r3, #128
 506 00e0 9BB2     		uxth	r3, r3
 507 00e2 1380     		strh	r3, [r2]	@ movhi
 508              	.LBE2:
2124:Drivers/STM32F1xx_HAL_Driver/Src/stm32f1xx_ll_usb.c **** 
2125:Drivers/STM32F1xx_HAL_Driver/Src/stm32f1xx_ll_usb.c ****   if (ep->doublebuffer == 0U)
 509              		.loc 1 2125 9
 510 00e4 3B68     		ldr	r3, [r7]
 511 00e6 1B7B     		ldrb	r3, [r3, #12]	@ zero_extendqisi2
ARM GAS  /var/folders/xf/tcndk8390ml5xdpfw93qkhpm0000gn/T//cc0WvzGY.s 			page 47


 512              		.loc 1 2125 6
 513 00e8 002B     		cmp	r3, #0
 514 00ea 40F07881 		bne	.L23
2126:Drivers/STM32F1xx_HAL_Driver/Src/stm32f1xx_ll_usb.c ****   {
2127:Drivers/STM32F1xx_HAL_Driver/Src/stm32f1xx_ll_usb.c ****     if (ep->is_in != 0U)
 515              		.loc 1 2127 11
 516 00ee 3B68     		ldr	r3, [r7]
 517 00f0 5B78     		ldrb	r3, [r3, #1]	@ zero_extendqisi2
 518              		.loc 1 2127 8
 519 00f2 002B     		cmp	r3, #0
 520 00f4 00F08480 		beq	.L24
 521              	.LBB3:
2128:Drivers/STM32F1xx_HAL_Driver/Src/stm32f1xx_ll_usb.c ****     {
2129:Drivers/STM32F1xx_HAL_Driver/Src/stm32f1xx_ll_usb.c ****       /*Set the endpoint Transmit buffer address */
2130:Drivers/STM32F1xx_HAL_Driver/Src/stm32f1xx_ll_usb.c ****       PCD_SET_EP_TX_ADDRESS(USBx, ep->num, ep->pmaadress);
 522              		.loc 1 2130 7
 523 00f8 7B68     		ldr	r3, [r7, #4]
 524 00fa BB61     		str	r3, [r7, #24]
 525 00fc 7B68     		ldr	r3, [r7, #4]
 526 00fe B3F85030 		ldrh	r3, [r3, #80]	@ movhi
 527 0102 9BB2     		uxth	r3, r3
 528 0104 1A46     		mov	r2, r3
 529 0106 BB69     		ldr	r3, [r7, #24]
 530 0108 1344     		add	r3, r3, r2
 531 010a BB61     		str	r3, [r7, #24]
 532 010c 3B68     		ldr	r3, [r7]
 533 010e 1B78     		ldrb	r3, [r3]	@ zero_extendqisi2
 534 0110 1A01     		lsls	r2, r3, #4
 535 0112 BB69     		ldr	r3, [r7, #24]
 536 0114 1344     		add	r3, r3, r2
 537 0116 03F58063 		add	r3, r3, #1024
 538 011a 7B61     		str	r3, [r7, #20]
 539 011c 3B68     		ldr	r3, [r7]
 540 011e DB88     		ldrh	r3, [r3, #6]
 541 0120 5B08     		lsrs	r3, r3, #1
 542 0122 9BB2     		uxth	r3, r3
 543 0124 5B00     		lsls	r3, r3, #1
 544 0126 9AB2     		uxth	r2, r3
 545 0128 7B69     		ldr	r3, [r7, #20]
 546 012a 1A80     		strh	r2, [r3]	@ movhi
 547              	.LBE3:
 548              	.LBB4:
2131:Drivers/STM32F1xx_HAL_Driver/Src/stm32f1xx_ll_usb.c ****       PCD_CLEAR_TX_DTOG(USBx, ep->num);
 549              		.loc 1 2131 7
 550 012c 7A68     		ldr	r2, [r7, #4]
 551 012e 3B68     		ldr	r3, [r7]
 552 0130 1B78     		ldrb	r3, [r3]	@ zero_extendqisi2
 553 0132 9B00     		lsls	r3, r3, #2
 554 0134 1344     		add	r3, r3, r2
 555 0136 1B88     		ldrh	r3, [r3]	@ movhi
 556 0138 7B82     		strh	r3, [r7, #18]	@ movhi
 557 013a 7B8A     		ldrh	r3, [r7, #18]
 558 013c 03F04003 		and	r3, r3, #64
 559 0140 002B     		cmp	r3, #0
 560 0142 1BD0     		beq	.L25
 561              	.LBB5:
 562              		.loc 1 2131 7 is_stmt 0 discriminator 1
ARM GAS  /var/folders/xf/tcndk8390ml5xdpfw93qkhpm0000gn/T//cc0WvzGY.s 			page 48


 563 0144 7A68     		ldr	r2, [r7, #4]
 564 0146 3B68     		ldr	r3, [r7]
 565 0148 1B78     		ldrb	r3, [r3]	@ zero_extendqisi2
 566 014a 9B00     		lsls	r3, r3, #2
 567 014c 1344     		add	r3, r3, r2
 568 014e 1B88     		ldrh	r3, [r3]	@ movhi
 569 0150 9BB2     		uxth	r3, r3
 570 0152 23F4E043 		bic	r3, r3, #28672
 571 0156 23F07003 		bic	r3, r3, #112
 572 015a 3B82     		strh	r3, [r7, #16]	@ movhi
 573 015c 7A68     		ldr	r2, [r7, #4]
 574 015e 3B68     		ldr	r3, [r7]
 575 0160 1B78     		ldrb	r3, [r3]	@ zero_extendqisi2
 576 0162 9B00     		lsls	r3, r3, #2
 577 0164 1A44     		add	r2, r2, r3
 578 0166 3B8A     		ldrh	r3, [r7, #16]	@ movhi
 579 0168 43F07F43 		orr	r3, r3, #-16777216
 580 016c 43F47F03 		orr	r3, r3, #16711680
 581 0170 43F40043 		orr	r3, r3, #32768
 582 0174 43F0C003 		orr	r3, r3, #192
 583 0178 9BB2     		uxth	r3, r3
 584 017a 1380     		strh	r3, [r2]	@ movhi
 585              	.L25:
 586              	.LBE5:
 587              	.LBE4:
2132:Drivers/STM32F1xx_HAL_Driver/Src/stm32f1xx_ll_usb.c **** 
2133:Drivers/STM32F1xx_HAL_Driver/Src/stm32f1xx_ll_usb.c ****       if (ep->type != EP_TYPE_ISOC)
 588              		.loc 1 2133 13 is_stmt 1
 589 017c 3B68     		ldr	r3, [r7]
 590 017e DB78     		ldrb	r3, [r3, #3]	@ zero_extendqisi2
 591              		.loc 1 2133 10
 592 0180 012B     		cmp	r3, #1
 593 0182 20D0     		beq	.L26
 594              	.LBB6:
2134:Drivers/STM32F1xx_HAL_Driver/Src/stm32f1xx_ll_usb.c ****       {
2135:Drivers/STM32F1xx_HAL_Driver/Src/stm32f1xx_ll_usb.c ****         /* Configure NAK status for the Endpoint */
2136:Drivers/STM32F1xx_HAL_Driver/Src/stm32f1xx_ll_usb.c ****         PCD_SET_EP_TX_STATUS(USBx, ep->num, USB_EP_TX_NAK);
 595              		.loc 1 2136 9
 596 0184 7A68     		ldr	r2, [r7, #4]
 597 0186 3B68     		ldr	r3, [r7]
 598 0188 1B78     		ldrb	r3, [r3]	@ zero_extendqisi2
 599 018a 9B00     		lsls	r3, r3, #2
 600 018c 1344     		add	r3, r3, r2
 601 018e 1B88     		ldrh	r3, [r3]	@ movhi
 602 0190 9BB2     		uxth	r3, r3
 603 0192 23F4E043 		bic	r3, r3, #28672
 604 0196 23F04003 		bic	r3, r3, #64
 605 019a BB81     		strh	r3, [r7, #12]	@ movhi
 606 019c BB89     		ldrh	r3, [r7, #12]	@ movhi
 607 019e 83F02003 		eor	r3, r3, #32
 608 01a2 BB81     		strh	r3, [r7, #12]	@ movhi
 609 01a4 7A68     		ldr	r2, [r7, #4]
 610 01a6 3B68     		ldr	r3, [r7]
 611 01a8 1B78     		ldrb	r3, [r3]	@ zero_extendqisi2
 612 01aa 9B00     		lsls	r3, r3, #2
 613 01ac 1A44     		add	r2, r2, r3
 614 01ae BB89     		ldrh	r3, [r7, #12]	@ movhi
ARM GAS  /var/folders/xf/tcndk8390ml5xdpfw93qkhpm0000gn/T//cc0WvzGY.s 			page 49


 615 01b0 43F07F43 		orr	r3, r3, #-16777216
 616 01b4 43F47F03 		orr	r3, r3, #16711680
 617 01b8 43F40043 		orr	r3, r3, #32768
 618 01bc 43F08003 		orr	r3, r3, #128
 619 01c0 9BB2     		uxth	r3, r3
 620 01c2 1380     		strh	r3, [r2]	@ movhi
 621              	.LBE6:
 622 01c4 D5E2     		b	.L27
 623              	.L26:
 624              	.LBB7:
2137:Drivers/STM32F1xx_HAL_Driver/Src/stm32f1xx_ll_usb.c ****       }
2138:Drivers/STM32F1xx_HAL_Driver/Src/stm32f1xx_ll_usb.c ****       else
2139:Drivers/STM32F1xx_HAL_Driver/Src/stm32f1xx_ll_usb.c ****       {
2140:Drivers/STM32F1xx_HAL_Driver/Src/stm32f1xx_ll_usb.c ****         /* Configure TX Endpoint to disabled state */
2141:Drivers/STM32F1xx_HAL_Driver/Src/stm32f1xx_ll_usb.c ****         PCD_SET_EP_TX_STATUS(USBx, ep->num, USB_EP_TX_DIS);
 625              		.loc 1 2141 9
 626 01c6 7A68     		ldr	r2, [r7, #4]
 627 01c8 3B68     		ldr	r3, [r7]
 628 01ca 1B78     		ldrb	r3, [r3]	@ zero_extendqisi2
 629 01cc 9B00     		lsls	r3, r3, #2
 630 01ce 1344     		add	r3, r3, r2
 631 01d0 1B88     		ldrh	r3, [r3]	@ movhi
 632 01d2 9BB2     		uxth	r3, r3
 633 01d4 23F4E043 		bic	r3, r3, #28672
 634 01d8 23F04003 		bic	r3, r3, #64
 635 01dc FB81     		strh	r3, [r7, #14]	@ movhi
 636 01de 7A68     		ldr	r2, [r7, #4]
 637 01e0 3B68     		ldr	r3, [r7]
 638 01e2 1B78     		ldrb	r3, [r3]	@ zero_extendqisi2
 639 01e4 9B00     		lsls	r3, r3, #2
 640 01e6 1A44     		add	r2, r2, r3
 641 01e8 FB89     		ldrh	r3, [r7, #14]	@ movhi
 642 01ea 43F07F43 		orr	r3, r3, #-16777216
 643 01ee 43F47F03 		orr	r3, r3, #16711680
 644 01f2 43F40043 		orr	r3, r3, #32768
 645 01f6 43F08003 		orr	r3, r3, #128
 646 01fa 9BB2     		uxth	r3, r3
 647 01fc 1380     		strh	r3, [r2]	@ movhi
 648 01fe B8E2     		b	.L27
 649              	.L24:
 650              	.LBE7:
 651              	.LBB8:
2142:Drivers/STM32F1xx_HAL_Driver/Src/stm32f1xx_ll_usb.c ****       }
2143:Drivers/STM32F1xx_HAL_Driver/Src/stm32f1xx_ll_usb.c ****     }
2144:Drivers/STM32F1xx_HAL_Driver/Src/stm32f1xx_ll_usb.c ****     else
2145:Drivers/STM32F1xx_HAL_Driver/Src/stm32f1xx_ll_usb.c ****     {
2146:Drivers/STM32F1xx_HAL_Driver/Src/stm32f1xx_ll_usb.c ****       /* Set the endpoint Receive buffer address */
2147:Drivers/STM32F1xx_HAL_Driver/Src/stm32f1xx_ll_usb.c ****       PCD_SET_EP_RX_ADDRESS(USBx, ep->num, ep->pmaadress);
 652              		.loc 1 2147 7
 653 0200 7B68     		ldr	r3, [r7, #4]
 654 0202 3B63     		str	r3, [r7, #48]
 655 0204 7B68     		ldr	r3, [r7, #4]
 656 0206 B3F85030 		ldrh	r3, [r3, #80]	@ movhi
 657 020a 9BB2     		uxth	r3, r3
 658 020c 1A46     		mov	r2, r3
 659 020e 3B6B     		ldr	r3, [r7, #48]
 660 0210 1344     		add	r3, r3, r2
ARM GAS  /var/folders/xf/tcndk8390ml5xdpfw93qkhpm0000gn/T//cc0WvzGY.s 			page 50


 661 0212 3B63     		str	r3, [r7, #48]
 662 0214 3B68     		ldr	r3, [r7]
 663 0216 1B78     		ldrb	r3, [r3]	@ zero_extendqisi2
 664 0218 1A01     		lsls	r2, r3, #4
 665 021a 3B6B     		ldr	r3, [r7, #48]
 666 021c 1344     		add	r3, r3, r2
 667 021e 03F58163 		add	r3, r3, #1032
 668 0222 FB62     		str	r3, [r7, #44]
 669 0224 3B68     		ldr	r3, [r7]
 670 0226 DB88     		ldrh	r3, [r3, #6]
 671 0228 5B08     		lsrs	r3, r3, #1
 672 022a 9BB2     		uxth	r3, r3
 673 022c 5B00     		lsls	r3, r3, #1
 674 022e 9AB2     		uxth	r2, r3
 675 0230 FB6A     		ldr	r3, [r7, #44]
 676 0232 1A80     		strh	r2, [r3]	@ movhi
 677              	.LBE8:
 678              	.LBB9:
2148:Drivers/STM32F1xx_HAL_Driver/Src/stm32f1xx_ll_usb.c **** 
2149:Drivers/STM32F1xx_HAL_Driver/Src/stm32f1xx_ll_usb.c ****       /* Set the endpoint Receive buffer counter */
2150:Drivers/STM32F1xx_HAL_Driver/Src/stm32f1xx_ll_usb.c ****       PCD_SET_EP_RX_CNT(USBx, ep->num, ep->maxpacket);
 679              		.loc 1 2150 7
 680 0234 7B68     		ldr	r3, [r7, #4]
 681 0236 BB62     		str	r3, [r7, #40]
 682 0238 7B68     		ldr	r3, [r7, #4]
 683 023a B3F85030 		ldrh	r3, [r3, #80]	@ movhi
 684 023e 9BB2     		uxth	r3, r3
 685 0240 1A46     		mov	r2, r3
 686 0242 BB6A     		ldr	r3, [r7, #40]
 687 0244 1344     		add	r3, r3, r2
 688 0246 BB62     		str	r3, [r7, #40]
 689 0248 3B68     		ldr	r3, [r7]
 690 024a 1B78     		ldrb	r3, [r3]	@ zero_extendqisi2
 691 024c 1A01     		lsls	r2, r3, #4
 692 024e BB6A     		ldr	r3, [r7, #40]
 693 0250 1344     		add	r3, r3, r2
 694 0252 03F20C43 		addw	r3, r3, #1036
 695 0256 7B62     		str	r3, [r7, #36]
 696              	.LBB10:
 697 0258 7B6A     		ldr	r3, [r7, #36]
 698 025a 1B88     		ldrh	r3, [r3]	@ movhi
 699 025c 9BB2     		uxth	r3, r3
 700 025e C3F30903 		ubfx	r3, r3, #0, #10
 701 0262 9AB2     		uxth	r2, r3
 702 0264 7B6A     		ldr	r3, [r7, #36]
 703 0266 1A80     		strh	r2, [r3]	@ movhi
 704 0268 3B68     		ldr	r3, [r7]
 705 026a 1B69     		ldr	r3, [r3, #16]
 706 026c 3E2B     		cmp	r3, #62
 707 026e 1DD9     		bls	.L28
 708              		.loc 1 2150 7 is_stmt 0 discriminator 1
 709 0270 3B68     		ldr	r3, [r7]
 710 0272 1B69     		ldr	r3, [r3, #16]
 711 0274 5B09     		lsrs	r3, r3, #5
 712 0276 BB66     		str	r3, [r7, #104]
 713 0278 3B68     		ldr	r3, [r7]
 714 027a 1B69     		ldr	r3, [r3, #16]
ARM GAS  /var/folders/xf/tcndk8390ml5xdpfw93qkhpm0000gn/T//cc0WvzGY.s 			page 51


 715 027c 03F01F03 		and	r3, r3, #31
 716 0280 002B     		cmp	r3, #0
 717 0282 02D1     		bne	.L29
 718              		.loc 1 2150 7 discriminator 3
 719 0284 BB6E     		ldr	r3, [r7, #104]
 720 0286 013B     		subs	r3, r3, #1
 721 0288 BB66     		str	r3, [r7, #104]
 722              	.L29:
 723              		.loc 1 2150 7 discriminator 5
 724 028a 7B6A     		ldr	r3, [r7, #36]
 725 028c 1B88     		ldrh	r3, [r3]	@ movhi
 726 028e 9AB2     		uxth	r2, r3
 727 0290 BB6E     		ldr	r3, [r7, #104]
 728 0292 9BB2     		uxth	r3, r3
 729 0294 9B02     		lsls	r3, r3, #10
 730 0296 9BB2     		uxth	r3, r3
 731 0298 1343     		orrs	r3, r3, r2
 732 029a 9BB2     		uxth	r3, r3
 733 029c 6FEA4343 		mvn	r3, r3, lsl #17
 734 02a0 6FEA5343 		mvn	r3, r3, lsr #17
 735 02a4 9AB2     		uxth	r2, r3
 736 02a6 7B6A     		ldr	r3, [r7, #36]
 737 02a8 1A80     		strh	r2, [r3]	@ movhi
 738 02aa 26E0     		b	.L30
 739              	.L28:
 740              		.loc 1 2150 7 discriminator 2
 741 02ac 3B68     		ldr	r3, [r7]
 742 02ae 1B69     		ldr	r3, [r3, #16]
 743 02b0 002B     		cmp	r3, #0
 744 02b2 0AD1     		bne	.L31
 745              		.loc 1 2150 7 discriminator 6
 746 02b4 7B6A     		ldr	r3, [r7, #36]
 747 02b6 1B88     		ldrh	r3, [r3]	@ movhi
 748 02b8 9BB2     		uxth	r3, r3
 749 02ba 6FEA4343 		mvn	r3, r3, lsl #17
 750 02be 6FEA5343 		mvn	r3, r3, lsr #17
 751 02c2 9AB2     		uxth	r2, r3
 752 02c4 7B6A     		ldr	r3, [r7, #36]
 753 02c6 1A80     		strh	r2, [r3]	@ movhi
 754 02c8 17E0     		b	.L30
 755              	.L31:
 756              		.loc 1 2150 7 discriminator 7
 757 02ca 3B68     		ldr	r3, [r7]
 758 02cc 1B69     		ldr	r3, [r3, #16]
 759 02ce 5B08     		lsrs	r3, r3, #1
 760 02d0 BB66     		str	r3, [r7, #104]
 761 02d2 3B68     		ldr	r3, [r7]
 762 02d4 1B69     		ldr	r3, [r3, #16]
 763 02d6 03F00103 		and	r3, r3, #1
 764 02da 002B     		cmp	r3, #0
 765 02dc 02D0     		beq	.L32
 766              		.loc 1 2150 7 discriminator 8
 767 02de BB6E     		ldr	r3, [r7, #104]
 768 02e0 0133     		adds	r3, r3, #1
 769 02e2 BB66     		str	r3, [r7, #104]
 770              	.L32:
 771              		.loc 1 2150 7 discriminator 10
ARM GAS  /var/folders/xf/tcndk8390ml5xdpfw93qkhpm0000gn/T//cc0WvzGY.s 			page 52


 772 02e4 7B6A     		ldr	r3, [r7, #36]
 773 02e6 1B88     		ldrh	r3, [r3]	@ movhi
 774 02e8 9AB2     		uxth	r2, r3
 775 02ea BB6E     		ldr	r3, [r7, #104]
 776 02ec 9BB2     		uxth	r3, r3
 777 02ee 9B02     		lsls	r3, r3, #10
 778 02f0 9BB2     		uxth	r3, r3
 779 02f2 1343     		orrs	r3, r3, r2
 780 02f4 9AB2     		uxth	r2, r3
 781 02f6 7B6A     		ldr	r3, [r7, #36]
 782 02f8 1A80     		strh	r2, [r3]	@ movhi
 783              	.L30:
 784              	.LBE10:
 785              	.LBE9:
 786              	.LBB11:
2151:Drivers/STM32F1xx_HAL_Driver/Src/stm32f1xx_ll_usb.c ****       PCD_CLEAR_RX_DTOG(USBx, ep->num);
 787              		.loc 1 2151 7 is_stmt 1
 788 02fa 7A68     		ldr	r2, [r7, #4]
 789 02fc 3B68     		ldr	r3, [r7]
 790 02fe 1B78     		ldrb	r3, [r3]	@ zero_extendqisi2
 791 0300 9B00     		lsls	r3, r3, #2
 792 0302 1344     		add	r3, r3, r2
 793 0304 1B88     		ldrh	r3, [r3]	@ movhi
 794 0306 7B84     		strh	r3, [r7, #34]	@ movhi
 795 0308 7B8C     		ldrh	r3, [r7, #34]
 796 030a 03F48043 		and	r3, r3, #16384
 797 030e 002B     		cmp	r3, #0
 798 0310 1BD0     		beq	.L33
 799              	.LBB12:
 800              		.loc 1 2151 7 is_stmt 0 discriminator 1
 801 0312 7A68     		ldr	r2, [r7, #4]
 802 0314 3B68     		ldr	r3, [r7]
 803 0316 1B78     		ldrb	r3, [r3]	@ zero_extendqisi2
 804 0318 9B00     		lsls	r3, r3, #2
 805 031a 1344     		add	r3, r3, r2
 806 031c 1B88     		ldrh	r3, [r3]	@ movhi
 807 031e 9BB2     		uxth	r3, r3
 808 0320 23F4E043 		bic	r3, r3, #28672
 809 0324 23F07003 		bic	r3, r3, #112
 810 0328 3B84     		strh	r3, [r7, #32]	@ movhi
 811 032a 7A68     		ldr	r2, [r7, #4]
 812 032c 3B68     		ldr	r3, [r7]
 813 032e 1B78     		ldrb	r3, [r3]	@ zero_extendqisi2
 814 0330 9B00     		lsls	r3, r3, #2
 815 0332 1A44     		add	r2, r2, r3
 816 0334 3B8C     		ldrh	r3, [r7, #32]	@ movhi
 817 0336 43F07F43 		orr	r3, r3, #-16777216
 818 033a 43F47F03 		orr	r3, r3, #16711680
 819 033e 43F44043 		orr	r3, r3, #49152
 820 0342 43F08003 		orr	r3, r3, #128
 821 0346 9BB2     		uxth	r3, r3
 822 0348 1380     		strh	r3, [r2]	@ movhi
 823              	.L33:
 824              	.LBE12:
 825              	.LBE11:
2152:Drivers/STM32F1xx_HAL_Driver/Src/stm32f1xx_ll_usb.c **** 
2153:Drivers/STM32F1xx_HAL_Driver/Src/stm32f1xx_ll_usb.c ****       if (ep->num == 0U)
ARM GAS  /var/folders/xf/tcndk8390ml5xdpfw93qkhpm0000gn/T//cc0WvzGY.s 			page 53


 826              		.loc 1 2153 13 is_stmt 1
 827 034a 3B68     		ldr	r3, [r7]
 828 034c 1B78     		ldrb	r3, [r3]	@ zero_extendqisi2
 829              		.loc 1 2153 10
 830 034e 002B     		cmp	r3, #0
 831 0350 24D1     		bne	.L34
 832              	.LBB13:
2154:Drivers/STM32F1xx_HAL_Driver/Src/stm32f1xx_ll_usb.c ****       {
2155:Drivers/STM32F1xx_HAL_Driver/Src/stm32f1xx_ll_usb.c ****         /* Configure VALID status for EP0 */
2156:Drivers/STM32F1xx_HAL_Driver/Src/stm32f1xx_ll_usb.c ****         PCD_SET_EP_RX_STATUS(USBx, ep->num, USB_EP_RX_VALID);
 833              		.loc 1 2156 9
 834 0352 7A68     		ldr	r2, [r7, #4]
 835 0354 3B68     		ldr	r3, [r7]
 836 0356 1B78     		ldrb	r3, [r3]	@ zero_extendqisi2
 837 0358 9B00     		lsls	r3, r3, #2
 838 035a 1344     		add	r3, r3, r2
 839 035c 1B88     		ldrh	r3, [r3]	@ movhi
 840 035e 9BB2     		uxth	r3, r3
 841 0360 23F48043 		bic	r3, r3, #16384
 842 0364 23F07003 		bic	r3, r3, #112
 843 0368 BB83     		strh	r3, [r7, #28]	@ movhi
 844 036a BB8B     		ldrh	r3, [r7, #28]	@ movhi
 845 036c 83F48053 		eor	r3, r3, #4096
 846 0370 BB83     		strh	r3, [r7, #28]	@ movhi
 847 0372 BB8B     		ldrh	r3, [r7, #28]	@ movhi
 848 0374 83F40053 		eor	r3, r3, #8192
 849 0378 BB83     		strh	r3, [r7, #28]	@ movhi
 850 037a 7A68     		ldr	r2, [r7, #4]
 851 037c 3B68     		ldr	r3, [r7]
 852 037e 1B78     		ldrb	r3, [r3]	@ zero_extendqisi2
 853 0380 9B00     		lsls	r3, r3, #2
 854 0382 1A44     		add	r2, r2, r3
 855 0384 BB8B     		ldrh	r3, [r7, #28]	@ movhi
 856 0386 43F07F43 		orr	r3, r3, #-16777216
 857 038a 43F47F03 		orr	r3, r3, #16711680
 858 038e 43F40043 		orr	r3, r3, #32768
 859 0392 43F08003 		orr	r3, r3, #128
 860 0396 9BB2     		uxth	r3, r3
 861 0398 1380     		strh	r3, [r2]	@ movhi
 862              	.LBE13:
 863 039a EAE1     		b	.L27
 864              	.L34:
 865              	.LBB14:
2157:Drivers/STM32F1xx_HAL_Driver/Src/stm32f1xx_ll_usb.c ****       }
2158:Drivers/STM32F1xx_HAL_Driver/Src/stm32f1xx_ll_usb.c ****       else
2159:Drivers/STM32F1xx_HAL_Driver/Src/stm32f1xx_ll_usb.c ****       {
2160:Drivers/STM32F1xx_HAL_Driver/Src/stm32f1xx_ll_usb.c ****         /* Configure NAK status for OUT Endpoint */
2161:Drivers/STM32F1xx_HAL_Driver/Src/stm32f1xx_ll_usb.c ****         PCD_SET_EP_RX_STATUS(USBx, ep->num, USB_EP_RX_NAK);
 866              		.loc 1 2161 9
 867 039c 7A68     		ldr	r2, [r7, #4]
 868 039e 3B68     		ldr	r3, [r7]
 869 03a0 1B78     		ldrb	r3, [r3]	@ zero_extendqisi2
 870 03a2 9B00     		lsls	r3, r3, #2
 871 03a4 1344     		add	r3, r3, r2
 872 03a6 1B88     		ldrh	r3, [r3]	@ movhi
 873 03a8 9BB2     		uxth	r3, r3
 874 03aa 23F48043 		bic	r3, r3, #16384
ARM GAS  /var/folders/xf/tcndk8390ml5xdpfw93qkhpm0000gn/T//cc0WvzGY.s 			page 54


 875 03ae 23F07003 		bic	r3, r3, #112
 876 03b2 FB83     		strh	r3, [r7, #30]	@ movhi
 877 03b4 FB8B     		ldrh	r3, [r7, #30]	@ movhi
 878 03b6 83F40053 		eor	r3, r3, #8192
 879 03ba FB83     		strh	r3, [r7, #30]	@ movhi
 880 03bc 7A68     		ldr	r2, [r7, #4]
 881 03be 3B68     		ldr	r3, [r7]
 882 03c0 1B78     		ldrb	r3, [r3]	@ zero_extendqisi2
 883 03c2 9B00     		lsls	r3, r3, #2
 884 03c4 1A44     		add	r2, r2, r3
 885 03c6 FB8B     		ldrh	r3, [r7, #30]	@ movhi
 886 03c8 43F07F43 		orr	r3, r3, #-16777216
 887 03cc 43F47F03 		orr	r3, r3, #16711680
 888 03d0 43F40043 		orr	r3, r3, #32768
 889 03d4 43F08003 		orr	r3, r3, #128
 890 03d8 9BB2     		uxth	r3, r3
 891 03da 1380     		strh	r3, [r2]	@ movhi
 892 03dc C9E1     		b	.L27
 893              	.L23:
 894              	.LBE14:
2162:Drivers/STM32F1xx_HAL_Driver/Src/stm32f1xx_ll_usb.c ****       }
2163:Drivers/STM32F1xx_HAL_Driver/Src/stm32f1xx_ll_usb.c ****     }
2164:Drivers/STM32F1xx_HAL_Driver/Src/stm32f1xx_ll_usb.c ****   }
2165:Drivers/STM32F1xx_HAL_Driver/Src/stm32f1xx_ll_usb.c **** #if (USE_USB_DOUBLE_BUFFER == 1U)
2166:Drivers/STM32F1xx_HAL_Driver/Src/stm32f1xx_ll_usb.c ****   /* Double Buffer */
2167:Drivers/STM32F1xx_HAL_Driver/Src/stm32f1xx_ll_usb.c ****   else
2168:Drivers/STM32F1xx_HAL_Driver/Src/stm32f1xx_ll_usb.c ****   {
2169:Drivers/STM32F1xx_HAL_Driver/Src/stm32f1xx_ll_usb.c ****     if (ep->type == EP_TYPE_BULK)
 895              		.loc 1 2169 11
 896 03de 3B68     		ldr	r3, [r7]
 897 03e0 DB78     		ldrb	r3, [r3, #3]	@ zero_extendqisi2
 898              		.loc 1 2169 8
 899 03e2 022B     		cmp	r3, #2
 900 03e4 1ED1     		bne	.L35
 901              	.LBB15:
2170:Drivers/STM32F1xx_HAL_Driver/Src/stm32f1xx_ll_usb.c ****     {
2171:Drivers/STM32F1xx_HAL_Driver/Src/stm32f1xx_ll_usb.c ****       /* Set bulk endpoint as double buffered */
2172:Drivers/STM32F1xx_HAL_Driver/Src/stm32f1xx_ll_usb.c ****       PCD_SET_BULK_EP_DBUF(USBx, ep->num);
 902              		.loc 1 2172 7
 903 03e6 7A68     		ldr	r2, [r7, #4]
 904 03e8 3B68     		ldr	r3, [r7]
 905 03ea 1B78     		ldrb	r3, [r3]	@ zero_extendqisi2
 906 03ec 9B00     		lsls	r3, r3, #2
 907 03ee 1344     		add	r3, r3, r2
 908 03f0 1B88     		ldrh	r3, [r3]	@ movhi
 909 03f2 9BB2     		uxth	r3, r3
 910 03f4 23F4E043 		bic	r3, r3, #28672
 911 03f8 23F07003 		bic	r3, r3, #112
 912 03fc A7F86230 		strh	r3, [r7, #98]	@ movhi
 913 0400 7A68     		ldr	r2, [r7, #4]
 914 0402 3B68     		ldr	r3, [r7]
 915 0404 1B78     		ldrb	r3, [r3]	@ zero_extendqisi2
 916 0406 9B00     		lsls	r3, r3, #2
 917 0408 1A44     		add	r2, r2, r3
 918 040a B7F86230 		ldrh	r3, [r7, #98]	@ movhi
 919 040e 43F07F43 		orr	r3, r3, #-16777216
 920 0412 43F47F03 		orr	r3, r3, #16711680
ARM GAS  /var/folders/xf/tcndk8390ml5xdpfw93qkhpm0000gn/T//cc0WvzGY.s 			page 55


 921 0416 43F40143 		orr	r3, r3, #33024
 922 041a 43F08003 		orr	r3, r3, #128
 923 041e 9BB2     		uxth	r3, r3
 924 0420 1380     		strh	r3, [r2]	@ movhi
 925              	.LBE15:
 926 0422 1DE0     		b	.L36
 927              	.L35:
 928              	.LBB16:
2173:Drivers/STM32F1xx_HAL_Driver/Src/stm32f1xx_ll_usb.c ****     }
2174:Drivers/STM32F1xx_HAL_Driver/Src/stm32f1xx_ll_usb.c ****     else
2175:Drivers/STM32F1xx_HAL_Driver/Src/stm32f1xx_ll_usb.c ****     {
2176:Drivers/STM32F1xx_HAL_Driver/Src/stm32f1xx_ll_usb.c ****       /* Set the ISOC endpoint in double buffer mode */
2177:Drivers/STM32F1xx_HAL_Driver/Src/stm32f1xx_ll_usb.c ****       PCD_CLEAR_EP_KIND(USBx, ep->num);
 929              		.loc 1 2177 7
 930 0424 7A68     		ldr	r2, [r7, #4]
 931 0426 3B68     		ldr	r3, [r7]
 932 0428 1B78     		ldrb	r3, [r3]	@ zero_extendqisi2
 933 042a 9B00     		lsls	r3, r3, #2
 934 042c 1344     		add	r3, r3, r2
 935 042e 1B88     		ldrh	r3, [r3]	@ movhi
 936 0430 9BB2     		uxth	r3, r3
 937 0432 23F4E243 		bic	r3, r3, #28928
 938 0436 23F07003 		bic	r3, r3, #112
 939 043a A7F86430 		strh	r3, [r7, #100]	@ movhi
 940 043e 7A68     		ldr	r2, [r7, #4]
 941 0440 3B68     		ldr	r3, [r7]
 942 0442 1B78     		ldrb	r3, [r3]	@ zero_extendqisi2
 943 0444 9B00     		lsls	r3, r3, #2
 944 0446 1A44     		add	r2, r2, r3
 945 0448 B7F86430 		ldrh	r3, [r7, #100]	@ movhi
 946 044c 43F07F43 		orr	r3, r3, #-16777216
 947 0450 43F47F03 		orr	r3, r3, #16711680
 948 0454 43F40043 		orr	r3, r3, #32768
 949 0458 43F08003 		orr	r3, r3, #128
 950 045c 9BB2     		uxth	r3, r3
 951 045e 1380     		strh	r3, [r2]	@ movhi
 952              	.L36:
 953              	.LBE16:
 954              	.LBB17:
2178:Drivers/STM32F1xx_HAL_Driver/Src/stm32f1xx_ll_usb.c ****     }
2179:Drivers/STM32F1xx_HAL_Driver/Src/stm32f1xx_ll_usb.c **** 
2180:Drivers/STM32F1xx_HAL_Driver/Src/stm32f1xx_ll_usb.c ****     /* Set buffer address for double buffered mode */
2181:Drivers/STM32F1xx_HAL_Driver/Src/stm32f1xx_ll_usb.c ****     PCD_SET_EP_DBUF_ADDR(USBx, ep->num, ep->pmaaddr0, ep->pmaaddr1);
 955              		.loc 1 2181 5
 956 0460 7B68     		ldr	r3, [r7, #4]
 957 0462 FB65     		str	r3, [r7, #92]
 958 0464 7B68     		ldr	r3, [r7, #4]
 959 0466 B3F85030 		ldrh	r3, [r3, #80]	@ movhi
 960 046a 9BB2     		uxth	r3, r3
 961 046c 1A46     		mov	r2, r3
 962 046e FB6D     		ldr	r3, [r7, #92]
 963 0470 1344     		add	r3, r3, r2
 964 0472 FB65     		str	r3, [r7, #92]
 965 0474 3B68     		ldr	r3, [r7]
 966 0476 1B78     		ldrb	r3, [r3]	@ zero_extendqisi2
 967 0478 1A01     		lsls	r2, r3, #4
 968 047a FB6D     		ldr	r3, [r7, #92]
ARM GAS  /var/folders/xf/tcndk8390ml5xdpfw93qkhpm0000gn/T//cc0WvzGY.s 			page 56


 969 047c 1344     		add	r3, r3, r2
 970 047e 03F58063 		add	r3, r3, #1024
 971 0482 BB65     		str	r3, [r7, #88]
 972 0484 3B68     		ldr	r3, [r7]
 973 0486 1B89     		ldrh	r3, [r3, #8]
 974 0488 5B08     		lsrs	r3, r3, #1
 975 048a 9BB2     		uxth	r3, r3
 976 048c 5B00     		lsls	r3, r3, #1
 977 048e 9AB2     		uxth	r2, r3
 978 0490 BB6D     		ldr	r3, [r7, #88]
 979 0492 1A80     		strh	r2, [r3]	@ movhi
 980              	.LBE17:
 981              	.LBB18:
 982 0494 7B68     		ldr	r3, [r7, #4]
 983 0496 7B65     		str	r3, [r7, #84]
 984 0498 7B68     		ldr	r3, [r7, #4]
 985 049a B3F85030 		ldrh	r3, [r3, #80]	@ movhi
 986 049e 9BB2     		uxth	r3, r3
 987 04a0 1A46     		mov	r2, r3
 988 04a2 7B6D     		ldr	r3, [r7, #84]
 989 04a4 1344     		add	r3, r3, r2
 990 04a6 7B65     		str	r3, [r7, #84]
 991 04a8 3B68     		ldr	r3, [r7]
 992 04aa 1B78     		ldrb	r3, [r3]	@ zero_extendqisi2
 993 04ac 1A01     		lsls	r2, r3, #4
 994 04ae 7B6D     		ldr	r3, [r7, #84]
 995 04b0 1344     		add	r3, r3, r2
 996 04b2 03F58163 		add	r3, r3, #1032
 997 04b6 3B65     		str	r3, [r7, #80]
 998 04b8 3B68     		ldr	r3, [r7]
 999 04ba 5B89     		ldrh	r3, [r3, #10]
 1000 04bc 5B08     		lsrs	r3, r3, #1
 1001 04be 9BB2     		uxth	r3, r3
 1002 04c0 5B00     		lsls	r3, r3, #1
 1003 04c2 9AB2     		uxth	r2, r3
 1004 04c4 3B6D     		ldr	r3, [r7, #80]
 1005 04c6 1A80     		strh	r2, [r3]	@ movhi
 1006              	.LBE18:
2182:Drivers/STM32F1xx_HAL_Driver/Src/stm32f1xx_ll_usb.c **** 
2183:Drivers/STM32F1xx_HAL_Driver/Src/stm32f1xx_ll_usb.c ****     if (ep->is_in == 0U)
 1007              		.loc 1 2183 11
 1008 04c8 3B68     		ldr	r3, [r7]
 1009 04ca 5B78     		ldrb	r3, [r3, #1]	@ zero_extendqisi2
 1010              		.loc 1 2183 8
 1011 04cc 002B     		cmp	r3, #0
 1012 04ce 40F09380 		bne	.L37
 1013              	.LBB19:
2184:Drivers/STM32F1xx_HAL_Driver/Src/stm32f1xx_ll_usb.c ****     {
2185:Drivers/STM32F1xx_HAL_Driver/Src/stm32f1xx_ll_usb.c ****       /* Clear the data toggle bits for the endpoint IN/OUT */
2186:Drivers/STM32F1xx_HAL_Driver/Src/stm32f1xx_ll_usb.c ****       PCD_CLEAR_RX_DTOG(USBx, ep->num);
 1014              		.loc 1 2186 7
 1015 04d2 7A68     		ldr	r2, [r7, #4]
 1016 04d4 3B68     		ldr	r3, [r7]
 1017 04d6 1B78     		ldrb	r3, [r3]	@ zero_extendqisi2
 1018 04d8 9B00     		lsls	r3, r3, #2
 1019 04da 1344     		add	r3, r3, r2
 1020 04dc 1B88     		ldrh	r3, [r3]	@ movhi
ARM GAS  /var/folders/xf/tcndk8390ml5xdpfw93qkhpm0000gn/T//cc0WvzGY.s 			page 57


 1021 04de A7F84030 		strh	r3, [r7, #64]	@ movhi
 1022 04e2 B7F84030 		ldrh	r3, [r7, #64]
 1023 04e6 03F48043 		and	r3, r3, #16384
 1024 04ea 002B     		cmp	r3, #0
 1025 04ec 1BD0     		beq	.L38
 1026              	.LBB20:
 1027              		.loc 1 2186 7 is_stmt 0 discriminator 1
 1028 04ee 7A68     		ldr	r2, [r7, #4]
 1029 04f0 3B68     		ldr	r3, [r7]
 1030 04f2 1B78     		ldrb	r3, [r3]	@ zero_extendqisi2
 1031 04f4 9B00     		lsls	r3, r3, #2
 1032 04f6 1344     		add	r3, r3, r2
 1033 04f8 1B88     		ldrh	r3, [r3]	@ movhi
 1034 04fa 9BB2     		uxth	r3, r3
 1035 04fc 23F4E043 		bic	r3, r3, #28672
 1036 0500 23F07003 		bic	r3, r3, #112
 1037 0504 FB87     		strh	r3, [r7, #62]	@ movhi
 1038 0506 7A68     		ldr	r2, [r7, #4]
 1039 0508 3B68     		ldr	r3, [r7]
 1040 050a 1B78     		ldrb	r3, [r3]	@ zero_extendqisi2
 1041 050c 9B00     		lsls	r3, r3, #2
 1042 050e 1A44     		add	r2, r2, r3
 1043 0510 FB8F     		ldrh	r3, [r7, #62]	@ movhi
 1044 0512 43F07F43 		orr	r3, r3, #-16777216
 1045 0516 43F47F03 		orr	r3, r3, #16711680
 1046 051a 43F44043 		orr	r3, r3, #49152
 1047 051e 43F08003 		orr	r3, r3, #128
 1048 0522 9BB2     		uxth	r3, r3
 1049 0524 1380     		strh	r3, [r2]	@ movhi
 1050              	.L38:
 1051              	.LBE20:
 1052              	.LBE19:
 1053              	.LBB21:
2187:Drivers/STM32F1xx_HAL_Driver/Src/stm32f1xx_ll_usb.c ****       PCD_CLEAR_TX_DTOG(USBx, ep->num);
 1054              		.loc 1 2187 7 is_stmt 1
 1055 0526 7A68     		ldr	r2, [r7, #4]
 1056 0528 3B68     		ldr	r3, [r7]
 1057 052a 1B78     		ldrb	r3, [r3]	@ zero_extendqisi2
 1058 052c 9B00     		lsls	r3, r3, #2
 1059 052e 1344     		add	r3, r3, r2
 1060 0530 1B88     		ldrh	r3, [r3]	@ movhi
 1061 0532 BB87     		strh	r3, [r7, #60]	@ movhi
 1062 0534 BB8F     		ldrh	r3, [r7, #60]
 1063 0536 03F04003 		and	r3, r3, #64
 1064 053a 002B     		cmp	r3, #0
 1065 053c 1BD0     		beq	.L39
 1066              	.LBB22:
 1067              		.loc 1 2187 7 is_stmt 0 discriminator 1
 1068 053e 7A68     		ldr	r2, [r7, #4]
 1069 0540 3B68     		ldr	r3, [r7]
 1070 0542 1B78     		ldrb	r3, [r3]	@ zero_extendqisi2
 1071 0544 9B00     		lsls	r3, r3, #2
 1072 0546 1344     		add	r3, r3, r2
 1073 0548 1B88     		ldrh	r3, [r3]	@ movhi
 1074 054a 9BB2     		uxth	r3, r3
 1075 054c 23F4E043 		bic	r3, r3, #28672
 1076 0550 23F07003 		bic	r3, r3, #112
ARM GAS  /var/folders/xf/tcndk8390ml5xdpfw93qkhpm0000gn/T//cc0WvzGY.s 			page 58


 1077 0554 7B87     		strh	r3, [r7, #58]	@ movhi
 1078 0556 7A68     		ldr	r2, [r7, #4]
 1079 0558 3B68     		ldr	r3, [r7]
 1080 055a 1B78     		ldrb	r3, [r3]	@ zero_extendqisi2
 1081 055c 9B00     		lsls	r3, r3, #2
 1082 055e 1A44     		add	r2, r2, r3
 1083 0560 7B8F     		ldrh	r3, [r7, #58]	@ movhi
 1084 0562 43F07F43 		orr	r3, r3, #-16777216
 1085 0566 43F47F03 		orr	r3, r3, #16711680
 1086 056a 43F40043 		orr	r3, r3, #32768
 1087 056e 43F0C003 		orr	r3, r3, #192
 1088 0572 9BB2     		uxth	r3, r3
 1089 0574 1380     		strh	r3, [r2]	@ movhi
 1090              	.L39:
 1091              	.LBE22:
 1092              	.LBE21:
 1093              	.LBB23:
2188:Drivers/STM32F1xx_HAL_Driver/Src/stm32f1xx_ll_usb.c **** 
2189:Drivers/STM32F1xx_HAL_Driver/Src/stm32f1xx_ll_usb.c ****       PCD_SET_EP_RX_STATUS(USBx, ep->num, USB_EP_RX_VALID);
 1094              		.loc 1 2189 7 is_stmt 1
 1095 0576 7A68     		ldr	r2, [r7, #4]
 1096 0578 3B68     		ldr	r3, [r7]
 1097 057a 1B78     		ldrb	r3, [r3]	@ zero_extendqisi2
 1098 057c 9B00     		lsls	r3, r3, #2
 1099 057e 1344     		add	r3, r3, r2
 1100 0580 1B88     		ldrh	r3, [r3]	@ movhi
 1101 0582 9BB2     		uxth	r3, r3
 1102 0584 23F48043 		bic	r3, r3, #16384
 1103 0588 23F07003 		bic	r3, r3, #112
 1104 058c 3B87     		strh	r3, [r7, #56]	@ movhi
 1105 058e 3B8F     		ldrh	r3, [r7, #56]	@ movhi
 1106 0590 83F48053 		eor	r3, r3, #4096
 1107 0594 3B87     		strh	r3, [r7, #56]	@ movhi
 1108 0596 3B8F     		ldrh	r3, [r7, #56]	@ movhi
 1109 0598 83F40053 		eor	r3, r3, #8192
 1110 059c 3B87     		strh	r3, [r7, #56]	@ movhi
 1111 059e 7A68     		ldr	r2, [r7, #4]
 1112 05a0 3B68     		ldr	r3, [r7]
 1113 05a2 1B78     		ldrb	r3, [r3]	@ zero_extendqisi2
 1114 05a4 9B00     		lsls	r3, r3, #2
 1115 05a6 1A44     		add	r2, r2, r3
 1116 05a8 3B8F     		ldrh	r3, [r7, #56]	@ movhi
 1117 05aa 43F07F43 		orr	r3, r3, #-16777216
 1118 05ae 43F47F03 		orr	r3, r3, #16711680
 1119 05b2 43F40043 		orr	r3, r3, #32768
 1120 05b6 43F08003 		orr	r3, r3, #128
 1121 05ba 9BB2     		uxth	r3, r3
 1122 05bc 1380     		strh	r3, [r2]	@ movhi
 1123              	.LBE23:
 1124              	.LBB24:
2190:Drivers/STM32F1xx_HAL_Driver/Src/stm32f1xx_ll_usb.c ****       PCD_SET_EP_TX_STATUS(USBx, ep->num, USB_EP_TX_DIS);
 1125              		.loc 1 2190 7
 1126 05be 7A68     		ldr	r2, [r7, #4]
 1127 05c0 3B68     		ldr	r3, [r7]
 1128 05c2 1B78     		ldrb	r3, [r3]	@ zero_extendqisi2
 1129 05c4 9B00     		lsls	r3, r3, #2
 1130 05c6 1344     		add	r3, r3, r2
ARM GAS  /var/folders/xf/tcndk8390ml5xdpfw93qkhpm0000gn/T//cc0WvzGY.s 			page 59


 1131 05c8 1B88     		ldrh	r3, [r3]	@ movhi
 1132 05ca 9BB2     		uxth	r3, r3
 1133 05cc 23F4E043 		bic	r3, r3, #28672
 1134 05d0 23F04003 		bic	r3, r3, #64
 1135 05d4 FB86     		strh	r3, [r7, #54]	@ movhi
 1136 05d6 7A68     		ldr	r2, [r7, #4]
 1137 05d8 3B68     		ldr	r3, [r7]
 1138 05da 1B78     		ldrb	r3, [r3]	@ zero_extendqisi2
 1139 05dc 9B00     		lsls	r3, r3, #2
 1140 05de 1A44     		add	r2, r2, r3
 1141 05e0 FB8E     		ldrh	r3, [r7, #54]	@ movhi
 1142 05e2 43F07F43 		orr	r3, r3, #-16777216
 1143 05e6 43F47F03 		orr	r3, r3, #16711680
 1144 05ea 43F40043 		orr	r3, r3, #32768
 1145 05ee 43F08003 		orr	r3, r3, #128
 1146 05f2 9BB2     		uxth	r3, r3
 1147 05f4 1380     		strh	r3, [r2]	@ movhi
 1148              	.LBE24:
 1149 05f6 BCE0     		b	.L27
 1150              	.L37:
 1151              	.LBB25:
2191:Drivers/STM32F1xx_HAL_Driver/Src/stm32f1xx_ll_usb.c ****     }
2192:Drivers/STM32F1xx_HAL_Driver/Src/stm32f1xx_ll_usb.c ****     else
2193:Drivers/STM32F1xx_HAL_Driver/Src/stm32f1xx_ll_usb.c ****     {
2194:Drivers/STM32F1xx_HAL_Driver/Src/stm32f1xx_ll_usb.c ****       /* Clear the data toggle bits for the endpoint IN/OUT */
2195:Drivers/STM32F1xx_HAL_Driver/Src/stm32f1xx_ll_usb.c ****       PCD_CLEAR_RX_DTOG(USBx, ep->num);
 1152              		.loc 1 2195 7
 1153 05f8 7A68     		ldr	r2, [r7, #4]
 1154 05fa 3B68     		ldr	r3, [r7]
 1155 05fc 1B78     		ldrb	r3, [r3]	@ zero_extendqisi2
 1156 05fe 9B00     		lsls	r3, r3, #2
 1157 0600 1344     		add	r3, r3, r2
 1158 0602 1B88     		ldrh	r3, [r3]	@ movhi
 1159 0604 A7F84E30 		strh	r3, [r7, #78]	@ movhi
 1160 0608 B7F84E30 		ldrh	r3, [r7, #78]
 1161 060c 03F48043 		and	r3, r3, #16384
 1162 0610 002B     		cmp	r3, #0
 1163 0612 1DD0     		beq	.L40
 1164              	.LBB26:
 1165              		.loc 1 2195 7 is_stmt 0 discriminator 1
 1166 0614 7A68     		ldr	r2, [r7, #4]
 1167 0616 3B68     		ldr	r3, [r7]
 1168 0618 1B78     		ldrb	r3, [r3]	@ zero_extendqisi2
 1169 061a 9B00     		lsls	r3, r3, #2
 1170 061c 1344     		add	r3, r3, r2
 1171 061e 1B88     		ldrh	r3, [r3]	@ movhi
 1172 0620 9BB2     		uxth	r3, r3
 1173 0622 23F4E043 		bic	r3, r3, #28672
 1174 0626 23F07003 		bic	r3, r3, #112
 1175 062a A7F84C30 		strh	r3, [r7, #76]	@ movhi
 1176 062e 7A68     		ldr	r2, [r7, #4]
 1177 0630 3B68     		ldr	r3, [r7]
 1178 0632 1B78     		ldrb	r3, [r3]	@ zero_extendqisi2
 1179 0634 9B00     		lsls	r3, r3, #2
 1180 0636 1A44     		add	r2, r2, r3
 1181 0638 B7F84C30 		ldrh	r3, [r7, #76]	@ movhi
 1182 063c 43F07F43 		orr	r3, r3, #-16777216
ARM GAS  /var/folders/xf/tcndk8390ml5xdpfw93qkhpm0000gn/T//cc0WvzGY.s 			page 60


 1183 0640 43F47F03 		orr	r3, r3, #16711680
 1184 0644 43F44043 		orr	r3, r3, #49152
 1185 0648 43F08003 		orr	r3, r3, #128
 1186 064c 9BB2     		uxth	r3, r3
 1187 064e 1380     		strh	r3, [r2]	@ movhi
 1188              	.L40:
 1189              	.LBE26:
 1190              	.LBE25:
 1191              	.LBB27:
2196:Drivers/STM32F1xx_HAL_Driver/Src/stm32f1xx_ll_usb.c ****       PCD_CLEAR_TX_DTOG(USBx, ep->num);
 1192              		.loc 1 2196 7 is_stmt 1
 1193 0650 7A68     		ldr	r2, [r7, #4]
 1194 0652 3B68     		ldr	r3, [r7]
 1195 0654 1B78     		ldrb	r3, [r3]	@ zero_extendqisi2
 1196 0656 9B00     		lsls	r3, r3, #2
 1197 0658 1344     		add	r3, r3, r2
 1198 065a 1B88     		ldrh	r3, [r3]	@ movhi
 1199 065c A7F84A30 		strh	r3, [r7, #74]	@ movhi
 1200 0660 B7F84A30 		ldrh	r3, [r7, #74]
 1201 0664 03F04003 		and	r3, r3, #64
 1202 0668 002B     		cmp	r3, #0
 1203 066a 1DD0     		beq	.L41
 1204              	.LBB28:
 1205              		.loc 1 2196 7 is_stmt 0 discriminator 1
 1206 066c 7A68     		ldr	r2, [r7, #4]
 1207 066e 3B68     		ldr	r3, [r7]
 1208 0670 1B78     		ldrb	r3, [r3]	@ zero_extendqisi2
 1209 0672 9B00     		lsls	r3, r3, #2
 1210 0674 1344     		add	r3, r3, r2
 1211 0676 1B88     		ldrh	r3, [r3]	@ movhi
 1212 0678 9BB2     		uxth	r3, r3
 1213 067a 23F4E043 		bic	r3, r3, #28672
 1214 067e 23F07003 		bic	r3, r3, #112
 1215 0682 A7F84830 		strh	r3, [r7, #72]	@ movhi
 1216 0686 7A68     		ldr	r2, [r7, #4]
 1217 0688 3B68     		ldr	r3, [r7]
 1218 068a 1B78     		ldrb	r3, [r3]	@ zero_extendqisi2
 1219 068c 9B00     		lsls	r3, r3, #2
 1220 068e 1A44     		add	r2, r2, r3
 1221 0690 B7F84830 		ldrh	r3, [r7, #72]	@ movhi
 1222 0694 43F07F43 		orr	r3, r3, #-16777216
 1223 0698 43F47F03 		orr	r3, r3, #16711680
 1224 069c 43F40043 		orr	r3, r3, #32768
 1225 06a0 43F0C003 		orr	r3, r3, #192
 1226 06a4 9BB2     		uxth	r3, r3
 1227 06a6 1380     		strh	r3, [r2]	@ movhi
 1228              	.L41:
 1229              	.LBE28:
 1230              	.LBE27:
2197:Drivers/STM32F1xx_HAL_Driver/Src/stm32f1xx_ll_usb.c **** 
2198:Drivers/STM32F1xx_HAL_Driver/Src/stm32f1xx_ll_usb.c ****       if (ep->type != EP_TYPE_ISOC)
 1231              		.loc 1 2198 13 is_stmt 1
 1232 06a8 3B68     		ldr	r3, [r7]
 1233 06aa DB78     		ldrb	r3, [r3, #3]	@ zero_extendqisi2
 1234              		.loc 1 2198 10
 1235 06ac 012B     		cmp	r3, #1
 1236 06ae 24D0     		beq	.L42
ARM GAS  /var/folders/xf/tcndk8390ml5xdpfw93qkhpm0000gn/T//cc0WvzGY.s 			page 61


 1237              	.LBB29:
2199:Drivers/STM32F1xx_HAL_Driver/Src/stm32f1xx_ll_usb.c ****       {
2200:Drivers/STM32F1xx_HAL_Driver/Src/stm32f1xx_ll_usb.c ****         /* Configure NAK status for the Endpoint */
2201:Drivers/STM32F1xx_HAL_Driver/Src/stm32f1xx_ll_usb.c ****         PCD_SET_EP_TX_STATUS(USBx, ep->num, USB_EP_TX_NAK);
 1238              		.loc 1 2201 9
 1239 06b0 7A68     		ldr	r2, [r7, #4]
 1240 06b2 3B68     		ldr	r3, [r7]
 1241 06b4 1B78     		ldrb	r3, [r3]	@ zero_extendqisi2
 1242 06b6 9B00     		lsls	r3, r3, #2
 1243 06b8 1344     		add	r3, r3, r2
 1244 06ba 1B88     		ldrh	r3, [r3]	@ movhi
 1245 06bc 9BB2     		uxth	r3, r3
 1246 06be 23F4E043 		bic	r3, r3, #28672
 1247 06c2 23F04003 		bic	r3, r3, #64
 1248 06c6 A7F84430 		strh	r3, [r7, #68]	@ movhi
 1249 06ca B7F84430 		ldrh	r3, [r7, #68]	@ movhi
 1250 06ce 83F02003 		eor	r3, r3, #32
 1251 06d2 A7F84430 		strh	r3, [r7, #68]	@ movhi
 1252 06d6 7A68     		ldr	r2, [r7, #4]
 1253 06d8 3B68     		ldr	r3, [r7]
 1254 06da 1B78     		ldrb	r3, [r3]	@ zero_extendqisi2
 1255 06dc 9B00     		lsls	r3, r3, #2
 1256 06de 1A44     		add	r2, r2, r3
 1257 06e0 B7F84430 		ldrh	r3, [r7, #68]	@ movhi
 1258 06e4 43F07F43 		orr	r3, r3, #-16777216
 1259 06e8 43F47F03 		orr	r3, r3, #16711680
 1260 06ec 43F40043 		orr	r3, r3, #32768
 1261 06f0 43F08003 		orr	r3, r3, #128
 1262 06f4 9BB2     		uxth	r3, r3
 1263 06f6 1380     		strh	r3, [r2]	@ movhi
 1264              	.LBE29:
 1265 06f8 1DE0     		b	.L43
 1266              	.L42:
 1267              	.LBB30:
2202:Drivers/STM32F1xx_HAL_Driver/Src/stm32f1xx_ll_usb.c ****       }
2203:Drivers/STM32F1xx_HAL_Driver/Src/stm32f1xx_ll_usb.c ****       else
2204:Drivers/STM32F1xx_HAL_Driver/Src/stm32f1xx_ll_usb.c ****       {
2205:Drivers/STM32F1xx_HAL_Driver/Src/stm32f1xx_ll_usb.c ****         /* Configure TX Endpoint to disabled state */
2206:Drivers/STM32F1xx_HAL_Driver/Src/stm32f1xx_ll_usb.c ****         PCD_SET_EP_TX_STATUS(USBx, ep->num, USB_EP_TX_DIS);
 1268              		.loc 1 2206 9
 1269 06fa 7A68     		ldr	r2, [r7, #4]
 1270 06fc 3B68     		ldr	r3, [r7]
 1271 06fe 1B78     		ldrb	r3, [r3]	@ zero_extendqisi2
 1272 0700 9B00     		lsls	r3, r3, #2
 1273 0702 1344     		add	r3, r3, r2
 1274 0704 1B88     		ldrh	r3, [r3]	@ movhi
 1275 0706 9BB2     		uxth	r3, r3
 1276 0708 23F4E043 		bic	r3, r3, #28672
 1277 070c 23F04003 		bic	r3, r3, #64
 1278 0710 A7F84630 		strh	r3, [r7, #70]	@ movhi
 1279 0714 7A68     		ldr	r2, [r7, #4]
 1280 0716 3B68     		ldr	r3, [r7]
 1281 0718 1B78     		ldrb	r3, [r3]	@ zero_extendqisi2
 1282 071a 9B00     		lsls	r3, r3, #2
 1283 071c 1A44     		add	r2, r2, r3
 1284 071e B7F84630 		ldrh	r3, [r7, #70]	@ movhi
 1285 0722 43F07F43 		orr	r3, r3, #-16777216
ARM GAS  /var/folders/xf/tcndk8390ml5xdpfw93qkhpm0000gn/T//cc0WvzGY.s 			page 62


 1286 0726 43F47F03 		orr	r3, r3, #16711680
 1287 072a 43F40043 		orr	r3, r3, #32768
 1288 072e 43F08003 		orr	r3, r3, #128
 1289 0732 9BB2     		uxth	r3, r3
 1290 0734 1380     		strh	r3, [r2]	@ movhi
 1291              	.L43:
 1292              	.LBE30:
 1293              	.LBB31:
2207:Drivers/STM32F1xx_HAL_Driver/Src/stm32f1xx_ll_usb.c ****       }
2208:Drivers/STM32F1xx_HAL_Driver/Src/stm32f1xx_ll_usb.c **** 
2209:Drivers/STM32F1xx_HAL_Driver/Src/stm32f1xx_ll_usb.c ****       PCD_SET_EP_RX_STATUS(USBx, ep->num, USB_EP_RX_DIS);
 1294              		.loc 1 2209 7
 1295 0736 7A68     		ldr	r2, [r7, #4]
 1296 0738 3B68     		ldr	r3, [r7]
 1297 073a 1B78     		ldrb	r3, [r3]	@ zero_extendqisi2
 1298 073c 9B00     		lsls	r3, r3, #2
 1299 073e 1344     		add	r3, r3, r2
 1300 0740 1B88     		ldrh	r3, [r3]	@ movhi
 1301 0742 9BB2     		uxth	r3, r3
 1302 0744 23F48043 		bic	r3, r3, #16384
 1303 0748 23F07003 		bic	r3, r3, #112
 1304 074c A7F84230 		strh	r3, [r7, #66]	@ movhi
 1305 0750 7A68     		ldr	r2, [r7, #4]
 1306 0752 3B68     		ldr	r3, [r7]
 1307 0754 1B78     		ldrb	r3, [r3]	@ zero_extendqisi2
 1308 0756 9B00     		lsls	r3, r3, #2
 1309 0758 1A44     		add	r2, r2, r3
 1310 075a B7F84230 		ldrh	r3, [r7, #66]	@ movhi
 1311 075e 43F07F43 		orr	r3, r3, #-16777216
 1312 0762 43F47F03 		orr	r3, r3, #16711680
 1313 0766 43F40043 		orr	r3, r3, #32768
 1314 076a 43F08003 		orr	r3, r3, #128
 1315 076e 9BB2     		uxth	r3, r3
 1316 0770 1380     		strh	r3, [r2]	@ movhi
 1317              	.L27:
 1318              	.LBE31:
2210:Drivers/STM32F1xx_HAL_Driver/Src/stm32f1xx_ll_usb.c ****     }
2211:Drivers/STM32F1xx_HAL_Driver/Src/stm32f1xx_ll_usb.c ****   }
2212:Drivers/STM32F1xx_HAL_Driver/Src/stm32f1xx_ll_usb.c **** #endif /* (USE_USB_DOUBLE_BUFFER == 1U) */
2213:Drivers/STM32F1xx_HAL_Driver/Src/stm32f1xx_ll_usb.c **** 
2214:Drivers/STM32F1xx_HAL_Driver/Src/stm32f1xx_ll_usb.c ****   return ret;
 1319              		.loc 1 2214 10
 1320 0772 97F86F30 		ldrb	r3, [r7, #111]	@ zero_extendqisi2
2215:Drivers/STM32F1xx_HAL_Driver/Src/stm32f1xx_ll_usb.c **** }
 1321              		.loc 1 2215 1
 1322 0776 1846     		mov	r0, r3
 1323 0778 7437     		adds	r7, r7, #116
 1324              	.LCFI45:
 1325              		.cfi_def_cfa_offset 4
 1326 077a BD46     		mov	sp, r7
 1327              	.LCFI46:
 1328              		.cfi_def_cfa_register 13
 1329              		@ sp needed
 1330 077c 80BC     		pop	{r7}
 1331              	.LCFI47:
 1332              		.cfi_restore 7
 1333              		.cfi_def_cfa_offset 0
ARM GAS  /var/folders/xf/tcndk8390ml5xdpfw93qkhpm0000gn/T//cc0WvzGY.s 			page 63


 1334 077e 7047     		bx	lr
 1335              		.cfi_endproc
 1336              	.LFE72:
 1338              		.section	.text.USB_DeactivateEndpoint,"ax",%progbits
 1339              		.align	1
 1340              		.global	USB_DeactivateEndpoint
 1341              		.syntax unified
 1342              		.thumb
 1343              		.thumb_func
 1345              	USB_DeactivateEndpoint:
 1346              	.LFB73:
2216:Drivers/STM32F1xx_HAL_Driver/Src/stm32f1xx_ll_usb.c **** 
2217:Drivers/STM32F1xx_HAL_Driver/Src/stm32f1xx_ll_usb.c **** /**
2218:Drivers/STM32F1xx_HAL_Driver/Src/stm32f1xx_ll_usb.c ****   * @brief  De-activate and de-initialize an endpoint
2219:Drivers/STM32F1xx_HAL_Driver/Src/stm32f1xx_ll_usb.c ****   * @param  USBx Selected device
2220:Drivers/STM32F1xx_HAL_Driver/Src/stm32f1xx_ll_usb.c ****   * @param  ep pointer to endpoint structure
2221:Drivers/STM32F1xx_HAL_Driver/Src/stm32f1xx_ll_usb.c ****   * @retval HAL status
2222:Drivers/STM32F1xx_HAL_Driver/Src/stm32f1xx_ll_usb.c ****   */
2223:Drivers/STM32F1xx_HAL_Driver/Src/stm32f1xx_ll_usb.c **** HAL_StatusTypeDef USB_DeactivateEndpoint(USB_TypeDef *USBx, USB_EPTypeDef *ep)
2224:Drivers/STM32F1xx_HAL_Driver/Src/stm32f1xx_ll_usb.c **** {
 1347              		.loc 1 2224 1
 1348              		.cfi_startproc
 1349              		@ args = 0, pretend = 0, frame = 48
 1350              		@ frame_needed = 1, uses_anonymous_args = 0
 1351              		@ link register save eliminated.
 1352 0000 80B4     		push	{r7}
 1353              	.LCFI48:
 1354              		.cfi_def_cfa_offset 4
 1355              		.cfi_offset 7, -4
 1356 0002 8DB0     		sub	sp, sp, #52
 1357              	.LCFI49:
 1358              		.cfi_def_cfa_offset 56
 1359 0004 00AF     		add	r7, sp, #0
 1360              	.LCFI50:
 1361              		.cfi_def_cfa_register 7
 1362 0006 7860     		str	r0, [r7, #4]
 1363 0008 3960     		str	r1, [r7]
2225:Drivers/STM32F1xx_HAL_Driver/Src/stm32f1xx_ll_usb.c ****   if (ep->doublebuffer == 0U)
 1364              		.loc 1 2225 9
 1365 000a 3B68     		ldr	r3, [r7]
 1366 000c 1B7B     		ldrb	r3, [r3, #12]	@ zero_extendqisi2
 1367              		.loc 1 2225 6
 1368 000e 002B     		cmp	r3, #0
 1369 0010 40F08E80 		bne	.L47
2226:Drivers/STM32F1xx_HAL_Driver/Src/stm32f1xx_ll_usb.c ****   {
2227:Drivers/STM32F1xx_HAL_Driver/Src/stm32f1xx_ll_usb.c ****     if (ep->is_in != 0U)
 1370              		.loc 1 2227 11
 1371 0014 3B68     		ldr	r3, [r7]
 1372 0016 5B78     		ldrb	r3, [r3, #1]	@ zero_extendqisi2
 1373              		.loc 1 2227 8
 1374 0018 002B     		cmp	r3, #0
 1375 001a 44D0     		beq	.L48
 1376              	.LBB32:
2228:Drivers/STM32F1xx_HAL_Driver/Src/stm32f1xx_ll_usb.c ****     {
2229:Drivers/STM32F1xx_HAL_Driver/Src/stm32f1xx_ll_usb.c ****       PCD_CLEAR_TX_DTOG(USBx, ep->num);
 1377              		.loc 1 2229 7
 1378 001c 7A68     		ldr	r2, [r7, #4]
ARM GAS  /var/folders/xf/tcndk8390ml5xdpfw93qkhpm0000gn/T//cc0WvzGY.s 			page 64


 1379 001e 3B68     		ldr	r3, [r7]
 1380 0020 1B78     		ldrb	r3, [r3]	@ zero_extendqisi2
 1381 0022 9B00     		lsls	r3, r3, #2
 1382 0024 1344     		add	r3, r3, r2
 1383 0026 1B88     		ldrh	r3, [r3]	@ movhi
 1384 0028 BB81     		strh	r3, [r7, #12]	@ movhi
 1385 002a BB89     		ldrh	r3, [r7, #12]
 1386 002c 03F04003 		and	r3, r3, #64
 1387 0030 002B     		cmp	r3, #0
 1388 0032 1BD0     		beq	.L49
 1389              	.LBB33:
 1390              		.loc 1 2229 7 is_stmt 0 discriminator 1
 1391 0034 7A68     		ldr	r2, [r7, #4]
 1392 0036 3B68     		ldr	r3, [r7]
 1393 0038 1B78     		ldrb	r3, [r3]	@ zero_extendqisi2
 1394 003a 9B00     		lsls	r3, r3, #2
 1395 003c 1344     		add	r3, r3, r2
 1396 003e 1B88     		ldrh	r3, [r3]	@ movhi
 1397 0040 9BB2     		uxth	r3, r3
 1398 0042 23F4E043 		bic	r3, r3, #28672
 1399 0046 23F07003 		bic	r3, r3, #112
 1400 004a 7B81     		strh	r3, [r7, #10]	@ movhi
 1401 004c 7A68     		ldr	r2, [r7, #4]
 1402 004e 3B68     		ldr	r3, [r7]
 1403 0050 1B78     		ldrb	r3, [r3]	@ zero_extendqisi2
 1404 0052 9B00     		lsls	r3, r3, #2
 1405 0054 1A44     		add	r2, r2, r3
 1406 0056 7B89     		ldrh	r3, [r7, #10]	@ movhi
 1407 0058 43F07F43 		orr	r3, r3, #-16777216
 1408 005c 43F47F03 		orr	r3, r3, #16711680
 1409 0060 43F40043 		orr	r3, r3, #32768
 1410 0064 43F0C003 		orr	r3, r3, #192
 1411 0068 9BB2     		uxth	r3, r3
 1412 006a 1380     		strh	r3, [r2]	@ movhi
 1413              	.L49:
 1414              	.LBE33:
 1415              	.LBE32:
 1416              	.LBB34:
2230:Drivers/STM32F1xx_HAL_Driver/Src/stm32f1xx_ll_usb.c **** 
2231:Drivers/STM32F1xx_HAL_Driver/Src/stm32f1xx_ll_usb.c ****       /* Configure DISABLE status for the Endpoint */
2232:Drivers/STM32F1xx_HAL_Driver/Src/stm32f1xx_ll_usb.c ****       PCD_SET_EP_TX_STATUS(USBx, ep->num, USB_EP_TX_DIS);
 1417              		.loc 1 2232 7 is_stmt 1
 1418 006c 7A68     		ldr	r2, [r7, #4]
 1419 006e 3B68     		ldr	r3, [r7]
 1420 0070 1B78     		ldrb	r3, [r3]	@ zero_extendqisi2
 1421 0072 9B00     		lsls	r3, r3, #2
 1422 0074 1344     		add	r3, r3, r2
 1423 0076 1B88     		ldrh	r3, [r3]	@ movhi
 1424 0078 9BB2     		uxth	r3, r3
 1425 007a 23F4E043 		bic	r3, r3, #28672
 1426 007e 23F04003 		bic	r3, r3, #64
 1427 0082 3B81     		strh	r3, [r7, #8]	@ movhi
 1428 0084 7A68     		ldr	r2, [r7, #4]
 1429 0086 3B68     		ldr	r3, [r7]
 1430 0088 1B78     		ldrb	r3, [r3]	@ zero_extendqisi2
 1431 008a 9B00     		lsls	r3, r3, #2
 1432 008c 1A44     		add	r2, r2, r3
ARM GAS  /var/folders/xf/tcndk8390ml5xdpfw93qkhpm0000gn/T//cc0WvzGY.s 			page 65


 1433 008e 3B89     		ldrh	r3, [r7, #8]	@ movhi
 1434 0090 43F07F43 		orr	r3, r3, #-16777216
 1435 0094 43F47F03 		orr	r3, r3, #16711680
 1436 0098 43F40043 		orr	r3, r3, #32768
 1437 009c 43F08003 		orr	r3, r3, #128
 1438 00a0 9BB2     		uxth	r3, r3
 1439 00a2 1380     		strh	r3, [r2]	@ movhi
 1440              	.LBE34:
 1441 00a4 92E1     		b	.L50
 1442              	.L48:
 1443              	.LBB35:
2233:Drivers/STM32F1xx_HAL_Driver/Src/stm32f1xx_ll_usb.c ****     }
2234:Drivers/STM32F1xx_HAL_Driver/Src/stm32f1xx_ll_usb.c **** 
2235:Drivers/STM32F1xx_HAL_Driver/Src/stm32f1xx_ll_usb.c ****     else
2236:Drivers/STM32F1xx_HAL_Driver/Src/stm32f1xx_ll_usb.c ****     {
2237:Drivers/STM32F1xx_HAL_Driver/Src/stm32f1xx_ll_usb.c ****       PCD_CLEAR_RX_DTOG(USBx, ep->num);
 1444              		.loc 1 2237 7
 1445 00a6 7A68     		ldr	r2, [r7, #4]
 1446 00a8 3B68     		ldr	r3, [r7]
 1447 00aa 1B78     		ldrb	r3, [r3]	@ zero_extendqisi2
 1448 00ac 9B00     		lsls	r3, r3, #2
 1449 00ae 1344     		add	r3, r3, r2
 1450 00b0 1B88     		ldrh	r3, [r3]	@ movhi
 1451 00b2 7B82     		strh	r3, [r7, #18]	@ movhi
 1452 00b4 7B8A     		ldrh	r3, [r7, #18]
 1453 00b6 03F48043 		and	r3, r3, #16384
 1454 00ba 002B     		cmp	r3, #0
 1455 00bc 1BD0     		beq	.L51
 1456              	.LBB36:
 1457              		.loc 1 2237 7 is_stmt 0 discriminator 1
 1458 00be 7A68     		ldr	r2, [r7, #4]
 1459 00c0 3B68     		ldr	r3, [r7]
 1460 00c2 1B78     		ldrb	r3, [r3]	@ zero_extendqisi2
 1461 00c4 9B00     		lsls	r3, r3, #2
 1462 00c6 1344     		add	r3, r3, r2
 1463 00c8 1B88     		ldrh	r3, [r3]	@ movhi
 1464 00ca 9BB2     		uxth	r3, r3
 1465 00cc 23F4E043 		bic	r3, r3, #28672
 1466 00d0 23F07003 		bic	r3, r3, #112
 1467 00d4 3B82     		strh	r3, [r7, #16]	@ movhi
 1468 00d6 7A68     		ldr	r2, [r7, #4]
 1469 00d8 3B68     		ldr	r3, [r7]
 1470 00da 1B78     		ldrb	r3, [r3]	@ zero_extendqisi2
 1471 00dc 9B00     		lsls	r3, r3, #2
 1472 00de 1A44     		add	r2, r2, r3
 1473 00e0 3B8A     		ldrh	r3, [r7, #16]	@ movhi
 1474 00e2 43F07F43 		orr	r3, r3, #-16777216
 1475 00e6 43F47F03 		orr	r3, r3, #16711680
 1476 00ea 43F44043 		orr	r3, r3, #49152
 1477 00ee 43F08003 		orr	r3, r3, #128
 1478 00f2 9BB2     		uxth	r3, r3
 1479 00f4 1380     		strh	r3, [r2]	@ movhi
 1480              	.L51:
 1481              	.LBE36:
 1482              	.LBE35:
 1483              	.LBB37:
2238:Drivers/STM32F1xx_HAL_Driver/Src/stm32f1xx_ll_usb.c **** 
ARM GAS  /var/folders/xf/tcndk8390ml5xdpfw93qkhpm0000gn/T//cc0WvzGY.s 			page 66


2239:Drivers/STM32F1xx_HAL_Driver/Src/stm32f1xx_ll_usb.c ****       /* Configure DISABLE status for the Endpoint */
2240:Drivers/STM32F1xx_HAL_Driver/Src/stm32f1xx_ll_usb.c ****       PCD_SET_EP_RX_STATUS(USBx, ep->num, USB_EP_RX_DIS);
 1484              		.loc 1 2240 7 is_stmt 1
 1485 00f6 7A68     		ldr	r2, [r7, #4]
 1486 00f8 3B68     		ldr	r3, [r7]
 1487 00fa 1B78     		ldrb	r3, [r3]	@ zero_extendqisi2
 1488 00fc 9B00     		lsls	r3, r3, #2
 1489 00fe 1344     		add	r3, r3, r2
 1490 0100 1B88     		ldrh	r3, [r3]	@ movhi
 1491 0102 9BB2     		uxth	r3, r3
 1492 0104 23F48043 		bic	r3, r3, #16384
 1493 0108 23F07003 		bic	r3, r3, #112
 1494 010c FB81     		strh	r3, [r7, #14]	@ movhi
 1495 010e 7A68     		ldr	r2, [r7, #4]
 1496 0110 3B68     		ldr	r3, [r7]
 1497 0112 1B78     		ldrb	r3, [r3]	@ zero_extendqisi2
 1498 0114 9B00     		lsls	r3, r3, #2
 1499 0116 1A44     		add	r2, r2, r3
 1500 0118 FB89     		ldrh	r3, [r7, #14]	@ movhi
 1501 011a 43F07F43 		orr	r3, r3, #-16777216
 1502 011e 43F47F03 		orr	r3, r3, #16711680
 1503 0122 43F40043 		orr	r3, r3, #32768
 1504 0126 43F08003 		orr	r3, r3, #128
 1505 012a 9BB2     		uxth	r3, r3
 1506 012c 1380     		strh	r3, [r2]	@ movhi
 1507 012e 4DE1     		b	.L50
 1508              	.L47:
 1509              	.LBE37:
2241:Drivers/STM32F1xx_HAL_Driver/Src/stm32f1xx_ll_usb.c ****     }
2242:Drivers/STM32F1xx_HAL_Driver/Src/stm32f1xx_ll_usb.c ****   }
2243:Drivers/STM32F1xx_HAL_Driver/Src/stm32f1xx_ll_usb.c **** #if (USE_USB_DOUBLE_BUFFER == 1U)
2244:Drivers/STM32F1xx_HAL_Driver/Src/stm32f1xx_ll_usb.c ****   /* Double Buffer */
2245:Drivers/STM32F1xx_HAL_Driver/Src/stm32f1xx_ll_usb.c ****   else
2246:Drivers/STM32F1xx_HAL_Driver/Src/stm32f1xx_ll_usb.c ****   {
2247:Drivers/STM32F1xx_HAL_Driver/Src/stm32f1xx_ll_usb.c ****     if (ep->is_in == 0U)
 1510              		.loc 1 2247 11
 1511 0130 3B68     		ldr	r3, [r7]
 1512 0132 5B78     		ldrb	r3, [r3, #1]	@ zero_extendqisi2
 1513              		.loc 1 2247 8
 1514 0134 002B     		cmp	r3, #0
 1515 0136 40F0A580 		bne	.L52
 1516              	.LBB38:
2248:Drivers/STM32F1xx_HAL_Driver/Src/stm32f1xx_ll_usb.c ****     {
2249:Drivers/STM32F1xx_HAL_Driver/Src/stm32f1xx_ll_usb.c ****       /* Clear the data toggle bits for the endpoint IN/OUT*/
2250:Drivers/STM32F1xx_HAL_Driver/Src/stm32f1xx_ll_usb.c ****       PCD_CLEAR_RX_DTOG(USBx, ep->num);
 1517              		.loc 1 2250 7
 1518 013a 7A68     		ldr	r2, [r7, #4]
 1519 013c 3B68     		ldr	r3, [r7]
 1520 013e 1B78     		ldrb	r3, [r3]	@ zero_extendqisi2
 1521 0140 9B00     		lsls	r3, r3, #2
 1522 0142 1344     		add	r3, r3, r2
 1523 0144 1B88     		ldrh	r3, [r3]	@ movhi
 1524 0146 3B84     		strh	r3, [r7, #32]	@ movhi
 1525 0148 3B8C     		ldrh	r3, [r7, #32]
 1526 014a 03F48043 		and	r3, r3, #16384
 1527 014e 002B     		cmp	r3, #0
 1528 0150 1BD0     		beq	.L53
ARM GAS  /var/folders/xf/tcndk8390ml5xdpfw93qkhpm0000gn/T//cc0WvzGY.s 			page 67


 1529              	.LBB39:
 1530              		.loc 1 2250 7 is_stmt 0 discriminator 1
 1531 0152 7A68     		ldr	r2, [r7, #4]
 1532 0154 3B68     		ldr	r3, [r7]
 1533 0156 1B78     		ldrb	r3, [r3]	@ zero_extendqisi2
 1534 0158 9B00     		lsls	r3, r3, #2
 1535 015a 1344     		add	r3, r3, r2
 1536 015c 1B88     		ldrh	r3, [r3]	@ movhi
 1537 015e 9BB2     		uxth	r3, r3
 1538 0160 23F4E043 		bic	r3, r3, #28672
 1539 0164 23F07003 		bic	r3, r3, #112
 1540 0168 FB83     		strh	r3, [r7, #30]	@ movhi
 1541 016a 7A68     		ldr	r2, [r7, #4]
 1542 016c 3B68     		ldr	r3, [r7]
 1543 016e 1B78     		ldrb	r3, [r3]	@ zero_extendqisi2
 1544 0170 9B00     		lsls	r3, r3, #2
 1545 0172 1A44     		add	r2, r2, r3
 1546 0174 FB8B     		ldrh	r3, [r7, #30]	@ movhi
 1547 0176 43F07F43 		orr	r3, r3, #-16777216
 1548 017a 43F47F03 		orr	r3, r3, #16711680
 1549 017e 43F44043 		orr	r3, r3, #49152
 1550 0182 43F08003 		orr	r3, r3, #128
 1551 0186 9BB2     		uxth	r3, r3
 1552 0188 1380     		strh	r3, [r2]	@ movhi
 1553              	.L53:
 1554              	.LBE39:
 1555              	.LBE38:
 1556              	.LBB40:
2251:Drivers/STM32F1xx_HAL_Driver/Src/stm32f1xx_ll_usb.c ****       PCD_CLEAR_TX_DTOG(USBx, ep->num);
 1557              		.loc 1 2251 7 is_stmt 1
 1558 018a 7A68     		ldr	r2, [r7, #4]
 1559 018c 3B68     		ldr	r3, [r7]
 1560 018e 1B78     		ldrb	r3, [r3]	@ zero_extendqisi2
 1561 0190 9B00     		lsls	r3, r3, #2
 1562 0192 1344     		add	r3, r3, r2
 1563 0194 1B88     		ldrh	r3, [r3]	@ movhi
 1564 0196 BB83     		strh	r3, [r7, #28]	@ movhi
 1565 0198 BB8B     		ldrh	r3, [r7, #28]
 1566 019a 03F04003 		and	r3, r3, #64
 1567 019e 002B     		cmp	r3, #0
 1568 01a0 1BD0     		beq	.L54
 1569              	.LBB41:
 1570              		.loc 1 2251 7 is_stmt 0 discriminator 1
 1571 01a2 7A68     		ldr	r2, [r7, #4]
 1572 01a4 3B68     		ldr	r3, [r7]
 1573 01a6 1B78     		ldrb	r3, [r3]	@ zero_extendqisi2
 1574 01a8 9B00     		lsls	r3, r3, #2
 1575 01aa 1344     		add	r3, r3, r2
 1576 01ac 1B88     		ldrh	r3, [r3]	@ movhi
 1577 01ae 9BB2     		uxth	r3, r3
 1578 01b0 23F4E043 		bic	r3, r3, #28672
 1579 01b4 23F07003 		bic	r3, r3, #112
 1580 01b8 7B83     		strh	r3, [r7, #26]	@ movhi
 1581 01ba 7A68     		ldr	r2, [r7, #4]
 1582 01bc 3B68     		ldr	r3, [r7]
 1583 01be 1B78     		ldrb	r3, [r3]	@ zero_extendqisi2
 1584 01c0 9B00     		lsls	r3, r3, #2
ARM GAS  /var/folders/xf/tcndk8390ml5xdpfw93qkhpm0000gn/T//cc0WvzGY.s 			page 68


 1585 01c2 1A44     		add	r2, r2, r3
 1586 01c4 7B8B     		ldrh	r3, [r7, #26]	@ movhi
 1587 01c6 43F07F43 		orr	r3, r3, #-16777216
 1588 01ca 43F47F03 		orr	r3, r3, #16711680
 1589 01ce 43F40043 		orr	r3, r3, #32768
 1590 01d2 43F0C003 		orr	r3, r3, #192
 1591 01d6 9BB2     		uxth	r3, r3
 1592 01d8 1380     		strh	r3, [r2]	@ movhi
 1593              	.L54:
 1594              	.LBE41:
 1595              	.LBE40:
 1596              	.LBB42:
2252:Drivers/STM32F1xx_HAL_Driver/Src/stm32f1xx_ll_usb.c **** 
2253:Drivers/STM32F1xx_HAL_Driver/Src/stm32f1xx_ll_usb.c ****       /* Reset value of the data toggle bits for the endpoint out*/
2254:Drivers/STM32F1xx_HAL_Driver/Src/stm32f1xx_ll_usb.c ****       PCD_TX_DTOG(USBx, ep->num);
 1597              		.loc 1 2254 7 is_stmt 1
 1598 01da 7A68     		ldr	r2, [r7, #4]
 1599 01dc 3B68     		ldr	r3, [r7]
 1600 01de 1B78     		ldrb	r3, [r3]	@ zero_extendqisi2
 1601 01e0 9B00     		lsls	r3, r3, #2
 1602 01e2 1344     		add	r3, r3, r2
 1603 01e4 1B88     		ldrh	r3, [r3]	@ movhi
 1604 01e6 9BB2     		uxth	r3, r3
 1605 01e8 23F4E043 		bic	r3, r3, #28672
 1606 01ec 23F07003 		bic	r3, r3, #112
 1607 01f0 3B83     		strh	r3, [r7, #24]	@ movhi
 1608 01f2 7A68     		ldr	r2, [r7, #4]
 1609 01f4 3B68     		ldr	r3, [r7]
 1610 01f6 1B78     		ldrb	r3, [r3]	@ zero_extendqisi2
 1611 01f8 9B00     		lsls	r3, r3, #2
 1612 01fa 1A44     		add	r2, r2, r3
 1613 01fc 3B8B     		ldrh	r3, [r7, #24]	@ movhi
 1614 01fe 43F07F43 		orr	r3, r3, #-16777216
 1615 0202 43F47F03 		orr	r3, r3, #16711680
 1616 0206 43F40043 		orr	r3, r3, #32768
 1617 020a 43F0C003 		orr	r3, r3, #192
 1618 020e 9BB2     		uxth	r3, r3
 1619 0210 1380     		strh	r3, [r2]	@ movhi
 1620              	.LBE42:
 1621              	.LBB43:
2255:Drivers/STM32F1xx_HAL_Driver/Src/stm32f1xx_ll_usb.c **** 
2256:Drivers/STM32F1xx_HAL_Driver/Src/stm32f1xx_ll_usb.c ****       PCD_SET_EP_RX_STATUS(USBx, ep->num, USB_EP_RX_DIS);
 1622              		.loc 1 2256 7
 1623 0212 7A68     		ldr	r2, [r7, #4]
 1624 0214 3B68     		ldr	r3, [r7]
 1625 0216 1B78     		ldrb	r3, [r3]	@ zero_extendqisi2
 1626 0218 9B00     		lsls	r3, r3, #2
 1627 021a 1344     		add	r3, r3, r2
 1628 021c 1B88     		ldrh	r3, [r3]	@ movhi
 1629 021e 9BB2     		uxth	r3, r3
 1630 0220 23F48043 		bic	r3, r3, #16384
 1631 0224 23F07003 		bic	r3, r3, #112
 1632 0228 FB82     		strh	r3, [r7, #22]	@ movhi
 1633 022a 7A68     		ldr	r2, [r7, #4]
 1634 022c 3B68     		ldr	r3, [r7]
 1635 022e 1B78     		ldrb	r3, [r3]	@ zero_extendqisi2
 1636 0230 9B00     		lsls	r3, r3, #2
ARM GAS  /var/folders/xf/tcndk8390ml5xdpfw93qkhpm0000gn/T//cc0WvzGY.s 			page 69


 1637 0232 1A44     		add	r2, r2, r3
 1638 0234 FB8A     		ldrh	r3, [r7, #22]	@ movhi
 1639 0236 43F07F43 		orr	r3, r3, #-16777216
 1640 023a 43F47F03 		orr	r3, r3, #16711680
 1641 023e 43F40043 		orr	r3, r3, #32768
 1642 0242 43F08003 		orr	r3, r3, #128
 1643 0246 9BB2     		uxth	r3, r3
 1644 0248 1380     		strh	r3, [r2]	@ movhi
 1645              	.LBE43:
 1646              	.LBB44:
2257:Drivers/STM32F1xx_HAL_Driver/Src/stm32f1xx_ll_usb.c ****       PCD_SET_EP_TX_STATUS(USBx, ep->num, USB_EP_TX_DIS);
 1647              		.loc 1 2257 7
 1648 024a 7A68     		ldr	r2, [r7, #4]
 1649 024c 3B68     		ldr	r3, [r7]
 1650 024e 1B78     		ldrb	r3, [r3]	@ zero_extendqisi2
 1651 0250 9B00     		lsls	r3, r3, #2
 1652 0252 1344     		add	r3, r3, r2
 1653 0254 1B88     		ldrh	r3, [r3]	@ movhi
 1654 0256 9BB2     		uxth	r3, r3
 1655 0258 23F4E043 		bic	r3, r3, #28672
 1656 025c 23F04003 		bic	r3, r3, #64
 1657 0260 BB82     		strh	r3, [r7, #20]	@ movhi
 1658 0262 7A68     		ldr	r2, [r7, #4]
 1659 0264 3B68     		ldr	r3, [r7]
 1660 0266 1B78     		ldrb	r3, [r3]	@ zero_extendqisi2
 1661 0268 9B00     		lsls	r3, r3, #2
 1662 026a 1A44     		add	r2, r2, r3
 1663 026c BB8A     		ldrh	r3, [r7, #20]	@ movhi
 1664 026e 43F07F43 		orr	r3, r3, #-16777216
 1665 0272 43F47F03 		orr	r3, r3, #16711680
 1666 0276 43F40043 		orr	r3, r3, #32768
 1667 027a 43F08003 		orr	r3, r3, #128
 1668 027e 9BB2     		uxth	r3, r3
 1669 0280 1380     		strh	r3, [r2]	@ movhi
 1670              	.LBE44:
 1671 0282 A3E0     		b	.L50
 1672              	.L52:
 1673              	.LBB45:
2258:Drivers/STM32F1xx_HAL_Driver/Src/stm32f1xx_ll_usb.c ****     }
2259:Drivers/STM32F1xx_HAL_Driver/Src/stm32f1xx_ll_usb.c ****     else
2260:Drivers/STM32F1xx_HAL_Driver/Src/stm32f1xx_ll_usb.c ****     {
2261:Drivers/STM32F1xx_HAL_Driver/Src/stm32f1xx_ll_usb.c ****       /* Clear the data toggle bits for the endpoint IN/OUT*/
2262:Drivers/STM32F1xx_HAL_Driver/Src/stm32f1xx_ll_usb.c ****       PCD_CLEAR_RX_DTOG(USBx, ep->num);
 1674              		.loc 1 2262 7
 1675 0284 7A68     		ldr	r2, [r7, #4]
 1676 0286 3B68     		ldr	r3, [r7]
 1677 0288 1B78     		ldrb	r3, [r3]	@ zero_extendqisi2
 1678 028a 9B00     		lsls	r3, r3, #2
 1679 028c 1344     		add	r3, r3, r2
 1680 028e 1B88     		ldrh	r3, [r3]	@ movhi
 1681 0290 FB85     		strh	r3, [r7, #46]	@ movhi
 1682 0292 FB8D     		ldrh	r3, [r7, #46]
 1683 0294 03F48043 		and	r3, r3, #16384
 1684 0298 002B     		cmp	r3, #0
 1685 029a 1BD0     		beq	.L55
 1686              	.LBB46:
 1687              		.loc 1 2262 7 is_stmt 0 discriminator 1
ARM GAS  /var/folders/xf/tcndk8390ml5xdpfw93qkhpm0000gn/T//cc0WvzGY.s 			page 70


 1688 029c 7A68     		ldr	r2, [r7, #4]
 1689 029e 3B68     		ldr	r3, [r7]
 1690 02a0 1B78     		ldrb	r3, [r3]	@ zero_extendqisi2
 1691 02a2 9B00     		lsls	r3, r3, #2
 1692 02a4 1344     		add	r3, r3, r2
 1693 02a6 1B88     		ldrh	r3, [r3]	@ movhi
 1694 02a8 9BB2     		uxth	r3, r3
 1695 02aa 23F4E043 		bic	r3, r3, #28672
 1696 02ae 23F07003 		bic	r3, r3, #112
 1697 02b2 BB85     		strh	r3, [r7, #44]	@ movhi
 1698 02b4 7A68     		ldr	r2, [r7, #4]
 1699 02b6 3B68     		ldr	r3, [r7]
 1700 02b8 1B78     		ldrb	r3, [r3]	@ zero_extendqisi2
 1701 02ba 9B00     		lsls	r3, r3, #2
 1702 02bc 1A44     		add	r2, r2, r3
 1703 02be BB8D     		ldrh	r3, [r7, #44]	@ movhi
 1704 02c0 43F07F43 		orr	r3, r3, #-16777216
 1705 02c4 43F47F03 		orr	r3, r3, #16711680
 1706 02c8 43F44043 		orr	r3, r3, #49152
 1707 02cc 43F08003 		orr	r3, r3, #128
 1708 02d0 9BB2     		uxth	r3, r3
 1709 02d2 1380     		strh	r3, [r2]	@ movhi
 1710              	.L55:
 1711              	.LBE46:
 1712              	.LBE45:
 1713              	.LBB47:
2263:Drivers/STM32F1xx_HAL_Driver/Src/stm32f1xx_ll_usb.c ****       PCD_CLEAR_TX_DTOG(USBx, ep->num);
 1714              		.loc 1 2263 7 is_stmt 1
 1715 02d4 7A68     		ldr	r2, [r7, #4]
 1716 02d6 3B68     		ldr	r3, [r7]
 1717 02d8 1B78     		ldrb	r3, [r3]	@ zero_extendqisi2
 1718 02da 9B00     		lsls	r3, r3, #2
 1719 02dc 1344     		add	r3, r3, r2
 1720 02de 1B88     		ldrh	r3, [r3]	@ movhi
 1721 02e0 7B85     		strh	r3, [r7, #42]	@ movhi
 1722 02e2 7B8D     		ldrh	r3, [r7, #42]
 1723 02e4 03F04003 		and	r3, r3, #64
 1724 02e8 002B     		cmp	r3, #0
 1725 02ea 1BD0     		beq	.L56
 1726              	.LBB48:
 1727              		.loc 1 2263 7 is_stmt 0 discriminator 1
 1728 02ec 7A68     		ldr	r2, [r7, #4]
 1729 02ee 3B68     		ldr	r3, [r7]
 1730 02f0 1B78     		ldrb	r3, [r3]	@ zero_extendqisi2
 1731 02f2 9B00     		lsls	r3, r3, #2
 1732 02f4 1344     		add	r3, r3, r2
 1733 02f6 1B88     		ldrh	r3, [r3]	@ movhi
 1734 02f8 9BB2     		uxth	r3, r3
 1735 02fa 23F4E043 		bic	r3, r3, #28672
 1736 02fe 23F07003 		bic	r3, r3, #112
 1737 0302 3B85     		strh	r3, [r7, #40]	@ movhi
 1738 0304 7A68     		ldr	r2, [r7, #4]
 1739 0306 3B68     		ldr	r3, [r7]
 1740 0308 1B78     		ldrb	r3, [r3]	@ zero_extendqisi2
 1741 030a 9B00     		lsls	r3, r3, #2
 1742 030c 1A44     		add	r2, r2, r3
 1743 030e 3B8D     		ldrh	r3, [r7, #40]	@ movhi
ARM GAS  /var/folders/xf/tcndk8390ml5xdpfw93qkhpm0000gn/T//cc0WvzGY.s 			page 71


 1744 0310 43F07F43 		orr	r3, r3, #-16777216
 1745 0314 43F47F03 		orr	r3, r3, #16711680
 1746 0318 43F40043 		orr	r3, r3, #32768
 1747 031c 43F0C003 		orr	r3, r3, #192
 1748 0320 9BB2     		uxth	r3, r3
 1749 0322 1380     		strh	r3, [r2]	@ movhi
 1750              	.L56:
 1751              	.LBE48:
 1752              	.LBE47:
 1753              	.LBB49:
2264:Drivers/STM32F1xx_HAL_Driver/Src/stm32f1xx_ll_usb.c ****       PCD_RX_DTOG(USBx, ep->num);
 1754              		.loc 1 2264 7 is_stmt 1
 1755 0324 7A68     		ldr	r2, [r7, #4]
 1756 0326 3B68     		ldr	r3, [r7]
 1757 0328 1B78     		ldrb	r3, [r3]	@ zero_extendqisi2
 1758 032a 9B00     		lsls	r3, r3, #2
 1759 032c 1344     		add	r3, r3, r2
 1760 032e 1B88     		ldrh	r3, [r3]	@ movhi
 1761 0330 9BB2     		uxth	r3, r3
 1762 0332 23F4E043 		bic	r3, r3, #28672
 1763 0336 23F07003 		bic	r3, r3, #112
 1764 033a FB84     		strh	r3, [r7, #38]	@ movhi
 1765 033c 7A68     		ldr	r2, [r7, #4]
 1766 033e 3B68     		ldr	r3, [r7]
 1767 0340 1B78     		ldrb	r3, [r3]	@ zero_extendqisi2
 1768 0342 9B00     		lsls	r3, r3, #2
 1769 0344 1A44     		add	r2, r2, r3
 1770 0346 FB8C     		ldrh	r3, [r7, #38]	@ movhi
 1771 0348 43F07F43 		orr	r3, r3, #-16777216
 1772 034c 43F47F03 		orr	r3, r3, #16711680
 1773 0350 43F44043 		orr	r3, r3, #49152
 1774 0354 43F08003 		orr	r3, r3, #128
 1775 0358 9BB2     		uxth	r3, r3
 1776 035a 1380     		strh	r3, [r2]	@ movhi
 1777              	.LBE49:
 1778              	.LBB50:
2265:Drivers/STM32F1xx_HAL_Driver/Src/stm32f1xx_ll_usb.c **** 
2266:Drivers/STM32F1xx_HAL_Driver/Src/stm32f1xx_ll_usb.c ****       /* Configure DISABLE status for the Endpoint*/
2267:Drivers/STM32F1xx_HAL_Driver/Src/stm32f1xx_ll_usb.c ****       PCD_SET_EP_TX_STATUS(USBx, ep->num, USB_EP_TX_DIS);
 1779              		.loc 1 2267 7
 1780 035c 7A68     		ldr	r2, [r7, #4]
 1781 035e 3B68     		ldr	r3, [r7]
 1782 0360 1B78     		ldrb	r3, [r3]	@ zero_extendqisi2
 1783 0362 9B00     		lsls	r3, r3, #2
 1784 0364 1344     		add	r3, r3, r2
 1785 0366 1B88     		ldrh	r3, [r3]	@ movhi
 1786 0368 9BB2     		uxth	r3, r3
 1787 036a 23F4E043 		bic	r3, r3, #28672
 1788 036e 23F04003 		bic	r3, r3, #64
 1789 0372 BB84     		strh	r3, [r7, #36]	@ movhi
 1790 0374 7A68     		ldr	r2, [r7, #4]
 1791 0376 3B68     		ldr	r3, [r7]
 1792 0378 1B78     		ldrb	r3, [r3]	@ zero_extendqisi2
 1793 037a 9B00     		lsls	r3, r3, #2
 1794 037c 1A44     		add	r2, r2, r3
 1795 037e BB8C     		ldrh	r3, [r7, #36]	@ movhi
 1796 0380 43F07F43 		orr	r3, r3, #-16777216
ARM GAS  /var/folders/xf/tcndk8390ml5xdpfw93qkhpm0000gn/T//cc0WvzGY.s 			page 72


 1797 0384 43F47F03 		orr	r3, r3, #16711680
 1798 0388 43F40043 		orr	r3, r3, #32768
 1799 038c 43F08003 		orr	r3, r3, #128
 1800 0390 9BB2     		uxth	r3, r3
 1801 0392 1380     		strh	r3, [r2]	@ movhi
 1802              	.LBE50:
 1803              	.LBB51:
2268:Drivers/STM32F1xx_HAL_Driver/Src/stm32f1xx_ll_usb.c ****       PCD_SET_EP_RX_STATUS(USBx, ep->num, USB_EP_RX_DIS);
 1804              		.loc 1 2268 7
 1805 0394 7A68     		ldr	r2, [r7, #4]
 1806 0396 3B68     		ldr	r3, [r7]
 1807 0398 1B78     		ldrb	r3, [r3]	@ zero_extendqisi2
 1808 039a 9B00     		lsls	r3, r3, #2
 1809 039c 1344     		add	r3, r3, r2
 1810 039e 1B88     		ldrh	r3, [r3]	@ movhi
 1811 03a0 9BB2     		uxth	r3, r3
 1812 03a2 23F48043 		bic	r3, r3, #16384
 1813 03a6 23F07003 		bic	r3, r3, #112
 1814 03aa 7B84     		strh	r3, [r7, #34]	@ movhi
 1815 03ac 7A68     		ldr	r2, [r7, #4]
 1816 03ae 3B68     		ldr	r3, [r7]
 1817 03b0 1B78     		ldrb	r3, [r3]	@ zero_extendqisi2
 1818 03b2 9B00     		lsls	r3, r3, #2
 1819 03b4 1A44     		add	r2, r2, r3
 1820 03b6 7B8C     		ldrh	r3, [r7, #34]	@ movhi
 1821 03b8 43F07F43 		orr	r3, r3, #-16777216
 1822 03bc 43F47F03 		orr	r3, r3, #16711680
 1823 03c0 43F40043 		orr	r3, r3, #32768
 1824 03c4 43F08003 		orr	r3, r3, #128
 1825 03c8 9BB2     		uxth	r3, r3
 1826 03ca 1380     		strh	r3, [r2]	@ movhi
 1827              	.L50:
 1828              	.LBE51:
2269:Drivers/STM32F1xx_HAL_Driver/Src/stm32f1xx_ll_usb.c ****     }
2270:Drivers/STM32F1xx_HAL_Driver/Src/stm32f1xx_ll_usb.c ****   }
2271:Drivers/STM32F1xx_HAL_Driver/Src/stm32f1xx_ll_usb.c **** #endif /* (USE_USB_DOUBLE_BUFFER == 1U) */
2272:Drivers/STM32F1xx_HAL_Driver/Src/stm32f1xx_ll_usb.c **** 
2273:Drivers/STM32F1xx_HAL_Driver/Src/stm32f1xx_ll_usb.c ****   return HAL_OK;
 1829              		.loc 1 2273 10
 1830 03cc 0023     		movs	r3, #0
2274:Drivers/STM32F1xx_HAL_Driver/Src/stm32f1xx_ll_usb.c **** }
 1831              		.loc 1 2274 1
 1832 03ce 1846     		mov	r0, r3
 1833 03d0 3437     		adds	r7, r7, #52
 1834              	.LCFI51:
 1835              		.cfi_def_cfa_offset 4
 1836 03d2 BD46     		mov	sp, r7
 1837              	.LCFI52:
 1838              		.cfi_def_cfa_register 13
 1839              		@ sp needed
 1840 03d4 80BC     		pop	{r7}
 1841              	.LCFI53:
 1842              		.cfi_restore 7
 1843              		.cfi_def_cfa_offset 0
 1844 03d6 7047     		bx	lr
 1845              		.cfi_endproc
 1846              	.LFE73:
ARM GAS  /var/folders/xf/tcndk8390ml5xdpfw93qkhpm0000gn/T//cc0WvzGY.s 			page 73


 1848              		.section	.text.USB_EPStartXfer,"ax",%progbits
 1849              		.align	1
 1850              		.global	USB_EPStartXfer
 1851              		.syntax unified
 1852              		.thumb
 1853              		.thumb_func
 1855              	USB_EPStartXfer:
 1856              	.LFB74:
2275:Drivers/STM32F1xx_HAL_Driver/Src/stm32f1xx_ll_usb.c **** 
2276:Drivers/STM32F1xx_HAL_Driver/Src/stm32f1xx_ll_usb.c **** /**
2277:Drivers/STM32F1xx_HAL_Driver/Src/stm32f1xx_ll_usb.c ****   * @brief  USB_EPStartXfer setup and starts a transfer over an EP
2278:Drivers/STM32F1xx_HAL_Driver/Src/stm32f1xx_ll_usb.c ****   * @param  USBx Selected device
2279:Drivers/STM32F1xx_HAL_Driver/Src/stm32f1xx_ll_usb.c ****   * @param  ep pointer to endpoint structure
2280:Drivers/STM32F1xx_HAL_Driver/Src/stm32f1xx_ll_usb.c ****   * @retval HAL status
2281:Drivers/STM32F1xx_HAL_Driver/Src/stm32f1xx_ll_usb.c ****   */
2282:Drivers/STM32F1xx_HAL_Driver/Src/stm32f1xx_ll_usb.c **** HAL_StatusTypeDef USB_EPStartXfer(USB_TypeDef *USBx, USB_EPTypeDef *ep)
2283:Drivers/STM32F1xx_HAL_Driver/Src/stm32f1xx_ll_usb.c **** {
 1857              		.loc 1 2283 1
 1858              		.cfi_startproc
 1859              		@ args = 0, pretend = 0, frame = 264
 1860              		@ frame_needed = 1, uses_anonymous_args = 0
 1861 0000 80B5     		push	{r7, lr}
 1862              	.LCFI54:
 1863              		.cfi_def_cfa_offset 8
 1864              		.cfi_offset 7, -8
 1865              		.cfi_offset 14, -4
 1866 0002 C2B0     		sub	sp, sp, #264
 1867              	.LCFI55:
 1868              		.cfi_def_cfa_offset 272
 1869 0004 00AF     		add	r7, sp, #0
 1870              	.LCFI56:
 1871              		.cfi_def_cfa_register 7
 1872 0006 07F58473 		add	r3, r7, #264
 1873 000a A3F58273 		sub	r3, r3, #260
 1874 000e 1860     		str	r0, [r3]
 1875 0010 07F58473 		add	r3, r7, #264
 1876 0014 A3F58473 		sub	r3, r3, #264
 1877 0018 1960     		str	r1, [r3]
2284:Drivers/STM32F1xx_HAL_Driver/Src/stm32f1xx_ll_usb.c ****   uint32_t len;
2285:Drivers/STM32F1xx_HAL_Driver/Src/stm32f1xx_ll_usb.c **** #if (USE_USB_DOUBLE_BUFFER == 1U)
2286:Drivers/STM32F1xx_HAL_Driver/Src/stm32f1xx_ll_usb.c ****   uint16_t pmabuffer;
2287:Drivers/STM32F1xx_HAL_Driver/Src/stm32f1xx_ll_usb.c ****   uint16_t wEPVal;
2288:Drivers/STM32F1xx_HAL_Driver/Src/stm32f1xx_ll_usb.c **** #endif /* (USE_USB_DOUBLE_BUFFER == 1U) */
2289:Drivers/STM32F1xx_HAL_Driver/Src/stm32f1xx_ll_usb.c **** 
2290:Drivers/STM32F1xx_HAL_Driver/Src/stm32f1xx_ll_usb.c ****   /* IN endpoint */
2291:Drivers/STM32F1xx_HAL_Driver/Src/stm32f1xx_ll_usb.c ****   if (ep->is_in == 1U)
 1878              		.loc 1 2291 9
 1879 001a 07F58473 		add	r3, r7, #264
 1880 001e A3F58473 		sub	r3, r3, #264
 1881 0022 1B68     		ldr	r3, [r3]
 1882 0024 5B78     		ldrb	r3, [r3, #1]	@ zero_extendqisi2
 1883              		.loc 1 2291 6
 1884 0026 012B     		cmp	r3, #1
 1885 0028 40F0B786 		bne	.L59
2292:Drivers/STM32F1xx_HAL_Driver/Src/stm32f1xx_ll_usb.c ****   {
2293:Drivers/STM32F1xx_HAL_Driver/Src/stm32f1xx_ll_usb.c ****     /*Multi packet transfer*/
2294:Drivers/STM32F1xx_HAL_Driver/Src/stm32f1xx_ll_usb.c ****     if (ep->xfer_len > ep->maxpacket)
ARM GAS  /var/folders/xf/tcndk8390ml5xdpfw93qkhpm0000gn/T//cc0WvzGY.s 			page 74


 1886              		.loc 1 2294 11
 1887 002c 07F58473 		add	r3, r7, #264
 1888 0030 A3F58473 		sub	r3, r3, #264
 1889 0034 1B68     		ldr	r3, [r3]
 1890 0036 9A69     		ldr	r2, [r3, #24]
 1891              		.loc 1 2294 26
 1892 0038 07F58473 		add	r3, r7, #264
 1893 003c A3F58473 		sub	r3, r3, #264
 1894 0040 1B68     		ldr	r3, [r3]
 1895 0042 1B69     		ldr	r3, [r3, #16]
 1896              		.loc 1 2294 8
 1897 0044 9A42     		cmp	r2, r3
 1898 0046 08D9     		bls	.L60
2295:Drivers/STM32F1xx_HAL_Driver/Src/stm32f1xx_ll_usb.c ****     {
2296:Drivers/STM32F1xx_HAL_Driver/Src/stm32f1xx_ll_usb.c ****       len = ep->maxpacket;
 1899              		.loc 1 2296 11
 1900 0048 07F58473 		add	r3, r7, #264
 1901 004c A3F58473 		sub	r3, r3, #264
 1902 0050 1B68     		ldr	r3, [r3]
 1903 0052 1B69     		ldr	r3, [r3, #16]
 1904 0054 C7F80431 		str	r3, [r7, #260]
 1905 0058 07E0     		b	.L61
 1906              	.L60:
2297:Drivers/STM32F1xx_HAL_Driver/Src/stm32f1xx_ll_usb.c ****     }
2298:Drivers/STM32F1xx_HAL_Driver/Src/stm32f1xx_ll_usb.c ****     else
2299:Drivers/STM32F1xx_HAL_Driver/Src/stm32f1xx_ll_usb.c ****     {
2300:Drivers/STM32F1xx_HAL_Driver/Src/stm32f1xx_ll_usb.c ****       len = ep->xfer_len;
 1907              		.loc 1 2300 11
 1908 005a 07F58473 		add	r3, r7, #264
 1909 005e A3F58473 		sub	r3, r3, #264
 1910 0062 1B68     		ldr	r3, [r3]
 1911 0064 9B69     		ldr	r3, [r3, #24]
 1912 0066 C7F80431 		str	r3, [r7, #260]
 1913              	.L61:
2301:Drivers/STM32F1xx_HAL_Driver/Src/stm32f1xx_ll_usb.c ****     }
2302:Drivers/STM32F1xx_HAL_Driver/Src/stm32f1xx_ll_usb.c **** 
2303:Drivers/STM32F1xx_HAL_Driver/Src/stm32f1xx_ll_usb.c ****     /* configure and validate Tx endpoint */
2304:Drivers/STM32F1xx_HAL_Driver/Src/stm32f1xx_ll_usb.c ****     if (ep->doublebuffer == 0U)
 1914              		.loc 1 2304 11
 1915 006a 07F58473 		add	r3, r7, #264
 1916 006e A3F58473 		sub	r3, r3, #264
 1917 0072 1B68     		ldr	r3, [r3]
 1918 0074 1B7B     		ldrb	r3, [r3, #12]	@ zero_extendqisi2
 1919              		.loc 1 2304 8
 1920 0076 002B     		cmp	r3, #0
 1921 0078 3AD1     		bne	.L62
2305:Drivers/STM32F1xx_HAL_Driver/Src/stm32f1xx_ll_usb.c ****     {
2306:Drivers/STM32F1xx_HAL_Driver/Src/stm32f1xx_ll_usb.c ****       USB_WritePMA(USBx, ep->xfer_buff, ep->pmaadress, (uint16_t)len);
 1922              		.loc 1 2306 7
 1923 007a 07F58473 		add	r3, r7, #264
 1924 007e A3F58473 		sub	r3, r3, #264
 1925 0082 1B68     		ldr	r3, [r3]
 1926 0084 5969     		ldr	r1, [r3, #20]
 1927 0086 07F58473 		add	r3, r7, #264
 1928 008a A3F58473 		sub	r3, r3, #264
 1929 008e 1B68     		ldr	r3, [r3]
 1930 0090 DA88     		ldrh	r2, [r3, #6]
ARM GAS  /var/folders/xf/tcndk8390ml5xdpfw93qkhpm0000gn/T//cc0WvzGY.s 			page 75


 1931 0092 D7F80431 		ldr	r3, [r7, #260]
 1932 0096 9BB2     		uxth	r3, r3
 1933 0098 07F58470 		add	r0, r7, #264
 1934 009c A0F58270 		sub	r0, r0, #260
 1935 00a0 0068     		ldr	r0, [r0]
 1936 00a2 FFF7FEFF 		bl	USB_WritePMA
 1937              	.LBB52:
2307:Drivers/STM32F1xx_HAL_Driver/Src/stm32f1xx_ll_usb.c ****       PCD_SET_EP_TX_CNT(USBx, ep->num, len);
 1938              		.loc 1 2307 7
 1939 00a6 07F58473 		add	r3, r7, #264
 1940 00aa A3F58273 		sub	r3, r3, #260
 1941 00ae 1B68     		ldr	r3, [r3]
 1942 00b0 3B61     		str	r3, [r7, #16]
 1943 00b2 07F58473 		add	r3, r7, #264
 1944 00b6 A3F58273 		sub	r3, r3, #260
 1945 00ba 1B68     		ldr	r3, [r3]
 1946 00bc B3F85030 		ldrh	r3, [r3, #80]	@ movhi
 1947 00c0 9BB2     		uxth	r3, r3
 1948 00c2 1A46     		mov	r2, r3
 1949 00c4 3B69     		ldr	r3, [r7, #16]
 1950 00c6 1344     		add	r3, r3, r2
 1951 00c8 3B61     		str	r3, [r7, #16]
 1952 00ca 07F58473 		add	r3, r7, #264
 1953 00ce A3F58473 		sub	r3, r3, #264
 1954 00d2 1B68     		ldr	r3, [r3]
 1955 00d4 1B78     		ldrb	r3, [r3]	@ zero_extendqisi2
 1956 00d6 1A01     		lsls	r2, r3, #4
 1957 00d8 3B69     		ldr	r3, [r7, #16]
 1958 00da 1344     		add	r3, r3, r2
 1959 00dc 03F20443 		addw	r3, r3, #1028
 1960 00e0 FB60     		str	r3, [r7, #12]
 1961 00e2 D7F80431 		ldr	r3, [r7, #260]
 1962 00e6 9AB2     		uxth	r2, r3
 1963 00e8 FB68     		ldr	r3, [r7, #12]
 1964 00ea 1A80     		strh	r2, [r3]	@ movhi
 1965              	.LBE52:
 1966 00ec 00F01FBE 		b	.L63
 1967              	.L62:
2308:Drivers/STM32F1xx_HAL_Driver/Src/stm32f1xx_ll_usb.c ****     }
2309:Drivers/STM32F1xx_HAL_Driver/Src/stm32f1xx_ll_usb.c **** #if (USE_USB_DOUBLE_BUFFER == 1U)
2310:Drivers/STM32F1xx_HAL_Driver/Src/stm32f1xx_ll_usb.c ****     else
2311:Drivers/STM32F1xx_HAL_Driver/Src/stm32f1xx_ll_usb.c ****     {
2312:Drivers/STM32F1xx_HAL_Driver/Src/stm32f1xx_ll_usb.c ****       /* double buffer bulk management */
2313:Drivers/STM32F1xx_HAL_Driver/Src/stm32f1xx_ll_usb.c ****       if (ep->type == EP_TYPE_BULK)
 1968              		.loc 1 2313 13
 1969 00f0 07F58473 		add	r3, r7, #264
 1970 00f4 A3F58473 		sub	r3, r3, #264
 1971 00f8 1B68     		ldr	r3, [r3]
 1972 00fa DB78     		ldrb	r3, [r3, #3]	@ zero_extendqisi2
 1973              		.loc 1 2313 10
 1974 00fc 022B     		cmp	r3, #2
 1975 00fe 40F06284 		bne	.L64
2314:Drivers/STM32F1xx_HAL_Driver/Src/stm32f1xx_ll_usb.c ****       {
2315:Drivers/STM32F1xx_HAL_Driver/Src/stm32f1xx_ll_usb.c ****         if (ep->xfer_len_db > ep->maxpacket)
 1976              		.loc 1 2315 15
 1977 0102 07F58473 		add	r3, r7, #264
 1978 0106 A3F58473 		sub	r3, r3, #264
ARM GAS  /var/folders/xf/tcndk8390ml5xdpfw93qkhpm0000gn/T//cc0WvzGY.s 			page 76


 1979 010a 1B68     		ldr	r3, [r3]
 1980 010c 1A6A     		ldr	r2, [r3, #32]
 1981              		.loc 1 2315 33
 1982 010e 07F58473 		add	r3, r7, #264
 1983 0112 A3F58473 		sub	r3, r3, #264
 1984 0116 1B68     		ldr	r3, [r3]
 1985 0118 1B69     		ldr	r3, [r3, #16]
 1986              		.loc 1 2315 12
 1987 011a 9A42     		cmp	r2, r3
 1988 011c 40F2DF83 		bls	.L65
 1989              	.LBB53:
2316:Drivers/STM32F1xx_HAL_Driver/Src/stm32f1xx_ll_usb.c ****         {
2317:Drivers/STM32F1xx_HAL_Driver/Src/stm32f1xx_ll_usb.c ****           /* enable double buffer */
2318:Drivers/STM32F1xx_HAL_Driver/Src/stm32f1xx_ll_usb.c ****           PCD_SET_BULK_EP_DBUF(USBx, ep->num);
 1990              		.loc 1 2318 11
 1991 0120 07F58473 		add	r3, r7, #264
 1992 0124 A3F58273 		sub	r3, r3, #260
 1993 0128 1A68     		ldr	r2, [r3]
 1994 012a 07F58473 		add	r3, r7, #264
 1995 012e A3F58473 		sub	r3, r3, #264
 1996 0132 1B68     		ldr	r3, [r3]
 1997 0134 1B78     		ldrb	r3, [r3]	@ zero_extendqisi2
 1998 0136 9B00     		lsls	r3, r3, #2
 1999 0138 1344     		add	r3, r3, r2
 2000 013a 1B88     		ldrh	r3, [r3]	@ movhi
 2001 013c 9BB2     		uxth	r3, r3
 2002 013e 23F4E043 		bic	r3, r3, #28672
 2003 0142 23F07003 		bic	r3, r3, #112
 2004 0146 A7F85630 		strh	r3, [r7, #86]	@ movhi
 2005 014a 07F58473 		add	r3, r7, #264
 2006 014e A3F58273 		sub	r3, r3, #260
 2007 0152 1A68     		ldr	r2, [r3]
 2008 0154 07F58473 		add	r3, r7, #264
 2009 0158 A3F58473 		sub	r3, r3, #264
 2010 015c 1B68     		ldr	r3, [r3]
 2011 015e 1B78     		ldrb	r3, [r3]	@ zero_extendqisi2
 2012 0160 9B00     		lsls	r3, r3, #2
 2013 0162 1A44     		add	r2, r2, r3
 2014 0164 B7F85630 		ldrh	r3, [r7, #86]	@ movhi
 2015 0168 43F07F43 		orr	r3, r3, #-16777216
 2016 016c 43F47F03 		orr	r3, r3, #16711680
 2017 0170 43F40143 		orr	r3, r3, #33024
 2018 0174 43F08003 		orr	r3, r3, #128
 2019 0178 9BB2     		uxth	r3, r3
 2020 017a 1380     		strh	r3, [r2]	@ movhi
 2021              	.LBE53:
2319:Drivers/STM32F1xx_HAL_Driver/Src/stm32f1xx_ll_usb.c **** 
2320:Drivers/STM32F1xx_HAL_Driver/Src/stm32f1xx_ll_usb.c ****           /* each Time to write in PMA xfer_len_db will */
2321:Drivers/STM32F1xx_HAL_Driver/Src/stm32f1xx_ll_usb.c ****           ep->xfer_len_db -= len;
 2022              		.loc 1 2321 27
 2023 017c 07F58473 		add	r3, r7, #264
 2024 0180 A3F58473 		sub	r3, r3, #264
 2025 0184 1B68     		ldr	r3, [r3]
 2026 0186 1A6A     		ldr	r2, [r3, #32]
 2027 0188 D7F80431 		ldr	r3, [r7, #260]
 2028 018c D21A     		subs	r2, r2, r3
 2029 018e 07F58473 		add	r3, r7, #264
ARM GAS  /var/folders/xf/tcndk8390ml5xdpfw93qkhpm0000gn/T//cc0WvzGY.s 			page 77


 2030 0192 A3F58473 		sub	r3, r3, #264
 2031 0196 1B68     		ldr	r3, [r3]
 2032 0198 1A62     		str	r2, [r3, #32]
2322:Drivers/STM32F1xx_HAL_Driver/Src/stm32f1xx_ll_usb.c **** 
2323:Drivers/STM32F1xx_HAL_Driver/Src/stm32f1xx_ll_usb.c ****           /* Fill the two first buffer in the Buffer0 & Buffer1 */
2324:Drivers/STM32F1xx_HAL_Driver/Src/stm32f1xx_ll_usb.c ****           if ((PCD_GET_ENDPOINT(USBx, ep->num) & USB_EP_DTOG_TX) != 0U)
 2033              		.loc 1 2324 16
 2034 019a 07F58473 		add	r3, r7, #264
 2035 019e A3F58273 		sub	r3, r3, #260
 2036 01a2 1A68     		ldr	r2, [r3]
 2037 01a4 07F58473 		add	r3, r7, #264
 2038 01a8 A3F58473 		sub	r3, r3, #264
 2039 01ac 1B68     		ldr	r3, [r3]
 2040 01ae 1B78     		ldrb	r3, [r3]	@ zero_extendqisi2
 2041 01b0 9B00     		lsls	r3, r3, #2
 2042 01b2 1344     		add	r3, r3, r2
 2043 01b4 1B88     		ldrh	r3, [r3]	@ movhi
 2044 01b6 9BB2     		uxth	r3, r3
 2045              		.loc 1 2324 48
 2046 01b8 03F04003 		and	r3, r3, #64
 2047              		.loc 1 2324 14
 2048 01bc 002B     		cmp	r3, #0
 2049 01be 00F0C781 		beq	.L66
 2050              	.LBB54:
2325:Drivers/STM32F1xx_HAL_Driver/Src/stm32f1xx_ll_usb.c ****           {
2326:Drivers/STM32F1xx_HAL_Driver/Src/stm32f1xx_ll_usb.c ****             /* Set the Double buffer counter for pmabuffer1 */
2327:Drivers/STM32F1xx_HAL_Driver/Src/stm32f1xx_ll_usb.c ****             PCD_SET_EP_DBUF1_CNT(USBx, ep->num, ep->is_in, len);
 2051              		.loc 1 2327 13
 2052 01c2 07F58473 		add	r3, r7, #264
 2053 01c6 A3F58273 		sub	r3, r3, #260
 2054 01ca 1B68     		ldr	r3, [r3]
 2055 01cc 3B63     		str	r3, [r7, #48]
 2056 01ce 07F58473 		add	r3, r7, #264
 2057 01d2 A3F58473 		sub	r3, r3, #264
 2058 01d6 1B68     		ldr	r3, [r3]
 2059 01d8 5B78     		ldrb	r3, [r3, #1]	@ zero_extendqisi2
 2060 01da 002B     		cmp	r3, #0
 2061 01dc 77D1     		bne	.L67
 2062              	.LBB55:
 2063              		.loc 1 2327 13 is_stmt 0 discriminator 1
 2064 01de 07F58473 		add	r3, r7, #264
 2065 01e2 A3F58273 		sub	r3, r3, #260
 2066 01e6 1B68     		ldr	r3, [r3]
 2067 01e8 BB62     		str	r3, [r7, #40]
 2068 01ea 07F58473 		add	r3, r7, #264
 2069 01ee A3F58273 		sub	r3, r3, #260
 2070 01f2 1B68     		ldr	r3, [r3]
 2071 01f4 B3F85030 		ldrh	r3, [r3, #80]	@ movhi
 2072 01f8 9BB2     		uxth	r3, r3
 2073 01fa 1A46     		mov	r2, r3
 2074 01fc BB6A     		ldr	r3, [r7, #40]
 2075 01fe 1344     		add	r3, r3, r2
 2076 0200 BB62     		str	r3, [r7, #40]
 2077 0202 07F58473 		add	r3, r7, #264
 2078 0206 A3F58473 		sub	r3, r3, #264
 2079 020a 1B68     		ldr	r3, [r3]
 2080 020c 1B78     		ldrb	r3, [r3]	@ zero_extendqisi2
ARM GAS  /var/folders/xf/tcndk8390ml5xdpfw93qkhpm0000gn/T//cc0WvzGY.s 			page 78


 2081 020e 1A01     		lsls	r2, r3, #4
 2082 0210 BB6A     		ldr	r3, [r7, #40]
 2083 0212 1344     		add	r3, r3, r2
 2084 0214 03F20C43 		addw	r3, r3, #1036
 2085 0218 7B62     		str	r3, [r7, #36]
 2086              	.LBB56:
 2087 021a 7B6A     		ldr	r3, [r7, #36]
 2088 021c 1B88     		ldrh	r3, [r3]	@ movhi
 2089 021e 9BB2     		uxth	r3, r3
 2090 0220 C3F30903 		ubfx	r3, r3, #0, #10
 2091 0224 9AB2     		uxth	r2, r3
 2092 0226 7B6A     		ldr	r3, [r7, #36]
 2093 0228 1A80     		strh	r2, [r3]	@ movhi
 2094 022a D7F80431 		ldr	r3, [r7, #260]
 2095 022e 3E2B     		cmp	r3, #62
 2096 0230 21D9     		bls	.L68
 2097              		.loc 1 2327 13 discriminator 3
 2098 0232 D7F80431 		ldr	r3, [r7, #260]
 2099 0236 5B09     		lsrs	r3, r3, #5
 2100 0238 C7F80031 		str	r3, [r7, #256]
 2101 023c D7F80431 		ldr	r3, [r7, #260]
 2102 0240 03F01F03 		and	r3, r3, #31
 2103 0244 002B     		cmp	r3, #0
 2104 0246 04D1     		bne	.L69
 2105              		.loc 1 2327 13 discriminator 5
 2106 0248 D7F80031 		ldr	r3, [r7, #256]
 2107 024c 013B     		subs	r3, r3, #1
 2108 024e C7F80031 		str	r3, [r7, #256]
 2109              	.L69:
 2110              		.loc 1 2327 13 discriminator 7
 2111 0252 7B6A     		ldr	r3, [r7, #36]
 2112 0254 1B88     		ldrh	r3, [r3]	@ movhi
 2113 0256 9AB2     		uxth	r2, r3
 2114 0258 D7F80031 		ldr	r3, [r7, #256]
 2115 025c 9BB2     		uxth	r3, r3
 2116 025e 9B02     		lsls	r3, r3, #10
 2117 0260 9BB2     		uxth	r3, r3
 2118 0262 1343     		orrs	r3, r3, r2
 2119 0264 9BB2     		uxth	r3, r3
 2120 0266 6FEA4343 		mvn	r3, r3, lsl #17
 2121 026a 6FEA5343 		mvn	r3, r3, lsr #17
 2122 026e 9AB2     		uxth	r2, r3
 2123 0270 7B6A     		ldr	r3, [r7, #36]
 2124 0272 1A80     		strh	r2, [r3]	@ movhi
 2125 0274 50E0     		b	.L70
 2126              	.L68:
 2127              		.loc 1 2327 13 discriminator 4
 2128 0276 D7F80431 		ldr	r3, [r7, #260]
 2129 027a 002B     		cmp	r3, #0
 2130 027c 0AD1     		bne	.L71
 2131              		.loc 1 2327 13 discriminator 8
 2132 027e 7B6A     		ldr	r3, [r7, #36]
 2133 0280 1B88     		ldrh	r3, [r3]	@ movhi
 2134 0282 9BB2     		uxth	r3, r3
 2135 0284 6FEA4343 		mvn	r3, r3, lsl #17
 2136 0288 6FEA5343 		mvn	r3, r3, lsr #17
 2137 028c 9AB2     		uxth	r2, r3
ARM GAS  /var/folders/xf/tcndk8390ml5xdpfw93qkhpm0000gn/T//cc0WvzGY.s 			page 79


 2138 028e 7B6A     		ldr	r3, [r7, #36]
 2139 0290 1A80     		strh	r2, [r3]	@ movhi
 2140 0292 41E0     		b	.L70
 2141              	.L71:
 2142              		.loc 1 2327 13 discriminator 9
 2143 0294 D7F80431 		ldr	r3, [r7, #260]
 2144 0298 5B08     		lsrs	r3, r3, #1
 2145 029a C7F80031 		str	r3, [r7, #256]
 2146 029e D7F80431 		ldr	r3, [r7, #260]
 2147 02a2 03F00103 		and	r3, r3, #1
 2148 02a6 002B     		cmp	r3, #0
 2149 02a8 04D0     		beq	.L72
 2150              		.loc 1 2327 13 discriminator 10
 2151 02aa D7F80031 		ldr	r3, [r7, #256]
 2152 02ae 0133     		adds	r3, r3, #1
 2153 02b0 C7F80031 		str	r3, [r7, #256]
 2154              	.L72:
 2155              		.loc 1 2327 13 discriminator 12
 2156 02b4 7B6A     		ldr	r3, [r7, #36]
 2157 02b6 1B88     		ldrh	r3, [r3]	@ movhi
 2158 02b8 9AB2     		uxth	r2, r3
 2159 02ba D7F80031 		ldr	r3, [r7, #256]
 2160 02be 9BB2     		uxth	r3, r3
 2161 02c0 9B02     		lsls	r3, r3, #10
 2162 02c2 9BB2     		uxth	r3, r3
 2163 02c4 1343     		orrs	r3, r3, r2
 2164 02c6 9AB2     		uxth	r2, r3
 2165 02c8 7B6A     		ldr	r3, [r7, #36]
 2166 02ca 1A80     		strh	r2, [r3]	@ movhi
 2167 02cc 24E0     		b	.L70
 2168              	.L67:
 2169              	.LBE56:
 2170              	.LBE55:
 2171              		.loc 1 2327 13 discriminator 2
 2172 02ce 07F58473 		add	r3, r7, #264
 2173 02d2 A3F58473 		sub	r3, r3, #264
 2174 02d6 1B68     		ldr	r3, [r3]
 2175 02d8 5B78     		ldrb	r3, [r3, #1]	@ zero_extendqisi2
 2176 02da 012B     		cmp	r3, #1
 2177 02dc 1CD1     		bne	.L70
 2178              		.loc 1 2327 13 discriminator 13
 2179 02de 07F58473 		add	r3, r7, #264
 2180 02e2 A3F58273 		sub	r3, r3, #260
 2181 02e6 1B68     		ldr	r3, [r3]
 2182 02e8 B3F85030 		ldrh	r3, [r3, #80]	@ movhi
 2183 02ec 9BB2     		uxth	r3, r3
 2184 02ee 1A46     		mov	r2, r3
 2185 02f0 3B6B     		ldr	r3, [r7, #48]
 2186 02f2 1344     		add	r3, r3, r2
 2187 02f4 3B63     		str	r3, [r7, #48]
 2188 02f6 07F58473 		add	r3, r7, #264
 2189 02fa A3F58473 		sub	r3, r3, #264
 2190 02fe 1B68     		ldr	r3, [r3]
 2191 0300 1B78     		ldrb	r3, [r3]	@ zero_extendqisi2
 2192 0302 1A01     		lsls	r2, r3, #4
 2193 0304 3B6B     		ldr	r3, [r7, #48]
 2194 0306 1344     		add	r3, r3, r2
ARM GAS  /var/folders/xf/tcndk8390ml5xdpfw93qkhpm0000gn/T//cc0WvzGY.s 			page 80


 2195 0308 03F20C43 		addw	r3, r3, #1036
 2196 030c FB62     		str	r3, [r7, #44]
 2197 030e D7F80431 		ldr	r3, [r7, #260]
 2198 0312 9AB2     		uxth	r2, r3
 2199 0314 FB6A     		ldr	r3, [r7, #44]
 2200 0316 1A80     		strh	r2, [r3]	@ movhi
 2201              	.L70:
 2202              	.LBE54:
2328:Drivers/STM32F1xx_HAL_Driver/Src/stm32f1xx_ll_usb.c ****             pmabuffer = ep->pmaaddr1;
 2203              		.loc 1 2328 23 is_stmt 1
 2204 0318 07F58473 		add	r3, r7, #264
 2205 031c A3F58473 		sub	r3, r3, #264
 2206 0320 1B68     		ldr	r3, [r3]
 2207 0322 5B89     		ldrh	r3, [r3, #10]	@ movhi
 2208 0324 A7F87630 		strh	r3, [r7, #118]	@ movhi
2329:Drivers/STM32F1xx_HAL_Driver/Src/stm32f1xx_ll_usb.c **** 
2330:Drivers/STM32F1xx_HAL_Driver/Src/stm32f1xx_ll_usb.c ****             /* Write the user buffer to USB PMA */
2331:Drivers/STM32F1xx_HAL_Driver/Src/stm32f1xx_ll_usb.c ****             USB_WritePMA(USBx, ep->xfer_buff, pmabuffer, (uint16_t)len);
 2209              		.loc 1 2331 13
 2210 0328 07F58473 		add	r3, r7, #264
 2211 032c A3F58473 		sub	r3, r3, #264
 2212 0330 1B68     		ldr	r3, [r3]
 2213 0332 5969     		ldr	r1, [r3, #20]
 2214 0334 D7F80431 		ldr	r3, [r7, #260]
 2215 0338 9BB2     		uxth	r3, r3
 2216 033a B7F87620 		ldrh	r2, [r7, #118]
 2217 033e 07F58470 		add	r0, r7, #264
 2218 0342 A0F58270 		sub	r0, r0, #260
 2219 0346 0068     		ldr	r0, [r0]
 2220 0348 FFF7FEFF 		bl	USB_WritePMA
2332:Drivers/STM32F1xx_HAL_Driver/Src/stm32f1xx_ll_usb.c ****             ep->xfer_buff += len;
 2221              		.loc 1 2332 27
 2222 034c 07F58473 		add	r3, r7, #264
 2223 0350 A3F58473 		sub	r3, r3, #264
 2224 0354 1B68     		ldr	r3, [r3]
 2225 0356 5A69     		ldr	r2, [r3, #20]
 2226 0358 D7F80431 		ldr	r3, [r7, #260]
 2227 035c 1A44     		add	r2, r2, r3
 2228 035e 07F58473 		add	r3, r7, #264
 2229 0362 A3F58473 		sub	r3, r3, #264
 2230 0366 1B68     		ldr	r3, [r3]
 2231 0368 5A61     		str	r2, [r3, #20]
2333:Drivers/STM32F1xx_HAL_Driver/Src/stm32f1xx_ll_usb.c **** 
2334:Drivers/STM32F1xx_HAL_Driver/Src/stm32f1xx_ll_usb.c ****             if (ep->xfer_len_db > ep->maxpacket)
 2232              		.loc 1 2334 19
 2233 036a 07F58473 		add	r3, r7, #264
 2234 036e A3F58473 		sub	r3, r3, #264
 2235 0372 1B68     		ldr	r3, [r3]
 2236 0374 1A6A     		ldr	r2, [r3, #32]
 2237              		.loc 1 2334 37
 2238 0376 07F58473 		add	r3, r7, #264
 2239 037a A3F58473 		sub	r3, r3, #264
 2240 037e 1B68     		ldr	r3, [r3]
 2241 0380 1B69     		ldr	r3, [r3, #16]
 2242              		.loc 1 2334 16
 2243 0382 9A42     		cmp	r2, r3
 2244 0384 0FD9     		bls	.L73
ARM GAS  /var/folders/xf/tcndk8390ml5xdpfw93qkhpm0000gn/T//cc0WvzGY.s 			page 81


2335:Drivers/STM32F1xx_HAL_Driver/Src/stm32f1xx_ll_usb.c ****             {
2336:Drivers/STM32F1xx_HAL_Driver/Src/stm32f1xx_ll_usb.c ****               ep->xfer_len_db -= len;
 2245              		.loc 1 2336 31
 2246 0386 07F58473 		add	r3, r7, #264
 2247 038a A3F58473 		sub	r3, r3, #264
 2248 038e 1B68     		ldr	r3, [r3]
 2249 0390 1A6A     		ldr	r2, [r3, #32]
 2250 0392 D7F80431 		ldr	r3, [r7, #260]
 2251 0396 D21A     		subs	r2, r2, r3
 2252 0398 07F58473 		add	r3, r7, #264
 2253 039c A3F58473 		sub	r3, r3, #264
 2254 03a0 1B68     		ldr	r3, [r3]
 2255 03a2 1A62     		str	r2, [r3, #32]
 2256 03a4 0EE0     		b	.L74
 2257              	.L73:
2337:Drivers/STM32F1xx_HAL_Driver/Src/stm32f1xx_ll_usb.c ****             }
2338:Drivers/STM32F1xx_HAL_Driver/Src/stm32f1xx_ll_usb.c ****             else
2339:Drivers/STM32F1xx_HAL_Driver/Src/stm32f1xx_ll_usb.c ****             {
2340:Drivers/STM32F1xx_HAL_Driver/Src/stm32f1xx_ll_usb.c ****               len = ep->xfer_len_db;
 2258              		.loc 1 2340 19
 2259 03a6 07F58473 		add	r3, r7, #264
 2260 03aa A3F58473 		sub	r3, r3, #264
 2261 03ae 1B68     		ldr	r3, [r3]
 2262 03b0 1B6A     		ldr	r3, [r3, #32]
 2263 03b2 C7F80431 		str	r3, [r7, #260]
2341:Drivers/STM32F1xx_HAL_Driver/Src/stm32f1xx_ll_usb.c ****               ep->xfer_len_db = 0U;
 2264              		.loc 1 2341 31
 2265 03b6 07F58473 		add	r3, r7, #264
 2266 03ba A3F58473 		sub	r3, r3, #264
 2267 03be 1B68     		ldr	r3, [r3]
 2268 03c0 0022     		movs	r2, #0
 2269 03c2 1A62     		str	r2, [r3, #32]
 2270              	.L74:
2342:Drivers/STM32F1xx_HAL_Driver/Src/stm32f1xx_ll_usb.c ****             }
2343:Drivers/STM32F1xx_HAL_Driver/Src/stm32f1xx_ll_usb.c **** 
2344:Drivers/STM32F1xx_HAL_Driver/Src/stm32f1xx_ll_usb.c ****             /* Set the Double buffer counter for pmabuffer0 */
2345:Drivers/STM32F1xx_HAL_Driver/Src/stm32f1xx_ll_usb.c ****             PCD_SET_EP_DBUF0_CNT(USBx, ep->num, ep->is_in, len);
 2271              		.loc 1 2345 13
 2272 03c4 07F58473 		add	r3, r7, #264
 2273 03c8 A3F58473 		sub	r3, r3, #264
 2274 03cc 1B68     		ldr	r3, [r3]
 2275 03ce 5B78     		ldrb	r3, [r3, #1]	@ zero_extendqisi2
 2276 03d0 002B     		cmp	r3, #0
 2277 03d2 77D1     		bne	.L75
 2278              	.LBB57:
 2279              		.loc 1 2345 13 is_stmt 0 discriminator 1
 2280 03d4 07F58473 		add	r3, r7, #264
 2281 03d8 A3F58273 		sub	r3, r3, #260
 2282 03dc 1B68     		ldr	r3, [r3]
 2283 03de BB61     		str	r3, [r7, #24]
 2284 03e0 07F58473 		add	r3, r7, #264
 2285 03e4 A3F58273 		sub	r3, r3, #260
 2286 03e8 1B68     		ldr	r3, [r3]
 2287 03ea B3F85030 		ldrh	r3, [r3, #80]	@ movhi
 2288 03ee 9BB2     		uxth	r3, r3
 2289 03f0 1A46     		mov	r2, r3
 2290 03f2 BB69     		ldr	r3, [r7, #24]
ARM GAS  /var/folders/xf/tcndk8390ml5xdpfw93qkhpm0000gn/T//cc0WvzGY.s 			page 82


 2291 03f4 1344     		add	r3, r3, r2
 2292 03f6 BB61     		str	r3, [r7, #24]
 2293 03f8 07F58473 		add	r3, r7, #264
 2294 03fc A3F58473 		sub	r3, r3, #264
 2295 0400 1B68     		ldr	r3, [r3]
 2296 0402 1B78     		ldrb	r3, [r3]	@ zero_extendqisi2
 2297 0404 1A01     		lsls	r2, r3, #4
 2298 0406 BB69     		ldr	r3, [r7, #24]
 2299 0408 1344     		add	r3, r3, r2
 2300 040a 03F20443 		addw	r3, r3, #1028
 2301 040e 7B61     		str	r3, [r7, #20]
 2302              	.LBB58:
 2303 0410 7B69     		ldr	r3, [r7, #20]
 2304 0412 1B88     		ldrh	r3, [r3]	@ movhi
 2305 0414 9BB2     		uxth	r3, r3
 2306 0416 C3F30903 		ubfx	r3, r3, #0, #10
 2307 041a 9AB2     		uxth	r2, r3
 2308 041c 7B69     		ldr	r3, [r7, #20]
 2309 041e 1A80     		strh	r2, [r3]	@ movhi
 2310 0420 D7F80431 		ldr	r3, [r7, #260]
 2311 0424 3E2B     		cmp	r3, #62
 2312 0426 21D9     		bls	.L76
 2313              		.loc 1 2345 13 discriminator 3
 2314 0428 D7F80431 		ldr	r3, [r7, #260]
 2315 042c 5B09     		lsrs	r3, r3, #5
 2316 042e C7F8FC30 		str	r3, [r7, #252]
 2317 0432 D7F80431 		ldr	r3, [r7, #260]
 2318 0436 03F01F03 		and	r3, r3, #31
 2319 043a 002B     		cmp	r3, #0
 2320 043c 04D1     		bne	.L77
 2321              		.loc 1 2345 13 discriminator 5
 2322 043e D7F8FC30 		ldr	r3, [r7, #252]
 2323 0442 013B     		subs	r3, r3, #1
 2324 0444 C7F8FC30 		str	r3, [r7, #252]
 2325              	.L77:
 2326              		.loc 1 2345 13 discriminator 7
 2327 0448 7B69     		ldr	r3, [r7, #20]
 2328 044a 1B88     		ldrh	r3, [r3]	@ movhi
 2329 044c 9AB2     		uxth	r2, r3
 2330 044e D7F8FC30 		ldr	r3, [r7, #252]
 2331 0452 9BB2     		uxth	r3, r3
 2332 0454 9B02     		lsls	r3, r3, #10
 2333 0456 9BB2     		uxth	r3, r3
 2334 0458 1343     		orrs	r3, r3, r2
 2335 045a 9BB2     		uxth	r3, r3
 2336 045c 6FEA4343 		mvn	r3, r3, lsl #17
 2337 0460 6FEA5343 		mvn	r3, r3, lsr #17
 2338 0464 9AB2     		uxth	r2, r3
 2339 0466 7B69     		ldr	r3, [r7, #20]
 2340 0468 1A80     		strh	r2, [r3]	@ movhi
 2341 046a 56E0     		b	.L78
 2342              	.L76:
 2343              		.loc 1 2345 13 discriminator 4
 2344 046c D7F80431 		ldr	r3, [r7, #260]
 2345 0470 002B     		cmp	r3, #0
 2346 0472 0AD1     		bne	.L79
 2347              		.loc 1 2345 13 discriminator 8
ARM GAS  /var/folders/xf/tcndk8390ml5xdpfw93qkhpm0000gn/T//cc0WvzGY.s 			page 83


 2348 0474 7B69     		ldr	r3, [r7, #20]
 2349 0476 1B88     		ldrh	r3, [r3]	@ movhi
 2350 0478 9BB2     		uxth	r3, r3
 2351 047a 6FEA4343 		mvn	r3, r3, lsl #17
 2352 047e 6FEA5343 		mvn	r3, r3, lsr #17
 2353 0482 9AB2     		uxth	r2, r3
 2354 0484 7B69     		ldr	r3, [r7, #20]
 2355 0486 1A80     		strh	r2, [r3]	@ movhi
 2356 0488 47E0     		b	.L78
 2357              	.L79:
 2358              		.loc 1 2345 13 discriminator 9
 2359 048a D7F80431 		ldr	r3, [r7, #260]
 2360 048e 5B08     		lsrs	r3, r3, #1
 2361 0490 C7F8FC30 		str	r3, [r7, #252]
 2362 0494 D7F80431 		ldr	r3, [r7, #260]
 2363 0498 03F00103 		and	r3, r3, #1
 2364 049c 002B     		cmp	r3, #0
 2365 049e 04D0     		beq	.L80
 2366              		.loc 1 2345 13 discriminator 10
 2367 04a0 D7F8FC30 		ldr	r3, [r7, #252]
 2368 04a4 0133     		adds	r3, r3, #1
 2369 04a6 C7F8FC30 		str	r3, [r7, #252]
 2370              	.L80:
 2371              		.loc 1 2345 13 discriminator 12
 2372 04aa 7B69     		ldr	r3, [r7, #20]
 2373 04ac 1B88     		ldrh	r3, [r3]	@ movhi
 2374 04ae 9AB2     		uxth	r2, r3
 2375 04b0 D7F8FC30 		ldr	r3, [r7, #252]
 2376 04b4 9BB2     		uxth	r3, r3
 2377 04b6 9B02     		lsls	r3, r3, #10
 2378 04b8 9BB2     		uxth	r3, r3
 2379 04ba 1343     		orrs	r3, r3, r2
 2380 04bc 9AB2     		uxth	r2, r3
 2381 04be 7B69     		ldr	r3, [r7, #20]
 2382 04c0 1A80     		strh	r2, [r3]	@ movhi
 2383 04c2 2AE0     		b	.L78
 2384              	.L75:
 2385              	.LBE58:
 2386              	.LBE57:
 2387              		.loc 1 2345 13 discriminator 2
 2388 04c4 07F58473 		add	r3, r7, #264
 2389 04c8 A3F58473 		sub	r3, r3, #264
 2390 04cc 1B68     		ldr	r3, [r3]
 2391 04ce 5B78     		ldrb	r3, [r3, #1]	@ zero_extendqisi2
 2392 04d0 012B     		cmp	r3, #1
 2393 04d2 22D1     		bne	.L78
 2394              	.LBB59:
 2395              		.loc 1 2345 13 discriminator 13
 2396 04d4 07F58473 		add	r3, r7, #264
 2397 04d8 A3F58273 		sub	r3, r3, #260
 2398 04dc 1B68     		ldr	r3, [r3]
 2399 04de 3B62     		str	r3, [r7, #32]
 2400 04e0 07F58473 		add	r3, r7, #264
 2401 04e4 A3F58273 		sub	r3, r3, #260
 2402 04e8 1B68     		ldr	r3, [r3]
 2403 04ea B3F85030 		ldrh	r3, [r3, #80]	@ movhi
 2404 04ee 9BB2     		uxth	r3, r3
ARM GAS  /var/folders/xf/tcndk8390ml5xdpfw93qkhpm0000gn/T//cc0WvzGY.s 			page 84


 2405 04f0 1A46     		mov	r2, r3
 2406 04f2 3B6A     		ldr	r3, [r7, #32]
 2407 04f4 1344     		add	r3, r3, r2
 2408 04f6 3B62     		str	r3, [r7, #32]
 2409 04f8 07F58473 		add	r3, r7, #264
 2410 04fc A3F58473 		sub	r3, r3, #264
 2411 0500 1B68     		ldr	r3, [r3]
 2412 0502 1B78     		ldrb	r3, [r3]	@ zero_extendqisi2
 2413 0504 1A01     		lsls	r2, r3, #4
 2414 0506 3B6A     		ldr	r3, [r7, #32]
 2415 0508 1344     		add	r3, r3, r2
 2416 050a 03F20443 		addw	r3, r3, #1028
 2417 050e FB61     		str	r3, [r7, #28]
 2418 0510 D7F80431 		ldr	r3, [r7, #260]
 2419 0514 9AB2     		uxth	r2, r3
 2420 0516 FB69     		ldr	r3, [r7, #28]
 2421 0518 1A80     		strh	r2, [r3]	@ movhi
 2422              	.L78:
 2423              	.LBE59:
2346:Drivers/STM32F1xx_HAL_Driver/Src/stm32f1xx_ll_usb.c ****             pmabuffer = ep->pmaaddr0;
 2424              		.loc 1 2346 23 is_stmt 1
 2425 051a 07F58473 		add	r3, r7, #264
 2426 051e A3F58473 		sub	r3, r3, #264
 2427 0522 1B68     		ldr	r3, [r3]
 2428 0524 1B89     		ldrh	r3, [r3, #8]	@ movhi
 2429 0526 A7F87630 		strh	r3, [r7, #118]	@ movhi
2347:Drivers/STM32F1xx_HAL_Driver/Src/stm32f1xx_ll_usb.c **** 
2348:Drivers/STM32F1xx_HAL_Driver/Src/stm32f1xx_ll_usb.c ****             /* Write the user buffer to USB PMA */
2349:Drivers/STM32F1xx_HAL_Driver/Src/stm32f1xx_ll_usb.c ****             USB_WritePMA(USBx, ep->xfer_buff, pmabuffer, (uint16_t)len);
 2430              		.loc 1 2349 13
 2431 052a 07F58473 		add	r3, r7, #264
 2432 052e A3F58473 		sub	r3, r3, #264
 2433 0532 1B68     		ldr	r3, [r3]
 2434 0534 5969     		ldr	r1, [r3, #20]
 2435 0536 D7F80431 		ldr	r3, [r7, #260]
 2436 053a 9BB2     		uxth	r3, r3
 2437 053c B7F87620 		ldrh	r2, [r7, #118]
 2438 0540 07F58470 		add	r0, r7, #264
 2439 0544 A0F58270 		sub	r0, r0, #260
 2440 0548 0068     		ldr	r0, [r0]
 2441 054a FFF7FEFF 		bl	USB_WritePMA
 2442 054e EEE3     		b	.L63
 2443              	.L66:
2350:Drivers/STM32F1xx_HAL_Driver/Src/stm32f1xx_ll_usb.c ****           }
2351:Drivers/STM32F1xx_HAL_Driver/Src/stm32f1xx_ll_usb.c ****           else
2352:Drivers/STM32F1xx_HAL_Driver/Src/stm32f1xx_ll_usb.c ****           {
2353:Drivers/STM32F1xx_HAL_Driver/Src/stm32f1xx_ll_usb.c ****             /* Set the Double buffer counter for pmabuffer0 */
2354:Drivers/STM32F1xx_HAL_Driver/Src/stm32f1xx_ll_usb.c ****             PCD_SET_EP_DBUF0_CNT(USBx, ep->num, ep->is_in, len);
 2444              		.loc 1 2354 13
 2445 0550 07F58473 		add	r3, r7, #264
 2446 0554 A3F58473 		sub	r3, r3, #264
 2447 0558 1B68     		ldr	r3, [r3]
 2448 055a 5B78     		ldrb	r3, [r3, #1]	@ zero_extendqisi2
 2449 055c 002B     		cmp	r3, #0
 2450 055e 77D1     		bne	.L81
 2451              	.LBB60:
 2452              		.loc 1 2354 13 is_stmt 0 discriminator 1
ARM GAS  /var/folders/xf/tcndk8390ml5xdpfw93qkhpm0000gn/T//cc0WvzGY.s 			page 85


 2453 0560 07F58473 		add	r3, r7, #264
 2454 0564 A3F58273 		sub	r3, r3, #260
 2455 0568 1B68     		ldr	r3, [r3]
 2456 056a BB64     		str	r3, [r7, #72]
 2457 056c 07F58473 		add	r3, r7, #264
 2458 0570 A3F58273 		sub	r3, r3, #260
 2459 0574 1B68     		ldr	r3, [r3]
 2460 0576 B3F85030 		ldrh	r3, [r3, #80]	@ movhi
 2461 057a 9BB2     		uxth	r3, r3
 2462 057c 1A46     		mov	r2, r3
 2463 057e BB6C     		ldr	r3, [r7, #72]
 2464 0580 1344     		add	r3, r3, r2
 2465 0582 BB64     		str	r3, [r7, #72]
 2466 0584 07F58473 		add	r3, r7, #264
 2467 0588 A3F58473 		sub	r3, r3, #264
 2468 058c 1B68     		ldr	r3, [r3]
 2469 058e 1B78     		ldrb	r3, [r3]	@ zero_extendqisi2
 2470 0590 1A01     		lsls	r2, r3, #4
 2471 0592 BB6C     		ldr	r3, [r7, #72]
 2472 0594 1344     		add	r3, r3, r2
 2473 0596 03F20443 		addw	r3, r3, #1028
 2474 059a 7B64     		str	r3, [r7, #68]
 2475              	.LBB61:
 2476 059c 7B6C     		ldr	r3, [r7, #68]
 2477 059e 1B88     		ldrh	r3, [r3]	@ movhi
 2478 05a0 9BB2     		uxth	r3, r3
 2479 05a2 C3F30903 		ubfx	r3, r3, #0, #10
 2480 05a6 9AB2     		uxth	r2, r3
 2481 05a8 7B6C     		ldr	r3, [r7, #68]
 2482 05aa 1A80     		strh	r2, [r3]	@ movhi
 2483 05ac D7F80431 		ldr	r3, [r7, #260]
 2484 05b0 3E2B     		cmp	r3, #62
 2485 05b2 21D9     		bls	.L82
 2486              		.loc 1 2354 13 discriminator 3
 2487 05b4 D7F80431 		ldr	r3, [r7, #260]
 2488 05b8 5B09     		lsrs	r3, r3, #5
 2489 05ba C7F8F830 		str	r3, [r7, #248]
 2490 05be D7F80431 		ldr	r3, [r7, #260]
 2491 05c2 03F01F03 		and	r3, r3, #31
 2492 05c6 002B     		cmp	r3, #0
 2493 05c8 04D1     		bne	.L83
 2494              		.loc 1 2354 13 discriminator 5
 2495 05ca D7F8F830 		ldr	r3, [r7, #248]
 2496 05ce 013B     		subs	r3, r3, #1
 2497 05d0 C7F8F830 		str	r3, [r7, #248]
 2498              	.L83:
 2499              		.loc 1 2354 13 discriminator 7
 2500 05d4 7B6C     		ldr	r3, [r7, #68]
 2501 05d6 1B88     		ldrh	r3, [r3]	@ movhi
 2502 05d8 9AB2     		uxth	r2, r3
 2503 05da D7F8F830 		ldr	r3, [r7, #248]
 2504 05de 9BB2     		uxth	r3, r3
 2505 05e0 9B02     		lsls	r3, r3, #10
 2506 05e2 9BB2     		uxth	r3, r3
 2507 05e4 1343     		orrs	r3, r3, r2
 2508 05e6 9BB2     		uxth	r3, r3
 2509 05e8 6FEA4343 		mvn	r3, r3, lsl #17
ARM GAS  /var/folders/xf/tcndk8390ml5xdpfw93qkhpm0000gn/T//cc0WvzGY.s 			page 86


 2510 05ec 6FEA5343 		mvn	r3, r3, lsr #17
 2511 05f0 9AB2     		uxth	r2, r3
 2512 05f2 7B6C     		ldr	r3, [r7, #68]
 2513 05f4 1A80     		strh	r2, [r3]	@ movhi
 2514 05f6 56E0     		b	.L84
 2515              	.L82:
 2516              		.loc 1 2354 13 discriminator 4
 2517 05f8 D7F80431 		ldr	r3, [r7, #260]
 2518 05fc 002B     		cmp	r3, #0
 2519 05fe 0AD1     		bne	.L85
 2520              		.loc 1 2354 13 discriminator 8
 2521 0600 7B6C     		ldr	r3, [r7, #68]
 2522 0602 1B88     		ldrh	r3, [r3]	@ movhi
 2523 0604 9BB2     		uxth	r3, r3
 2524 0606 6FEA4343 		mvn	r3, r3, lsl #17
 2525 060a 6FEA5343 		mvn	r3, r3, lsr #17
 2526 060e 9AB2     		uxth	r2, r3
 2527 0610 7B6C     		ldr	r3, [r7, #68]
 2528 0612 1A80     		strh	r2, [r3]	@ movhi
 2529 0614 47E0     		b	.L84
 2530              	.L85:
 2531              		.loc 1 2354 13 discriminator 9
 2532 0616 D7F80431 		ldr	r3, [r7, #260]
 2533 061a 5B08     		lsrs	r3, r3, #1
 2534 061c C7F8F830 		str	r3, [r7, #248]
 2535 0620 D7F80431 		ldr	r3, [r7, #260]
 2536 0624 03F00103 		and	r3, r3, #1
 2537 0628 002B     		cmp	r3, #0
 2538 062a 04D0     		beq	.L86
 2539              		.loc 1 2354 13 discriminator 10
 2540 062c D7F8F830 		ldr	r3, [r7, #248]
 2541 0630 0133     		adds	r3, r3, #1
 2542 0632 C7F8F830 		str	r3, [r7, #248]
 2543              	.L86:
 2544              		.loc 1 2354 13 discriminator 12
 2545 0636 7B6C     		ldr	r3, [r7, #68]
 2546 0638 1B88     		ldrh	r3, [r3]	@ movhi
 2547 063a 9AB2     		uxth	r2, r3
 2548 063c D7F8F830 		ldr	r3, [r7, #248]
 2549 0640 9BB2     		uxth	r3, r3
 2550 0642 9B02     		lsls	r3, r3, #10
 2551 0644 9BB2     		uxth	r3, r3
 2552 0646 1343     		orrs	r3, r3, r2
 2553 0648 9AB2     		uxth	r2, r3
 2554 064a 7B6C     		ldr	r3, [r7, #68]
 2555 064c 1A80     		strh	r2, [r3]	@ movhi
 2556 064e 2AE0     		b	.L84
 2557              	.L81:
 2558              	.LBE61:
 2559              	.LBE60:
 2560              		.loc 1 2354 13 discriminator 2
 2561 0650 07F58473 		add	r3, r7, #264
 2562 0654 A3F58473 		sub	r3, r3, #264
 2563 0658 1B68     		ldr	r3, [r3]
 2564 065a 5B78     		ldrb	r3, [r3, #1]	@ zero_extendqisi2
 2565 065c 012B     		cmp	r3, #1
 2566 065e 22D1     		bne	.L84
ARM GAS  /var/folders/xf/tcndk8390ml5xdpfw93qkhpm0000gn/T//cc0WvzGY.s 			page 87


 2567              	.LBB62:
 2568              		.loc 1 2354 13 discriminator 13
 2569 0660 07F58473 		add	r3, r7, #264
 2570 0664 A3F58273 		sub	r3, r3, #260
 2571 0668 1B68     		ldr	r3, [r3]
 2572 066a 3B65     		str	r3, [r7, #80]
 2573 066c 07F58473 		add	r3, r7, #264
 2574 0670 A3F58273 		sub	r3, r3, #260
 2575 0674 1B68     		ldr	r3, [r3]
 2576 0676 B3F85030 		ldrh	r3, [r3, #80]	@ movhi
 2577 067a 9BB2     		uxth	r3, r3
 2578 067c 1A46     		mov	r2, r3
 2579 067e 3B6D     		ldr	r3, [r7, #80]
 2580 0680 1344     		add	r3, r3, r2
 2581 0682 3B65     		str	r3, [r7, #80]
 2582 0684 07F58473 		add	r3, r7, #264
 2583 0688 A3F58473 		sub	r3, r3, #264
 2584 068c 1B68     		ldr	r3, [r3]
 2585 068e 1B78     		ldrb	r3, [r3]	@ zero_extendqisi2
 2586 0690 1A01     		lsls	r2, r3, #4
 2587 0692 3B6D     		ldr	r3, [r7, #80]
 2588 0694 1344     		add	r3, r3, r2
 2589 0696 03F20443 		addw	r3, r3, #1028
 2590 069a FB64     		str	r3, [r7, #76]
 2591 069c D7F80431 		ldr	r3, [r7, #260]
 2592 06a0 9AB2     		uxth	r2, r3
 2593 06a2 FB6C     		ldr	r3, [r7, #76]
 2594 06a4 1A80     		strh	r2, [r3]	@ movhi
 2595              	.L84:
 2596              	.LBE62:
2355:Drivers/STM32F1xx_HAL_Driver/Src/stm32f1xx_ll_usb.c ****             pmabuffer = ep->pmaaddr0;
 2597              		.loc 1 2355 23 is_stmt 1
 2598 06a6 07F58473 		add	r3, r7, #264
 2599 06aa A3F58473 		sub	r3, r3, #264
 2600 06ae 1B68     		ldr	r3, [r3]
 2601 06b0 1B89     		ldrh	r3, [r3, #8]	@ movhi
 2602 06b2 A7F87630 		strh	r3, [r7, #118]	@ movhi
2356:Drivers/STM32F1xx_HAL_Driver/Src/stm32f1xx_ll_usb.c **** 
2357:Drivers/STM32F1xx_HAL_Driver/Src/stm32f1xx_ll_usb.c ****             /* Write the user buffer to USB PMA */
2358:Drivers/STM32F1xx_HAL_Driver/Src/stm32f1xx_ll_usb.c ****             USB_WritePMA(USBx, ep->xfer_buff, pmabuffer, (uint16_t)len);
 2603              		.loc 1 2358 13
 2604 06b6 07F58473 		add	r3, r7, #264
 2605 06ba A3F58473 		sub	r3, r3, #264
 2606 06be 1B68     		ldr	r3, [r3]
 2607 06c0 5969     		ldr	r1, [r3, #20]
 2608 06c2 D7F80431 		ldr	r3, [r7, #260]
 2609 06c6 9BB2     		uxth	r3, r3
 2610 06c8 B7F87620 		ldrh	r2, [r7, #118]
 2611 06cc 07F58470 		add	r0, r7, #264
 2612 06d0 A0F58270 		sub	r0, r0, #260
 2613 06d4 0068     		ldr	r0, [r0]
 2614 06d6 FFF7FEFF 		bl	USB_WritePMA
2359:Drivers/STM32F1xx_HAL_Driver/Src/stm32f1xx_ll_usb.c ****             ep->xfer_buff += len;
 2615              		.loc 1 2359 27
 2616 06da 07F58473 		add	r3, r7, #264
 2617 06de A3F58473 		sub	r3, r3, #264
 2618 06e2 1B68     		ldr	r3, [r3]
ARM GAS  /var/folders/xf/tcndk8390ml5xdpfw93qkhpm0000gn/T//cc0WvzGY.s 			page 88


 2619 06e4 5A69     		ldr	r2, [r3, #20]
 2620 06e6 D7F80431 		ldr	r3, [r7, #260]
 2621 06ea 1A44     		add	r2, r2, r3
 2622 06ec 07F58473 		add	r3, r7, #264
 2623 06f0 A3F58473 		sub	r3, r3, #264
 2624 06f4 1B68     		ldr	r3, [r3]
 2625 06f6 5A61     		str	r2, [r3, #20]
2360:Drivers/STM32F1xx_HAL_Driver/Src/stm32f1xx_ll_usb.c **** 
2361:Drivers/STM32F1xx_HAL_Driver/Src/stm32f1xx_ll_usb.c ****             if (ep->xfer_len_db > ep->maxpacket)
 2626              		.loc 1 2361 19
 2627 06f8 07F58473 		add	r3, r7, #264
 2628 06fc A3F58473 		sub	r3, r3, #264
 2629 0700 1B68     		ldr	r3, [r3]
 2630 0702 1A6A     		ldr	r2, [r3, #32]
 2631              		.loc 1 2361 37
 2632 0704 07F58473 		add	r3, r7, #264
 2633 0708 A3F58473 		sub	r3, r3, #264
 2634 070c 1B68     		ldr	r3, [r3]
 2635 070e 1B69     		ldr	r3, [r3, #16]
 2636              		.loc 1 2361 16
 2637 0710 9A42     		cmp	r2, r3
 2638 0712 0FD9     		bls	.L87
2362:Drivers/STM32F1xx_HAL_Driver/Src/stm32f1xx_ll_usb.c ****             {
2363:Drivers/STM32F1xx_HAL_Driver/Src/stm32f1xx_ll_usb.c ****               ep->xfer_len_db -= len;
 2639              		.loc 1 2363 31
 2640 0714 07F58473 		add	r3, r7, #264
 2641 0718 A3F58473 		sub	r3, r3, #264
 2642 071c 1B68     		ldr	r3, [r3]
 2643 071e 1A6A     		ldr	r2, [r3, #32]
 2644 0720 D7F80431 		ldr	r3, [r7, #260]
 2645 0724 D21A     		subs	r2, r2, r3
 2646 0726 07F58473 		add	r3, r7, #264
 2647 072a A3F58473 		sub	r3, r3, #264
 2648 072e 1B68     		ldr	r3, [r3]
 2649 0730 1A62     		str	r2, [r3, #32]
 2650 0732 0EE0     		b	.L88
 2651              	.L87:
2364:Drivers/STM32F1xx_HAL_Driver/Src/stm32f1xx_ll_usb.c ****             }
2365:Drivers/STM32F1xx_HAL_Driver/Src/stm32f1xx_ll_usb.c ****             else
2366:Drivers/STM32F1xx_HAL_Driver/Src/stm32f1xx_ll_usb.c ****             {
2367:Drivers/STM32F1xx_HAL_Driver/Src/stm32f1xx_ll_usb.c ****               len = ep->xfer_len_db;
 2652              		.loc 1 2367 19
 2653 0734 07F58473 		add	r3, r7, #264
 2654 0738 A3F58473 		sub	r3, r3, #264
 2655 073c 1B68     		ldr	r3, [r3]
 2656 073e 1B6A     		ldr	r3, [r3, #32]
 2657 0740 C7F80431 		str	r3, [r7, #260]
2368:Drivers/STM32F1xx_HAL_Driver/Src/stm32f1xx_ll_usb.c ****               ep->xfer_len_db = 0U;
 2658              		.loc 1 2368 31
 2659 0744 07F58473 		add	r3, r7, #264
 2660 0748 A3F58473 		sub	r3, r3, #264
 2661 074c 1B68     		ldr	r3, [r3]
 2662 074e 0022     		movs	r2, #0
 2663 0750 1A62     		str	r2, [r3, #32]
 2664              	.L88:
 2665              	.LBB63:
2369:Drivers/STM32F1xx_HAL_Driver/Src/stm32f1xx_ll_usb.c ****             }
ARM GAS  /var/folders/xf/tcndk8390ml5xdpfw93qkhpm0000gn/T//cc0WvzGY.s 			page 89


2370:Drivers/STM32F1xx_HAL_Driver/Src/stm32f1xx_ll_usb.c **** 
2371:Drivers/STM32F1xx_HAL_Driver/Src/stm32f1xx_ll_usb.c ****             /* Set the Double buffer counter for pmabuffer1 */
2372:Drivers/STM32F1xx_HAL_Driver/Src/stm32f1xx_ll_usb.c ****             PCD_SET_EP_DBUF1_CNT(USBx, ep->num, ep->is_in, len);
 2666              		.loc 1 2372 13
 2667 0752 07F58473 		add	r3, r7, #264
 2668 0756 A3F58273 		sub	r3, r3, #260
 2669 075a 1B68     		ldr	r3, [r3]
 2670 075c 3B64     		str	r3, [r7, #64]
 2671 075e 07F58473 		add	r3, r7, #264
 2672 0762 A3F58473 		sub	r3, r3, #264
 2673 0766 1B68     		ldr	r3, [r3]
 2674 0768 5B78     		ldrb	r3, [r3, #1]	@ zero_extendqisi2
 2675 076a 002B     		cmp	r3, #0
 2676 076c 77D1     		bne	.L89
 2677              	.LBB64:
 2678              		.loc 1 2372 13 is_stmt 0 discriminator 1
 2679 076e 07F58473 		add	r3, r7, #264
 2680 0772 A3F58273 		sub	r3, r3, #260
 2681 0776 1B68     		ldr	r3, [r3]
 2682 0778 BB63     		str	r3, [r7, #56]
 2683 077a 07F58473 		add	r3, r7, #264
 2684 077e A3F58273 		sub	r3, r3, #260
 2685 0782 1B68     		ldr	r3, [r3]
 2686 0784 B3F85030 		ldrh	r3, [r3, #80]	@ movhi
 2687 0788 9BB2     		uxth	r3, r3
 2688 078a 1A46     		mov	r2, r3
 2689 078c BB6B     		ldr	r3, [r7, #56]
 2690 078e 1344     		add	r3, r3, r2
 2691 0790 BB63     		str	r3, [r7, #56]
 2692 0792 07F58473 		add	r3, r7, #264
 2693 0796 A3F58473 		sub	r3, r3, #264
 2694 079a 1B68     		ldr	r3, [r3]
 2695 079c 1B78     		ldrb	r3, [r3]	@ zero_extendqisi2
 2696 079e 1A01     		lsls	r2, r3, #4
 2697 07a0 BB6B     		ldr	r3, [r7, #56]
 2698 07a2 1344     		add	r3, r3, r2
 2699 07a4 03F20C43 		addw	r3, r3, #1036
 2700 07a8 7B63     		str	r3, [r7, #52]
 2701              	.LBB65:
 2702 07aa 7B6B     		ldr	r3, [r7, #52]
 2703 07ac 1B88     		ldrh	r3, [r3]	@ movhi
 2704 07ae 9BB2     		uxth	r3, r3
 2705 07b0 C3F30903 		ubfx	r3, r3, #0, #10
 2706 07b4 9AB2     		uxth	r2, r3
 2707 07b6 7B6B     		ldr	r3, [r7, #52]
 2708 07b8 1A80     		strh	r2, [r3]	@ movhi
 2709 07ba D7F80431 		ldr	r3, [r7, #260]
 2710 07be 3E2B     		cmp	r3, #62
 2711 07c0 21D9     		bls	.L90
 2712              		.loc 1 2372 13 discriminator 3
 2713 07c2 D7F80431 		ldr	r3, [r7, #260]
 2714 07c6 5B09     		lsrs	r3, r3, #5
 2715 07c8 C7F8F430 		str	r3, [r7, #244]
 2716 07cc D7F80431 		ldr	r3, [r7, #260]
 2717 07d0 03F01F03 		and	r3, r3, #31
 2718 07d4 002B     		cmp	r3, #0
 2719 07d6 04D1     		bne	.L91
ARM GAS  /var/folders/xf/tcndk8390ml5xdpfw93qkhpm0000gn/T//cc0WvzGY.s 			page 90


 2720              		.loc 1 2372 13 discriminator 5
 2721 07d8 D7F8F430 		ldr	r3, [r7, #244]
 2722 07dc 013B     		subs	r3, r3, #1
 2723 07de C7F8F430 		str	r3, [r7, #244]
 2724              	.L91:
 2725              		.loc 1 2372 13 discriminator 7
 2726 07e2 7B6B     		ldr	r3, [r7, #52]
 2727 07e4 1B88     		ldrh	r3, [r3]	@ movhi
 2728 07e6 9AB2     		uxth	r2, r3
 2729 07e8 D7F8F430 		ldr	r3, [r7, #244]
 2730 07ec 9BB2     		uxth	r3, r3
 2731 07ee 9B02     		lsls	r3, r3, #10
 2732 07f0 9BB2     		uxth	r3, r3
 2733 07f2 1343     		orrs	r3, r3, r2
 2734 07f4 9BB2     		uxth	r3, r3
 2735 07f6 6FEA4343 		mvn	r3, r3, lsl #17
 2736 07fa 6FEA5343 		mvn	r3, r3, lsr #17
 2737 07fe 9AB2     		uxth	r2, r3
 2738 0800 7B6B     		ldr	r3, [r7, #52]
 2739 0802 1A80     		strh	r2, [r3]	@ movhi
 2740 0804 50E0     		b	.L92
 2741              	.L90:
 2742              		.loc 1 2372 13 discriminator 4
 2743 0806 D7F80431 		ldr	r3, [r7, #260]
 2744 080a 002B     		cmp	r3, #0
 2745 080c 0AD1     		bne	.L93
 2746              		.loc 1 2372 13 discriminator 8
 2747 080e 7B6B     		ldr	r3, [r7, #52]
 2748 0810 1B88     		ldrh	r3, [r3]	@ movhi
 2749 0812 9BB2     		uxth	r3, r3
 2750 0814 6FEA4343 		mvn	r3, r3, lsl #17
 2751 0818 6FEA5343 		mvn	r3, r3, lsr #17
 2752 081c 9AB2     		uxth	r2, r3
 2753 081e 7B6B     		ldr	r3, [r7, #52]
 2754 0820 1A80     		strh	r2, [r3]	@ movhi
 2755 0822 41E0     		b	.L92
 2756              	.L93:
 2757              		.loc 1 2372 13 discriminator 9
 2758 0824 D7F80431 		ldr	r3, [r7, #260]
 2759 0828 5B08     		lsrs	r3, r3, #1
 2760 082a C7F8F430 		str	r3, [r7, #244]
 2761 082e D7F80431 		ldr	r3, [r7, #260]
 2762 0832 03F00103 		and	r3, r3, #1
 2763 0836 002B     		cmp	r3, #0
 2764 0838 04D0     		beq	.L94
 2765              		.loc 1 2372 13 discriminator 10
 2766 083a D7F8F430 		ldr	r3, [r7, #244]
 2767 083e 0133     		adds	r3, r3, #1
 2768 0840 C7F8F430 		str	r3, [r7, #244]
 2769              	.L94:
 2770              		.loc 1 2372 13 discriminator 12
 2771 0844 7B6B     		ldr	r3, [r7, #52]
 2772 0846 1B88     		ldrh	r3, [r3]	@ movhi
 2773 0848 9AB2     		uxth	r2, r3
 2774 084a D7F8F430 		ldr	r3, [r7, #244]
 2775 084e 9BB2     		uxth	r3, r3
 2776 0850 9B02     		lsls	r3, r3, #10
ARM GAS  /var/folders/xf/tcndk8390ml5xdpfw93qkhpm0000gn/T//cc0WvzGY.s 			page 91


 2777 0852 9BB2     		uxth	r3, r3
 2778 0854 1343     		orrs	r3, r3, r2
 2779 0856 9AB2     		uxth	r2, r3
 2780 0858 7B6B     		ldr	r3, [r7, #52]
 2781 085a 1A80     		strh	r2, [r3]	@ movhi
 2782 085c 24E0     		b	.L92
 2783              	.L89:
 2784              	.LBE65:
 2785              	.LBE64:
 2786              		.loc 1 2372 13 discriminator 2
 2787 085e 07F58473 		add	r3, r7, #264
 2788 0862 A3F58473 		sub	r3, r3, #264
 2789 0866 1B68     		ldr	r3, [r3]
 2790 0868 5B78     		ldrb	r3, [r3, #1]	@ zero_extendqisi2
 2791 086a 012B     		cmp	r3, #1
 2792 086c 1CD1     		bne	.L92
 2793              		.loc 1 2372 13 discriminator 13
 2794 086e 07F58473 		add	r3, r7, #264
 2795 0872 A3F58273 		sub	r3, r3, #260
 2796 0876 1B68     		ldr	r3, [r3]
 2797 0878 B3F85030 		ldrh	r3, [r3, #80]	@ movhi
 2798 087c 9BB2     		uxth	r3, r3
 2799 087e 1A46     		mov	r2, r3
 2800 0880 3B6C     		ldr	r3, [r7, #64]
 2801 0882 1344     		add	r3, r3, r2
 2802 0884 3B64     		str	r3, [r7, #64]
 2803 0886 07F58473 		add	r3, r7, #264
 2804 088a A3F58473 		sub	r3, r3, #264
 2805 088e 1B68     		ldr	r3, [r3]
 2806 0890 1B78     		ldrb	r3, [r3]	@ zero_extendqisi2
 2807 0892 1A01     		lsls	r2, r3, #4
 2808 0894 3B6C     		ldr	r3, [r7, #64]
 2809 0896 1344     		add	r3, r3, r2
 2810 0898 03F20C43 		addw	r3, r3, #1036
 2811 089c FB63     		str	r3, [r7, #60]
 2812 089e D7F80431 		ldr	r3, [r7, #260]
 2813 08a2 9AB2     		uxth	r2, r3
 2814 08a4 FB6B     		ldr	r3, [r7, #60]
 2815 08a6 1A80     		strh	r2, [r3]	@ movhi
 2816              	.L92:
 2817              	.LBE63:
2373:Drivers/STM32F1xx_HAL_Driver/Src/stm32f1xx_ll_usb.c ****             pmabuffer = ep->pmaaddr1;
 2818              		.loc 1 2373 23 is_stmt 1
 2819 08a8 07F58473 		add	r3, r7, #264
 2820 08ac A3F58473 		sub	r3, r3, #264
 2821 08b0 1B68     		ldr	r3, [r3]
 2822 08b2 5B89     		ldrh	r3, [r3, #10]	@ movhi
 2823 08b4 A7F87630 		strh	r3, [r7, #118]	@ movhi
2374:Drivers/STM32F1xx_HAL_Driver/Src/stm32f1xx_ll_usb.c **** 
2375:Drivers/STM32F1xx_HAL_Driver/Src/stm32f1xx_ll_usb.c ****             /* Write the user buffer to USB PMA */
2376:Drivers/STM32F1xx_HAL_Driver/Src/stm32f1xx_ll_usb.c ****             USB_WritePMA(USBx, ep->xfer_buff, pmabuffer, (uint16_t)len);
 2824              		.loc 1 2376 13
 2825 08b8 07F58473 		add	r3, r7, #264
 2826 08bc A3F58473 		sub	r3, r3, #264
 2827 08c0 1B68     		ldr	r3, [r3]
 2828 08c2 5969     		ldr	r1, [r3, #20]
 2829 08c4 D7F80431 		ldr	r3, [r7, #260]
ARM GAS  /var/folders/xf/tcndk8390ml5xdpfw93qkhpm0000gn/T//cc0WvzGY.s 			page 92


 2830 08c8 9BB2     		uxth	r3, r3
 2831 08ca B7F87620 		ldrh	r2, [r7, #118]
 2832 08ce 07F58470 		add	r0, r7, #264
 2833 08d2 A0F58270 		sub	r0, r0, #260
 2834 08d6 0068     		ldr	r0, [r0]
 2835 08d8 FFF7FEFF 		bl	USB_WritePMA
 2836 08dc 27E2     		b	.L63
 2837              	.L65:
2377:Drivers/STM32F1xx_HAL_Driver/Src/stm32f1xx_ll_usb.c ****           }
2378:Drivers/STM32F1xx_HAL_Driver/Src/stm32f1xx_ll_usb.c ****         }
2379:Drivers/STM32F1xx_HAL_Driver/Src/stm32f1xx_ll_usb.c ****         /* auto Switch to single buffer mode when transfer <Mps no need to manage in double buffer 
2380:Drivers/STM32F1xx_HAL_Driver/Src/stm32f1xx_ll_usb.c ****         else
2381:Drivers/STM32F1xx_HAL_Driver/Src/stm32f1xx_ll_usb.c ****         {
2382:Drivers/STM32F1xx_HAL_Driver/Src/stm32f1xx_ll_usb.c ****           len = ep->xfer_len_db;
 2838              		.loc 1 2382 15
 2839 08de 07F58473 		add	r3, r7, #264
 2840 08e2 A3F58473 		sub	r3, r3, #264
 2841 08e6 1B68     		ldr	r3, [r3]
 2842 08e8 1B6A     		ldr	r3, [r3, #32]
 2843 08ea C7F80431 		str	r3, [r7, #260]
 2844              	.LBB66:
2383:Drivers/STM32F1xx_HAL_Driver/Src/stm32f1xx_ll_usb.c **** 
2384:Drivers/STM32F1xx_HAL_Driver/Src/stm32f1xx_ll_usb.c ****           /* disable double buffer mode for Bulk endpoint */
2385:Drivers/STM32F1xx_HAL_Driver/Src/stm32f1xx_ll_usb.c ****           PCD_CLEAR_BULK_EP_DBUF(USBx, ep->num);
 2845              		.loc 1 2385 11
 2846 08ee 07F58473 		add	r3, r7, #264
 2847 08f2 A3F58273 		sub	r3, r3, #260
 2848 08f6 1A68     		ldr	r2, [r3]
 2849 08f8 07F58473 		add	r3, r7, #264
 2850 08fc A3F58473 		sub	r3, r3, #264
 2851 0900 1B68     		ldr	r3, [r3]
 2852 0902 1B78     		ldrb	r3, [r3]	@ zero_extendqisi2
 2853 0904 9B00     		lsls	r3, r3, #2
 2854 0906 1344     		add	r3, r3, r2
 2855 0908 1B88     		ldrh	r3, [r3]	@ movhi
 2856 090a 9BB2     		uxth	r3, r3
 2857 090c 23F4E243 		bic	r3, r3, #28928
 2858 0910 23F07003 		bic	r3, r3, #112
 2859 0914 A7F86230 		strh	r3, [r7, #98]	@ movhi
 2860 0918 07F58473 		add	r3, r7, #264
 2861 091c A3F58273 		sub	r3, r3, #260
 2862 0920 1A68     		ldr	r2, [r3]
 2863 0922 07F58473 		add	r3, r7, #264
 2864 0926 A3F58473 		sub	r3, r3, #264
 2865 092a 1B68     		ldr	r3, [r3]
 2866 092c 1B78     		ldrb	r3, [r3]	@ zero_extendqisi2
 2867 092e 9B00     		lsls	r3, r3, #2
 2868 0930 1A44     		add	r2, r2, r3
 2869 0932 B7F86230 		ldrh	r3, [r7, #98]	@ movhi
 2870 0936 43F07F43 		orr	r3, r3, #-16777216
 2871 093a 43F47F03 		orr	r3, r3, #16711680
 2872 093e 43F40043 		orr	r3, r3, #32768
 2873 0942 43F08003 		orr	r3, r3, #128
 2874 0946 9BB2     		uxth	r3, r3
 2875 0948 1380     		strh	r3, [r2]	@ movhi
 2876              	.LBE66:
 2877              	.LBB67:
ARM GAS  /var/folders/xf/tcndk8390ml5xdpfw93qkhpm0000gn/T//cc0WvzGY.s 			page 93


2386:Drivers/STM32F1xx_HAL_Driver/Src/stm32f1xx_ll_usb.c **** 
2387:Drivers/STM32F1xx_HAL_Driver/Src/stm32f1xx_ll_usb.c ****           /* Set Tx count with nbre of byte to be transmitted */
2388:Drivers/STM32F1xx_HAL_Driver/Src/stm32f1xx_ll_usb.c ****           PCD_SET_EP_TX_CNT(USBx, ep->num, len);
 2878              		.loc 1 2388 11
 2879 094a 07F58473 		add	r3, r7, #264
 2880 094e A3F58273 		sub	r3, r3, #260
 2881 0952 1B68     		ldr	r3, [r3]
 2882 0954 FB65     		str	r3, [r7, #92]
 2883 0956 07F58473 		add	r3, r7, #264
 2884 095a A3F58273 		sub	r3, r3, #260
 2885 095e 1B68     		ldr	r3, [r3]
 2886 0960 B3F85030 		ldrh	r3, [r3, #80]	@ movhi
 2887 0964 9BB2     		uxth	r3, r3
 2888 0966 1A46     		mov	r2, r3
 2889 0968 FB6D     		ldr	r3, [r7, #92]
 2890 096a 1344     		add	r3, r3, r2
 2891 096c FB65     		str	r3, [r7, #92]
 2892 096e 07F58473 		add	r3, r7, #264
 2893 0972 A3F58473 		sub	r3, r3, #264
 2894 0976 1B68     		ldr	r3, [r3]
 2895 0978 1B78     		ldrb	r3, [r3]	@ zero_extendqisi2
 2896 097a 1A01     		lsls	r2, r3, #4
 2897 097c FB6D     		ldr	r3, [r7, #92]
 2898 097e 1344     		add	r3, r3, r2
 2899 0980 03F20443 		addw	r3, r3, #1028
 2900 0984 BB65     		str	r3, [r7, #88]
 2901 0986 D7F80431 		ldr	r3, [r7, #260]
 2902 098a 9AB2     		uxth	r2, r3
 2903 098c BB6D     		ldr	r3, [r7, #88]
 2904 098e 1A80     		strh	r2, [r3]	@ movhi
 2905              	.LBE67:
2389:Drivers/STM32F1xx_HAL_Driver/Src/stm32f1xx_ll_usb.c ****           pmabuffer = ep->pmaaddr0;
 2906              		.loc 1 2389 21
 2907 0990 07F58473 		add	r3, r7, #264
 2908 0994 A3F58473 		sub	r3, r3, #264
 2909 0998 1B68     		ldr	r3, [r3]
 2910 099a 1B89     		ldrh	r3, [r3, #8]	@ movhi
 2911 099c A7F87630 		strh	r3, [r7, #118]	@ movhi
2390:Drivers/STM32F1xx_HAL_Driver/Src/stm32f1xx_ll_usb.c **** 
2391:Drivers/STM32F1xx_HAL_Driver/Src/stm32f1xx_ll_usb.c ****           /* Write the user buffer to USB PMA */
2392:Drivers/STM32F1xx_HAL_Driver/Src/stm32f1xx_ll_usb.c ****           USB_WritePMA(USBx, ep->xfer_buff, pmabuffer, (uint16_t)len);
 2912              		.loc 1 2392 11
 2913 09a0 07F58473 		add	r3, r7, #264
 2914 09a4 A3F58473 		sub	r3, r3, #264
 2915 09a8 1B68     		ldr	r3, [r3]
 2916 09aa 5969     		ldr	r1, [r3, #20]
 2917 09ac D7F80431 		ldr	r3, [r7, #260]
 2918 09b0 9BB2     		uxth	r3, r3
 2919 09b2 B7F87620 		ldrh	r2, [r7, #118]
 2920 09b6 07F58470 		add	r0, r7, #264
 2921 09ba A0F58270 		sub	r0, r0, #260
 2922 09be 0068     		ldr	r0, [r0]
 2923 09c0 FFF7FEFF 		bl	USB_WritePMA
 2924 09c4 B3E1     		b	.L63
 2925              	.L64:
2393:Drivers/STM32F1xx_HAL_Driver/Src/stm32f1xx_ll_usb.c ****         }
2394:Drivers/STM32F1xx_HAL_Driver/Src/stm32f1xx_ll_usb.c ****       }
ARM GAS  /var/folders/xf/tcndk8390ml5xdpfw93qkhpm0000gn/T//cc0WvzGY.s 			page 94


2395:Drivers/STM32F1xx_HAL_Driver/Src/stm32f1xx_ll_usb.c ****       else /* manage isochronous double buffer IN mode */
2396:Drivers/STM32F1xx_HAL_Driver/Src/stm32f1xx_ll_usb.c ****       {
2397:Drivers/STM32F1xx_HAL_Driver/Src/stm32f1xx_ll_usb.c ****         /* each Time to write in PMA xfer_len_db will */
2398:Drivers/STM32F1xx_HAL_Driver/Src/stm32f1xx_ll_usb.c ****         ep->xfer_len_db -= len;
 2926              		.loc 1 2398 25
 2927 09c6 07F58473 		add	r3, r7, #264
 2928 09ca A3F58473 		sub	r3, r3, #264
 2929 09ce 1B68     		ldr	r3, [r3]
 2930 09d0 1A6A     		ldr	r2, [r3, #32]
 2931 09d2 D7F80431 		ldr	r3, [r7, #260]
 2932 09d6 D21A     		subs	r2, r2, r3
 2933 09d8 07F58473 		add	r3, r7, #264
 2934 09dc A3F58473 		sub	r3, r3, #264
 2935 09e0 1B68     		ldr	r3, [r3]
 2936 09e2 1A62     		str	r2, [r3, #32]
2399:Drivers/STM32F1xx_HAL_Driver/Src/stm32f1xx_ll_usb.c **** 
2400:Drivers/STM32F1xx_HAL_Driver/Src/stm32f1xx_ll_usb.c ****         /* Fill the data buffer */
2401:Drivers/STM32F1xx_HAL_Driver/Src/stm32f1xx_ll_usb.c ****         if ((PCD_GET_ENDPOINT(USBx, ep->num) & USB_EP_DTOG_TX) != 0U)
 2937              		.loc 1 2401 14
 2938 09e4 07F58473 		add	r3, r7, #264
 2939 09e8 A3F58273 		sub	r3, r3, #260
 2940 09ec 1A68     		ldr	r2, [r3]
 2941 09ee 07F58473 		add	r3, r7, #264
 2942 09f2 A3F58473 		sub	r3, r3, #264
 2943 09f6 1B68     		ldr	r3, [r3]
 2944 09f8 1B78     		ldrb	r3, [r3]	@ zero_extendqisi2
 2945 09fa 9B00     		lsls	r3, r3, #2
 2946 09fc 1344     		add	r3, r3, r2
 2947 09fe 1B88     		ldrh	r3, [r3]	@ movhi
 2948 0a00 9BB2     		uxth	r3, r3
 2949              		.loc 1 2401 46
 2950 0a02 03F04003 		and	r3, r3, #64
 2951              		.loc 1 2401 12
 2952 0a06 002B     		cmp	r3, #0
 2953 0a08 00F0C680 		beq	.L95
 2954              	.LBB68:
2402:Drivers/STM32F1xx_HAL_Driver/Src/stm32f1xx_ll_usb.c ****         {
2403:Drivers/STM32F1xx_HAL_Driver/Src/stm32f1xx_ll_usb.c ****           /* Set the Double buffer counter for pmabuffer1 */
2404:Drivers/STM32F1xx_HAL_Driver/Src/stm32f1xx_ll_usb.c ****           PCD_SET_EP_DBUF1_CNT(USBx, ep->num, ep->is_in, len);
 2955              		.loc 1 2404 11
 2956 0a0c 07F58473 		add	r3, r7, #264
 2957 0a10 A3F58273 		sub	r3, r3, #260
 2958 0a14 1B68     		ldr	r3, [r3]
 2959 0a16 3B67     		str	r3, [r7, #112]
 2960 0a18 07F58473 		add	r3, r7, #264
 2961 0a1c A3F58473 		sub	r3, r3, #264
 2962 0a20 1B68     		ldr	r3, [r3]
 2963 0a22 5B78     		ldrb	r3, [r3, #1]	@ zero_extendqisi2
 2964 0a24 002B     		cmp	r3, #0
 2965 0a26 77D1     		bne	.L96
 2966              	.LBB69:
 2967              		.loc 1 2404 11 is_stmt 0 discriminator 1
 2968 0a28 07F58473 		add	r3, r7, #264
 2969 0a2c A3F58273 		sub	r3, r3, #260
 2970 0a30 1B68     		ldr	r3, [r3]
 2971 0a32 BB66     		str	r3, [r7, #104]
 2972 0a34 07F58473 		add	r3, r7, #264
ARM GAS  /var/folders/xf/tcndk8390ml5xdpfw93qkhpm0000gn/T//cc0WvzGY.s 			page 95


 2973 0a38 A3F58273 		sub	r3, r3, #260
 2974 0a3c 1B68     		ldr	r3, [r3]
 2975 0a3e B3F85030 		ldrh	r3, [r3, #80]	@ movhi
 2976 0a42 9BB2     		uxth	r3, r3
 2977 0a44 1A46     		mov	r2, r3
 2978 0a46 BB6E     		ldr	r3, [r7, #104]
 2979 0a48 1344     		add	r3, r3, r2
 2980 0a4a BB66     		str	r3, [r7, #104]
 2981 0a4c 07F58473 		add	r3, r7, #264
 2982 0a50 A3F58473 		sub	r3, r3, #264
 2983 0a54 1B68     		ldr	r3, [r3]
 2984 0a56 1B78     		ldrb	r3, [r3]	@ zero_extendqisi2
 2985 0a58 1A01     		lsls	r2, r3, #4
 2986 0a5a BB6E     		ldr	r3, [r7, #104]
 2987 0a5c 1344     		add	r3, r3, r2
 2988 0a5e 03F20C43 		addw	r3, r3, #1036
 2989 0a62 7B66     		str	r3, [r7, #100]
 2990              	.LBB70:
 2991 0a64 7B6E     		ldr	r3, [r7, #100]
 2992 0a66 1B88     		ldrh	r3, [r3]	@ movhi
 2993 0a68 9BB2     		uxth	r3, r3
 2994 0a6a C3F30903 		ubfx	r3, r3, #0, #10
 2995 0a6e 9AB2     		uxth	r2, r3
 2996 0a70 7B6E     		ldr	r3, [r7, #100]
 2997 0a72 1A80     		strh	r2, [r3]	@ movhi
 2998 0a74 D7F80431 		ldr	r3, [r7, #260]
 2999 0a78 3E2B     		cmp	r3, #62
 3000 0a7a 21D9     		bls	.L97
 3001              		.loc 1 2404 11 discriminator 3
 3002 0a7c D7F80431 		ldr	r3, [r7, #260]
 3003 0a80 5B09     		lsrs	r3, r3, #5
 3004 0a82 C7F8F030 		str	r3, [r7, #240]
 3005 0a86 D7F80431 		ldr	r3, [r7, #260]
 3006 0a8a 03F01F03 		and	r3, r3, #31
 3007 0a8e 002B     		cmp	r3, #0
 3008 0a90 04D1     		bne	.L98
 3009              		.loc 1 2404 11 discriminator 5
 3010 0a92 D7F8F030 		ldr	r3, [r7, #240]
 3011 0a96 013B     		subs	r3, r3, #1
 3012 0a98 C7F8F030 		str	r3, [r7, #240]
 3013              	.L98:
 3014              		.loc 1 2404 11 discriminator 7
 3015 0a9c 7B6E     		ldr	r3, [r7, #100]
 3016 0a9e 1B88     		ldrh	r3, [r3]	@ movhi
 3017 0aa0 9AB2     		uxth	r2, r3
 3018 0aa2 D7F8F030 		ldr	r3, [r7, #240]
 3019 0aa6 9BB2     		uxth	r3, r3
 3020 0aa8 9B02     		lsls	r3, r3, #10
 3021 0aaa 9BB2     		uxth	r3, r3
 3022 0aac 1343     		orrs	r3, r3, r2
 3023 0aae 9BB2     		uxth	r3, r3
 3024 0ab0 6FEA4343 		mvn	r3, r3, lsl #17
 3025 0ab4 6FEA5343 		mvn	r3, r3, lsr #17
 3026 0ab8 9AB2     		uxth	r2, r3
 3027 0aba 7B6E     		ldr	r3, [r7, #100]
 3028 0abc 1A80     		strh	r2, [r3]	@ movhi
 3029 0abe 50E0     		b	.L99
ARM GAS  /var/folders/xf/tcndk8390ml5xdpfw93qkhpm0000gn/T//cc0WvzGY.s 			page 96


 3030              	.L97:
 3031              		.loc 1 2404 11 discriminator 4
 3032 0ac0 D7F80431 		ldr	r3, [r7, #260]
 3033 0ac4 002B     		cmp	r3, #0
 3034 0ac6 0AD1     		bne	.L100
 3035              		.loc 1 2404 11 discriminator 8
 3036 0ac8 7B6E     		ldr	r3, [r7, #100]
 3037 0aca 1B88     		ldrh	r3, [r3]	@ movhi
 3038 0acc 9BB2     		uxth	r3, r3
 3039 0ace 6FEA4343 		mvn	r3, r3, lsl #17
 3040 0ad2 6FEA5343 		mvn	r3, r3, lsr #17
 3041 0ad6 9AB2     		uxth	r2, r3
 3042 0ad8 7B6E     		ldr	r3, [r7, #100]
 3043 0ada 1A80     		strh	r2, [r3]	@ movhi
 3044 0adc 41E0     		b	.L99
 3045              	.L100:
 3046              		.loc 1 2404 11 discriminator 9
 3047 0ade D7F80431 		ldr	r3, [r7, #260]
 3048 0ae2 5B08     		lsrs	r3, r3, #1
 3049 0ae4 C7F8F030 		str	r3, [r7, #240]
 3050 0ae8 D7F80431 		ldr	r3, [r7, #260]
 3051 0aec 03F00103 		and	r3, r3, #1
 3052 0af0 002B     		cmp	r3, #0
 3053 0af2 04D0     		beq	.L101
 3054              		.loc 1 2404 11 discriminator 10
 3055 0af4 D7F8F030 		ldr	r3, [r7, #240]
 3056 0af8 0133     		adds	r3, r3, #1
 3057 0afa C7F8F030 		str	r3, [r7, #240]
 3058              	.L101:
 3059              		.loc 1 2404 11 discriminator 12
 3060 0afe 7B6E     		ldr	r3, [r7, #100]
 3061 0b00 1B88     		ldrh	r3, [r3]	@ movhi
 3062 0b02 9AB2     		uxth	r2, r3
 3063 0b04 D7F8F030 		ldr	r3, [r7, #240]
 3064 0b08 9BB2     		uxth	r3, r3
 3065 0b0a 9B02     		lsls	r3, r3, #10
 3066 0b0c 9BB2     		uxth	r3, r3
 3067 0b0e 1343     		orrs	r3, r3, r2
 3068 0b10 9AB2     		uxth	r2, r3
 3069 0b12 7B6E     		ldr	r3, [r7, #100]
 3070 0b14 1A80     		strh	r2, [r3]	@ movhi
 3071 0b16 24E0     		b	.L99
 3072              	.L96:
 3073              	.LBE70:
 3074              	.LBE69:
 3075              		.loc 1 2404 11 discriminator 2
 3076 0b18 07F58473 		add	r3, r7, #264
 3077 0b1c A3F58473 		sub	r3, r3, #264
 3078 0b20 1B68     		ldr	r3, [r3]
 3079 0b22 5B78     		ldrb	r3, [r3, #1]	@ zero_extendqisi2
 3080 0b24 012B     		cmp	r3, #1
 3081 0b26 1CD1     		bne	.L99
 3082              		.loc 1 2404 11 discriminator 13
 3083 0b28 07F58473 		add	r3, r7, #264
 3084 0b2c A3F58273 		sub	r3, r3, #260
 3085 0b30 1B68     		ldr	r3, [r3]
 3086 0b32 B3F85030 		ldrh	r3, [r3, #80]	@ movhi
ARM GAS  /var/folders/xf/tcndk8390ml5xdpfw93qkhpm0000gn/T//cc0WvzGY.s 			page 97


 3087 0b36 9BB2     		uxth	r3, r3
 3088 0b38 1A46     		mov	r2, r3
 3089 0b3a 3B6F     		ldr	r3, [r7, #112]
 3090 0b3c 1344     		add	r3, r3, r2
 3091 0b3e 3B67     		str	r3, [r7, #112]
 3092 0b40 07F58473 		add	r3, r7, #264
 3093 0b44 A3F58473 		sub	r3, r3, #264
 3094 0b48 1B68     		ldr	r3, [r3]
 3095 0b4a 1B78     		ldrb	r3, [r3]	@ zero_extendqisi2
 3096 0b4c 1A01     		lsls	r2, r3, #4
 3097 0b4e 3B6F     		ldr	r3, [r7, #112]
 3098 0b50 1344     		add	r3, r3, r2
 3099 0b52 03F20C43 		addw	r3, r3, #1036
 3100 0b56 FB66     		str	r3, [r7, #108]
 3101 0b58 D7F80431 		ldr	r3, [r7, #260]
 3102 0b5c 9AB2     		uxth	r2, r3
 3103 0b5e FB6E     		ldr	r3, [r7, #108]
 3104 0b60 1A80     		strh	r2, [r3]	@ movhi
 3105              	.L99:
 3106              	.LBE68:
2405:Drivers/STM32F1xx_HAL_Driver/Src/stm32f1xx_ll_usb.c ****           pmabuffer = ep->pmaaddr1;
 3107              		.loc 1 2405 21 is_stmt 1
 3108 0b62 07F58473 		add	r3, r7, #264
 3109 0b66 A3F58473 		sub	r3, r3, #264
 3110 0b6a 1B68     		ldr	r3, [r3]
 3111 0b6c 5B89     		ldrh	r3, [r3, #10]	@ movhi
 3112 0b6e A7F87630 		strh	r3, [r7, #118]	@ movhi
2406:Drivers/STM32F1xx_HAL_Driver/Src/stm32f1xx_ll_usb.c **** 
2407:Drivers/STM32F1xx_HAL_Driver/Src/stm32f1xx_ll_usb.c ****           /* Write the user buffer to USB PMA */
2408:Drivers/STM32F1xx_HAL_Driver/Src/stm32f1xx_ll_usb.c ****           USB_WritePMA(USBx, ep->xfer_buff, pmabuffer, (uint16_t)len);
 3113              		.loc 1 2408 11
 3114 0b72 07F58473 		add	r3, r7, #264
 3115 0b76 A3F58473 		sub	r3, r3, #264
 3116 0b7a 1B68     		ldr	r3, [r3]
 3117 0b7c 5969     		ldr	r1, [r3, #20]
 3118 0b7e D7F80431 		ldr	r3, [r7, #260]
 3119 0b82 9BB2     		uxth	r3, r3
 3120 0b84 B7F87620 		ldrh	r2, [r7, #118]
 3121 0b88 07F58470 		add	r0, r7, #264
 3122 0b8c A0F58270 		sub	r0, r0, #260
 3123 0b90 0068     		ldr	r0, [r0]
 3124 0b92 FFF7FEFF 		bl	USB_WritePMA
 3125 0b96 CAE0     		b	.L63
 3126              	.L95:
2409:Drivers/STM32F1xx_HAL_Driver/Src/stm32f1xx_ll_usb.c ****         }
2410:Drivers/STM32F1xx_HAL_Driver/Src/stm32f1xx_ll_usb.c ****         else
2411:Drivers/STM32F1xx_HAL_Driver/Src/stm32f1xx_ll_usb.c ****         {
2412:Drivers/STM32F1xx_HAL_Driver/Src/stm32f1xx_ll_usb.c ****           /* Set the Double buffer counter for pmabuffer0 */
2413:Drivers/STM32F1xx_HAL_Driver/Src/stm32f1xx_ll_usb.c ****           PCD_SET_EP_DBUF0_CNT(USBx, ep->num, ep->is_in, len);
 3127              		.loc 1 2413 11
 3128 0b98 07F58473 		add	r3, r7, #264
 3129 0b9c A3F58473 		sub	r3, r3, #264
 3130 0ba0 1B68     		ldr	r3, [r3]
 3131 0ba2 5B78     		ldrb	r3, [r3, #1]	@ zero_extendqisi2
 3132 0ba4 002B     		cmp	r3, #0
 3133 0ba6 77D1     		bne	.L102
 3134              	.LBB71:
ARM GAS  /var/folders/xf/tcndk8390ml5xdpfw93qkhpm0000gn/T//cc0WvzGY.s 			page 98


 3135              		.loc 1 2413 11 is_stmt 0 discriminator 1
 3136 0ba8 07F58473 		add	r3, r7, #264
 3137 0bac A3F58273 		sub	r3, r3, #260
 3138 0bb0 1B68     		ldr	r3, [r3]
 3139 0bb2 FB67     		str	r3, [r7, #124]
 3140 0bb4 07F58473 		add	r3, r7, #264
 3141 0bb8 A3F58273 		sub	r3, r3, #260
 3142 0bbc 1B68     		ldr	r3, [r3]
 3143 0bbe B3F85030 		ldrh	r3, [r3, #80]	@ movhi
 3144 0bc2 9BB2     		uxth	r3, r3
 3145 0bc4 1A46     		mov	r2, r3
 3146 0bc6 FB6F     		ldr	r3, [r7, #124]
 3147 0bc8 1344     		add	r3, r3, r2
 3148 0bca FB67     		str	r3, [r7, #124]
 3149 0bcc 07F58473 		add	r3, r7, #264
 3150 0bd0 A3F58473 		sub	r3, r3, #264
 3151 0bd4 1B68     		ldr	r3, [r3]
 3152 0bd6 1B78     		ldrb	r3, [r3]	@ zero_extendqisi2
 3153 0bd8 1A01     		lsls	r2, r3, #4
 3154 0bda FB6F     		ldr	r3, [r7, #124]
 3155 0bdc 1344     		add	r3, r3, r2
 3156 0bde 03F20443 		addw	r3, r3, #1028
 3157 0be2 BB67     		str	r3, [r7, #120]
 3158              	.LBB72:
 3159 0be4 BB6F     		ldr	r3, [r7, #120]
 3160 0be6 1B88     		ldrh	r3, [r3]	@ movhi
 3161 0be8 9BB2     		uxth	r3, r3
 3162 0bea C3F30903 		ubfx	r3, r3, #0, #10
 3163 0bee 9AB2     		uxth	r2, r3
 3164 0bf0 BB6F     		ldr	r3, [r7, #120]
 3165 0bf2 1A80     		strh	r2, [r3]	@ movhi
 3166 0bf4 D7F80431 		ldr	r3, [r7, #260]
 3167 0bf8 3E2B     		cmp	r3, #62
 3168 0bfa 21D9     		bls	.L103
 3169              		.loc 1 2413 11 discriminator 3
 3170 0bfc D7F80431 		ldr	r3, [r7, #260]
 3171 0c00 5B09     		lsrs	r3, r3, #5
 3172 0c02 C7F8EC30 		str	r3, [r7, #236]
 3173 0c06 D7F80431 		ldr	r3, [r7, #260]
 3174 0c0a 03F01F03 		and	r3, r3, #31
 3175 0c0e 002B     		cmp	r3, #0
 3176 0c10 04D1     		bne	.L104
 3177              		.loc 1 2413 11 discriminator 5
 3178 0c12 D7F8EC30 		ldr	r3, [r7, #236]
 3179 0c16 013B     		subs	r3, r3, #1
 3180 0c18 C7F8EC30 		str	r3, [r7, #236]
 3181              	.L104:
 3182              		.loc 1 2413 11 discriminator 7
 3183 0c1c BB6F     		ldr	r3, [r7, #120]
 3184 0c1e 1B88     		ldrh	r3, [r3]	@ movhi
 3185 0c20 9AB2     		uxth	r2, r3
 3186 0c22 D7F8EC30 		ldr	r3, [r7, #236]
 3187 0c26 9BB2     		uxth	r3, r3
 3188 0c28 9B02     		lsls	r3, r3, #10
 3189 0c2a 9BB2     		uxth	r3, r3
 3190 0c2c 1343     		orrs	r3, r3, r2
 3191 0c2e 9BB2     		uxth	r3, r3
ARM GAS  /var/folders/xf/tcndk8390ml5xdpfw93qkhpm0000gn/T//cc0WvzGY.s 			page 99


 3192 0c30 6FEA4343 		mvn	r3, r3, lsl #17
 3193 0c34 6FEA5343 		mvn	r3, r3, lsr #17
 3194 0c38 9AB2     		uxth	r2, r3
 3195 0c3a BB6F     		ldr	r3, [r7, #120]
 3196 0c3c 1A80     		strh	r2, [r3]	@ movhi
 3197 0c3e 5CE0     		b	.L105
 3198              	.L103:
 3199              		.loc 1 2413 11 discriminator 4
 3200 0c40 D7F80431 		ldr	r3, [r7, #260]
 3201 0c44 002B     		cmp	r3, #0
 3202 0c46 0AD1     		bne	.L106
 3203              		.loc 1 2413 11 discriminator 8
 3204 0c48 BB6F     		ldr	r3, [r7, #120]
 3205 0c4a 1B88     		ldrh	r3, [r3]	@ movhi
 3206 0c4c 9BB2     		uxth	r3, r3
 3207 0c4e 6FEA4343 		mvn	r3, r3, lsl #17
 3208 0c52 6FEA5343 		mvn	r3, r3, lsr #17
 3209 0c56 9AB2     		uxth	r2, r3
 3210 0c58 BB6F     		ldr	r3, [r7, #120]
 3211 0c5a 1A80     		strh	r2, [r3]	@ movhi
 3212 0c5c 4DE0     		b	.L105
 3213              	.L106:
 3214              		.loc 1 2413 11 discriminator 9
 3215 0c5e D7F80431 		ldr	r3, [r7, #260]
 3216 0c62 5B08     		lsrs	r3, r3, #1
 3217 0c64 C7F8EC30 		str	r3, [r7, #236]
 3218 0c68 D7F80431 		ldr	r3, [r7, #260]
 3219 0c6c 03F00103 		and	r3, r3, #1
 3220 0c70 002B     		cmp	r3, #0
 3221 0c72 04D0     		beq	.L107
 3222              		.loc 1 2413 11 discriminator 10
 3223 0c74 D7F8EC30 		ldr	r3, [r7, #236]
 3224 0c78 0133     		adds	r3, r3, #1
 3225 0c7a C7F8EC30 		str	r3, [r7, #236]
 3226              	.L107:
 3227              		.loc 1 2413 11 discriminator 12
 3228 0c7e BB6F     		ldr	r3, [r7, #120]
 3229 0c80 1B88     		ldrh	r3, [r3]	@ movhi
 3230 0c82 9AB2     		uxth	r2, r3
 3231 0c84 D7F8EC30 		ldr	r3, [r7, #236]
 3232 0c88 9BB2     		uxth	r3, r3
 3233 0c8a 9B02     		lsls	r3, r3, #10
 3234 0c8c 9BB2     		uxth	r3, r3
 3235 0c8e 1343     		orrs	r3, r3, r2
 3236 0c90 9AB2     		uxth	r2, r3
 3237 0c92 BB6F     		ldr	r3, [r7, #120]
 3238 0c94 1A80     		strh	r2, [r3]	@ movhi
 3239 0c96 30E0     		b	.L105
 3240              	.L102:
 3241              	.LBE72:
 3242              	.LBE71:
 3243              		.loc 1 2413 11 discriminator 2
 3244 0c98 07F58473 		add	r3, r7, #264
 3245 0c9c A3F58473 		sub	r3, r3, #264
 3246 0ca0 1B68     		ldr	r3, [r3]
 3247 0ca2 5B78     		ldrb	r3, [r3, #1]	@ zero_extendqisi2
 3248 0ca4 012B     		cmp	r3, #1
ARM GAS  /var/folders/xf/tcndk8390ml5xdpfw93qkhpm0000gn/T//cc0WvzGY.s 			page 100


 3249 0ca6 28D1     		bne	.L105
 3250              	.LBB73:
 3251              		.loc 1 2413 11 discriminator 13
 3252 0ca8 07F58473 		add	r3, r7, #264
 3253 0cac A3F58273 		sub	r3, r3, #260
 3254 0cb0 1B68     		ldr	r3, [r3]
 3255 0cb2 C7F88430 		str	r3, [r7, #132]
 3256 0cb6 07F58473 		add	r3, r7, #264
 3257 0cba A3F58273 		sub	r3, r3, #260
 3258 0cbe 1B68     		ldr	r3, [r3]
 3259 0cc0 B3F85030 		ldrh	r3, [r3, #80]	@ movhi
 3260 0cc4 9BB2     		uxth	r3, r3
 3261 0cc6 1A46     		mov	r2, r3
 3262 0cc8 D7F88430 		ldr	r3, [r7, #132]
 3263 0ccc 1344     		add	r3, r3, r2
 3264 0cce C7F88430 		str	r3, [r7, #132]
 3265 0cd2 07F58473 		add	r3, r7, #264
 3266 0cd6 A3F58473 		sub	r3, r3, #264
 3267 0cda 1B68     		ldr	r3, [r3]
 3268 0cdc 1B78     		ldrb	r3, [r3]	@ zero_extendqisi2
 3269 0cde 1A01     		lsls	r2, r3, #4
 3270 0ce0 D7F88430 		ldr	r3, [r7, #132]
 3271 0ce4 1344     		add	r3, r3, r2
 3272 0ce6 03F20443 		addw	r3, r3, #1028
 3273 0cea C7F88030 		str	r3, [r7, #128]
 3274 0cee D7F80431 		ldr	r3, [r7, #260]
 3275 0cf2 9AB2     		uxth	r2, r3
 3276 0cf4 D7F88030 		ldr	r3, [r7, #128]
 3277 0cf8 1A80     		strh	r2, [r3]	@ movhi
 3278              	.L105:
 3279              	.LBE73:
2414:Drivers/STM32F1xx_HAL_Driver/Src/stm32f1xx_ll_usb.c ****           pmabuffer = ep->pmaaddr0;
 3280              		.loc 1 2414 21 is_stmt 1
 3281 0cfa 07F58473 		add	r3, r7, #264
 3282 0cfe A3F58473 		sub	r3, r3, #264
 3283 0d02 1B68     		ldr	r3, [r3]
 3284 0d04 1B89     		ldrh	r3, [r3, #8]	@ movhi
 3285 0d06 A7F87630 		strh	r3, [r7, #118]	@ movhi
2415:Drivers/STM32F1xx_HAL_Driver/Src/stm32f1xx_ll_usb.c **** 
2416:Drivers/STM32F1xx_HAL_Driver/Src/stm32f1xx_ll_usb.c ****           /* Write the user buffer to USB PMA */
2417:Drivers/STM32F1xx_HAL_Driver/Src/stm32f1xx_ll_usb.c ****           USB_WritePMA(USBx, ep->xfer_buff, pmabuffer, (uint16_t)len);
 3286              		.loc 1 2417 11
 3287 0d0a 07F58473 		add	r3, r7, #264
 3288 0d0e A3F58473 		sub	r3, r3, #264
 3289 0d12 1B68     		ldr	r3, [r3]
 3290 0d14 5969     		ldr	r1, [r3, #20]
 3291 0d16 D7F80431 		ldr	r3, [r7, #260]
 3292 0d1a 9BB2     		uxth	r3, r3
 3293 0d1c B7F87620 		ldrh	r2, [r7, #118]
 3294 0d20 07F58470 		add	r0, r7, #264
 3295 0d24 A0F58270 		sub	r0, r0, #260
 3296 0d28 0068     		ldr	r0, [r0]
 3297 0d2a FFF7FEFF 		bl	USB_WritePMA
 3298              	.L63:
 3299              	.LBB74:
2418:Drivers/STM32F1xx_HAL_Driver/Src/stm32f1xx_ll_usb.c ****         }
2419:Drivers/STM32F1xx_HAL_Driver/Src/stm32f1xx_ll_usb.c ****       }
ARM GAS  /var/folders/xf/tcndk8390ml5xdpfw93qkhpm0000gn/T//cc0WvzGY.s 			page 101


2420:Drivers/STM32F1xx_HAL_Driver/Src/stm32f1xx_ll_usb.c ****     }
2421:Drivers/STM32F1xx_HAL_Driver/Src/stm32f1xx_ll_usb.c **** #endif /* (USE_USB_DOUBLE_BUFFER == 1U) */
2422:Drivers/STM32F1xx_HAL_Driver/Src/stm32f1xx_ll_usb.c **** 
2423:Drivers/STM32F1xx_HAL_Driver/Src/stm32f1xx_ll_usb.c ****     PCD_SET_EP_TX_STATUS(USBx, ep->num, USB_EP_TX_VALID);
 3300              		.loc 1 2423 5
 3301 0d2e 07F58473 		add	r3, r7, #264
 3302 0d32 A3F58273 		sub	r3, r3, #260
 3303 0d36 1A68     		ldr	r2, [r3]
 3304 0d38 07F58473 		add	r3, r7, #264
 3305 0d3c A3F58473 		sub	r3, r3, #264
 3306 0d40 1B68     		ldr	r3, [r3]
 3307 0d42 1B78     		ldrb	r3, [r3]	@ zero_extendqisi2
 3308 0d44 9B00     		lsls	r3, r3, #2
 3309 0d46 1344     		add	r3, r3, r2
 3310 0d48 1B88     		ldrh	r3, [r3]	@ movhi
 3311 0d4a 9BB2     		uxth	r3, r3
 3312 0d4c 23F4E043 		bic	r3, r3, #28672
 3313 0d50 23F04003 		bic	r3, r3, #64
 3314 0d54 7B81     		strh	r3, [r7, #10]	@ movhi
 3315 0d56 7B89     		ldrh	r3, [r7, #10]	@ movhi
 3316 0d58 83F01003 		eor	r3, r3, #16
 3317 0d5c 7B81     		strh	r3, [r7, #10]	@ movhi
 3318 0d5e 7B89     		ldrh	r3, [r7, #10]	@ movhi
 3319 0d60 83F02003 		eor	r3, r3, #32
 3320 0d64 7B81     		strh	r3, [r7, #10]	@ movhi
 3321 0d66 07F58473 		add	r3, r7, #264
 3322 0d6a A3F58273 		sub	r3, r3, #260
 3323 0d6e 1A68     		ldr	r2, [r3]
 3324 0d70 07F58473 		add	r3, r7, #264
 3325 0d74 A3F58473 		sub	r3, r3, #264
 3326 0d78 1B68     		ldr	r3, [r3]
 3327 0d7a 1B78     		ldrb	r3, [r3]	@ zero_extendqisi2
 3328 0d7c 9B00     		lsls	r3, r3, #2
 3329 0d7e 1A44     		add	r2, r2, r3
 3330 0d80 7B89     		ldrh	r3, [r7, #10]	@ movhi
 3331 0d82 43F07F43 		orr	r3, r3, #-16777216
 3332 0d86 43F47F03 		orr	r3, r3, #16711680
 3333 0d8a 43F40043 		orr	r3, r3, #32768
 3334 0d8e 43F08003 		orr	r3, r3, #128
 3335 0d92 9BB2     		uxth	r3, r3
 3336 0d94 1380     		strh	r3, [r2]	@ movhi
 3337              	.LBE74:
 3338 0d96 00F0DEBC 		b	.L108
 3339              	.L59:
2424:Drivers/STM32F1xx_HAL_Driver/Src/stm32f1xx_ll_usb.c ****   }
2425:Drivers/STM32F1xx_HAL_Driver/Src/stm32f1xx_ll_usb.c ****   else /* OUT endpoint */
2426:Drivers/STM32F1xx_HAL_Driver/Src/stm32f1xx_ll_usb.c ****   {
2427:Drivers/STM32F1xx_HAL_Driver/Src/stm32f1xx_ll_usb.c ****     if (ep->doublebuffer == 0U)
 3340              		.loc 1 2427 11
 3341 0d9a 07F58473 		add	r3, r7, #264
 3342 0d9e A3F58473 		sub	r3, r3, #264
 3343 0da2 1B68     		ldr	r3, [r3]
 3344 0da4 1B7B     		ldrb	r3, [r3, #12]	@ zero_extendqisi2
 3345              		.loc 1 2427 8
 3346 0da6 002B     		cmp	r3, #0
 3347 0da8 40F0BB80 		bne	.L109
2428:Drivers/STM32F1xx_HAL_Driver/Src/stm32f1xx_ll_usb.c ****     {
ARM GAS  /var/folders/xf/tcndk8390ml5xdpfw93qkhpm0000gn/T//cc0WvzGY.s 			page 102


2429:Drivers/STM32F1xx_HAL_Driver/Src/stm32f1xx_ll_usb.c ****       /* Multi packet transfer */
2430:Drivers/STM32F1xx_HAL_Driver/Src/stm32f1xx_ll_usb.c ****       if (ep->xfer_len > ep->maxpacket)
 3348              		.loc 1 2430 13
 3349 0dac 07F58473 		add	r3, r7, #264
 3350 0db0 A3F58473 		sub	r3, r3, #264
 3351 0db4 1B68     		ldr	r3, [r3]
 3352 0db6 9A69     		ldr	r2, [r3, #24]
 3353              		.loc 1 2430 28
 3354 0db8 07F58473 		add	r3, r7, #264
 3355 0dbc A3F58473 		sub	r3, r3, #264
 3356 0dc0 1B68     		ldr	r3, [r3]
 3357 0dc2 1B69     		ldr	r3, [r3, #16]
 3358              		.loc 1 2430 10
 3359 0dc4 9A42     		cmp	r2, r3
 3360 0dc6 17D9     		bls	.L110
2431:Drivers/STM32F1xx_HAL_Driver/Src/stm32f1xx_ll_usb.c ****       {
2432:Drivers/STM32F1xx_HAL_Driver/Src/stm32f1xx_ll_usb.c ****         len = ep->maxpacket;
 3361              		.loc 1 2432 13
 3362 0dc8 07F58473 		add	r3, r7, #264
 3363 0dcc A3F58473 		sub	r3, r3, #264
 3364 0dd0 1B68     		ldr	r3, [r3]
 3365 0dd2 1B69     		ldr	r3, [r3, #16]
 3366 0dd4 C7F80431 		str	r3, [r7, #260]
2433:Drivers/STM32F1xx_HAL_Driver/Src/stm32f1xx_ll_usb.c ****         ep->xfer_len -= len;
 3367              		.loc 1 2433 22
 3368 0dd8 07F58473 		add	r3, r7, #264
 3369 0ddc A3F58473 		sub	r3, r3, #264
 3370 0de0 1B68     		ldr	r3, [r3]
 3371 0de2 9A69     		ldr	r2, [r3, #24]
 3372 0de4 D7F80431 		ldr	r3, [r7, #260]
 3373 0de8 D21A     		subs	r2, r2, r3
 3374 0dea 07F58473 		add	r3, r7, #264
 3375 0dee A3F58473 		sub	r3, r3, #264
 3376 0df2 1B68     		ldr	r3, [r3]
 3377 0df4 9A61     		str	r2, [r3, #24]
 3378 0df6 0EE0     		b	.L111
 3379              	.L110:
2434:Drivers/STM32F1xx_HAL_Driver/Src/stm32f1xx_ll_usb.c ****       }
2435:Drivers/STM32F1xx_HAL_Driver/Src/stm32f1xx_ll_usb.c ****       else
2436:Drivers/STM32F1xx_HAL_Driver/Src/stm32f1xx_ll_usb.c ****       {
2437:Drivers/STM32F1xx_HAL_Driver/Src/stm32f1xx_ll_usb.c ****         len = ep->xfer_len;
 3380              		.loc 1 2437 13
 3381 0df8 07F58473 		add	r3, r7, #264
 3382 0dfc A3F58473 		sub	r3, r3, #264
 3383 0e00 1B68     		ldr	r3, [r3]
 3384 0e02 9B69     		ldr	r3, [r3, #24]
 3385 0e04 C7F80431 		str	r3, [r7, #260]
2438:Drivers/STM32F1xx_HAL_Driver/Src/stm32f1xx_ll_usb.c ****         ep->xfer_len = 0U;
 3386              		.loc 1 2438 22
 3387 0e08 07F58473 		add	r3, r7, #264
 3388 0e0c A3F58473 		sub	r3, r3, #264
 3389 0e10 1B68     		ldr	r3, [r3]
 3390 0e12 0022     		movs	r2, #0
 3391 0e14 9A61     		str	r2, [r3, #24]
 3392              	.L111:
 3393              	.LBB75:
2439:Drivers/STM32F1xx_HAL_Driver/Src/stm32f1xx_ll_usb.c ****       }
ARM GAS  /var/folders/xf/tcndk8390ml5xdpfw93qkhpm0000gn/T//cc0WvzGY.s 			page 103


2440:Drivers/STM32F1xx_HAL_Driver/Src/stm32f1xx_ll_usb.c ****       /* configure and validate Rx endpoint */
2441:Drivers/STM32F1xx_HAL_Driver/Src/stm32f1xx_ll_usb.c ****       PCD_SET_EP_RX_CNT(USBx, ep->num, len);
 3394              		.loc 1 2441 7
 3395 0e16 07F58473 		add	r3, r7, #264
 3396 0e1a A3F58273 		sub	r3, r3, #260
 3397 0e1e 1B68     		ldr	r3, [r3]
 3398 0e20 C7F89030 		str	r3, [r7, #144]
 3399 0e24 07F58473 		add	r3, r7, #264
 3400 0e28 A3F58273 		sub	r3, r3, #260
 3401 0e2c 1B68     		ldr	r3, [r3]
 3402 0e2e B3F85030 		ldrh	r3, [r3, #80]	@ movhi
 3403 0e32 9BB2     		uxth	r3, r3
 3404 0e34 1A46     		mov	r2, r3
 3405 0e36 D7F89030 		ldr	r3, [r7, #144]
 3406 0e3a 1344     		add	r3, r3, r2
 3407 0e3c C7F89030 		str	r3, [r7, #144]
 3408 0e40 07F58473 		add	r3, r7, #264
 3409 0e44 A3F58473 		sub	r3, r3, #264
 3410 0e48 1B68     		ldr	r3, [r3]
 3411 0e4a 1B78     		ldrb	r3, [r3]	@ zero_extendqisi2
 3412 0e4c 1A01     		lsls	r2, r3, #4
 3413 0e4e D7F89030 		ldr	r3, [r7, #144]
 3414 0e52 1344     		add	r3, r3, r2
 3415 0e54 03F20C43 		addw	r3, r3, #1036
 3416 0e58 C7F88C30 		str	r3, [r7, #140]
 3417              	.LBB76:
 3418 0e5c D7F88C30 		ldr	r3, [r7, #140]
 3419 0e60 1B88     		ldrh	r3, [r3]	@ movhi
 3420 0e62 9BB2     		uxth	r3, r3
 3421 0e64 C3F30903 		ubfx	r3, r3, #0, #10
 3422 0e68 9AB2     		uxth	r2, r3
 3423 0e6a D7F88C30 		ldr	r3, [r7, #140]
 3424 0e6e 1A80     		strh	r2, [r3]	@ movhi
 3425 0e70 D7F80431 		ldr	r3, [r7, #260]
 3426 0e74 3E2B     		cmp	r3, #62
 3427 0e76 24D9     		bls	.L112
 3428              		.loc 1 2441 7 is_stmt 0 discriminator 1
 3429 0e78 D7F80431 		ldr	r3, [r7, #260]
 3430 0e7c 5B09     		lsrs	r3, r3, #5
 3431 0e7e C7F8E830 		str	r3, [r7, #232]
 3432 0e82 D7F80431 		ldr	r3, [r7, #260]
 3433 0e86 03F01F03 		and	r3, r3, #31
 3434 0e8a 002B     		cmp	r3, #0
 3435 0e8c 04D1     		bne	.L113
 3436              		.loc 1 2441 7 discriminator 3
 3437 0e8e D7F8E830 		ldr	r3, [r7, #232]
 3438 0e92 013B     		subs	r3, r3, #1
 3439 0e94 C7F8E830 		str	r3, [r7, #232]
 3440              	.L113:
 3441              		.loc 1 2441 7 discriminator 5
 3442 0e98 D7F88C30 		ldr	r3, [r7, #140]
 3443 0e9c 1B88     		ldrh	r3, [r3]	@ movhi
 3444 0e9e 9AB2     		uxth	r2, r3
 3445 0ea0 D7F8E830 		ldr	r3, [r7, #232]
 3446 0ea4 9BB2     		uxth	r3, r3
 3447 0ea6 9B02     		lsls	r3, r3, #10
 3448 0ea8 9BB2     		uxth	r3, r3
ARM GAS  /var/folders/xf/tcndk8390ml5xdpfw93qkhpm0000gn/T//cc0WvzGY.s 			page 104


 3449 0eaa 1343     		orrs	r3, r3, r2
 3450 0eac 9BB2     		uxth	r3, r3
 3451 0eae 6FEA4343 		mvn	r3, r3, lsl #17
 3452 0eb2 6FEA5343 		mvn	r3, r3, lsr #17
 3453 0eb6 9AB2     		uxth	r2, r3
 3454 0eb8 D7F88C30 		ldr	r3, [r7, #140]
 3455 0ebc 1A80     		strh	r2, [r3]	@ movhi
 3456 0ebe 00F010BC 		b	.L114
 3457              	.L112:
 3458              		.loc 1 2441 7 discriminator 2
 3459 0ec2 D7F80431 		ldr	r3, [r7, #260]
 3460 0ec6 002B     		cmp	r3, #0
 3461 0ec8 0CD1     		bne	.L115
 3462              		.loc 1 2441 7 discriminator 6
 3463 0eca D7F88C30 		ldr	r3, [r7, #140]
 3464 0ece 1B88     		ldrh	r3, [r3]	@ movhi
 3465 0ed0 9BB2     		uxth	r3, r3
 3466 0ed2 6FEA4343 		mvn	r3, r3, lsl #17
 3467 0ed6 6FEA5343 		mvn	r3, r3, lsr #17
 3468 0eda 9AB2     		uxth	r2, r3
 3469 0edc D7F88C30 		ldr	r3, [r7, #140]
 3470 0ee0 1A80     		strh	r2, [r3]	@ movhi
 3471 0ee2 FEE3     		b	.L114
 3472              	.L115:
 3473              		.loc 1 2441 7 discriminator 7
 3474 0ee4 D7F80431 		ldr	r3, [r7, #260]
 3475 0ee8 5B08     		lsrs	r3, r3, #1
 3476 0eea C7F8E830 		str	r3, [r7, #232]
 3477 0eee D7F80431 		ldr	r3, [r7, #260]
 3478 0ef2 03F00103 		and	r3, r3, #1
 3479 0ef6 002B     		cmp	r3, #0
 3480 0ef8 04D0     		beq	.L116
 3481              		.loc 1 2441 7 discriminator 8
 3482 0efa D7F8E830 		ldr	r3, [r7, #232]
 3483 0efe 0133     		adds	r3, r3, #1
 3484 0f00 C7F8E830 		str	r3, [r7, #232]
 3485              	.L116:
 3486              		.loc 1 2441 7 discriminator 10
 3487 0f04 D7F88C30 		ldr	r3, [r7, #140]
 3488 0f08 1B88     		ldrh	r3, [r3]	@ movhi
 3489 0f0a 9AB2     		uxth	r2, r3
 3490 0f0c D7F8E830 		ldr	r3, [r7, #232]
 3491 0f10 9BB2     		uxth	r3, r3
 3492 0f12 9B02     		lsls	r3, r3, #10
 3493 0f14 9BB2     		uxth	r3, r3
 3494 0f16 1343     		orrs	r3, r3, r2
 3495 0f18 9AB2     		uxth	r2, r3
 3496 0f1a D7F88C30 		ldr	r3, [r7, #140]
 3497 0f1e 1A80     		strh	r2, [r3]	@ movhi
 3498 0f20 DFE3     		b	.L114
 3499              	.L109:
 3500              	.LBE76:
 3501              	.LBE75:
2442:Drivers/STM32F1xx_HAL_Driver/Src/stm32f1xx_ll_usb.c ****     }
2443:Drivers/STM32F1xx_HAL_Driver/Src/stm32f1xx_ll_usb.c **** #if (USE_USB_DOUBLE_BUFFER == 1U)
2444:Drivers/STM32F1xx_HAL_Driver/Src/stm32f1xx_ll_usb.c ****     else
2445:Drivers/STM32F1xx_HAL_Driver/Src/stm32f1xx_ll_usb.c ****     {
ARM GAS  /var/folders/xf/tcndk8390ml5xdpfw93qkhpm0000gn/T//cc0WvzGY.s 			page 105


2446:Drivers/STM32F1xx_HAL_Driver/Src/stm32f1xx_ll_usb.c ****       /* First Transfer Coming From HAL_PCD_EP_Receive & From ISR */
2447:Drivers/STM32F1xx_HAL_Driver/Src/stm32f1xx_ll_usb.c ****       /* Set the Double buffer counter */
2448:Drivers/STM32F1xx_HAL_Driver/Src/stm32f1xx_ll_usb.c ****       if (ep->type == EP_TYPE_BULK)
 3502              		.loc 1 2448 13 is_stmt 1
 3503 0f22 07F58473 		add	r3, r7, #264
 3504 0f26 A3F58473 		sub	r3, r3, #264
 3505 0f2a 1B68     		ldr	r3, [r3]
 3506 0f2c DB78     		ldrb	r3, [r3, #3]	@ zero_extendqisi2
 3507              		.loc 1 2448 10
 3508 0f2e 022B     		cmp	r3, #2
 3509 0f30 40F01882 		bne	.L117
2449:Drivers/STM32F1xx_HAL_Driver/Src/stm32f1xx_ll_usb.c ****       {
2450:Drivers/STM32F1xx_HAL_Driver/Src/stm32f1xx_ll_usb.c ****         PCD_SET_EP_DBUF_CNT(USBx, ep->num, ep->is_in, ep->maxpacket);
 3510              		.loc 1 2450 9
 3511 0f34 07F58473 		add	r3, r7, #264
 3512 0f38 A3F58473 		sub	r3, r3, #264
 3513 0f3c 1B68     		ldr	r3, [r3]
 3514 0f3e 5B78     		ldrb	r3, [r3, #1]	@ zero_extendqisi2
 3515 0f40 002B     		cmp	r3, #0
 3516 0f42 40F09D80 		bne	.L118
 3517              	.LBB77:
 3518              		.loc 1 2450 9 is_stmt 0 discriminator 1
 3519 0f46 07F58473 		add	r3, r7, #264
 3520 0f4a A3F58273 		sub	r3, r3, #260
 3521 0f4e 1B68     		ldr	r3, [r3]
 3522 0f50 C7F8AC30 		str	r3, [r7, #172]
 3523 0f54 07F58473 		add	r3, r7, #264
 3524 0f58 A3F58273 		sub	r3, r3, #260
 3525 0f5c 1B68     		ldr	r3, [r3]
 3526 0f5e B3F85030 		ldrh	r3, [r3, #80]	@ movhi
 3527 0f62 9BB2     		uxth	r3, r3
 3528 0f64 1A46     		mov	r2, r3
 3529 0f66 D7F8AC30 		ldr	r3, [r7, #172]
 3530 0f6a 1344     		add	r3, r3, r2
 3531 0f6c C7F8AC30 		str	r3, [r7, #172]
 3532 0f70 07F58473 		add	r3, r7, #264
 3533 0f74 A3F58473 		sub	r3, r3, #264
 3534 0f78 1B68     		ldr	r3, [r3]
 3535 0f7a 1B78     		ldrb	r3, [r3]	@ zero_extendqisi2
 3536 0f7c 1A01     		lsls	r2, r3, #4
 3537 0f7e D7F8AC30 		ldr	r3, [r7, #172]
 3538 0f82 1344     		add	r3, r3, r2
 3539 0f84 03F20443 		addw	r3, r3, #1028
 3540 0f88 C7F8A830 		str	r3, [r7, #168]
 3541              	.LBB78:
 3542 0f8c D7F8A830 		ldr	r3, [r7, #168]
 3543 0f90 1B88     		ldrh	r3, [r3]	@ movhi
 3544 0f92 9BB2     		uxth	r3, r3
 3545 0f94 C3F30903 		ubfx	r3, r3, #0, #10
 3546 0f98 9AB2     		uxth	r2, r3
 3547 0f9a D7F8A830 		ldr	r3, [r7, #168]
 3548 0f9e 1A80     		strh	r2, [r3]	@ movhi
 3549 0fa0 07F58473 		add	r3, r7, #264
 3550 0fa4 A3F58473 		sub	r3, r3, #264
 3551 0fa8 1B68     		ldr	r3, [r3]
 3552 0faa 1B69     		ldr	r3, [r3, #16]
 3553 0fac 3E2B     		cmp	r3, #62
ARM GAS  /var/folders/xf/tcndk8390ml5xdpfw93qkhpm0000gn/T//cc0WvzGY.s 			page 106


 3554 0fae 2BD9     		bls	.L119
 3555              		.loc 1 2450 9 discriminator 3
 3556 0fb0 07F58473 		add	r3, r7, #264
 3557 0fb4 A3F58473 		sub	r3, r3, #264
 3558 0fb8 1B68     		ldr	r3, [r3]
 3559 0fba 1B69     		ldr	r3, [r3, #16]
 3560 0fbc 5B09     		lsrs	r3, r3, #5
 3561 0fbe C7F8E430 		str	r3, [r7, #228]
 3562 0fc2 07F58473 		add	r3, r7, #264
 3563 0fc6 A3F58473 		sub	r3, r3, #264
 3564 0fca 1B68     		ldr	r3, [r3]
 3565 0fcc 1B69     		ldr	r3, [r3, #16]
 3566 0fce 03F01F03 		and	r3, r3, #31
 3567 0fd2 002B     		cmp	r3, #0
 3568 0fd4 04D1     		bne	.L120
 3569              		.loc 1 2450 9 discriminator 5
 3570 0fd6 D7F8E430 		ldr	r3, [r7, #228]
 3571 0fda 013B     		subs	r3, r3, #1
 3572 0fdc C7F8E430 		str	r3, [r7, #228]
 3573              	.L120:
 3574              		.loc 1 2450 9 discriminator 7
 3575 0fe0 D7F8A830 		ldr	r3, [r7, #168]
 3576 0fe4 1B88     		ldrh	r3, [r3]	@ movhi
 3577 0fe6 9AB2     		uxth	r2, r3
 3578 0fe8 D7F8E430 		ldr	r3, [r7, #228]
 3579 0fec 9BB2     		uxth	r3, r3
 3580 0fee 9B02     		lsls	r3, r3, #10
 3581 0ff0 9BB2     		uxth	r3, r3
 3582 0ff2 1343     		orrs	r3, r3, r2
 3583 0ff4 9BB2     		uxth	r3, r3
 3584 0ff6 6FEA4343 		mvn	r3, r3, lsl #17
 3585 0ffa 6FEA5343 		mvn	r3, r3, lsr #17
 3586 0ffe 9AB2     		uxth	r2, r3
 3587 1000 D7F8A830 		ldr	r3, [r7, #168]
 3588 1004 1A80     		strh	r2, [r3]	@ movhi
 3589 1006 70E0     		b	.L121
 3590              	.L119:
 3591              		.loc 1 2450 9 discriminator 4
 3592 1008 07F58473 		add	r3, r7, #264
 3593 100c A3F58473 		sub	r3, r3, #264
 3594 1010 1B68     		ldr	r3, [r3]
 3595 1012 1B69     		ldr	r3, [r3, #16]
 3596 1014 002B     		cmp	r3, #0
 3597 1016 0CD1     		bne	.L122
 3598              		.loc 1 2450 9 discriminator 8
 3599 1018 D7F8A830 		ldr	r3, [r7, #168]
 3600 101c 1B88     		ldrh	r3, [r3]	@ movhi
 3601 101e 9BB2     		uxth	r3, r3
 3602 1020 6FEA4343 		mvn	r3, r3, lsl #17
 3603 1024 6FEA5343 		mvn	r3, r3, lsr #17
 3604 1028 9AB2     		uxth	r2, r3
 3605 102a D7F8A830 		ldr	r3, [r7, #168]
 3606 102e 1A80     		strh	r2, [r3]	@ movhi
 3607 1030 5BE0     		b	.L121
 3608              	.L122:
 3609              		.loc 1 2450 9 discriminator 9
 3610 1032 07F58473 		add	r3, r7, #264
ARM GAS  /var/folders/xf/tcndk8390ml5xdpfw93qkhpm0000gn/T//cc0WvzGY.s 			page 107


 3611 1036 A3F58473 		sub	r3, r3, #264
 3612 103a 1B68     		ldr	r3, [r3]
 3613 103c 1B69     		ldr	r3, [r3, #16]
 3614 103e 5B08     		lsrs	r3, r3, #1
 3615 1040 C7F8E430 		str	r3, [r7, #228]
 3616 1044 07F58473 		add	r3, r7, #264
 3617 1048 A3F58473 		sub	r3, r3, #264
 3618 104c 1B68     		ldr	r3, [r3]
 3619 104e 1B69     		ldr	r3, [r3, #16]
 3620 1050 03F00103 		and	r3, r3, #1
 3621 1054 002B     		cmp	r3, #0
 3622 1056 04D0     		beq	.L123
 3623              		.loc 1 2450 9 discriminator 10
 3624 1058 D7F8E430 		ldr	r3, [r7, #228]
 3625 105c 0133     		adds	r3, r3, #1
 3626 105e C7F8E430 		str	r3, [r7, #228]
 3627              	.L123:
 3628              		.loc 1 2450 9 discriminator 12
 3629 1062 D7F8A830 		ldr	r3, [r7, #168]
 3630 1066 1B88     		ldrh	r3, [r3]	@ movhi
 3631 1068 9AB2     		uxth	r2, r3
 3632 106a D7F8E430 		ldr	r3, [r7, #228]
 3633 106e 9BB2     		uxth	r3, r3
 3634 1070 9B02     		lsls	r3, r3, #10
 3635 1072 9BB2     		uxth	r3, r3
 3636 1074 1343     		orrs	r3, r3, r2
 3637 1076 9AB2     		uxth	r2, r3
 3638 1078 D7F8A830 		ldr	r3, [r7, #168]
 3639 107c 1A80     		strh	r2, [r3]	@ movhi
 3640 107e 34E0     		b	.L121
 3641              	.L118:
 3642              	.LBE78:
 3643              	.LBE77:
 3644              		.loc 1 2450 9 discriminator 2
 3645 1080 07F58473 		add	r3, r7, #264
 3646 1084 A3F58473 		sub	r3, r3, #264
 3647 1088 1B68     		ldr	r3, [r3]
 3648 108a 5B78     		ldrb	r3, [r3, #1]	@ zero_extendqisi2
 3649 108c 012B     		cmp	r3, #1
 3650 108e 2CD1     		bne	.L121
 3651              	.LBB79:
 3652              		.loc 1 2450 9 discriminator 13
 3653 1090 07F58473 		add	r3, r7, #264
 3654 1094 A3F58273 		sub	r3, r3, #260
 3655 1098 1B68     		ldr	r3, [r3]
 3656 109a C7F8B430 		str	r3, [r7, #180]
 3657 109e 07F58473 		add	r3, r7, #264
 3658 10a2 A3F58273 		sub	r3, r3, #260
 3659 10a6 1B68     		ldr	r3, [r3]
 3660 10a8 B3F85030 		ldrh	r3, [r3, #80]	@ movhi
 3661 10ac 9BB2     		uxth	r3, r3
 3662 10ae 1A46     		mov	r2, r3
 3663 10b0 D7F8B430 		ldr	r3, [r7, #180]
 3664 10b4 1344     		add	r3, r3, r2
 3665 10b6 C7F8B430 		str	r3, [r7, #180]
 3666 10ba 07F58473 		add	r3, r7, #264
 3667 10be A3F58473 		sub	r3, r3, #264
ARM GAS  /var/folders/xf/tcndk8390ml5xdpfw93qkhpm0000gn/T//cc0WvzGY.s 			page 108


 3668 10c2 1B68     		ldr	r3, [r3]
 3669 10c4 1B78     		ldrb	r3, [r3]	@ zero_extendqisi2
 3670 10c6 1A01     		lsls	r2, r3, #4
 3671 10c8 D7F8B430 		ldr	r3, [r7, #180]
 3672 10cc 1344     		add	r3, r3, r2
 3673 10ce 03F20443 		addw	r3, r3, #1028
 3674 10d2 C7F8B030 		str	r3, [r7, #176]
 3675 10d6 07F58473 		add	r3, r7, #264
 3676 10da A3F58473 		sub	r3, r3, #264
 3677 10de 1B68     		ldr	r3, [r3]
 3678 10e0 1B69     		ldr	r3, [r3, #16]
 3679 10e2 9AB2     		uxth	r2, r3
 3680 10e4 D7F8B030 		ldr	r3, [r7, #176]
 3681 10e8 1A80     		strh	r2, [r3]	@ movhi
 3682              	.L121:
 3683              	.LBE79:
 3684              	.LBB80:
 3685              		.loc 1 2450 9 discriminator 15
 3686 10ea 07F58473 		add	r3, r7, #264
 3687 10ee A3F58273 		sub	r3, r3, #260
 3688 10f2 1B68     		ldr	r3, [r3]
 3689 10f4 C7F8A430 		str	r3, [r7, #164]
 3690 10f8 07F58473 		add	r3, r7, #264
 3691 10fc A3F58473 		sub	r3, r3, #264
 3692 1100 1B68     		ldr	r3, [r3]
 3693 1102 5B78     		ldrb	r3, [r3, #1]	@ zero_extendqisi2
 3694 1104 002B     		cmp	r3, #0
 3695 1106 40F09D80 		bne	.L124
 3696              	.LBB81:
 3697              		.loc 1 2450 9 discriminator 16
 3698 110a 07F58473 		add	r3, r7, #264
 3699 110e A3F58273 		sub	r3, r3, #260
 3700 1112 1B68     		ldr	r3, [r3]
 3701 1114 C7F89C30 		str	r3, [r7, #156]
 3702 1118 07F58473 		add	r3, r7, #264
 3703 111c A3F58273 		sub	r3, r3, #260
 3704 1120 1B68     		ldr	r3, [r3]
 3705 1122 B3F85030 		ldrh	r3, [r3, #80]	@ movhi
 3706 1126 9BB2     		uxth	r3, r3
 3707 1128 1A46     		mov	r2, r3
 3708 112a D7F89C30 		ldr	r3, [r7, #156]
 3709 112e 1344     		add	r3, r3, r2
 3710 1130 C7F89C30 		str	r3, [r7, #156]
 3711 1134 07F58473 		add	r3, r7, #264
 3712 1138 A3F58473 		sub	r3, r3, #264
 3713 113c 1B68     		ldr	r3, [r3]
 3714 113e 1B78     		ldrb	r3, [r3]	@ zero_extendqisi2
 3715 1140 1A01     		lsls	r2, r3, #4
 3716 1142 D7F89C30 		ldr	r3, [r7, #156]
 3717 1146 1344     		add	r3, r3, r2
 3718 1148 03F20C43 		addw	r3, r3, #1036
 3719 114c C7F89830 		str	r3, [r7, #152]
 3720              	.LBB82:
 3721 1150 D7F89830 		ldr	r3, [r7, #152]
 3722 1154 1B88     		ldrh	r3, [r3]	@ movhi
 3723 1156 9BB2     		uxth	r3, r3
 3724 1158 C3F30903 		ubfx	r3, r3, #0, #10
ARM GAS  /var/folders/xf/tcndk8390ml5xdpfw93qkhpm0000gn/T//cc0WvzGY.s 			page 109


 3725 115c 9AB2     		uxth	r2, r3
 3726 115e D7F89830 		ldr	r3, [r7, #152]
 3727 1162 1A80     		strh	r2, [r3]	@ movhi
 3728 1164 07F58473 		add	r3, r7, #264
 3729 1168 A3F58473 		sub	r3, r3, #264
 3730 116c 1B68     		ldr	r3, [r3]
 3731 116e 1B69     		ldr	r3, [r3, #16]
 3732 1170 3E2B     		cmp	r3, #62
 3733 1172 2BD9     		bls	.L125
 3734              		.loc 1 2450 9 discriminator 18
 3735 1174 07F58473 		add	r3, r7, #264
 3736 1178 A3F58473 		sub	r3, r3, #264
 3737 117c 1B68     		ldr	r3, [r3]
 3738 117e 1B69     		ldr	r3, [r3, #16]
 3739 1180 5B09     		lsrs	r3, r3, #5
 3740 1182 C7F8E030 		str	r3, [r7, #224]
 3741 1186 07F58473 		add	r3, r7, #264
 3742 118a A3F58473 		sub	r3, r3, #264
 3743 118e 1B68     		ldr	r3, [r3]
 3744 1190 1B69     		ldr	r3, [r3, #16]
 3745 1192 03F01F03 		and	r3, r3, #31
 3746 1196 002B     		cmp	r3, #0
 3747 1198 04D1     		bne	.L126
 3748              		.loc 1 2450 9 discriminator 20
 3749 119a D7F8E030 		ldr	r3, [r7, #224]
 3750 119e 013B     		subs	r3, r3, #1
 3751 11a0 C7F8E030 		str	r3, [r7, #224]
 3752              	.L126:
 3753              		.loc 1 2450 9 discriminator 22
 3754 11a4 D7F89830 		ldr	r3, [r7, #152]
 3755 11a8 1B88     		ldrh	r3, [r3]	@ movhi
 3756 11aa 9AB2     		uxth	r2, r3
 3757 11ac D7F8E030 		ldr	r3, [r7, #224]
 3758 11b0 9BB2     		uxth	r3, r3
 3759 11b2 9B02     		lsls	r3, r3, #10
 3760 11b4 9BB2     		uxth	r3, r3
 3761 11b6 1343     		orrs	r3, r3, r2
 3762 11b8 9BB2     		uxth	r3, r3
 3763 11ba 6FEA4343 		mvn	r3, r3, lsl #17
 3764 11be 6FEA5343 		mvn	r3, r3, lsr #17
 3765 11c2 9AB2     		uxth	r2, r3
 3766 11c4 D7F89830 		ldr	r3, [r7, #152]
 3767 11c8 1A80     		strh	r2, [r3]	@ movhi
 3768 11ca 69E0     		b	.L127
 3769              	.L125:
 3770              		.loc 1 2450 9 discriminator 19
 3771 11cc 07F58473 		add	r3, r7, #264
 3772 11d0 A3F58473 		sub	r3, r3, #264
 3773 11d4 1B68     		ldr	r3, [r3]
 3774 11d6 1B69     		ldr	r3, [r3, #16]
 3775 11d8 002B     		cmp	r3, #0
 3776 11da 0CD1     		bne	.L128
 3777              		.loc 1 2450 9 discriminator 23
 3778 11dc D7F89830 		ldr	r3, [r7, #152]
 3779 11e0 1B88     		ldrh	r3, [r3]	@ movhi
 3780 11e2 9BB2     		uxth	r3, r3
 3781 11e4 6FEA4343 		mvn	r3, r3, lsl #17
ARM GAS  /var/folders/xf/tcndk8390ml5xdpfw93qkhpm0000gn/T//cc0WvzGY.s 			page 110


 3782 11e8 6FEA5343 		mvn	r3, r3, lsr #17
 3783 11ec 9AB2     		uxth	r2, r3
 3784 11ee D7F89830 		ldr	r3, [r7, #152]
 3785 11f2 1A80     		strh	r2, [r3]	@ movhi
 3786 11f4 54E0     		b	.L127
 3787              	.L128:
 3788              		.loc 1 2450 9 discriminator 24
 3789 11f6 07F58473 		add	r3, r7, #264
 3790 11fa A3F58473 		sub	r3, r3, #264
 3791 11fe 1B68     		ldr	r3, [r3]
 3792 1200 1B69     		ldr	r3, [r3, #16]
 3793 1202 5B08     		lsrs	r3, r3, #1
 3794 1204 C7F8E030 		str	r3, [r7, #224]
 3795 1208 07F58473 		add	r3, r7, #264
 3796 120c A3F58473 		sub	r3, r3, #264
 3797 1210 1B68     		ldr	r3, [r3]
 3798 1212 1B69     		ldr	r3, [r3, #16]
 3799 1214 03F00103 		and	r3, r3, #1
 3800 1218 002B     		cmp	r3, #0
 3801 121a 04D0     		beq	.L129
 3802              		.loc 1 2450 9 discriminator 25
 3803 121c D7F8E030 		ldr	r3, [r7, #224]
 3804 1220 0133     		adds	r3, r3, #1
 3805 1222 C7F8E030 		str	r3, [r7, #224]
 3806              	.L129:
 3807              		.loc 1 2450 9 discriminator 27
 3808 1226 D7F89830 		ldr	r3, [r7, #152]
 3809 122a 1B88     		ldrh	r3, [r3]	@ movhi
 3810 122c 9AB2     		uxth	r2, r3
 3811 122e D7F8E030 		ldr	r3, [r7, #224]
 3812 1232 9BB2     		uxth	r3, r3
 3813 1234 9B02     		lsls	r3, r3, #10
 3814 1236 9BB2     		uxth	r3, r3
 3815 1238 1343     		orrs	r3, r3, r2
 3816 123a 9AB2     		uxth	r2, r3
 3817 123c D7F89830 		ldr	r3, [r7, #152]
 3818 1240 1A80     		strh	r2, [r3]	@ movhi
 3819 1242 2DE0     		b	.L127
 3820              	.L124:
 3821              	.LBE82:
 3822              	.LBE81:
 3823              		.loc 1 2450 9 discriminator 17
 3824 1244 07F58473 		add	r3, r7, #264
 3825 1248 A3F58473 		sub	r3, r3, #264
 3826 124c 1B68     		ldr	r3, [r3]
 3827 124e 5B78     		ldrb	r3, [r3, #1]	@ zero_extendqisi2
 3828 1250 012B     		cmp	r3, #1
 3829 1252 25D1     		bne	.L127
 3830              		.loc 1 2450 9 discriminator 28
 3831 1254 07F58473 		add	r3, r7, #264
 3832 1258 A3F58273 		sub	r3, r3, #260
 3833 125c 1B68     		ldr	r3, [r3]
 3834 125e B3F85030 		ldrh	r3, [r3, #80]	@ movhi
 3835 1262 9BB2     		uxth	r3, r3
 3836 1264 1A46     		mov	r2, r3
 3837 1266 D7F8A430 		ldr	r3, [r7, #164]
 3838 126a 1344     		add	r3, r3, r2
ARM GAS  /var/folders/xf/tcndk8390ml5xdpfw93qkhpm0000gn/T//cc0WvzGY.s 			page 111


 3839 126c C7F8A430 		str	r3, [r7, #164]
 3840 1270 07F58473 		add	r3, r7, #264
 3841 1274 A3F58473 		sub	r3, r3, #264
 3842 1278 1B68     		ldr	r3, [r3]
 3843 127a 1B78     		ldrb	r3, [r3]	@ zero_extendqisi2
 3844 127c 1A01     		lsls	r2, r3, #4
 3845 127e D7F8A430 		ldr	r3, [r7, #164]
 3846 1282 1344     		add	r3, r3, r2
 3847 1284 03F20C43 		addw	r3, r3, #1036
 3848 1288 C7F8A030 		str	r3, [r7, #160]
 3849 128c 07F58473 		add	r3, r7, #264
 3850 1290 A3F58473 		sub	r3, r3, #264
 3851 1294 1B68     		ldr	r3, [r3]
 3852 1296 1B69     		ldr	r3, [r3, #16]
 3853 1298 9AB2     		uxth	r2, r3
 3854 129a D7F8A030 		ldr	r3, [r7, #160]
 3855 129e 1A80     		strh	r2, [r3]	@ movhi
 3856              	.L127:
 3857              	.LBE80:
2451:Drivers/STM32F1xx_HAL_Driver/Src/stm32f1xx_ll_usb.c **** 
2452:Drivers/STM32F1xx_HAL_Driver/Src/stm32f1xx_ll_usb.c ****         /* Coming from ISR */
2453:Drivers/STM32F1xx_HAL_Driver/Src/stm32f1xx_ll_usb.c ****         if (ep->xfer_count != 0U)
 3858              		.loc 1 2453 15 is_stmt 1
 3859 12a0 07F58473 		add	r3, r7, #264
 3860 12a4 A3F58473 		sub	r3, r3, #264
 3861 12a8 1B68     		ldr	r3, [r3]
 3862 12aa DB69     		ldr	r3, [r3, #28]
 3863              		.loc 1 2453 12
 3864 12ac 002B     		cmp	r3, #0
 3865 12ae 00F01882 		beq	.L114
2454:Drivers/STM32F1xx_HAL_Driver/Src/stm32f1xx_ll_usb.c ****         {
2455:Drivers/STM32F1xx_HAL_Driver/Src/stm32f1xx_ll_usb.c ****           /* update last value to check if there is blocking state */
2456:Drivers/STM32F1xx_HAL_Driver/Src/stm32f1xx_ll_usb.c ****           wEPVal = PCD_GET_ENDPOINT(USBx, ep->num);
 3866              		.loc 1 2456 20
 3867 12b2 07F58473 		add	r3, r7, #264
 3868 12b6 A3F58273 		sub	r3, r3, #260
 3869 12ba 1A68     		ldr	r2, [r3]
 3870 12bc 07F58473 		add	r3, r7, #264
 3871 12c0 A3F58473 		sub	r3, r3, #264
 3872 12c4 1B68     		ldr	r3, [r3]
 3873 12c6 1B78     		ldrb	r3, [r3]	@ zero_extendqisi2
 3874 12c8 9B00     		lsls	r3, r3, #2
 3875 12ca 1344     		add	r3, r3, r2
 3876              		.loc 1 2456 18
 3877 12cc 1B88     		ldrh	r3, [r3]	@ movhi
 3878 12ce A7F89630 		strh	r3, [r7, #150]	@ movhi
2457:Drivers/STM32F1xx_HAL_Driver/Src/stm32f1xx_ll_usb.c **** 
2458:Drivers/STM32F1xx_HAL_Driver/Src/stm32f1xx_ll_usb.c ****           /*Blocking State */
2459:Drivers/STM32F1xx_HAL_Driver/Src/stm32f1xx_ll_usb.c ****           if ((((wEPVal & USB_EP_DTOG_RX) != 0U) && ((wEPVal & USB_EP_DTOG_TX) != 0U)) ||
 3879              		.loc 1 2459 25
 3880 12d2 B7F89630 		ldrh	r3, [r7, #150]
 3881 12d6 03F48043 		and	r3, r3, #16384
 3882              		.loc 1 2459 14
 3883 12da 002B     		cmp	r3, #0
 3884 12dc 05D0     		beq	.L130
 3885              		.loc 1 2459 62 discriminator 1
 3886 12de B7F89630 		ldrh	r3, [r7, #150]
ARM GAS  /var/folders/xf/tcndk8390ml5xdpfw93qkhpm0000gn/T//cc0WvzGY.s 			page 112


 3887 12e2 03F04003 		and	r3, r3, #64
 3888              		.loc 1 2459 50 discriminator 1
 3889 12e6 002B     		cmp	r3, #0
 3890 12e8 0DD1     		bne	.L131
 3891              	.L130:
2460:Drivers/STM32F1xx_HAL_Driver/Src/stm32f1xx_ll_usb.c ****               (((wEPVal & USB_EP_DTOG_RX) == 0U) && ((wEPVal & USB_EP_DTOG_TX) == 0U)))
 3892              		.loc 1 2460 25 discriminator 3
 3893 12ea B7F89630 		ldrh	r3, [r7, #150]
 3894 12ee 03F48043 		and	r3, r3, #16384
2459:Drivers/STM32F1xx_HAL_Driver/Src/stm32f1xx_ll_usb.c ****               (((wEPVal & USB_EP_DTOG_RX) == 0U) && ((wEPVal & USB_EP_DTOG_TX) == 0U)))
 3895              		.loc 1 2459 88 discriminator 3
 3896 12f2 002B     		cmp	r3, #0
 3897 12f4 40F0F581 		bne	.L114
 3898              		.loc 1 2460 62
 3899 12f8 B7F89630 		ldrh	r3, [r7, #150]
 3900 12fc 03F04003 		and	r3, r3, #64
 3901              		.loc 1 2460 50
 3902 1300 002B     		cmp	r3, #0
 3903 1302 40F0EE81 		bne	.L114
 3904              	.L131:
 3905              	.LBB83:
2461:Drivers/STM32F1xx_HAL_Driver/Src/stm32f1xx_ll_usb.c ****           {
2462:Drivers/STM32F1xx_HAL_Driver/Src/stm32f1xx_ll_usb.c ****             PCD_FREE_USER_BUFFER(USBx, ep->num, 0U);
 3906              		.loc 1 2462 13 discriminator 1
 3907 1306 07F58473 		add	r3, r7, #264
 3908 130a A3F58273 		sub	r3, r3, #260
 3909 130e 1A68     		ldr	r2, [r3]
 3910 1310 07F58473 		add	r3, r7, #264
 3911 1314 A3F58473 		sub	r3, r3, #264
 3912 1318 1B68     		ldr	r3, [r3]
 3913 131a 1B78     		ldrb	r3, [r3]	@ zero_extendqisi2
 3914 131c 9B00     		lsls	r3, r3, #2
 3915 131e 1344     		add	r3, r3, r2
 3916 1320 1B88     		ldrh	r3, [r3]	@ movhi
 3917 1322 9BB2     		uxth	r3, r3
 3918 1324 23F4E043 		bic	r3, r3, #28672
 3919 1328 23F07003 		bic	r3, r3, #112
 3920 132c A7F89430 		strh	r3, [r7, #148]	@ movhi
 3921 1330 07F58473 		add	r3, r7, #264
 3922 1334 A3F58273 		sub	r3, r3, #260
 3923 1338 1A68     		ldr	r2, [r3]
 3924 133a 07F58473 		add	r3, r7, #264
 3925 133e A3F58473 		sub	r3, r3, #264
 3926 1342 1B68     		ldr	r3, [r3]
 3927 1344 1B78     		ldrb	r3, [r3]	@ zero_extendqisi2
 3928 1346 9B00     		lsls	r3, r3, #2
 3929 1348 1A44     		add	r2, r2, r3
 3930 134a B7F89430 		ldrh	r3, [r7, #148]	@ movhi
 3931 134e 43F07F43 		orr	r3, r3, #-16777216
 3932 1352 43F47F03 		orr	r3, r3, #16711680
 3933 1356 43F40043 		orr	r3, r3, #32768
 3934 135a 43F0C003 		orr	r3, r3, #192
 3935 135e 9BB2     		uxth	r3, r3
 3936 1360 1380     		strh	r3, [r2]	@ movhi
 3937              	.LBE83:
 3938 1362 BEE1     		b	.L114
 3939              	.L117:
ARM GAS  /var/folders/xf/tcndk8390ml5xdpfw93qkhpm0000gn/T//cc0WvzGY.s 			page 113


2463:Drivers/STM32F1xx_HAL_Driver/Src/stm32f1xx_ll_usb.c ****           }
2464:Drivers/STM32F1xx_HAL_Driver/Src/stm32f1xx_ll_usb.c ****         }
2465:Drivers/STM32F1xx_HAL_Driver/Src/stm32f1xx_ll_usb.c ****       }
2466:Drivers/STM32F1xx_HAL_Driver/Src/stm32f1xx_ll_usb.c ****       /* iso out double */
2467:Drivers/STM32F1xx_HAL_Driver/Src/stm32f1xx_ll_usb.c ****       else if (ep->type == EP_TYPE_ISOC)
 3940              		.loc 1 2467 18
 3941 1364 07F58473 		add	r3, r7, #264
 3942 1368 A3F58473 		sub	r3, r3, #264
 3943 136c 1B68     		ldr	r3, [r3]
 3944 136e DB78     		ldrb	r3, [r3, #3]	@ zero_extendqisi2
 3945              		.loc 1 2467 15
 3946 1370 012B     		cmp	r3, #1
 3947 1372 40F0B481 		bne	.L132
2468:Drivers/STM32F1xx_HAL_Driver/Src/stm32f1xx_ll_usb.c ****       {
2469:Drivers/STM32F1xx_HAL_Driver/Src/stm32f1xx_ll_usb.c ****         /* Multi packet transfer */
2470:Drivers/STM32F1xx_HAL_Driver/Src/stm32f1xx_ll_usb.c ****         if (ep->xfer_len > ep->maxpacket)
 3948              		.loc 1 2470 15
 3949 1376 07F58473 		add	r3, r7, #264
 3950 137a A3F58473 		sub	r3, r3, #264
 3951 137e 1B68     		ldr	r3, [r3]
 3952 1380 9A69     		ldr	r2, [r3, #24]
 3953              		.loc 1 2470 30
 3954 1382 07F58473 		add	r3, r7, #264
 3955 1386 A3F58473 		sub	r3, r3, #264
 3956 138a 1B68     		ldr	r3, [r3]
 3957 138c 1B69     		ldr	r3, [r3, #16]
 3958              		.loc 1 2470 12
 3959 138e 9A42     		cmp	r2, r3
 3960 1390 17D9     		bls	.L133
2471:Drivers/STM32F1xx_HAL_Driver/Src/stm32f1xx_ll_usb.c ****         {
2472:Drivers/STM32F1xx_HAL_Driver/Src/stm32f1xx_ll_usb.c ****           len = ep->maxpacket;
 3961              		.loc 1 2472 15
 3962 1392 07F58473 		add	r3, r7, #264
 3963 1396 A3F58473 		sub	r3, r3, #264
 3964 139a 1B68     		ldr	r3, [r3]
 3965 139c 1B69     		ldr	r3, [r3, #16]
 3966 139e C7F80431 		str	r3, [r7, #260]
2473:Drivers/STM32F1xx_HAL_Driver/Src/stm32f1xx_ll_usb.c ****           ep->xfer_len -= len;
 3967              		.loc 1 2473 24
 3968 13a2 07F58473 		add	r3, r7, #264
 3969 13a6 A3F58473 		sub	r3, r3, #264
 3970 13aa 1B68     		ldr	r3, [r3]
 3971 13ac 9A69     		ldr	r2, [r3, #24]
 3972 13ae D7F80431 		ldr	r3, [r7, #260]
 3973 13b2 D21A     		subs	r2, r2, r3
 3974 13b4 07F58473 		add	r3, r7, #264
 3975 13b8 A3F58473 		sub	r3, r3, #264
 3976 13bc 1B68     		ldr	r3, [r3]
 3977 13be 9A61     		str	r2, [r3, #24]
 3978 13c0 0EE0     		b	.L134
 3979              	.L133:
2474:Drivers/STM32F1xx_HAL_Driver/Src/stm32f1xx_ll_usb.c ****         }
2475:Drivers/STM32F1xx_HAL_Driver/Src/stm32f1xx_ll_usb.c ****         else
2476:Drivers/STM32F1xx_HAL_Driver/Src/stm32f1xx_ll_usb.c ****         {
2477:Drivers/STM32F1xx_HAL_Driver/Src/stm32f1xx_ll_usb.c ****           len = ep->xfer_len;
 3980              		.loc 1 2477 15
 3981 13c2 07F58473 		add	r3, r7, #264
ARM GAS  /var/folders/xf/tcndk8390ml5xdpfw93qkhpm0000gn/T//cc0WvzGY.s 			page 114


 3982 13c6 A3F58473 		sub	r3, r3, #264
 3983 13ca 1B68     		ldr	r3, [r3]
 3984 13cc 9B69     		ldr	r3, [r3, #24]
 3985 13ce C7F80431 		str	r3, [r7, #260]
2478:Drivers/STM32F1xx_HAL_Driver/Src/stm32f1xx_ll_usb.c ****           ep->xfer_len = 0U;
 3986              		.loc 1 2478 24
 3987 13d2 07F58473 		add	r3, r7, #264
 3988 13d6 A3F58473 		sub	r3, r3, #264
 3989 13da 1B68     		ldr	r3, [r3]
 3990 13dc 0022     		movs	r2, #0
 3991 13de 9A61     		str	r2, [r3, #24]
 3992              	.L134:
2479:Drivers/STM32F1xx_HAL_Driver/Src/stm32f1xx_ll_usb.c ****         }
2480:Drivers/STM32F1xx_HAL_Driver/Src/stm32f1xx_ll_usb.c ****         PCD_SET_EP_DBUF_CNT(USBx, ep->num, ep->is_in, len);
 3993              		.loc 1 2480 9
 3994 13e0 07F58473 		add	r3, r7, #264
 3995 13e4 A3F58473 		sub	r3, r3, #264
 3996 13e8 1B68     		ldr	r3, [r3]
 3997 13ea 5B78     		ldrb	r3, [r3, #1]	@ zero_extendqisi2
 3998 13ec 002B     		cmp	r3, #0
 3999 13ee 40F08580 		bne	.L135
 4000              	.LBB84:
 4001              		.loc 1 2480 9 is_stmt 0 discriminator 1
 4002 13f2 07F58473 		add	r3, r7, #264
 4003 13f6 A3F58273 		sub	r3, r3, #260
 4004 13fa 1B68     		ldr	r3, [r3]
 4005 13fc C7F8CC30 		str	r3, [r7, #204]
 4006 1400 07F58473 		add	r3, r7, #264
 4007 1404 A3F58273 		sub	r3, r3, #260
 4008 1408 1B68     		ldr	r3, [r3]
 4009 140a B3F85030 		ldrh	r3, [r3, #80]	@ movhi
 4010 140e 9BB2     		uxth	r3, r3
 4011 1410 1A46     		mov	r2, r3
 4012 1412 D7F8CC30 		ldr	r3, [r7, #204]
 4013 1416 1344     		add	r3, r3, r2
 4014 1418 C7F8CC30 		str	r3, [r7, #204]
 4015 141c 07F58473 		add	r3, r7, #264
 4016 1420 A3F58473 		sub	r3, r3, #264
 4017 1424 1B68     		ldr	r3, [r3]
 4018 1426 1B78     		ldrb	r3, [r3]	@ zero_extendqisi2
 4019 1428 1A01     		lsls	r2, r3, #4
 4020 142a D7F8CC30 		ldr	r3, [r7, #204]
 4021 142e 1344     		add	r3, r3, r2
 4022 1430 03F20443 		addw	r3, r3, #1028
 4023 1434 C7F8C830 		str	r3, [r7, #200]
 4024              	.LBB85:
 4025 1438 D7F8C830 		ldr	r3, [r7, #200]
 4026 143c 1B88     		ldrh	r3, [r3]	@ movhi
 4027 143e 9BB2     		uxth	r3, r3
 4028 1440 C3F30903 		ubfx	r3, r3, #0, #10
 4029 1444 9AB2     		uxth	r2, r3
 4030 1446 D7F8C830 		ldr	r3, [r7, #200]
 4031 144a 1A80     		strh	r2, [r3]	@ movhi
 4032 144c D7F80431 		ldr	r3, [r7, #260]
 4033 1450 3E2B     		cmp	r3, #62
 4034 1452 23D9     		bls	.L136
 4035              		.loc 1 2480 9 discriminator 3
ARM GAS  /var/folders/xf/tcndk8390ml5xdpfw93qkhpm0000gn/T//cc0WvzGY.s 			page 115


 4036 1454 D7F80431 		ldr	r3, [r7, #260]
 4037 1458 5B09     		lsrs	r3, r3, #5
 4038 145a C7F8DC30 		str	r3, [r7, #220]
 4039 145e D7F80431 		ldr	r3, [r7, #260]
 4040 1462 03F01F03 		and	r3, r3, #31
 4041 1466 002B     		cmp	r3, #0
 4042 1468 04D1     		bne	.L137
 4043              		.loc 1 2480 9 discriminator 5
 4044 146a D7F8DC30 		ldr	r3, [r7, #220]
 4045 146e 013B     		subs	r3, r3, #1
 4046 1470 C7F8DC30 		str	r3, [r7, #220]
 4047              	.L137:
 4048              		.loc 1 2480 9 discriminator 7
 4049 1474 D7F8C830 		ldr	r3, [r7, #200]
 4050 1478 1B88     		ldrh	r3, [r3]	@ movhi
 4051 147a 9AB2     		uxth	r2, r3
 4052 147c D7F8DC30 		ldr	r3, [r7, #220]
 4053 1480 9BB2     		uxth	r3, r3
 4054 1482 9B02     		lsls	r3, r3, #10
 4055 1484 9BB2     		uxth	r3, r3
 4056 1486 1343     		orrs	r3, r3, r2
 4057 1488 9BB2     		uxth	r3, r3
 4058 148a 6FEA4343 		mvn	r3, r3, lsl #17
 4059 148e 6FEA5343 		mvn	r3, r3, lsr #17
 4060 1492 9AB2     		uxth	r2, r3
 4061 1494 D7F8C830 		ldr	r3, [r7, #200]
 4062 1498 1A80     		strh	r2, [r3]	@ movhi
 4063 149a 60E0     		b	.L138
 4064              	.L136:
 4065              		.loc 1 2480 9 discriminator 4
 4066 149c D7F80431 		ldr	r3, [r7, #260]
 4067 14a0 002B     		cmp	r3, #0
 4068 14a2 0CD1     		bne	.L139
 4069              		.loc 1 2480 9 discriminator 8
 4070 14a4 D7F8C830 		ldr	r3, [r7, #200]
 4071 14a8 1B88     		ldrh	r3, [r3]	@ movhi
 4072 14aa 9BB2     		uxth	r3, r3
 4073 14ac 6FEA4343 		mvn	r3, r3, lsl #17
 4074 14b0 6FEA5343 		mvn	r3, r3, lsr #17
 4075 14b4 9AB2     		uxth	r2, r3
 4076 14b6 D7F8C830 		ldr	r3, [r7, #200]
 4077 14ba 1A80     		strh	r2, [r3]	@ movhi
 4078 14bc 4FE0     		b	.L138
 4079              	.L139:
 4080              		.loc 1 2480 9 discriminator 9
 4081 14be D7F80431 		ldr	r3, [r7, #260]
 4082 14c2 5B08     		lsrs	r3, r3, #1
 4083 14c4 C7F8DC30 		str	r3, [r7, #220]
 4084 14c8 D7F80431 		ldr	r3, [r7, #260]
 4085 14cc 03F00103 		and	r3, r3, #1
 4086 14d0 002B     		cmp	r3, #0
 4087 14d2 04D0     		beq	.L140
 4088              		.loc 1 2480 9 discriminator 10
 4089 14d4 D7F8DC30 		ldr	r3, [r7, #220]
 4090 14d8 0133     		adds	r3, r3, #1
 4091 14da C7F8DC30 		str	r3, [r7, #220]
 4092              	.L140:
ARM GAS  /var/folders/xf/tcndk8390ml5xdpfw93qkhpm0000gn/T//cc0WvzGY.s 			page 116


 4093              		.loc 1 2480 9 discriminator 12
 4094 14de D7F8C830 		ldr	r3, [r7, #200]
 4095 14e2 1B88     		ldrh	r3, [r3]	@ movhi
 4096 14e4 9AB2     		uxth	r2, r3
 4097 14e6 D7F8DC30 		ldr	r3, [r7, #220]
 4098 14ea 9BB2     		uxth	r3, r3
 4099 14ec 9B02     		lsls	r3, r3, #10
 4100 14ee 9BB2     		uxth	r3, r3
 4101 14f0 1343     		orrs	r3, r3, r2
 4102 14f2 9AB2     		uxth	r2, r3
 4103 14f4 D7F8C830 		ldr	r3, [r7, #200]
 4104 14f8 1A80     		strh	r2, [r3]	@ movhi
 4105 14fa 30E0     		b	.L138
 4106              	.L135:
 4107              	.LBE85:
 4108              	.LBE84:
 4109              		.loc 1 2480 9 discriminator 2
 4110 14fc 07F58473 		add	r3, r7, #264
 4111 1500 A3F58473 		sub	r3, r3, #264
 4112 1504 1B68     		ldr	r3, [r3]
 4113 1506 5B78     		ldrb	r3, [r3, #1]	@ zero_extendqisi2
 4114 1508 012B     		cmp	r3, #1
 4115 150a 28D1     		bne	.L138
 4116              	.LBB86:
 4117              		.loc 1 2480 9 discriminator 13
 4118 150c 07F58473 		add	r3, r7, #264
 4119 1510 A3F58273 		sub	r3, r3, #260
 4120 1514 1B68     		ldr	r3, [r3]
 4121 1516 C7F8D430 		str	r3, [r7, #212]
 4122 151a 07F58473 		add	r3, r7, #264
 4123 151e A3F58273 		sub	r3, r3, #260
 4124 1522 1B68     		ldr	r3, [r3]
 4125 1524 B3F85030 		ldrh	r3, [r3, #80]	@ movhi
 4126 1528 9BB2     		uxth	r3, r3
 4127 152a 1A46     		mov	r2, r3
 4128 152c D7F8D430 		ldr	r3, [r7, #212]
 4129 1530 1344     		add	r3, r3, r2
 4130 1532 C7F8D430 		str	r3, [r7, #212]
 4131 1536 07F58473 		add	r3, r7, #264
 4132 153a A3F58473 		sub	r3, r3, #264
 4133 153e 1B68     		ldr	r3, [r3]
 4134 1540 1B78     		ldrb	r3, [r3]	@ zero_extendqisi2
 4135 1542 1A01     		lsls	r2, r3, #4
 4136 1544 D7F8D430 		ldr	r3, [r7, #212]
 4137 1548 1344     		add	r3, r3, r2
 4138 154a 03F20443 		addw	r3, r3, #1028
 4139 154e C7F8D030 		str	r3, [r7, #208]
 4140 1552 D7F80431 		ldr	r3, [r7, #260]
 4141 1556 9AB2     		uxth	r2, r3
 4142 1558 D7F8D030 		ldr	r3, [r7, #208]
 4143 155c 1A80     		strh	r2, [r3]	@ movhi
 4144              	.L138:
 4145              	.LBE86:
 4146              	.LBB87:
 4147              		.loc 1 2480 9 discriminator 15
 4148 155e 07F58473 		add	r3, r7, #264
 4149 1562 A3F58273 		sub	r3, r3, #260
ARM GAS  /var/folders/xf/tcndk8390ml5xdpfw93qkhpm0000gn/T//cc0WvzGY.s 			page 117


 4150 1566 1B68     		ldr	r3, [r3]
 4151 1568 C7F8C430 		str	r3, [r7, #196]
 4152 156c 07F58473 		add	r3, r7, #264
 4153 1570 A3F58473 		sub	r3, r3, #264
 4154 1574 1B68     		ldr	r3, [r3]
 4155 1576 5B78     		ldrb	r3, [r3, #1]	@ zero_extendqisi2
 4156 1578 002B     		cmp	r3, #0
 4157 157a 40F08580 		bne	.L141
 4158              	.LBB88:
 4159              		.loc 1 2480 9 discriminator 16
 4160 157e 07F58473 		add	r3, r7, #264
 4161 1582 A3F58273 		sub	r3, r3, #260
 4162 1586 1B68     		ldr	r3, [r3]
 4163 1588 C7F8BC30 		str	r3, [r7, #188]
 4164 158c 07F58473 		add	r3, r7, #264
 4165 1590 A3F58273 		sub	r3, r3, #260
 4166 1594 1B68     		ldr	r3, [r3]
 4167 1596 B3F85030 		ldrh	r3, [r3, #80]	@ movhi
 4168 159a 9BB2     		uxth	r3, r3
 4169 159c 1A46     		mov	r2, r3
 4170 159e D7F8BC30 		ldr	r3, [r7, #188]
 4171 15a2 1344     		add	r3, r3, r2
 4172 15a4 C7F8BC30 		str	r3, [r7, #188]
 4173 15a8 07F58473 		add	r3, r7, #264
 4174 15ac A3F58473 		sub	r3, r3, #264
 4175 15b0 1B68     		ldr	r3, [r3]
 4176 15b2 1B78     		ldrb	r3, [r3]	@ zero_extendqisi2
 4177 15b4 1A01     		lsls	r2, r3, #4
 4178 15b6 D7F8BC30 		ldr	r3, [r7, #188]
 4179 15ba 1344     		add	r3, r3, r2
 4180 15bc 03F20C43 		addw	r3, r3, #1036
 4181 15c0 C7F8B830 		str	r3, [r7, #184]
 4182              	.LBB89:
 4183 15c4 D7F8B830 		ldr	r3, [r7, #184]
 4184 15c8 1B88     		ldrh	r3, [r3]	@ movhi
 4185 15ca 9BB2     		uxth	r3, r3
 4186 15cc C3F30903 		ubfx	r3, r3, #0, #10
 4187 15d0 9AB2     		uxth	r2, r3
 4188 15d2 D7F8B830 		ldr	r3, [r7, #184]
 4189 15d6 1A80     		strh	r2, [r3]	@ movhi
 4190 15d8 D7F80431 		ldr	r3, [r7, #260]
 4191 15dc 3E2B     		cmp	r3, #62
 4192 15de 23D9     		bls	.L142
 4193              		.loc 1 2480 9 discriminator 18
 4194 15e0 D7F80431 		ldr	r3, [r7, #260]
 4195 15e4 5B09     		lsrs	r3, r3, #5
 4196 15e6 C7F8D830 		str	r3, [r7, #216]
 4197 15ea D7F80431 		ldr	r3, [r7, #260]
 4198 15ee 03F01F03 		and	r3, r3, #31
 4199 15f2 002B     		cmp	r3, #0
 4200 15f4 04D1     		bne	.L143
 4201              		.loc 1 2480 9 discriminator 20
 4202 15f6 D7F8D830 		ldr	r3, [r7, #216]
 4203 15fa 013B     		subs	r3, r3, #1
 4204 15fc C7F8D830 		str	r3, [r7, #216]
 4205              	.L143:
 4206              		.loc 1 2480 9 discriminator 22
ARM GAS  /var/folders/xf/tcndk8390ml5xdpfw93qkhpm0000gn/T//cc0WvzGY.s 			page 118


 4207 1600 D7F8B830 		ldr	r3, [r7, #184]
 4208 1604 1B88     		ldrh	r3, [r3]	@ movhi
 4209 1606 9AB2     		uxth	r2, r3
 4210 1608 D7F8D830 		ldr	r3, [r7, #216]
 4211 160c 9BB2     		uxth	r3, r3
 4212 160e 9B02     		lsls	r3, r3, #10
 4213 1610 9BB2     		uxth	r3, r3
 4214 1612 1343     		orrs	r3, r3, r2
 4215 1614 9BB2     		uxth	r3, r3
 4216 1616 6FEA4343 		mvn	r3, r3, lsl #17
 4217 161a 6FEA5343 		mvn	r3, r3, lsr #17
 4218 161e 9AB2     		uxth	r2, r3
 4219 1620 D7F8B830 		ldr	r3, [r7, #184]
 4220 1624 1A80     		strh	r2, [r3]	@ movhi
 4221 1626 5CE0     		b	.L114
 4222              	.L142:
 4223              		.loc 1 2480 9 discriminator 19
 4224 1628 D7F80431 		ldr	r3, [r7, #260]
 4225 162c 002B     		cmp	r3, #0
 4226 162e 0CD1     		bne	.L144
 4227              		.loc 1 2480 9 discriminator 23
 4228 1630 D7F8B830 		ldr	r3, [r7, #184]
 4229 1634 1B88     		ldrh	r3, [r3]	@ movhi
 4230 1636 9BB2     		uxth	r3, r3
 4231 1638 6FEA4343 		mvn	r3, r3, lsl #17
 4232 163c 6FEA5343 		mvn	r3, r3, lsr #17
 4233 1640 9AB2     		uxth	r2, r3
 4234 1642 D7F8B830 		ldr	r3, [r7, #184]
 4235 1646 1A80     		strh	r2, [r3]	@ movhi
 4236 1648 4BE0     		b	.L114
 4237              	.L144:
 4238              		.loc 1 2480 9 discriminator 24
 4239 164a D7F80431 		ldr	r3, [r7, #260]
 4240 164e 5B08     		lsrs	r3, r3, #1
 4241 1650 C7F8D830 		str	r3, [r7, #216]
 4242 1654 D7F80431 		ldr	r3, [r7, #260]
 4243 1658 03F00103 		and	r3, r3, #1
 4244 165c 002B     		cmp	r3, #0
 4245 165e 04D0     		beq	.L145
 4246              		.loc 1 2480 9 discriminator 25
 4247 1660 D7F8D830 		ldr	r3, [r7, #216]
 4248 1664 0133     		adds	r3, r3, #1
 4249 1666 C7F8D830 		str	r3, [r7, #216]
 4250              	.L145:
 4251              		.loc 1 2480 9 discriminator 27
 4252 166a D7F8B830 		ldr	r3, [r7, #184]
 4253 166e 1B88     		ldrh	r3, [r3]	@ movhi
 4254 1670 9AB2     		uxth	r2, r3
 4255 1672 D7F8D830 		ldr	r3, [r7, #216]
 4256 1676 9BB2     		uxth	r3, r3
 4257 1678 9B02     		lsls	r3, r3, #10
 4258 167a 9BB2     		uxth	r3, r3
 4259 167c 1343     		orrs	r3, r3, r2
 4260 167e 9AB2     		uxth	r2, r3
 4261 1680 D7F8B830 		ldr	r3, [r7, #184]
 4262 1684 1A80     		strh	r2, [r3]	@ movhi
 4263 1686 2CE0     		b	.L114
ARM GAS  /var/folders/xf/tcndk8390ml5xdpfw93qkhpm0000gn/T//cc0WvzGY.s 			page 119


 4264              	.L141:
 4265              	.LBE89:
 4266              	.LBE88:
 4267              		.loc 1 2480 9 discriminator 17
 4268 1688 07F58473 		add	r3, r7, #264
 4269 168c A3F58473 		sub	r3, r3, #264
 4270 1690 1B68     		ldr	r3, [r3]
 4271 1692 5B78     		ldrb	r3, [r3, #1]	@ zero_extendqisi2
 4272 1694 012B     		cmp	r3, #1
 4273 1696 24D1     		bne	.L114
 4274              		.loc 1 2480 9 discriminator 28
 4275 1698 07F58473 		add	r3, r7, #264
 4276 169c A3F58273 		sub	r3, r3, #260
 4277 16a0 1B68     		ldr	r3, [r3]
 4278 16a2 B3F85030 		ldrh	r3, [r3, #80]	@ movhi
 4279 16a6 9BB2     		uxth	r3, r3
 4280 16a8 1A46     		mov	r2, r3
 4281 16aa D7F8C430 		ldr	r3, [r7, #196]
 4282 16ae 1344     		add	r3, r3, r2
 4283 16b0 C7F8C430 		str	r3, [r7, #196]
 4284 16b4 07F58473 		add	r3, r7, #264
 4285 16b8 A3F58473 		sub	r3, r3, #264
 4286 16bc 1B68     		ldr	r3, [r3]
 4287 16be 1B78     		ldrb	r3, [r3]	@ zero_extendqisi2
 4288 16c0 1A01     		lsls	r2, r3, #4
 4289 16c2 D7F8C430 		ldr	r3, [r7, #196]
 4290 16c6 1344     		add	r3, r3, r2
 4291 16c8 03F20C43 		addw	r3, r3, #1036
 4292 16cc C7F8C030 		str	r3, [r7, #192]
 4293 16d0 D7F80431 		ldr	r3, [r7, #260]
 4294 16d4 9AB2     		uxth	r2, r3
 4295 16d6 D7F8C030 		ldr	r3, [r7, #192]
 4296 16da 1A80     		strh	r2, [r3]	@ movhi
 4297 16dc 01E0     		b	.L114
 4298              	.L132:
 4299              	.LBE87:
2481:Drivers/STM32F1xx_HAL_Driver/Src/stm32f1xx_ll_usb.c ****       }
2482:Drivers/STM32F1xx_HAL_Driver/Src/stm32f1xx_ll_usb.c ****       else
2483:Drivers/STM32F1xx_HAL_Driver/Src/stm32f1xx_ll_usb.c ****       {
2484:Drivers/STM32F1xx_HAL_Driver/Src/stm32f1xx_ll_usb.c ****         return HAL_ERROR;
 4300              		.loc 1 2484 16 is_stmt 1
 4301 16de 0123     		movs	r3, #1
 4302 16e0 3AE0     		b	.L146
 4303              	.L114:
 4304              	.LBB90:
2485:Drivers/STM32F1xx_HAL_Driver/Src/stm32f1xx_ll_usb.c ****       }
2486:Drivers/STM32F1xx_HAL_Driver/Src/stm32f1xx_ll_usb.c ****     }
2487:Drivers/STM32F1xx_HAL_Driver/Src/stm32f1xx_ll_usb.c **** #endif /* (USE_USB_DOUBLE_BUFFER == 1U) */
2488:Drivers/STM32F1xx_HAL_Driver/Src/stm32f1xx_ll_usb.c **** 
2489:Drivers/STM32F1xx_HAL_Driver/Src/stm32f1xx_ll_usb.c ****     PCD_SET_EP_RX_STATUS(USBx, ep->num, USB_EP_RX_VALID);
 4305              		.loc 1 2489 5
 4306 16e2 07F58473 		add	r3, r7, #264
 4307 16e6 A3F58273 		sub	r3, r3, #260
 4308 16ea 1A68     		ldr	r2, [r3]
 4309 16ec 07F58473 		add	r3, r7, #264
 4310 16f0 A3F58473 		sub	r3, r3, #264
 4311 16f4 1B68     		ldr	r3, [r3]
ARM GAS  /var/folders/xf/tcndk8390ml5xdpfw93qkhpm0000gn/T//cc0WvzGY.s 			page 120


 4312 16f6 1B78     		ldrb	r3, [r3]	@ zero_extendqisi2
 4313 16f8 9B00     		lsls	r3, r3, #2
 4314 16fa 1344     		add	r3, r3, r2
 4315 16fc 1B88     		ldrh	r3, [r3]	@ movhi
 4316 16fe 9BB2     		uxth	r3, r3
 4317 1700 23F48043 		bic	r3, r3, #16384
 4318 1704 23F07003 		bic	r3, r3, #112
 4319 1708 A7F88A30 		strh	r3, [r7, #138]	@ movhi
 4320 170c B7F88A30 		ldrh	r3, [r7, #138]	@ movhi
 4321 1710 83F48053 		eor	r3, r3, #4096
 4322 1714 A7F88A30 		strh	r3, [r7, #138]	@ movhi
 4323 1718 B7F88A30 		ldrh	r3, [r7, #138]	@ movhi
 4324 171c 83F40053 		eor	r3, r3, #8192
 4325 1720 A7F88A30 		strh	r3, [r7, #138]	@ movhi
 4326 1724 07F58473 		add	r3, r7, #264
 4327 1728 A3F58273 		sub	r3, r3, #260
 4328 172c 1A68     		ldr	r2, [r3]
 4329 172e 07F58473 		add	r3, r7, #264
 4330 1732 A3F58473 		sub	r3, r3, #264
 4331 1736 1B68     		ldr	r3, [r3]
 4332 1738 1B78     		ldrb	r3, [r3]	@ zero_extendqisi2
 4333 173a 9B00     		lsls	r3, r3, #2
 4334 173c 1A44     		add	r2, r2, r3
 4335 173e B7F88A30 		ldrh	r3, [r7, #138]	@ movhi
 4336 1742 43F07F43 		orr	r3, r3, #-16777216
 4337 1746 43F47F03 		orr	r3, r3, #16711680
 4338 174a 43F40043 		orr	r3, r3, #32768
 4339 174e 43F08003 		orr	r3, r3, #128
 4340 1752 9BB2     		uxth	r3, r3
 4341 1754 1380     		strh	r3, [r2]	@ movhi
 4342              	.L108:
 4343              	.LBE90:
2490:Drivers/STM32F1xx_HAL_Driver/Src/stm32f1xx_ll_usb.c ****   }
2491:Drivers/STM32F1xx_HAL_Driver/Src/stm32f1xx_ll_usb.c **** 
2492:Drivers/STM32F1xx_HAL_Driver/Src/stm32f1xx_ll_usb.c ****   return HAL_OK;
 4344              		.loc 1 2492 10
 4345 1756 0023     		movs	r3, #0
 4346              	.L146:
2493:Drivers/STM32F1xx_HAL_Driver/Src/stm32f1xx_ll_usb.c **** }
 4347              		.loc 1 2493 1
 4348 1758 1846     		mov	r0, r3
 4349 175a 07F58477 		add	r7, r7, #264
 4350              	.LCFI57:
 4351              		.cfi_def_cfa_offset 8
 4352 175e BD46     		mov	sp, r7
 4353              	.LCFI58:
 4354              		.cfi_def_cfa_register 13
 4355              		@ sp needed
 4356 1760 80BD     		pop	{r7, pc}
 4357              		.cfi_endproc
 4358              	.LFE74:
 4360              		.section	.text.USB_EPSetStall,"ax",%progbits
 4361              		.align	1
 4362              		.global	USB_EPSetStall
 4363              		.syntax unified
 4364              		.thumb
 4365              		.thumb_func
ARM GAS  /var/folders/xf/tcndk8390ml5xdpfw93qkhpm0000gn/T//cc0WvzGY.s 			page 121


 4367              	USB_EPSetStall:
 4368              	.LFB75:
2494:Drivers/STM32F1xx_HAL_Driver/Src/stm32f1xx_ll_usb.c **** 
2495:Drivers/STM32F1xx_HAL_Driver/Src/stm32f1xx_ll_usb.c **** 
2496:Drivers/STM32F1xx_HAL_Driver/Src/stm32f1xx_ll_usb.c **** /**
2497:Drivers/STM32F1xx_HAL_Driver/Src/stm32f1xx_ll_usb.c ****   * @brief  USB_EPSetStall set a stall condition over an EP
2498:Drivers/STM32F1xx_HAL_Driver/Src/stm32f1xx_ll_usb.c ****   * @param  USBx Selected device
2499:Drivers/STM32F1xx_HAL_Driver/Src/stm32f1xx_ll_usb.c ****   * @param  ep pointer to endpoint structure
2500:Drivers/STM32F1xx_HAL_Driver/Src/stm32f1xx_ll_usb.c ****   * @retval HAL status
2501:Drivers/STM32F1xx_HAL_Driver/Src/stm32f1xx_ll_usb.c ****   */
2502:Drivers/STM32F1xx_HAL_Driver/Src/stm32f1xx_ll_usb.c **** HAL_StatusTypeDef USB_EPSetStall(USB_TypeDef *USBx, USB_EPTypeDef *ep)
2503:Drivers/STM32F1xx_HAL_Driver/Src/stm32f1xx_ll_usb.c **** {
 4369              		.loc 1 2503 1
 4370              		.cfi_startproc
 4371              		@ args = 0, pretend = 0, frame = 16
 4372              		@ frame_needed = 1, uses_anonymous_args = 0
 4373              		@ link register save eliminated.
 4374 0000 80B4     		push	{r7}
 4375              	.LCFI59:
 4376              		.cfi_def_cfa_offset 4
 4377              		.cfi_offset 7, -4
 4378 0002 85B0     		sub	sp, sp, #20
 4379              	.LCFI60:
 4380              		.cfi_def_cfa_offset 24
 4381 0004 00AF     		add	r7, sp, #0
 4382              	.LCFI61:
 4383              		.cfi_def_cfa_register 7
 4384 0006 7860     		str	r0, [r7, #4]
 4385 0008 3960     		str	r1, [r7]
2504:Drivers/STM32F1xx_HAL_Driver/Src/stm32f1xx_ll_usb.c ****   if (ep->is_in != 0U)
 4386              		.loc 1 2504 9
 4387 000a 3B68     		ldr	r3, [r7]
 4388 000c 5B78     		ldrb	r3, [r3, #1]	@ zero_extendqisi2
 4389              		.loc 1 2504 6
 4390 000e 002B     		cmp	r3, #0
 4391 0010 20D0     		beq	.L148
 4392              	.LBB91:
2505:Drivers/STM32F1xx_HAL_Driver/Src/stm32f1xx_ll_usb.c ****   {
2506:Drivers/STM32F1xx_HAL_Driver/Src/stm32f1xx_ll_usb.c ****     PCD_SET_EP_TX_STATUS(USBx, ep->num, USB_EP_TX_STALL);
 4393              		.loc 1 2506 5
 4394 0012 7A68     		ldr	r2, [r7, #4]
 4395 0014 3B68     		ldr	r3, [r7]
 4396 0016 1B78     		ldrb	r3, [r3]	@ zero_extendqisi2
 4397 0018 9B00     		lsls	r3, r3, #2
 4398 001a 1344     		add	r3, r3, r2
 4399 001c 1B88     		ldrh	r3, [r3]	@ movhi
 4400 001e 9BB2     		uxth	r3, r3
 4401 0020 23F4E043 		bic	r3, r3, #28672
 4402 0024 23F04003 		bic	r3, r3, #64
 4403 0028 BB81     		strh	r3, [r7, #12]	@ movhi
 4404 002a BB89     		ldrh	r3, [r7, #12]	@ movhi
 4405 002c 83F01003 		eor	r3, r3, #16
 4406 0030 BB81     		strh	r3, [r7, #12]	@ movhi
 4407 0032 7A68     		ldr	r2, [r7, #4]
 4408 0034 3B68     		ldr	r3, [r7]
 4409 0036 1B78     		ldrb	r3, [r3]	@ zero_extendqisi2
 4410 0038 9B00     		lsls	r3, r3, #2
ARM GAS  /var/folders/xf/tcndk8390ml5xdpfw93qkhpm0000gn/T//cc0WvzGY.s 			page 122


 4411 003a 1A44     		add	r2, r2, r3
 4412 003c BB89     		ldrh	r3, [r7, #12]	@ movhi
 4413 003e 43F07F43 		orr	r3, r3, #-16777216
 4414 0042 43F47F03 		orr	r3, r3, #16711680
 4415 0046 43F40043 		orr	r3, r3, #32768
 4416 004a 43F08003 		orr	r3, r3, #128
 4417 004e 9BB2     		uxth	r3, r3
 4418 0050 1380     		strh	r3, [r2]	@ movhi
 4419              	.LBE91:
 4420 0052 1FE0     		b	.L149
 4421              	.L148:
 4422              	.LBB92:
2507:Drivers/STM32F1xx_HAL_Driver/Src/stm32f1xx_ll_usb.c ****   }
2508:Drivers/STM32F1xx_HAL_Driver/Src/stm32f1xx_ll_usb.c ****   else
2509:Drivers/STM32F1xx_HAL_Driver/Src/stm32f1xx_ll_usb.c ****   {
2510:Drivers/STM32F1xx_HAL_Driver/Src/stm32f1xx_ll_usb.c ****     PCD_SET_EP_RX_STATUS(USBx, ep->num, USB_EP_RX_STALL);
 4423              		.loc 1 2510 5
 4424 0054 7A68     		ldr	r2, [r7, #4]
 4425 0056 3B68     		ldr	r3, [r7]
 4426 0058 1B78     		ldrb	r3, [r3]	@ zero_extendqisi2
 4427 005a 9B00     		lsls	r3, r3, #2
 4428 005c 1344     		add	r3, r3, r2
 4429 005e 1B88     		ldrh	r3, [r3]	@ movhi
 4430 0060 9BB2     		uxth	r3, r3
 4431 0062 23F48043 		bic	r3, r3, #16384
 4432 0066 23F07003 		bic	r3, r3, #112
 4433 006a FB81     		strh	r3, [r7, #14]	@ movhi
 4434 006c FB89     		ldrh	r3, [r7, #14]	@ movhi
 4435 006e 83F48053 		eor	r3, r3, #4096
 4436 0072 FB81     		strh	r3, [r7, #14]	@ movhi
 4437 0074 7A68     		ldr	r2, [r7, #4]
 4438 0076 3B68     		ldr	r3, [r7]
 4439 0078 1B78     		ldrb	r3, [r3]	@ zero_extendqisi2
 4440 007a 9B00     		lsls	r3, r3, #2
 4441 007c 1A44     		add	r2, r2, r3
 4442 007e FB89     		ldrh	r3, [r7, #14]	@ movhi
 4443 0080 43F07F43 		orr	r3, r3, #-16777216
 4444 0084 43F47F03 		orr	r3, r3, #16711680
 4445 0088 43F40043 		orr	r3, r3, #32768
 4446 008c 43F08003 		orr	r3, r3, #128
 4447 0090 9BB2     		uxth	r3, r3
 4448 0092 1380     		strh	r3, [r2]	@ movhi
 4449              	.L149:
 4450              	.LBE92:
2511:Drivers/STM32F1xx_HAL_Driver/Src/stm32f1xx_ll_usb.c ****   }
2512:Drivers/STM32F1xx_HAL_Driver/Src/stm32f1xx_ll_usb.c **** 
2513:Drivers/STM32F1xx_HAL_Driver/Src/stm32f1xx_ll_usb.c ****   return HAL_OK;
 4451              		.loc 1 2513 10
 4452 0094 0023     		movs	r3, #0
2514:Drivers/STM32F1xx_HAL_Driver/Src/stm32f1xx_ll_usb.c **** }
 4453              		.loc 1 2514 1
 4454 0096 1846     		mov	r0, r3
 4455 0098 1437     		adds	r7, r7, #20
 4456              	.LCFI62:
 4457              		.cfi_def_cfa_offset 4
 4458 009a BD46     		mov	sp, r7
 4459              	.LCFI63:
ARM GAS  /var/folders/xf/tcndk8390ml5xdpfw93qkhpm0000gn/T//cc0WvzGY.s 			page 123


 4460              		.cfi_def_cfa_register 13
 4461              		@ sp needed
 4462 009c 80BC     		pop	{r7}
 4463              	.LCFI64:
 4464              		.cfi_restore 7
 4465              		.cfi_def_cfa_offset 0
 4466 009e 7047     		bx	lr
 4467              		.cfi_endproc
 4468              	.LFE75:
 4470              		.section	.text.USB_EPClearStall,"ax",%progbits
 4471              		.align	1
 4472              		.global	USB_EPClearStall
 4473              		.syntax unified
 4474              		.thumb
 4475              		.thumb_func
 4477              	USB_EPClearStall:
 4478              	.LFB76:
2515:Drivers/STM32F1xx_HAL_Driver/Src/stm32f1xx_ll_usb.c **** 
2516:Drivers/STM32F1xx_HAL_Driver/Src/stm32f1xx_ll_usb.c **** /**
2517:Drivers/STM32F1xx_HAL_Driver/Src/stm32f1xx_ll_usb.c ****   * @brief  USB_EPClearStall Clear a stall condition over an EP
2518:Drivers/STM32F1xx_HAL_Driver/Src/stm32f1xx_ll_usb.c ****   * @param  USBx Selected device
2519:Drivers/STM32F1xx_HAL_Driver/Src/stm32f1xx_ll_usb.c ****   * @param  ep pointer to endpoint structure
2520:Drivers/STM32F1xx_HAL_Driver/Src/stm32f1xx_ll_usb.c ****   * @retval HAL status
2521:Drivers/STM32F1xx_HAL_Driver/Src/stm32f1xx_ll_usb.c ****   */
2522:Drivers/STM32F1xx_HAL_Driver/Src/stm32f1xx_ll_usb.c **** HAL_StatusTypeDef USB_EPClearStall(USB_TypeDef *USBx, USB_EPTypeDef *ep)
2523:Drivers/STM32F1xx_HAL_Driver/Src/stm32f1xx_ll_usb.c **** {
 4479              		.loc 1 2523 1
 4480              		.cfi_startproc
 4481              		@ args = 0, pretend = 0, frame = 24
 4482              		@ frame_needed = 1, uses_anonymous_args = 0
 4483              		@ link register save eliminated.
 4484 0000 80B4     		push	{r7}
 4485              	.LCFI65:
 4486              		.cfi_def_cfa_offset 4
 4487              		.cfi_offset 7, -4
 4488 0002 87B0     		sub	sp, sp, #28
 4489              	.LCFI66:
 4490              		.cfi_def_cfa_offset 32
 4491 0004 00AF     		add	r7, sp, #0
 4492              	.LCFI67:
 4493              		.cfi_def_cfa_register 7
 4494 0006 7860     		str	r0, [r7, #4]
 4495 0008 3960     		str	r1, [r7]
2524:Drivers/STM32F1xx_HAL_Driver/Src/stm32f1xx_ll_usb.c ****   if (ep->doublebuffer == 0U)
 4496              		.loc 1 2524 9
 4497 000a 3B68     		ldr	r3, [r7]
 4498 000c 1B7B     		ldrb	r3, [r3, #12]	@ zero_extendqisi2
 4499              		.loc 1 2524 6
 4500 000e 002B     		cmp	r3, #0
 4501 0010 40F09D80 		bne	.L152
2525:Drivers/STM32F1xx_HAL_Driver/Src/stm32f1xx_ll_usb.c ****   {
2526:Drivers/STM32F1xx_HAL_Driver/Src/stm32f1xx_ll_usb.c ****     if (ep->is_in != 0U)
 4502              		.loc 1 2526 11
 4503 0014 3B68     		ldr	r3, [r7]
 4504 0016 5B78     		ldrb	r3, [r3, #1]	@ zero_extendqisi2
 4505              		.loc 1 2526 8
 4506 0018 002B     		cmp	r3, #0
ARM GAS  /var/folders/xf/tcndk8390ml5xdpfw93qkhpm0000gn/T//cc0WvzGY.s 			page 124


 4507 001a 4CD0     		beq	.L153
 4508              	.LBB93:
2527:Drivers/STM32F1xx_HAL_Driver/Src/stm32f1xx_ll_usb.c ****     {
2528:Drivers/STM32F1xx_HAL_Driver/Src/stm32f1xx_ll_usb.c ****       PCD_CLEAR_TX_DTOG(USBx, ep->num);
 4509              		.loc 1 2528 7
 4510 001c 7A68     		ldr	r2, [r7, #4]
 4511 001e 3B68     		ldr	r3, [r7]
 4512 0020 1B78     		ldrb	r3, [r3]	@ zero_extendqisi2
 4513 0022 9B00     		lsls	r3, r3, #2
 4514 0024 1344     		add	r3, r3, r2
 4515 0026 1B88     		ldrh	r3, [r3]	@ movhi
 4516 0028 3B82     		strh	r3, [r7, #16]	@ movhi
 4517 002a 3B8A     		ldrh	r3, [r7, #16]
 4518 002c 03F04003 		and	r3, r3, #64
 4519 0030 002B     		cmp	r3, #0
 4520 0032 1BD0     		beq	.L154
 4521              	.LBB94:
 4522              		.loc 1 2528 7 is_stmt 0 discriminator 1
 4523 0034 7A68     		ldr	r2, [r7, #4]
 4524 0036 3B68     		ldr	r3, [r7]
 4525 0038 1B78     		ldrb	r3, [r3]	@ zero_extendqisi2
 4526 003a 9B00     		lsls	r3, r3, #2
 4527 003c 1344     		add	r3, r3, r2
 4528 003e 1B88     		ldrh	r3, [r3]	@ movhi
 4529 0040 9BB2     		uxth	r3, r3
 4530 0042 23F4E043 		bic	r3, r3, #28672
 4531 0046 23F07003 		bic	r3, r3, #112
 4532 004a FB81     		strh	r3, [r7, #14]	@ movhi
 4533 004c 7A68     		ldr	r2, [r7, #4]
 4534 004e 3B68     		ldr	r3, [r7]
 4535 0050 1B78     		ldrb	r3, [r3]	@ zero_extendqisi2
 4536 0052 9B00     		lsls	r3, r3, #2
 4537 0054 1A44     		add	r2, r2, r3
 4538 0056 FB89     		ldrh	r3, [r7, #14]	@ movhi
 4539 0058 43F07F43 		orr	r3, r3, #-16777216
 4540 005c 43F47F03 		orr	r3, r3, #16711680
 4541 0060 43F40043 		orr	r3, r3, #32768
 4542 0064 43F0C003 		orr	r3, r3, #192
 4543 0068 9BB2     		uxth	r3, r3
 4544 006a 1380     		strh	r3, [r2]	@ movhi
 4545              	.L154:
 4546              	.LBE94:
 4547              	.LBE93:
2529:Drivers/STM32F1xx_HAL_Driver/Src/stm32f1xx_ll_usb.c **** 
2530:Drivers/STM32F1xx_HAL_Driver/Src/stm32f1xx_ll_usb.c ****       if (ep->type != EP_TYPE_ISOC)
 4548              		.loc 1 2530 13 is_stmt 1
 4549 006c 3B68     		ldr	r3, [r7]
 4550 006e DB78     		ldrb	r3, [r3, #3]	@ zero_extendqisi2
 4551              		.loc 1 2530 10
 4552 0070 012B     		cmp	r3, #1
 4553 0072 6CD0     		beq	.L152
 4554              	.LBB95:
2531:Drivers/STM32F1xx_HAL_Driver/Src/stm32f1xx_ll_usb.c ****       {
2532:Drivers/STM32F1xx_HAL_Driver/Src/stm32f1xx_ll_usb.c ****         /* Configure NAK status for the Endpoint */
2533:Drivers/STM32F1xx_HAL_Driver/Src/stm32f1xx_ll_usb.c ****         PCD_SET_EP_TX_STATUS(USBx, ep->num, USB_EP_TX_NAK);
 4555              		.loc 1 2533 9
 4556 0074 7A68     		ldr	r2, [r7, #4]
ARM GAS  /var/folders/xf/tcndk8390ml5xdpfw93qkhpm0000gn/T//cc0WvzGY.s 			page 125


 4557 0076 3B68     		ldr	r3, [r7]
 4558 0078 1B78     		ldrb	r3, [r3]	@ zero_extendqisi2
 4559 007a 9B00     		lsls	r3, r3, #2
 4560 007c 1344     		add	r3, r3, r2
 4561 007e 1B88     		ldrh	r3, [r3]	@ movhi
 4562 0080 9BB2     		uxth	r3, r3
 4563 0082 23F4E043 		bic	r3, r3, #28672
 4564 0086 23F04003 		bic	r3, r3, #64
 4565 008a BB81     		strh	r3, [r7, #12]	@ movhi
 4566 008c BB89     		ldrh	r3, [r7, #12]	@ movhi
 4567 008e 83F02003 		eor	r3, r3, #32
 4568 0092 BB81     		strh	r3, [r7, #12]	@ movhi
 4569 0094 7A68     		ldr	r2, [r7, #4]
 4570 0096 3B68     		ldr	r3, [r7]
 4571 0098 1B78     		ldrb	r3, [r3]	@ zero_extendqisi2
 4572 009a 9B00     		lsls	r3, r3, #2
 4573 009c 1A44     		add	r2, r2, r3
 4574 009e BB89     		ldrh	r3, [r7, #12]	@ movhi
 4575 00a0 43F07F43 		orr	r3, r3, #-16777216
 4576 00a4 43F47F03 		orr	r3, r3, #16711680
 4577 00a8 43F40043 		orr	r3, r3, #32768
 4578 00ac 43F08003 		orr	r3, r3, #128
 4579 00b0 9BB2     		uxth	r3, r3
 4580 00b2 1380     		strh	r3, [r2]	@ movhi
 4581 00b4 4BE0     		b	.L152
 4582              	.L153:
 4583              	.LBE95:
 4584              	.LBB96:
2534:Drivers/STM32F1xx_HAL_Driver/Src/stm32f1xx_ll_usb.c ****       }
2535:Drivers/STM32F1xx_HAL_Driver/Src/stm32f1xx_ll_usb.c ****     }
2536:Drivers/STM32F1xx_HAL_Driver/Src/stm32f1xx_ll_usb.c ****     else
2537:Drivers/STM32F1xx_HAL_Driver/Src/stm32f1xx_ll_usb.c ****     {
2538:Drivers/STM32F1xx_HAL_Driver/Src/stm32f1xx_ll_usb.c ****       PCD_CLEAR_RX_DTOG(USBx, ep->num);
 4585              		.loc 1 2538 7
 4586 00b6 7A68     		ldr	r2, [r7, #4]
 4587 00b8 3B68     		ldr	r3, [r7]
 4588 00ba 1B78     		ldrb	r3, [r3]	@ zero_extendqisi2
 4589 00bc 9B00     		lsls	r3, r3, #2
 4590 00be 1344     		add	r3, r3, r2
 4591 00c0 1B88     		ldrh	r3, [r3]	@ movhi
 4592 00c2 FB82     		strh	r3, [r7, #22]	@ movhi
 4593 00c4 FB8A     		ldrh	r3, [r7, #22]
 4594 00c6 03F48043 		and	r3, r3, #16384
 4595 00ca 002B     		cmp	r3, #0
 4596 00cc 1BD0     		beq	.L155
 4597              	.LBB97:
 4598              		.loc 1 2538 7 is_stmt 0 discriminator 1
 4599 00ce 7A68     		ldr	r2, [r7, #4]
 4600 00d0 3B68     		ldr	r3, [r7]
 4601 00d2 1B78     		ldrb	r3, [r3]	@ zero_extendqisi2
 4602 00d4 9B00     		lsls	r3, r3, #2
 4603 00d6 1344     		add	r3, r3, r2
 4604 00d8 1B88     		ldrh	r3, [r3]	@ movhi
 4605 00da 9BB2     		uxth	r3, r3
 4606 00dc 23F4E043 		bic	r3, r3, #28672
 4607 00e0 23F07003 		bic	r3, r3, #112
 4608 00e4 BB82     		strh	r3, [r7, #20]	@ movhi
ARM GAS  /var/folders/xf/tcndk8390ml5xdpfw93qkhpm0000gn/T//cc0WvzGY.s 			page 126


 4609 00e6 7A68     		ldr	r2, [r7, #4]
 4610 00e8 3B68     		ldr	r3, [r7]
 4611 00ea 1B78     		ldrb	r3, [r3]	@ zero_extendqisi2
 4612 00ec 9B00     		lsls	r3, r3, #2
 4613 00ee 1A44     		add	r2, r2, r3
 4614 00f0 BB8A     		ldrh	r3, [r7, #20]	@ movhi
 4615 00f2 43F07F43 		orr	r3, r3, #-16777216
 4616 00f6 43F47F03 		orr	r3, r3, #16711680
 4617 00fa 43F44043 		orr	r3, r3, #49152
 4618 00fe 43F08003 		orr	r3, r3, #128
 4619 0102 9BB2     		uxth	r3, r3
 4620 0104 1380     		strh	r3, [r2]	@ movhi
 4621              	.L155:
 4622              	.LBE97:
 4623              	.LBE96:
 4624              	.LBB98:
2539:Drivers/STM32F1xx_HAL_Driver/Src/stm32f1xx_ll_usb.c **** 
2540:Drivers/STM32F1xx_HAL_Driver/Src/stm32f1xx_ll_usb.c ****       /* Configure VALID status for the Endpoint */
2541:Drivers/STM32F1xx_HAL_Driver/Src/stm32f1xx_ll_usb.c ****       PCD_SET_EP_RX_STATUS(USBx, ep->num, USB_EP_RX_VALID);
 4625              		.loc 1 2541 7 is_stmt 1
 4626 0106 7A68     		ldr	r2, [r7, #4]
 4627 0108 3B68     		ldr	r3, [r7]
 4628 010a 1B78     		ldrb	r3, [r3]	@ zero_extendqisi2
 4629 010c 9B00     		lsls	r3, r3, #2
 4630 010e 1344     		add	r3, r3, r2
 4631 0110 1B88     		ldrh	r3, [r3]	@ movhi
 4632 0112 9BB2     		uxth	r3, r3
 4633 0114 23F48043 		bic	r3, r3, #16384
 4634 0118 23F07003 		bic	r3, r3, #112
 4635 011c 7B82     		strh	r3, [r7, #18]	@ movhi
 4636 011e 7B8A     		ldrh	r3, [r7, #18]	@ movhi
 4637 0120 83F48053 		eor	r3, r3, #4096
 4638 0124 7B82     		strh	r3, [r7, #18]	@ movhi
 4639 0126 7B8A     		ldrh	r3, [r7, #18]	@ movhi
 4640 0128 83F40053 		eor	r3, r3, #8192
 4641 012c 7B82     		strh	r3, [r7, #18]	@ movhi
 4642 012e 7A68     		ldr	r2, [r7, #4]
 4643 0130 3B68     		ldr	r3, [r7]
 4644 0132 1B78     		ldrb	r3, [r3]	@ zero_extendqisi2
 4645 0134 9B00     		lsls	r3, r3, #2
 4646 0136 1A44     		add	r2, r2, r3
 4647 0138 7B8A     		ldrh	r3, [r7, #18]	@ movhi
 4648 013a 43F07F43 		orr	r3, r3, #-16777216
 4649 013e 43F47F03 		orr	r3, r3, #16711680
 4650 0142 43F40043 		orr	r3, r3, #32768
 4651 0146 43F08003 		orr	r3, r3, #128
 4652 014a 9BB2     		uxth	r3, r3
 4653 014c 1380     		strh	r3, [r2]	@ movhi
 4654              	.L152:
 4655              	.LBE98:
2542:Drivers/STM32F1xx_HAL_Driver/Src/stm32f1xx_ll_usb.c ****     }
2543:Drivers/STM32F1xx_HAL_Driver/Src/stm32f1xx_ll_usb.c ****   }
2544:Drivers/STM32F1xx_HAL_Driver/Src/stm32f1xx_ll_usb.c **** 
2545:Drivers/STM32F1xx_HAL_Driver/Src/stm32f1xx_ll_usb.c ****   return HAL_OK;
 4656              		.loc 1 2545 10
 4657 014e 0023     		movs	r3, #0
2546:Drivers/STM32F1xx_HAL_Driver/Src/stm32f1xx_ll_usb.c **** }
ARM GAS  /var/folders/xf/tcndk8390ml5xdpfw93qkhpm0000gn/T//cc0WvzGY.s 			page 127


 4658              		.loc 1 2546 1
 4659 0150 1846     		mov	r0, r3
 4660 0152 1C37     		adds	r7, r7, #28
 4661              	.LCFI68:
 4662              		.cfi_def_cfa_offset 4
 4663 0154 BD46     		mov	sp, r7
 4664              	.LCFI69:
 4665              		.cfi_def_cfa_register 13
 4666              		@ sp needed
 4667 0156 80BC     		pop	{r7}
 4668              	.LCFI70:
 4669              		.cfi_restore 7
 4670              		.cfi_def_cfa_offset 0
 4671 0158 7047     		bx	lr
 4672              		.cfi_endproc
 4673              	.LFE76:
 4675              		.section	.text.USB_EPStopXfer,"ax",%progbits
 4676              		.align	1
 4677              		.global	USB_EPStopXfer
 4678              		.syntax unified
 4679              		.thumb
 4680              		.thumb_func
 4682              	USB_EPStopXfer:
 4683              	.LFB77:
2547:Drivers/STM32F1xx_HAL_Driver/Src/stm32f1xx_ll_usb.c **** 
2548:Drivers/STM32F1xx_HAL_Driver/Src/stm32f1xx_ll_usb.c **** /**
2549:Drivers/STM32F1xx_HAL_Driver/Src/stm32f1xx_ll_usb.c ****    * @brief  USB_EPStoptXfer  Stop transfer on an EP
2550:Drivers/STM32F1xx_HAL_Driver/Src/stm32f1xx_ll_usb.c ****    * @param  USBx  usb device instance
2551:Drivers/STM32F1xx_HAL_Driver/Src/stm32f1xx_ll_usb.c ****    * @param  ep pointer to endpoint structure
2552:Drivers/STM32F1xx_HAL_Driver/Src/stm32f1xx_ll_usb.c ****    * @retval HAL status
2553:Drivers/STM32F1xx_HAL_Driver/Src/stm32f1xx_ll_usb.c ****    */
2554:Drivers/STM32F1xx_HAL_Driver/Src/stm32f1xx_ll_usb.c **** HAL_StatusTypeDef USB_EPStopXfer(USB_TypeDef *USBx, USB_EPTypeDef *ep)
2555:Drivers/STM32F1xx_HAL_Driver/Src/stm32f1xx_ll_usb.c **** {
 4684              		.loc 1 2555 1
 4685              		.cfi_startproc
 4686              		@ args = 0, pretend = 0, frame = 16
 4687              		@ frame_needed = 1, uses_anonymous_args = 0
 4688              		@ link register save eliminated.
 4689 0000 80B4     		push	{r7}
 4690              	.LCFI71:
 4691              		.cfi_def_cfa_offset 4
 4692              		.cfi_offset 7, -4
 4693 0002 85B0     		sub	sp, sp, #20
 4694              	.LCFI72:
 4695              		.cfi_def_cfa_offset 24
 4696 0004 00AF     		add	r7, sp, #0
 4697              	.LCFI73:
 4698              		.cfi_def_cfa_register 7
 4699 0006 7860     		str	r0, [r7, #4]
 4700 0008 3960     		str	r1, [r7]
2556:Drivers/STM32F1xx_HAL_Driver/Src/stm32f1xx_ll_usb.c ****   /* IN endpoint */
2557:Drivers/STM32F1xx_HAL_Driver/Src/stm32f1xx_ll_usb.c ****   if (ep->is_in == 1U)
 4701              		.loc 1 2557 9
 4702 000a 3B68     		ldr	r3, [r7]
 4703 000c 5B78     		ldrb	r3, [r3, #1]	@ zero_extendqisi2
 4704              		.loc 1 2557 6
 4705 000e 012B     		cmp	r3, #1
ARM GAS  /var/folders/xf/tcndk8390ml5xdpfw93qkhpm0000gn/T//cc0WvzGY.s 			page 128


 4706 0010 46D1     		bne	.L158
2558:Drivers/STM32F1xx_HAL_Driver/Src/stm32f1xx_ll_usb.c ****   {
2559:Drivers/STM32F1xx_HAL_Driver/Src/stm32f1xx_ll_usb.c ****     if (ep->doublebuffer == 0U)
 4707              		.loc 1 2559 11
 4708 0012 3B68     		ldr	r3, [r7]
 4709 0014 1B7B     		ldrb	r3, [r3, #12]	@ zero_extendqisi2
 4710              		.loc 1 2559 8
 4711 0016 002B     		cmp	r3, #0
 4712 0018 40F08780 		bne	.L159
2560:Drivers/STM32F1xx_HAL_Driver/Src/stm32f1xx_ll_usb.c ****     {
2561:Drivers/STM32F1xx_HAL_Driver/Src/stm32f1xx_ll_usb.c ****       if (ep->type != EP_TYPE_ISOC)
 4713              		.loc 1 2561 13
 4714 001c 3B68     		ldr	r3, [r7]
 4715 001e DB78     		ldrb	r3, [r3, #3]	@ zero_extendqisi2
 4716              		.loc 1 2561 10
 4717 0020 012B     		cmp	r3, #1
 4718 0022 20D0     		beq	.L160
 4719              	.LBB99:
2562:Drivers/STM32F1xx_HAL_Driver/Src/stm32f1xx_ll_usb.c ****       {
2563:Drivers/STM32F1xx_HAL_Driver/Src/stm32f1xx_ll_usb.c ****         /* Configure NAK status for the Endpoint */
2564:Drivers/STM32F1xx_HAL_Driver/Src/stm32f1xx_ll_usb.c ****         PCD_SET_EP_TX_STATUS(USBx, ep->num, USB_EP_TX_NAK);
 4720              		.loc 1 2564 9
 4721 0024 7A68     		ldr	r2, [r7, #4]
 4722 0026 3B68     		ldr	r3, [r7]
 4723 0028 1B78     		ldrb	r3, [r3]	@ zero_extendqisi2
 4724 002a 9B00     		lsls	r3, r3, #2
 4725 002c 1344     		add	r3, r3, r2
 4726 002e 1B88     		ldrh	r3, [r3]	@ movhi
 4727 0030 9BB2     		uxth	r3, r3
 4728 0032 23F4E043 		bic	r3, r3, #28672
 4729 0036 23F04003 		bic	r3, r3, #64
 4730 003a 3B81     		strh	r3, [r7, #8]	@ movhi
 4731 003c 3B89     		ldrh	r3, [r7, #8]	@ movhi
 4732 003e 83F02003 		eor	r3, r3, #32
 4733 0042 3B81     		strh	r3, [r7, #8]	@ movhi
 4734 0044 7A68     		ldr	r2, [r7, #4]
 4735 0046 3B68     		ldr	r3, [r7]
 4736 0048 1B78     		ldrb	r3, [r3]	@ zero_extendqisi2
 4737 004a 9B00     		lsls	r3, r3, #2
 4738 004c 1A44     		add	r2, r2, r3
 4739 004e 3B89     		ldrh	r3, [r7, #8]	@ movhi
 4740 0050 43F07F43 		orr	r3, r3, #-16777216
 4741 0054 43F47F03 		orr	r3, r3, #16711680
 4742 0058 43F40043 		orr	r3, r3, #32768
 4743 005c 43F08003 		orr	r3, r3, #128
 4744 0060 9BB2     		uxth	r3, r3
 4745 0062 1380     		strh	r3, [r2]	@ movhi
 4746              	.LBE99:
 4747 0064 61E0     		b	.L159
 4748              	.L160:
 4749              	.LBB100:
2565:Drivers/STM32F1xx_HAL_Driver/Src/stm32f1xx_ll_usb.c ****       }
2566:Drivers/STM32F1xx_HAL_Driver/Src/stm32f1xx_ll_usb.c ****       else
2567:Drivers/STM32F1xx_HAL_Driver/Src/stm32f1xx_ll_usb.c ****       {
2568:Drivers/STM32F1xx_HAL_Driver/Src/stm32f1xx_ll_usb.c ****         /* Configure TX Endpoint to disabled state */
2569:Drivers/STM32F1xx_HAL_Driver/Src/stm32f1xx_ll_usb.c ****         PCD_SET_EP_TX_STATUS(USBx, ep->num, USB_EP_TX_DIS);
 4750              		.loc 1 2569 9
ARM GAS  /var/folders/xf/tcndk8390ml5xdpfw93qkhpm0000gn/T//cc0WvzGY.s 			page 129


 4751 0066 7A68     		ldr	r2, [r7, #4]
 4752 0068 3B68     		ldr	r3, [r7]
 4753 006a 1B78     		ldrb	r3, [r3]	@ zero_extendqisi2
 4754 006c 9B00     		lsls	r3, r3, #2
 4755 006e 1344     		add	r3, r3, r2
 4756 0070 1B88     		ldrh	r3, [r3]	@ movhi
 4757 0072 9BB2     		uxth	r3, r3
 4758 0074 23F4E043 		bic	r3, r3, #28672
 4759 0078 23F04003 		bic	r3, r3, #64
 4760 007c 7B81     		strh	r3, [r7, #10]	@ movhi
 4761 007e 7A68     		ldr	r2, [r7, #4]
 4762 0080 3B68     		ldr	r3, [r7]
 4763 0082 1B78     		ldrb	r3, [r3]	@ zero_extendqisi2
 4764 0084 9B00     		lsls	r3, r3, #2
 4765 0086 1A44     		add	r2, r2, r3
 4766 0088 7B89     		ldrh	r3, [r7, #10]	@ movhi
 4767 008a 43F07F43 		orr	r3, r3, #-16777216
 4768 008e 43F47F03 		orr	r3, r3, #16711680
 4769 0092 43F40043 		orr	r3, r3, #32768
 4770 0096 43F08003 		orr	r3, r3, #128
 4771 009a 9BB2     		uxth	r3, r3
 4772 009c 1380     		strh	r3, [r2]	@ movhi
 4773 009e 44E0     		b	.L159
 4774              	.L158:
 4775              	.LBE100:
2570:Drivers/STM32F1xx_HAL_Driver/Src/stm32f1xx_ll_usb.c ****       }
2571:Drivers/STM32F1xx_HAL_Driver/Src/stm32f1xx_ll_usb.c ****     }
2572:Drivers/STM32F1xx_HAL_Driver/Src/stm32f1xx_ll_usb.c ****   }
2573:Drivers/STM32F1xx_HAL_Driver/Src/stm32f1xx_ll_usb.c ****   else /* OUT endpoint */
2574:Drivers/STM32F1xx_HAL_Driver/Src/stm32f1xx_ll_usb.c ****   {
2575:Drivers/STM32F1xx_HAL_Driver/Src/stm32f1xx_ll_usb.c ****     if (ep->doublebuffer == 0U)
 4776              		.loc 1 2575 11
 4777 00a0 3B68     		ldr	r3, [r7]
 4778 00a2 1B7B     		ldrb	r3, [r3, #12]	@ zero_extendqisi2
 4779              		.loc 1 2575 8
 4780 00a4 002B     		cmp	r3, #0
 4781 00a6 40D1     		bne	.L159
2576:Drivers/STM32F1xx_HAL_Driver/Src/stm32f1xx_ll_usb.c ****     {
2577:Drivers/STM32F1xx_HAL_Driver/Src/stm32f1xx_ll_usb.c ****       if (ep->type != EP_TYPE_ISOC)
 4782              		.loc 1 2577 13
 4783 00a8 3B68     		ldr	r3, [r7]
 4784 00aa DB78     		ldrb	r3, [r3, #3]	@ zero_extendqisi2
 4785              		.loc 1 2577 10
 4786 00ac 012B     		cmp	r3, #1
 4787 00ae 20D0     		beq	.L161
 4788              	.LBB101:
2578:Drivers/STM32F1xx_HAL_Driver/Src/stm32f1xx_ll_usb.c ****       {
2579:Drivers/STM32F1xx_HAL_Driver/Src/stm32f1xx_ll_usb.c ****         /* Configure NAK status for the Endpoint */
2580:Drivers/STM32F1xx_HAL_Driver/Src/stm32f1xx_ll_usb.c ****         PCD_SET_EP_RX_STATUS(USBx, ep->num, USB_EP_RX_NAK);
 4789              		.loc 1 2580 9
 4790 00b0 7A68     		ldr	r2, [r7, #4]
 4791 00b2 3B68     		ldr	r3, [r7]
 4792 00b4 1B78     		ldrb	r3, [r3]	@ zero_extendqisi2
 4793 00b6 9B00     		lsls	r3, r3, #2
 4794 00b8 1344     		add	r3, r3, r2
 4795 00ba 1B88     		ldrh	r3, [r3]	@ movhi
 4796 00bc 9BB2     		uxth	r3, r3
ARM GAS  /var/folders/xf/tcndk8390ml5xdpfw93qkhpm0000gn/T//cc0WvzGY.s 			page 130


 4797 00be 23F48043 		bic	r3, r3, #16384
 4798 00c2 23F07003 		bic	r3, r3, #112
 4799 00c6 BB81     		strh	r3, [r7, #12]	@ movhi
 4800 00c8 BB89     		ldrh	r3, [r7, #12]	@ movhi
 4801 00ca 83F40053 		eor	r3, r3, #8192
 4802 00ce BB81     		strh	r3, [r7, #12]	@ movhi
 4803 00d0 7A68     		ldr	r2, [r7, #4]
 4804 00d2 3B68     		ldr	r3, [r7]
 4805 00d4 1B78     		ldrb	r3, [r3]	@ zero_extendqisi2
 4806 00d6 9B00     		lsls	r3, r3, #2
 4807 00d8 1A44     		add	r2, r2, r3
 4808 00da BB89     		ldrh	r3, [r7, #12]	@ movhi
 4809 00dc 43F07F43 		orr	r3, r3, #-16777216
 4810 00e0 43F47F03 		orr	r3, r3, #16711680
 4811 00e4 43F40043 		orr	r3, r3, #32768
 4812 00e8 43F08003 		orr	r3, r3, #128
 4813 00ec 9BB2     		uxth	r3, r3
 4814 00ee 1380     		strh	r3, [r2]	@ movhi
 4815              	.LBE101:
 4816 00f0 1BE0     		b	.L159
 4817              	.L161:
 4818              	.LBB102:
2581:Drivers/STM32F1xx_HAL_Driver/Src/stm32f1xx_ll_usb.c ****       }
2582:Drivers/STM32F1xx_HAL_Driver/Src/stm32f1xx_ll_usb.c ****       else
2583:Drivers/STM32F1xx_HAL_Driver/Src/stm32f1xx_ll_usb.c ****       {
2584:Drivers/STM32F1xx_HAL_Driver/Src/stm32f1xx_ll_usb.c ****         /* Configure RX Endpoint to disabled state */
2585:Drivers/STM32F1xx_HAL_Driver/Src/stm32f1xx_ll_usb.c ****         PCD_SET_EP_RX_STATUS(USBx, ep->num, USB_EP_RX_DIS);
 4819              		.loc 1 2585 9
 4820 00f2 7A68     		ldr	r2, [r7, #4]
 4821 00f4 3B68     		ldr	r3, [r7]
 4822 00f6 1B78     		ldrb	r3, [r3]	@ zero_extendqisi2
 4823 00f8 9B00     		lsls	r3, r3, #2
 4824 00fa 1344     		add	r3, r3, r2
 4825 00fc 1B88     		ldrh	r3, [r3]	@ movhi
 4826 00fe 9BB2     		uxth	r3, r3
 4827 0100 23F48043 		bic	r3, r3, #16384
 4828 0104 23F07003 		bic	r3, r3, #112
 4829 0108 FB81     		strh	r3, [r7, #14]	@ movhi
 4830 010a 7A68     		ldr	r2, [r7, #4]
 4831 010c 3B68     		ldr	r3, [r7]
 4832 010e 1B78     		ldrb	r3, [r3]	@ zero_extendqisi2
 4833 0110 9B00     		lsls	r3, r3, #2
 4834 0112 1A44     		add	r2, r2, r3
 4835 0114 FB89     		ldrh	r3, [r7, #14]	@ movhi
 4836 0116 43F07F43 		orr	r3, r3, #-16777216
 4837 011a 43F47F03 		orr	r3, r3, #16711680
 4838 011e 43F40043 		orr	r3, r3, #32768
 4839 0122 43F08003 		orr	r3, r3, #128
 4840 0126 9BB2     		uxth	r3, r3
 4841 0128 1380     		strh	r3, [r2]	@ movhi
 4842              	.L159:
 4843              	.LBE102:
2586:Drivers/STM32F1xx_HAL_Driver/Src/stm32f1xx_ll_usb.c ****       }
2587:Drivers/STM32F1xx_HAL_Driver/Src/stm32f1xx_ll_usb.c ****     }
2588:Drivers/STM32F1xx_HAL_Driver/Src/stm32f1xx_ll_usb.c ****   }
2589:Drivers/STM32F1xx_HAL_Driver/Src/stm32f1xx_ll_usb.c **** 
2590:Drivers/STM32F1xx_HAL_Driver/Src/stm32f1xx_ll_usb.c ****   return HAL_OK;
ARM GAS  /var/folders/xf/tcndk8390ml5xdpfw93qkhpm0000gn/T//cc0WvzGY.s 			page 131


 4844              		.loc 1 2590 10
 4845 012a 0023     		movs	r3, #0
2591:Drivers/STM32F1xx_HAL_Driver/Src/stm32f1xx_ll_usb.c **** }
 4846              		.loc 1 2591 1
 4847 012c 1846     		mov	r0, r3
 4848 012e 1437     		adds	r7, r7, #20
 4849              	.LCFI74:
 4850              		.cfi_def_cfa_offset 4
 4851 0130 BD46     		mov	sp, r7
 4852              	.LCFI75:
 4853              		.cfi_def_cfa_register 13
 4854              		@ sp needed
 4855 0132 80BC     		pop	{r7}
 4856              	.LCFI76:
 4857              		.cfi_restore 7
 4858              		.cfi_def_cfa_offset 0
 4859 0134 7047     		bx	lr
 4860              		.cfi_endproc
 4861              	.LFE77:
 4863              		.section	.text.USB_StopDevice,"ax",%progbits
 4864              		.align	1
 4865              		.global	USB_StopDevice
 4866              		.syntax unified
 4867              		.thumb
 4868              		.thumb_func
 4870              	USB_StopDevice:
 4871              	.LFB78:
2592:Drivers/STM32F1xx_HAL_Driver/Src/stm32f1xx_ll_usb.c **** #endif /* defined (HAL_PCD_MODULE_ENABLED) */
2593:Drivers/STM32F1xx_HAL_Driver/Src/stm32f1xx_ll_usb.c **** 
2594:Drivers/STM32F1xx_HAL_Driver/Src/stm32f1xx_ll_usb.c **** /**
2595:Drivers/STM32F1xx_HAL_Driver/Src/stm32f1xx_ll_usb.c ****   * @brief  USB_StopDevice Stop the usb device mode
2596:Drivers/STM32F1xx_HAL_Driver/Src/stm32f1xx_ll_usb.c ****   * @param  USBx Selected device
2597:Drivers/STM32F1xx_HAL_Driver/Src/stm32f1xx_ll_usb.c ****   * @retval HAL status
2598:Drivers/STM32F1xx_HAL_Driver/Src/stm32f1xx_ll_usb.c ****   */
2599:Drivers/STM32F1xx_HAL_Driver/Src/stm32f1xx_ll_usb.c **** HAL_StatusTypeDef USB_StopDevice(USB_TypeDef *USBx)
2600:Drivers/STM32F1xx_HAL_Driver/Src/stm32f1xx_ll_usb.c **** {
 4872              		.loc 1 2600 1
 4873              		.cfi_startproc
 4874              		@ args = 0, pretend = 0, frame = 8
 4875              		@ frame_needed = 1, uses_anonymous_args = 0
 4876              		@ link register save eliminated.
 4877 0000 80B4     		push	{r7}
 4878              	.LCFI77:
 4879              		.cfi_def_cfa_offset 4
 4880              		.cfi_offset 7, -4
 4881 0002 83B0     		sub	sp, sp, #12
 4882              	.LCFI78:
 4883              		.cfi_def_cfa_offset 16
 4884 0004 00AF     		add	r7, sp, #0
 4885              	.LCFI79:
 4886              		.cfi_def_cfa_register 7
 4887 0006 7860     		str	r0, [r7, #4]
2601:Drivers/STM32F1xx_HAL_Driver/Src/stm32f1xx_ll_usb.c ****   /* disable all interrupts and force USB reset */
2602:Drivers/STM32F1xx_HAL_Driver/Src/stm32f1xx_ll_usb.c ****   USBx->CNTR = (uint16_t)USB_CNTR_FRES;
 4888              		.loc 1 2602 14
 4889 0008 7B68     		ldr	r3, [r7, #4]
 4890 000a 0122     		movs	r2, #1
ARM GAS  /var/folders/xf/tcndk8390ml5xdpfw93qkhpm0000gn/T//cc0WvzGY.s 			page 132


 4891 000c A3F84020 		strh	r2, [r3, #64]	@ movhi
2603:Drivers/STM32F1xx_HAL_Driver/Src/stm32f1xx_ll_usb.c **** 
2604:Drivers/STM32F1xx_HAL_Driver/Src/stm32f1xx_ll_usb.c ****   /* clear interrupt status register */
2605:Drivers/STM32F1xx_HAL_Driver/Src/stm32f1xx_ll_usb.c ****   USBx->ISTR = 0U;
 4892              		.loc 1 2605 14
 4893 0010 7B68     		ldr	r3, [r7, #4]
 4894 0012 0022     		movs	r2, #0
 4895 0014 A3F84420 		strh	r2, [r3, #68]	@ movhi
2606:Drivers/STM32F1xx_HAL_Driver/Src/stm32f1xx_ll_usb.c **** 
2607:Drivers/STM32F1xx_HAL_Driver/Src/stm32f1xx_ll_usb.c ****   /* switch-off device */
2608:Drivers/STM32F1xx_HAL_Driver/Src/stm32f1xx_ll_usb.c ****   USBx->CNTR = (uint16_t)(USB_CNTR_FRES | USB_CNTR_PDWN);
 4896              		.loc 1 2608 14
 4897 0018 7B68     		ldr	r3, [r7, #4]
 4898 001a 0322     		movs	r2, #3
 4899 001c A3F84020 		strh	r2, [r3, #64]	@ movhi
2609:Drivers/STM32F1xx_HAL_Driver/Src/stm32f1xx_ll_usb.c **** 
2610:Drivers/STM32F1xx_HAL_Driver/Src/stm32f1xx_ll_usb.c ****   return HAL_OK;
 4900              		.loc 1 2610 10
 4901 0020 0023     		movs	r3, #0
2611:Drivers/STM32F1xx_HAL_Driver/Src/stm32f1xx_ll_usb.c **** }
 4902              		.loc 1 2611 1
 4903 0022 1846     		mov	r0, r3
 4904 0024 0C37     		adds	r7, r7, #12
 4905              	.LCFI80:
 4906              		.cfi_def_cfa_offset 4
 4907 0026 BD46     		mov	sp, r7
 4908              	.LCFI81:
 4909              		.cfi_def_cfa_register 13
 4910              		@ sp needed
 4911 0028 80BC     		pop	{r7}
 4912              	.LCFI82:
 4913              		.cfi_restore 7
 4914              		.cfi_def_cfa_offset 0
 4915 002a 7047     		bx	lr
 4916              		.cfi_endproc
 4917              	.LFE78:
 4919              		.section	.text.USB_SetDevAddress,"ax",%progbits
 4920              		.align	1
 4921              		.global	USB_SetDevAddress
 4922              		.syntax unified
 4923              		.thumb
 4924              		.thumb_func
 4926              	USB_SetDevAddress:
 4927              	.LFB79:
2612:Drivers/STM32F1xx_HAL_Driver/Src/stm32f1xx_ll_usb.c **** 
2613:Drivers/STM32F1xx_HAL_Driver/Src/stm32f1xx_ll_usb.c **** /**
2614:Drivers/STM32F1xx_HAL_Driver/Src/stm32f1xx_ll_usb.c ****   * @brief  USB_SetDevAddress Stop the usb device mode
2615:Drivers/STM32F1xx_HAL_Driver/Src/stm32f1xx_ll_usb.c ****   * @param  USBx Selected device
2616:Drivers/STM32F1xx_HAL_Driver/Src/stm32f1xx_ll_usb.c ****   * @param  address new device address to be assigned
2617:Drivers/STM32F1xx_HAL_Driver/Src/stm32f1xx_ll_usb.c ****   *          This parameter can be a value from 0 to 255
2618:Drivers/STM32F1xx_HAL_Driver/Src/stm32f1xx_ll_usb.c ****   * @retval HAL status
2619:Drivers/STM32F1xx_HAL_Driver/Src/stm32f1xx_ll_usb.c ****   */
2620:Drivers/STM32F1xx_HAL_Driver/Src/stm32f1xx_ll_usb.c **** HAL_StatusTypeDef  USB_SetDevAddress(USB_TypeDef *USBx, uint8_t address)
2621:Drivers/STM32F1xx_HAL_Driver/Src/stm32f1xx_ll_usb.c **** {
 4928              		.loc 1 2621 1
 4929              		.cfi_startproc
 4930              		@ args = 0, pretend = 0, frame = 8
ARM GAS  /var/folders/xf/tcndk8390ml5xdpfw93qkhpm0000gn/T//cc0WvzGY.s 			page 133


 4931              		@ frame_needed = 1, uses_anonymous_args = 0
 4932              		@ link register save eliminated.
 4933 0000 80B4     		push	{r7}
 4934              	.LCFI83:
 4935              		.cfi_def_cfa_offset 4
 4936              		.cfi_offset 7, -4
 4937 0002 83B0     		sub	sp, sp, #12
 4938              	.LCFI84:
 4939              		.cfi_def_cfa_offset 16
 4940 0004 00AF     		add	r7, sp, #0
 4941              	.LCFI85:
 4942              		.cfi_def_cfa_register 7
 4943 0006 7860     		str	r0, [r7, #4]
 4944 0008 0B46     		mov	r3, r1
 4945 000a FB70     		strb	r3, [r7, #3]
2622:Drivers/STM32F1xx_HAL_Driver/Src/stm32f1xx_ll_usb.c ****   if (address == 0U)
 4946              		.loc 1 2622 6
 4947 000c FB78     		ldrb	r3, [r7, #3]	@ zero_extendqisi2
 4948 000e 002B     		cmp	r3, #0
 4949 0010 03D1     		bne	.L166
2623:Drivers/STM32F1xx_HAL_Driver/Src/stm32f1xx_ll_usb.c ****   {
2624:Drivers/STM32F1xx_HAL_Driver/Src/stm32f1xx_ll_usb.c ****     /* set device address and enable function */
2625:Drivers/STM32F1xx_HAL_Driver/Src/stm32f1xx_ll_usb.c ****     USBx->DADDR = (uint16_t)USB_DADDR_EF;
 4950              		.loc 1 2625 17
 4951 0012 7B68     		ldr	r3, [r7, #4]
 4952 0014 8022     		movs	r2, #128
 4953 0016 A3F84C20 		strh	r2, [r3, #76]	@ movhi
 4954              	.L166:
2626:Drivers/STM32F1xx_HAL_Driver/Src/stm32f1xx_ll_usb.c ****   }
2627:Drivers/STM32F1xx_HAL_Driver/Src/stm32f1xx_ll_usb.c **** 
2628:Drivers/STM32F1xx_HAL_Driver/Src/stm32f1xx_ll_usb.c ****   return HAL_OK;
 4955              		.loc 1 2628 10
 4956 001a 0023     		movs	r3, #0
2629:Drivers/STM32F1xx_HAL_Driver/Src/stm32f1xx_ll_usb.c **** }
 4957              		.loc 1 2629 1
 4958 001c 1846     		mov	r0, r3
 4959 001e 0C37     		adds	r7, r7, #12
 4960              	.LCFI86:
 4961              		.cfi_def_cfa_offset 4
 4962 0020 BD46     		mov	sp, r7
 4963              	.LCFI87:
 4964              		.cfi_def_cfa_register 13
 4965              		@ sp needed
 4966 0022 80BC     		pop	{r7}
 4967              	.LCFI88:
 4968              		.cfi_restore 7
 4969              		.cfi_def_cfa_offset 0
 4970 0024 7047     		bx	lr
 4971              		.cfi_endproc
 4972              	.LFE79:
 4974              		.section	.text.USB_DevConnect,"ax",%progbits
 4975              		.align	1
 4976              		.global	USB_DevConnect
 4977              		.syntax unified
 4978              		.thumb
 4979              		.thumb_func
 4981              	USB_DevConnect:
ARM GAS  /var/folders/xf/tcndk8390ml5xdpfw93qkhpm0000gn/T//cc0WvzGY.s 			page 134


 4982              	.LFB80:
2630:Drivers/STM32F1xx_HAL_Driver/Src/stm32f1xx_ll_usb.c **** 
2631:Drivers/STM32F1xx_HAL_Driver/Src/stm32f1xx_ll_usb.c **** /**
2632:Drivers/STM32F1xx_HAL_Driver/Src/stm32f1xx_ll_usb.c ****   * @brief  USB_DevConnect Connect the USB device by enabling the pull-up/pull-down
2633:Drivers/STM32F1xx_HAL_Driver/Src/stm32f1xx_ll_usb.c ****   * @param  USBx Selected device
2634:Drivers/STM32F1xx_HAL_Driver/Src/stm32f1xx_ll_usb.c ****   * @retval HAL status
2635:Drivers/STM32F1xx_HAL_Driver/Src/stm32f1xx_ll_usb.c ****   */
2636:Drivers/STM32F1xx_HAL_Driver/Src/stm32f1xx_ll_usb.c **** HAL_StatusTypeDef  USB_DevConnect(USB_TypeDef *USBx)
2637:Drivers/STM32F1xx_HAL_Driver/Src/stm32f1xx_ll_usb.c **** {
 4983              		.loc 1 2637 1
 4984              		.cfi_startproc
 4985              		@ args = 0, pretend = 0, frame = 8
 4986              		@ frame_needed = 1, uses_anonymous_args = 0
 4987              		@ link register save eliminated.
 4988 0000 80B4     		push	{r7}
 4989              	.LCFI89:
 4990              		.cfi_def_cfa_offset 4
 4991              		.cfi_offset 7, -4
 4992 0002 83B0     		sub	sp, sp, #12
 4993              	.LCFI90:
 4994              		.cfi_def_cfa_offset 16
 4995 0004 00AF     		add	r7, sp, #0
 4996              	.LCFI91:
 4997              		.cfi_def_cfa_register 7
 4998 0006 7860     		str	r0, [r7, #4]
2638:Drivers/STM32F1xx_HAL_Driver/Src/stm32f1xx_ll_usb.c ****   /* Prevent unused argument(s) compilation warning */
2639:Drivers/STM32F1xx_HAL_Driver/Src/stm32f1xx_ll_usb.c ****   UNUSED(USBx);
2640:Drivers/STM32F1xx_HAL_Driver/Src/stm32f1xx_ll_usb.c **** 
2641:Drivers/STM32F1xx_HAL_Driver/Src/stm32f1xx_ll_usb.c ****   /* NOTE : - This function is not required by USB Device FS peripheral, it is used
2642:Drivers/STM32F1xx_HAL_Driver/Src/stm32f1xx_ll_usb.c ****               only by USB OTG FS peripheral.
2643:Drivers/STM32F1xx_HAL_Driver/Src/stm32f1xx_ll_usb.c ****             - This function is added to ensure compatibility across platforms.
2644:Drivers/STM32F1xx_HAL_Driver/Src/stm32f1xx_ll_usb.c ****    */
2645:Drivers/STM32F1xx_HAL_Driver/Src/stm32f1xx_ll_usb.c **** 
2646:Drivers/STM32F1xx_HAL_Driver/Src/stm32f1xx_ll_usb.c ****   return HAL_OK;
 4999              		.loc 1 2646 10
 5000 0008 0023     		movs	r3, #0
2647:Drivers/STM32F1xx_HAL_Driver/Src/stm32f1xx_ll_usb.c **** }
 5001              		.loc 1 2647 1
 5002 000a 1846     		mov	r0, r3
 5003 000c 0C37     		adds	r7, r7, #12
 5004              	.LCFI92:
 5005              		.cfi_def_cfa_offset 4
 5006 000e BD46     		mov	sp, r7
 5007              	.LCFI93:
 5008              		.cfi_def_cfa_register 13
 5009              		@ sp needed
 5010 0010 80BC     		pop	{r7}
 5011              	.LCFI94:
 5012              		.cfi_restore 7
 5013              		.cfi_def_cfa_offset 0
 5014 0012 7047     		bx	lr
 5015              		.cfi_endproc
 5016              	.LFE80:
 5018              		.section	.text.USB_DevDisconnect,"ax",%progbits
 5019              		.align	1
 5020              		.global	USB_DevDisconnect
 5021              		.syntax unified
ARM GAS  /var/folders/xf/tcndk8390ml5xdpfw93qkhpm0000gn/T//cc0WvzGY.s 			page 135


 5022              		.thumb
 5023              		.thumb_func
 5025              	USB_DevDisconnect:
 5026              	.LFB81:
2648:Drivers/STM32F1xx_HAL_Driver/Src/stm32f1xx_ll_usb.c **** 
2649:Drivers/STM32F1xx_HAL_Driver/Src/stm32f1xx_ll_usb.c **** /**
2650:Drivers/STM32F1xx_HAL_Driver/Src/stm32f1xx_ll_usb.c ****   * @brief  USB_DevDisconnect Disconnect the USB device by disabling the pull-up/pull-down
2651:Drivers/STM32F1xx_HAL_Driver/Src/stm32f1xx_ll_usb.c ****   * @param  USBx Selected device
2652:Drivers/STM32F1xx_HAL_Driver/Src/stm32f1xx_ll_usb.c ****   * @retval HAL status
2653:Drivers/STM32F1xx_HAL_Driver/Src/stm32f1xx_ll_usb.c ****   */
2654:Drivers/STM32F1xx_HAL_Driver/Src/stm32f1xx_ll_usb.c **** HAL_StatusTypeDef  USB_DevDisconnect(USB_TypeDef *USBx)
2655:Drivers/STM32F1xx_HAL_Driver/Src/stm32f1xx_ll_usb.c **** {
 5027              		.loc 1 2655 1
 5028              		.cfi_startproc
 5029              		@ args = 0, pretend = 0, frame = 8
 5030              		@ frame_needed = 1, uses_anonymous_args = 0
 5031              		@ link register save eliminated.
 5032 0000 80B4     		push	{r7}
 5033              	.LCFI95:
 5034              		.cfi_def_cfa_offset 4
 5035              		.cfi_offset 7, -4
 5036 0002 83B0     		sub	sp, sp, #12
 5037              	.LCFI96:
 5038              		.cfi_def_cfa_offset 16
 5039 0004 00AF     		add	r7, sp, #0
 5040              	.LCFI97:
 5041              		.cfi_def_cfa_register 7
 5042 0006 7860     		str	r0, [r7, #4]
2656:Drivers/STM32F1xx_HAL_Driver/Src/stm32f1xx_ll_usb.c ****   /* Prevent unused argument(s) compilation warning */
2657:Drivers/STM32F1xx_HAL_Driver/Src/stm32f1xx_ll_usb.c ****   UNUSED(USBx);
2658:Drivers/STM32F1xx_HAL_Driver/Src/stm32f1xx_ll_usb.c **** 
2659:Drivers/STM32F1xx_HAL_Driver/Src/stm32f1xx_ll_usb.c ****   /* NOTE : - This function is not required by USB Device FS peripheral, it is used
2660:Drivers/STM32F1xx_HAL_Driver/Src/stm32f1xx_ll_usb.c ****               only by USB OTG FS peripheral.
2661:Drivers/STM32F1xx_HAL_Driver/Src/stm32f1xx_ll_usb.c ****             - This function is added to ensure compatibility across platforms.
2662:Drivers/STM32F1xx_HAL_Driver/Src/stm32f1xx_ll_usb.c ****    */
2663:Drivers/STM32F1xx_HAL_Driver/Src/stm32f1xx_ll_usb.c **** 
2664:Drivers/STM32F1xx_HAL_Driver/Src/stm32f1xx_ll_usb.c ****   return HAL_OK;
 5043              		.loc 1 2664 10
 5044 0008 0023     		movs	r3, #0
2665:Drivers/STM32F1xx_HAL_Driver/Src/stm32f1xx_ll_usb.c **** }
 5045              		.loc 1 2665 1
 5046 000a 1846     		mov	r0, r3
 5047 000c 0C37     		adds	r7, r7, #12
 5048              	.LCFI98:
 5049              		.cfi_def_cfa_offset 4
 5050 000e BD46     		mov	sp, r7
 5051              	.LCFI99:
 5052              		.cfi_def_cfa_register 13
 5053              		@ sp needed
 5054 0010 80BC     		pop	{r7}
 5055              	.LCFI100:
 5056              		.cfi_restore 7
 5057              		.cfi_def_cfa_offset 0
 5058 0012 7047     		bx	lr
 5059              		.cfi_endproc
 5060              	.LFE81:
 5062              		.section	.text.USB_ReadInterrupts,"ax",%progbits
ARM GAS  /var/folders/xf/tcndk8390ml5xdpfw93qkhpm0000gn/T//cc0WvzGY.s 			page 136


 5063              		.align	1
 5064              		.global	USB_ReadInterrupts
 5065              		.syntax unified
 5066              		.thumb
 5067              		.thumb_func
 5069              	USB_ReadInterrupts:
 5070              	.LFB82:
2666:Drivers/STM32F1xx_HAL_Driver/Src/stm32f1xx_ll_usb.c **** 
2667:Drivers/STM32F1xx_HAL_Driver/Src/stm32f1xx_ll_usb.c **** /**
2668:Drivers/STM32F1xx_HAL_Driver/Src/stm32f1xx_ll_usb.c ****   * @brief  USB_ReadInterrupts return the global USB interrupt status
2669:Drivers/STM32F1xx_HAL_Driver/Src/stm32f1xx_ll_usb.c ****   * @param  USBx Selected device
2670:Drivers/STM32F1xx_HAL_Driver/Src/stm32f1xx_ll_usb.c ****   * @retval USB Global Interrupt status
2671:Drivers/STM32F1xx_HAL_Driver/Src/stm32f1xx_ll_usb.c ****   */
2672:Drivers/STM32F1xx_HAL_Driver/Src/stm32f1xx_ll_usb.c **** uint32_t USB_ReadInterrupts(USB_TypeDef const *USBx)
2673:Drivers/STM32F1xx_HAL_Driver/Src/stm32f1xx_ll_usb.c **** {
 5071              		.loc 1 2673 1
 5072              		.cfi_startproc
 5073              		@ args = 0, pretend = 0, frame = 16
 5074              		@ frame_needed = 1, uses_anonymous_args = 0
 5075              		@ link register save eliminated.
 5076 0000 80B4     		push	{r7}
 5077              	.LCFI101:
 5078              		.cfi_def_cfa_offset 4
 5079              		.cfi_offset 7, -4
 5080 0002 85B0     		sub	sp, sp, #20
 5081              	.LCFI102:
 5082              		.cfi_def_cfa_offset 24
 5083 0004 00AF     		add	r7, sp, #0
 5084              	.LCFI103:
 5085              		.cfi_def_cfa_register 7
 5086 0006 7860     		str	r0, [r7, #4]
2674:Drivers/STM32F1xx_HAL_Driver/Src/stm32f1xx_ll_usb.c ****   uint32_t tmpreg;
2675:Drivers/STM32F1xx_HAL_Driver/Src/stm32f1xx_ll_usb.c **** 
2676:Drivers/STM32F1xx_HAL_Driver/Src/stm32f1xx_ll_usb.c ****   tmpreg = USBx->ISTR;
 5087              		.loc 1 2676 16
 5088 0008 7B68     		ldr	r3, [r7, #4]
 5089 000a B3F84430 		ldrh	r3, [r3, #68]	@ movhi
 5090 000e 9BB2     		uxth	r3, r3
 5091              		.loc 1 2676 10
 5092 0010 FB60     		str	r3, [r7, #12]
2677:Drivers/STM32F1xx_HAL_Driver/Src/stm32f1xx_ll_usb.c ****   return tmpreg;
 5093              		.loc 1 2677 10
 5094 0012 FB68     		ldr	r3, [r7, #12]
2678:Drivers/STM32F1xx_HAL_Driver/Src/stm32f1xx_ll_usb.c **** }
 5095              		.loc 1 2678 1
 5096 0014 1846     		mov	r0, r3
 5097 0016 1437     		adds	r7, r7, #20
 5098              	.LCFI104:
 5099              		.cfi_def_cfa_offset 4
 5100 0018 BD46     		mov	sp, r7
 5101              	.LCFI105:
 5102              		.cfi_def_cfa_register 13
 5103              		@ sp needed
 5104 001a 80BC     		pop	{r7}
 5105              	.LCFI106:
 5106              		.cfi_restore 7
 5107              		.cfi_def_cfa_offset 0
ARM GAS  /var/folders/xf/tcndk8390ml5xdpfw93qkhpm0000gn/T//cc0WvzGY.s 			page 137


 5108 001c 7047     		bx	lr
 5109              		.cfi_endproc
 5110              	.LFE82:
 5112              		.section	.text.USB_ReadDevAllOutEpInterrupt,"ax",%progbits
 5113              		.align	1
 5114              		.global	USB_ReadDevAllOutEpInterrupt
 5115              		.syntax unified
 5116              		.thumb
 5117              		.thumb_func
 5119              	USB_ReadDevAllOutEpInterrupt:
 5120              	.LFB83:
2679:Drivers/STM32F1xx_HAL_Driver/Src/stm32f1xx_ll_usb.c **** 
2680:Drivers/STM32F1xx_HAL_Driver/Src/stm32f1xx_ll_usb.c **** /**
2681:Drivers/STM32F1xx_HAL_Driver/Src/stm32f1xx_ll_usb.c ****   * @brief  USB_ReadDevAllOutEpInterrupt return the USB device OUT endpoints interrupt status
2682:Drivers/STM32F1xx_HAL_Driver/Src/stm32f1xx_ll_usb.c ****   * @param  USBx Selected device
2683:Drivers/STM32F1xx_HAL_Driver/Src/stm32f1xx_ll_usb.c ****   * @retval HAL status
2684:Drivers/STM32F1xx_HAL_Driver/Src/stm32f1xx_ll_usb.c ****   */
2685:Drivers/STM32F1xx_HAL_Driver/Src/stm32f1xx_ll_usb.c **** uint32_t USB_ReadDevAllOutEpInterrupt(USB_TypeDef *USBx)
2686:Drivers/STM32F1xx_HAL_Driver/Src/stm32f1xx_ll_usb.c **** {
 5121              		.loc 1 2686 1
 5122              		.cfi_startproc
 5123              		@ args = 0, pretend = 0, frame = 8
 5124              		@ frame_needed = 1, uses_anonymous_args = 0
 5125              		@ link register save eliminated.
 5126 0000 80B4     		push	{r7}
 5127              	.LCFI107:
 5128              		.cfi_def_cfa_offset 4
 5129              		.cfi_offset 7, -4
 5130 0002 83B0     		sub	sp, sp, #12
 5131              	.LCFI108:
 5132              		.cfi_def_cfa_offset 16
 5133 0004 00AF     		add	r7, sp, #0
 5134              	.LCFI109:
 5135              		.cfi_def_cfa_register 7
 5136 0006 7860     		str	r0, [r7, #4]
2687:Drivers/STM32F1xx_HAL_Driver/Src/stm32f1xx_ll_usb.c ****   /* Prevent unused argument(s) compilation warning */
2688:Drivers/STM32F1xx_HAL_Driver/Src/stm32f1xx_ll_usb.c ****   UNUSED(USBx);
2689:Drivers/STM32F1xx_HAL_Driver/Src/stm32f1xx_ll_usb.c ****   /* NOTE : - This function is not required by USB Device FS peripheral, it is used
2690:Drivers/STM32F1xx_HAL_Driver/Src/stm32f1xx_ll_usb.c ****               only by USB OTG FS peripheral.
2691:Drivers/STM32F1xx_HAL_Driver/Src/stm32f1xx_ll_usb.c ****             - This function is added to ensure compatibility across platforms.
2692:Drivers/STM32F1xx_HAL_Driver/Src/stm32f1xx_ll_usb.c ****    */
2693:Drivers/STM32F1xx_HAL_Driver/Src/stm32f1xx_ll_usb.c ****   return (0);
 5137              		.loc 1 2693 10
 5138 0008 0023     		movs	r3, #0
2694:Drivers/STM32F1xx_HAL_Driver/Src/stm32f1xx_ll_usb.c **** }
 5139              		.loc 1 2694 1
 5140 000a 1846     		mov	r0, r3
 5141 000c 0C37     		adds	r7, r7, #12
 5142              	.LCFI110:
 5143              		.cfi_def_cfa_offset 4
 5144 000e BD46     		mov	sp, r7
 5145              	.LCFI111:
 5146              		.cfi_def_cfa_register 13
 5147              		@ sp needed
 5148 0010 80BC     		pop	{r7}
 5149              	.LCFI112:
 5150              		.cfi_restore 7
ARM GAS  /var/folders/xf/tcndk8390ml5xdpfw93qkhpm0000gn/T//cc0WvzGY.s 			page 138


 5151              		.cfi_def_cfa_offset 0
 5152 0012 7047     		bx	lr
 5153              		.cfi_endproc
 5154              	.LFE83:
 5156              		.section	.text.USB_ReadDevAllInEpInterrupt,"ax",%progbits
 5157              		.align	1
 5158              		.global	USB_ReadDevAllInEpInterrupt
 5159              		.syntax unified
 5160              		.thumb
 5161              		.thumb_func
 5163              	USB_ReadDevAllInEpInterrupt:
 5164              	.LFB84:
2695:Drivers/STM32F1xx_HAL_Driver/Src/stm32f1xx_ll_usb.c **** 
2696:Drivers/STM32F1xx_HAL_Driver/Src/stm32f1xx_ll_usb.c **** /**
2697:Drivers/STM32F1xx_HAL_Driver/Src/stm32f1xx_ll_usb.c ****   * @brief  USB_ReadDevAllInEpInterrupt return the USB device IN endpoints interrupt status
2698:Drivers/STM32F1xx_HAL_Driver/Src/stm32f1xx_ll_usb.c ****   * @param  USBx Selected device
2699:Drivers/STM32F1xx_HAL_Driver/Src/stm32f1xx_ll_usb.c ****   * @retval HAL status
2700:Drivers/STM32F1xx_HAL_Driver/Src/stm32f1xx_ll_usb.c ****   */
2701:Drivers/STM32F1xx_HAL_Driver/Src/stm32f1xx_ll_usb.c **** uint32_t USB_ReadDevAllInEpInterrupt(USB_TypeDef *USBx)
2702:Drivers/STM32F1xx_HAL_Driver/Src/stm32f1xx_ll_usb.c **** {
 5165              		.loc 1 2702 1
 5166              		.cfi_startproc
 5167              		@ args = 0, pretend = 0, frame = 8
 5168              		@ frame_needed = 1, uses_anonymous_args = 0
 5169              		@ link register save eliminated.
 5170 0000 80B4     		push	{r7}
 5171              	.LCFI113:
 5172              		.cfi_def_cfa_offset 4
 5173              		.cfi_offset 7, -4
 5174 0002 83B0     		sub	sp, sp, #12
 5175              	.LCFI114:
 5176              		.cfi_def_cfa_offset 16
 5177 0004 00AF     		add	r7, sp, #0
 5178              	.LCFI115:
 5179              		.cfi_def_cfa_register 7
 5180 0006 7860     		str	r0, [r7, #4]
2703:Drivers/STM32F1xx_HAL_Driver/Src/stm32f1xx_ll_usb.c ****   /* Prevent unused argument(s) compilation warning */
2704:Drivers/STM32F1xx_HAL_Driver/Src/stm32f1xx_ll_usb.c ****   UNUSED(USBx);
2705:Drivers/STM32F1xx_HAL_Driver/Src/stm32f1xx_ll_usb.c ****   /* NOTE : - This function is not required by USB Device FS peripheral, it is used
2706:Drivers/STM32F1xx_HAL_Driver/Src/stm32f1xx_ll_usb.c ****               only by USB OTG FS peripheral.
2707:Drivers/STM32F1xx_HAL_Driver/Src/stm32f1xx_ll_usb.c ****             - This function is added to ensure compatibility across platforms.
2708:Drivers/STM32F1xx_HAL_Driver/Src/stm32f1xx_ll_usb.c ****    */
2709:Drivers/STM32F1xx_HAL_Driver/Src/stm32f1xx_ll_usb.c ****   return (0);
 5181              		.loc 1 2709 10
 5182 0008 0023     		movs	r3, #0
2710:Drivers/STM32F1xx_HAL_Driver/Src/stm32f1xx_ll_usb.c **** }
 5183              		.loc 1 2710 1
 5184 000a 1846     		mov	r0, r3
 5185 000c 0C37     		adds	r7, r7, #12
 5186              	.LCFI116:
 5187              		.cfi_def_cfa_offset 4
 5188 000e BD46     		mov	sp, r7
 5189              	.LCFI117:
 5190              		.cfi_def_cfa_register 13
 5191              		@ sp needed
 5192 0010 80BC     		pop	{r7}
 5193              	.LCFI118:
ARM GAS  /var/folders/xf/tcndk8390ml5xdpfw93qkhpm0000gn/T//cc0WvzGY.s 			page 139


 5194              		.cfi_restore 7
 5195              		.cfi_def_cfa_offset 0
 5196 0012 7047     		bx	lr
 5197              		.cfi_endproc
 5198              	.LFE84:
 5200              		.section	.text.USB_ReadDevOutEPInterrupt,"ax",%progbits
 5201              		.align	1
 5202              		.global	USB_ReadDevOutEPInterrupt
 5203              		.syntax unified
 5204              		.thumb
 5205              		.thumb_func
 5207              	USB_ReadDevOutEPInterrupt:
 5208              	.LFB85:
2711:Drivers/STM32F1xx_HAL_Driver/Src/stm32f1xx_ll_usb.c **** 
2712:Drivers/STM32F1xx_HAL_Driver/Src/stm32f1xx_ll_usb.c **** /**
2713:Drivers/STM32F1xx_HAL_Driver/Src/stm32f1xx_ll_usb.c ****   * @brief  Returns Device OUT EP Interrupt register
2714:Drivers/STM32F1xx_HAL_Driver/Src/stm32f1xx_ll_usb.c ****   * @param  USBx Selected device
2715:Drivers/STM32F1xx_HAL_Driver/Src/stm32f1xx_ll_usb.c ****   * @param  epnum endpoint number
2716:Drivers/STM32F1xx_HAL_Driver/Src/stm32f1xx_ll_usb.c ****   *          This parameter can be a value from 0 to 15
2717:Drivers/STM32F1xx_HAL_Driver/Src/stm32f1xx_ll_usb.c ****   * @retval Device OUT EP Interrupt register
2718:Drivers/STM32F1xx_HAL_Driver/Src/stm32f1xx_ll_usb.c ****   */
2719:Drivers/STM32F1xx_HAL_Driver/Src/stm32f1xx_ll_usb.c **** uint32_t USB_ReadDevOutEPInterrupt(USB_TypeDef *USBx, uint8_t epnum)
2720:Drivers/STM32F1xx_HAL_Driver/Src/stm32f1xx_ll_usb.c **** {
 5209              		.loc 1 2720 1
 5210              		.cfi_startproc
 5211              		@ args = 0, pretend = 0, frame = 8
 5212              		@ frame_needed = 1, uses_anonymous_args = 0
 5213              		@ link register save eliminated.
 5214 0000 80B4     		push	{r7}
 5215              	.LCFI119:
 5216              		.cfi_def_cfa_offset 4
 5217              		.cfi_offset 7, -4
 5218 0002 83B0     		sub	sp, sp, #12
 5219              	.LCFI120:
 5220              		.cfi_def_cfa_offset 16
 5221 0004 00AF     		add	r7, sp, #0
 5222              	.LCFI121:
 5223              		.cfi_def_cfa_register 7
 5224 0006 7860     		str	r0, [r7, #4]
 5225 0008 0B46     		mov	r3, r1
 5226 000a FB70     		strb	r3, [r7, #3]
2721:Drivers/STM32F1xx_HAL_Driver/Src/stm32f1xx_ll_usb.c ****   /* Prevent unused argument(s) compilation warning */
2722:Drivers/STM32F1xx_HAL_Driver/Src/stm32f1xx_ll_usb.c ****   UNUSED(USBx);
2723:Drivers/STM32F1xx_HAL_Driver/Src/stm32f1xx_ll_usb.c ****   UNUSED(epnum);
2724:Drivers/STM32F1xx_HAL_Driver/Src/stm32f1xx_ll_usb.c ****   /* NOTE : - This function is not required by USB Device FS peripheral, it is used
2725:Drivers/STM32F1xx_HAL_Driver/Src/stm32f1xx_ll_usb.c ****               only by USB OTG FS peripheral.
2726:Drivers/STM32F1xx_HAL_Driver/Src/stm32f1xx_ll_usb.c ****             - This function is added to ensure compatibility across platforms.
2727:Drivers/STM32F1xx_HAL_Driver/Src/stm32f1xx_ll_usb.c ****    */
2728:Drivers/STM32F1xx_HAL_Driver/Src/stm32f1xx_ll_usb.c ****   return (0);
 5227              		.loc 1 2728 10
 5228 000c 0023     		movs	r3, #0
2729:Drivers/STM32F1xx_HAL_Driver/Src/stm32f1xx_ll_usb.c **** }
 5229              		.loc 1 2729 1
 5230 000e 1846     		mov	r0, r3
 5231 0010 0C37     		adds	r7, r7, #12
 5232              	.LCFI122:
 5233              		.cfi_def_cfa_offset 4
ARM GAS  /var/folders/xf/tcndk8390ml5xdpfw93qkhpm0000gn/T//cc0WvzGY.s 			page 140


 5234 0012 BD46     		mov	sp, r7
 5235              	.LCFI123:
 5236              		.cfi_def_cfa_register 13
 5237              		@ sp needed
 5238 0014 80BC     		pop	{r7}
 5239              	.LCFI124:
 5240              		.cfi_restore 7
 5241              		.cfi_def_cfa_offset 0
 5242 0016 7047     		bx	lr
 5243              		.cfi_endproc
 5244              	.LFE85:
 5246              		.section	.text.USB_ReadDevInEPInterrupt,"ax",%progbits
 5247              		.align	1
 5248              		.global	USB_ReadDevInEPInterrupt
 5249              		.syntax unified
 5250              		.thumb
 5251              		.thumb_func
 5253              	USB_ReadDevInEPInterrupt:
 5254              	.LFB86:
2730:Drivers/STM32F1xx_HAL_Driver/Src/stm32f1xx_ll_usb.c **** 
2731:Drivers/STM32F1xx_HAL_Driver/Src/stm32f1xx_ll_usb.c **** /**
2732:Drivers/STM32F1xx_HAL_Driver/Src/stm32f1xx_ll_usb.c ****   * @brief  Returns Device IN EP Interrupt register
2733:Drivers/STM32F1xx_HAL_Driver/Src/stm32f1xx_ll_usb.c ****   * @param  USBx Selected device
2734:Drivers/STM32F1xx_HAL_Driver/Src/stm32f1xx_ll_usb.c ****   * @param  epnum endpoint number
2735:Drivers/STM32F1xx_HAL_Driver/Src/stm32f1xx_ll_usb.c ****   *          This parameter can be a value from 0 to 15
2736:Drivers/STM32F1xx_HAL_Driver/Src/stm32f1xx_ll_usb.c ****   * @retval Device IN EP Interrupt register
2737:Drivers/STM32F1xx_HAL_Driver/Src/stm32f1xx_ll_usb.c ****   */
2738:Drivers/STM32F1xx_HAL_Driver/Src/stm32f1xx_ll_usb.c **** uint32_t USB_ReadDevInEPInterrupt(USB_TypeDef *USBx, uint8_t epnum)
2739:Drivers/STM32F1xx_HAL_Driver/Src/stm32f1xx_ll_usb.c **** {
 5255              		.loc 1 2739 1
 5256              		.cfi_startproc
 5257              		@ args = 0, pretend = 0, frame = 8
 5258              		@ frame_needed = 1, uses_anonymous_args = 0
 5259              		@ link register save eliminated.
 5260 0000 80B4     		push	{r7}
 5261              	.LCFI125:
 5262              		.cfi_def_cfa_offset 4
 5263              		.cfi_offset 7, -4
 5264 0002 83B0     		sub	sp, sp, #12
 5265              	.LCFI126:
 5266              		.cfi_def_cfa_offset 16
 5267 0004 00AF     		add	r7, sp, #0
 5268              	.LCFI127:
 5269              		.cfi_def_cfa_register 7
 5270 0006 7860     		str	r0, [r7, #4]
 5271 0008 0B46     		mov	r3, r1
 5272 000a FB70     		strb	r3, [r7, #3]
2740:Drivers/STM32F1xx_HAL_Driver/Src/stm32f1xx_ll_usb.c ****   /* Prevent unused argument(s) compilation warning */
2741:Drivers/STM32F1xx_HAL_Driver/Src/stm32f1xx_ll_usb.c ****   UNUSED(USBx);
2742:Drivers/STM32F1xx_HAL_Driver/Src/stm32f1xx_ll_usb.c ****   UNUSED(epnum);
2743:Drivers/STM32F1xx_HAL_Driver/Src/stm32f1xx_ll_usb.c ****   /* NOTE : - This function is not required by USB Device FS peripheral, it is used
2744:Drivers/STM32F1xx_HAL_Driver/Src/stm32f1xx_ll_usb.c ****               only by USB OTG FS peripheral.
2745:Drivers/STM32F1xx_HAL_Driver/Src/stm32f1xx_ll_usb.c ****             - This function is added to ensure compatibility across platforms.
2746:Drivers/STM32F1xx_HAL_Driver/Src/stm32f1xx_ll_usb.c ****    */
2747:Drivers/STM32F1xx_HAL_Driver/Src/stm32f1xx_ll_usb.c ****   return (0);
 5273              		.loc 1 2747 10
 5274 000c 0023     		movs	r3, #0
ARM GAS  /var/folders/xf/tcndk8390ml5xdpfw93qkhpm0000gn/T//cc0WvzGY.s 			page 141


2748:Drivers/STM32F1xx_HAL_Driver/Src/stm32f1xx_ll_usb.c **** }
 5275              		.loc 1 2748 1
 5276 000e 1846     		mov	r0, r3
 5277 0010 0C37     		adds	r7, r7, #12
 5278              	.LCFI128:
 5279              		.cfi_def_cfa_offset 4
 5280 0012 BD46     		mov	sp, r7
 5281              	.LCFI129:
 5282              		.cfi_def_cfa_register 13
 5283              		@ sp needed
 5284 0014 80BC     		pop	{r7}
 5285              	.LCFI130:
 5286              		.cfi_restore 7
 5287              		.cfi_def_cfa_offset 0
 5288 0016 7047     		bx	lr
 5289              		.cfi_endproc
 5290              	.LFE86:
 5292              		.section	.text.USB_ClearInterrupts,"ax",%progbits
 5293              		.align	1
 5294              		.global	USB_ClearInterrupts
 5295              		.syntax unified
 5296              		.thumb
 5297              		.thumb_func
 5299              	USB_ClearInterrupts:
 5300              	.LFB87:
2749:Drivers/STM32F1xx_HAL_Driver/Src/stm32f1xx_ll_usb.c **** 
2750:Drivers/STM32F1xx_HAL_Driver/Src/stm32f1xx_ll_usb.c **** /**
2751:Drivers/STM32F1xx_HAL_Driver/Src/stm32f1xx_ll_usb.c ****   * @brief  USB_ClearInterrupts: clear a USB interrupt
2752:Drivers/STM32F1xx_HAL_Driver/Src/stm32f1xx_ll_usb.c ****   * @param  USBx Selected device
2753:Drivers/STM32F1xx_HAL_Driver/Src/stm32f1xx_ll_usb.c ****   * @param  interrupt  flag
2754:Drivers/STM32F1xx_HAL_Driver/Src/stm32f1xx_ll_usb.c ****   * @retval None
2755:Drivers/STM32F1xx_HAL_Driver/Src/stm32f1xx_ll_usb.c ****   */
2756:Drivers/STM32F1xx_HAL_Driver/Src/stm32f1xx_ll_usb.c **** void  USB_ClearInterrupts(USB_TypeDef *USBx, uint32_t interrupt)
2757:Drivers/STM32F1xx_HAL_Driver/Src/stm32f1xx_ll_usb.c **** {
 5301              		.loc 1 2757 1
 5302              		.cfi_startproc
 5303              		@ args = 0, pretend = 0, frame = 8
 5304              		@ frame_needed = 1, uses_anonymous_args = 0
 5305              		@ link register save eliminated.
 5306 0000 80B4     		push	{r7}
 5307              	.LCFI131:
 5308              		.cfi_def_cfa_offset 4
 5309              		.cfi_offset 7, -4
 5310 0002 83B0     		sub	sp, sp, #12
 5311              	.LCFI132:
 5312              		.cfi_def_cfa_offset 16
 5313 0004 00AF     		add	r7, sp, #0
 5314              	.LCFI133:
 5315              		.cfi_def_cfa_register 7
 5316 0006 7860     		str	r0, [r7, #4]
 5317 0008 3960     		str	r1, [r7]
2758:Drivers/STM32F1xx_HAL_Driver/Src/stm32f1xx_ll_usb.c ****   /* Prevent unused argument(s) compilation warning */
2759:Drivers/STM32F1xx_HAL_Driver/Src/stm32f1xx_ll_usb.c ****   UNUSED(USBx);
2760:Drivers/STM32F1xx_HAL_Driver/Src/stm32f1xx_ll_usb.c ****   UNUSED(interrupt);
2761:Drivers/STM32F1xx_HAL_Driver/Src/stm32f1xx_ll_usb.c ****   /* NOTE : - This function is not required by USB Device FS peripheral, it is used
2762:Drivers/STM32F1xx_HAL_Driver/Src/stm32f1xx_ll_usb.c ****               only by USB OTG FS peripheral.
2763:Drivers/STM32F1xx_HAL_Driver/Src/stm32f1xx_ll_usb.c ****             - This function is added to ensure compatibility across platforms.
ARM GAS  /var/folders/xf/tcndk8390ml5xdpfw93qkhpm0000gn/T//cc0WvzGY.s 			page 142


2764:Drivers/STM32F1xx_HAL_Driver/Src/stm32f1xx_ll_usb.c ****    */
2765:Drivers/STM32F1xx_HAL_Driver/Src/stm32f1xx_ll_usb.c **** }
 5318              		.loc 1 2765 1
 5319 000a 00BF     		nop
 5320 000c 0C37     		adds	r7, r7, #12
 5321              	.LCFI134:
 5322              		.cfi_def_cfa_offset 4
 5323 000e BD46     		mov	sp, r7
 5324              	.LCFI135:
 5325              		.cfi_def_cfa_register 13
 5326              		@ sp needed
 5327 0010 80BC     		pop	{r7}
 5328              	.LCFI136:
 5329              		.cfi_restore 7
 5330              		.cfi_def_cfa_offset 0
 5331 0012 7047     		bx	lr
 5332              		.cfi_endproc
 5333              	.LFE87:
 5335              		.section	.text.USB_EP0_OutStart,"ax",%progbits
 5336              		.align	1
 5337              		.global	USB_EP0_OutStart
 5338              		.syntax unified
 5339              		.thumb
 5340              		.thumb_func
 5342              	USB_EP0_OutStart:
 5343              	.LFB88:
2766:Drivers/STM32F1xx_HAL_Driver/Src/stm32f1xx_ll_usb.c **** 
2767:Drivers/STM32F1xx_HAL_Driver/Src/stm32f1xx_ll_usb.c **** /**
2768:Drivers/STM32F1xx_HAL_Driver/Src/stm32f1xx_ll_usb.c ****   * @brief  Prepare the EP0 to start the first control setup
2769:Drivers/STM32F1xx_HAL_Driver/Src/stm32f1xx_ll_usb.c ****   * @param  USBx Selected device
2770:Drivers/STM32F1xx_HAL_Driver/Src/stm32f1xx_ll_usb.c ****   * @param  psetup pointer to setup packet
2771:Drivers/STM32F1xx_HAL_Driver/Src/stm32f1xx_ll_usb.c ****   * @retval HAL status
2772:Drivers/STM32F1xx_HAL_Driver/Src/stm32f1xx_ll_usb.c ****   */
2773:Drivers/STM32F1xx_HAL_Driver/Src/stm32f1xx_ll_usb.c **** HAL_StatusTypeDef USB_EP0_OutStart(USB_TypeDef *USBx, uint8_t *psetup)
2774:Drivers/STM32F1xx_HAL_Driver/Src/stm32f1xx_ll_usb.c **** {
 5344              		.loc 1 2774 1
 5345              		.cfi_startproc
 5346              		@ args = 0, pretend = 0, frame = 8
 5347              		@ frame_needed = 1, uses_anonymous_args = 0
 5348              		@ link register save eliminated.
 5349 0000 80B4     		push	{r7}
 5350              	.LCFI137:
 5351              		.cfi_def_cfa_offset 4
 5352              		.cfi_offset 7, -4
 5353 0002 83B0     		sub	sp, sp, #12
 5354              	.LCFI138:
 5355              		.cfi_def_cfa_offset 16
 5356 0004 00AF     		add	r7, sp, #0
 5357              	.LCFI139:
 5358              		.cfi_def_cfa_register 7
 5359 0006 7860     		str	r0, [r7, #4]
 5360 0008 3960     		str	r1, [r7]
2775:Drivers/STM32F1xx_HAL_Driver/Src/stm32f1xx_ll_usb.c ****   /* Prevent unused argument(s) compilation warning */
2776:Drivers/STM32F1xx_HAL_Driver/Src/stm32f1xx_ll_usb.c ****   UNUSED(USBx);
2777:Drivers/STM32F1xx_HAL_Driver/Src/stm32f1xx_ll_usb.c ****   UNUSED(psetup);
2778:Drivers/STM32F1xx_HAL_Driver/Src/stm32f1xx_ll_usb.c ****   /* NOTE : - This function is not required by USB Device FS peripheral, it is used
2779:Drivers/STM32F1xx_HAL_Driver/Src/stm32f1xx_ll_usb.c ****               only by USB OTG FS peripheral.
ARM GAS  /var/folders/xf/tcndk8390ml5xdpfw93qkhpm0000gn/T//cc0WvzGY.s 			page 143


2780:Drivers/STM32F1xx_HAL_Driver/Src/stm32f1xx_ll_usb.c ****             - This function is added to ensure compatibility across platforms.
2781:Drivers/STM32F1xx_HAL_Driver/Src/stm32f1xx_ll_usb.c ****    */
2782:Drivers/STM32F1xx_HAL_Driver/Src/stm32f1xx_ll_usb.c ****   return HAL_OK;
 5361              		.loc 1 2782 10
 5362 000a 0023     		movs	r3, #0
2783:Drivers/STM32F1xx_HAL_Driver/Src/stm32f1xx_ll_usb.c **** }
 5363              		.loc 1 2783 1
 5364 000c 1846     		mov	r0, r3
 5365 000e 0C37     		adds	r7, r7, #12
 5366              	.LCFI140:
 5367              		.cfi_def_cfa_offset 4
 5368 0010 BD46     		mov	sp, r7
 5369              	.LCFI141:
 5370              		.cfi_def_cfa_register 13
 5371              		@ sp needed
 5372 0012 80BC     		pop	{r7}
 5373              	.LCFI142:
 5374              		.cfi_restore 7
 5375              		.cfi_def_cfa_offset 0
 5376 0014 7047     		bx	lr
 5377              		.cfi_endproc
 5378              	.LFE88:
 5380              		.section	.text.USB_ActivateRemoteWakeup,"ax",%progbits
 5381              		.align	1
 5382              		.global	USB_ActivateRemoteWakeup
 5383              		.syntax unified
 5384              		.thumb
 5385              		.thumb_func
 5387              	USB_ActivateRemoteWakeup:
 5388              	.LFB89:
2784:Drivers/STM32F1xx_HAL_Driver/Src/stm32f1xx_ll_usb.c **** 
2785:Drivers/STM32F1xx_HAL_Driver/Src/stm32f1xx_ll_usb.c **** /**
2786:Drivers/STM32F1xx_HAL_Driver/Src/stm32f1xx_ll_usb.c ****   * @brief  USB_ActivateRemoteWakeup : active remote wakeup signalling
2787:Drivers/STM32F1xx_HAL_Driver/Src/stm32f1xx_ll_usb.c ****   * @param  USBx Selected device
2788:Drivers/STM32F1xx_HAL_Driver/Src/stm32f1xx_ll_usb.c ****   * @retval HAL status
2789:Drivers/STM32F1xx_HAL_Driver/Src/stm32f1xx_ll_usb.c ****   */
2790:Drivers/STM32F1xx_HAL_Driver/Src/stm32f1xx_ll_usb.c **** HAL_StatusTypeDef USB_ActivateRemoteWakeup(USB_TypeDef *USBx)
2791:Drivers/STM32F1xx_HAL_Driver/Src/stm32f1xx_ll_usb.c **** {
 5389              		.loc 1 2791 1
 5390              		.cfi_startproc
 5391              		@ args = 0, pretend = 0, frame = 8
 5392              		@ frame_needed = 1, uses_anonymous_args = 0
 5393              		@ link register save eliminated.
 5394 0000 80B4     		push	{r7}
 5395              	.LCFI143:
 5396              		.cfi_def_cfa_offset 4
 5397              		.cfi_offset 7, -4
 5398 0002 83B0     		sub	sp, sp, #12
 5399              	.LCFI144:
 5400              		.cfi_def_cfa_offset 16
 5401 0004 00AF     		add	r7, sp, #0
 5402              	.LCFI145:
 5403              		.cfi_def_cfa_register 7
 5404 0006 7860     		str	r0, [r7, #4]
2792:Drivers/STM32F1xx_HAL_Driver/Src/stm32f1xx_ll_usb.c ****   USBx->CNTR |= (uint16_t)USB_CNTR_RESUME;
 5405              		.loc 1 2792 14
 5406 0008 7B68     		ldr	r3, [r7, #4]
ARM GAS  /var/folders/xf/tcndk8390ml5xdpfw93qkhpm0000gn/T//cc0WvzGY.s 			page 144


 5407 000a B3F84030 		ldrh	r3, [r3, #64]	@ movhi
 5408 000e 9BB2     		uxth	r3, r3
 5409 0010 43F01003 		orr	r3, r3, #16
 5410 0014 9AB2     		uxth	r2, r3
 5411 0016 7B68     		ldr	r3, [r7, #4]
 5412 0018 A3F84020 		strh	r2, [r3, #64]	@ movhi
2793:Drivers/STM32F1xx_HAL_Driver/Src/stm32f1xx_ll_usb.c **** 
2794:Drivers/STM32F1xx_HAL_Driver/Src/stm32f1xx_ll_usb.c ****   return HAL_OK;
 5413              		.loc 1 2794 10
 5414 001c 0023     		movs	r3, #0
2795:Drivers/STM32F1xx_HAL_Driver/Src/stm32f1xx_ll_usb.c **** }
 5415              		.loc 1 2795 1
 5416 001e 1846     		mov	r0, r3
 5417 0020 0C37     		adds	r7, r7, #12
 5418              	.LCFI146:
 5419              		.cfi_def_cfa_offset 4
 5420 0022 BD46     		mov	sp, r7
 5421              	.LCFI147:
 5422              		.cfi_def_cfa_register 13
 5423              		@ sp needed
 5424 0024 80BC     		pop	{r7}
 5425              	.LCFI148:
 5426              		.cfi_restore 7
 5427              		.cfi_def_cfa_offset 0
 5428 0026 7047     		bx	lr
 5429              		.cfi_endproc
 5430              	.LFE89:
 5432              		.section	.text.USB_DeActivateRemoteWakeup,"ax",%progbits
 5433              		.align	1
 5434              		.global	USB_DeActivateRemoteWakeup
 5435              		.syntax unified
 5436              		.thumb
 5437              		.thumb_func
 5439              	USB_DeActivateRemoteWakeup:
 5440              	.LFB90:
2796:Drivers/STM32F1xx_HAL_Driver/Src/stm32f1xx_ll_usb.c **** 
2797:Drivers/STM32F1xx_HAL_Driver/Src/stm32f1xx_ll_usb.c **** /**
2798:Drivers/STM32F1xx_HAL_Driver/Src/stm32f1xx_ll_usb.c ****   * @brief  USB_DeActivateRemoteWakeup de-active remote wakeup signalling
2799:Drivers/STM32F1xx_HAL_Driver/Src/stm32f1xx_ll_usb.c ****   * @param  USBx Selected device
2800:Drivers/STM32F1xx_HAL_Driver/Src/stm32f1xx_ll_usb.c ****   * @retval HAL status
2801:Drivers/STM32F1xx_HAL_Driver/Src/stm32f1xx_ll_usb.c ****   */
2802:Drivers/STM32F1xx_HAL_Driver/Src/stm32f1xx_ll_usb.c **** HAL_StatusTypeDef USB_DeActivateRemoteWakeup(USB_TypeDef *USBx)
2803:Drivers/STM32F1xx_HAL_Driver/Src/stm32f1xx_ll_usb.c **** {
 5441              		.loc 1 2803 1
 5442              		.cfi_startproc
 5443              		@ args = 0, pretend = 0, frame = 8
 5444              		@ frame_needed = 1, uses_anonymous_args = 0
 5445              		@ link register save eliminated.
 5446 0000 80B4     		push	{r7}
 5447              	.LCFI149:
 5448              		.cfi_def_cfa_offset 4
 5449              		.cfi_offset 7, -4
 5450 0002 83B0     		sub	sp, sp, #12
 5451              	.LCFI150:
 5452              		.cfi_def_cfa_offset 16
 5453 0004 00AF     		add	r7, sp, #0
 5454              	.LCFI151:
ARM GAS  /var/folders/xf/tcndk8390ml5xdpfw93qkhpm0000gn/T//cc0WvzGY.s 			page 145


 5455              		.cfi_def_cfa_register 7
 5456 0006 7860     		str	r0, [r7, #4]
2804:Drivers/STM32F1xx_HAL_Driver/Src/stm32f1xx_ll_usb.c ****   USBx->CNTR &= (uint16_t)(~USB_CNTR_RESUME);
 5457              		.loc 1 2804 14
 5458 0008 7B68     		ldr	r3, [r7, #4]
 5459 000a B3F84030 		ldrh	r3, [r3, #64]	@ movhi
 5460 000e 9BB2     		uxth	r3, r3
 5461 0010 23F01003 		bic	r3, r3, #16
 5462 0014 9AB2     		uxth	r2, r3
 5463 0016 7B68     		ldr	r3, [r7, #4]
 5464 0018 A3F84020 		strh	r2, [r3, #64]	@ movhi
2805:Drivers/STM32F1xx_HAL_Driver/Src/stm32f1xx_ll_usb.c **** 
2806:Drivers/STM32F1xx_HAL_Driver/Src/stm32f1xx_ll_usb.c ****   return HAL_OK;
 5465              		.loc 1 2806 10
 5466 001c 0023     		movs	r3, #0
2807:Drivers/STM32F1xx_HAL_Driver/Src/stm32f1xx_ll_usb.c **** }
 5467              		.loc 1 2807 1
 5468 001e 1846     		mov	r0, r3
 5469 0020 0C37     		adds	r7, r7, #12
 5470              	.LCFI152:
 5471              		.cfi_def_cfa_offset 4
 5472 0022 BD46     		mov	sp, r7
 5473              	.LCFI153:
 5474              		.cfi_def_cfa_register 13
 5475              		@ sp needed
 5476 0024 80BC     		pop	{r7}
 5477              	.LCFI154:
 5478              		.cfi_restore 7
 5479              		.cfi_def_cfa_offset 0
 5480 0026 7047     		bx	lr
 5481              		.cfi_endproc
 5482              	.LFE90:
 5484              		.section	.text.USB_WritePMA,"ax",%progbits
 5485              		.align	1
 5486              		.global	USB_WritePMA
 5487              		.syntax unified
 5488              		.thumb
 5489              		.thumb_func
 5491              	USB_WritePMA:
 5492              	.LFB91:
2808:Drivers/STM32F1xx_HAL_Driver/Src/stm32f1xx_ll_usb.c **** 
2809:Drivers/STM32F1xx_HAL_Driver/Src/stm32f1xx_ll_usb.c **** /**
2810:Drivers/STM32F1xx_HAL_Driver/Src/stm32f1xx_ll_usb.c ****   * @brief Copy a buffer from user memory area to packet memory area (PMA)
2811:Drivers/STM32F1xx_HAL_Driver/Src/stm32f1xx_ll_usb.c ****   * @param   USBx USB peripheral instance register address.
2812:Drivers/STM32F1xx_HAL_Driver/Src/stm32f1xx_ll_usb.c ****   * @param   pbUsrBuf pointer to user memory area.
2813:Drivers/STM32F1xx_HAL_Driver/Src/stm32f1xx_ll_usb.c ****   * @param   wPMABufAddr address into PMA.
2814:Drivers/STM32F1xx_HAL_Driver/Src/stm32f1xx_ll_usb.c ****   * @param   wNBytes no. of bytes to be copied.
2815:Drivers/STM32F1xx_HAL_Driver/Src/stm32f1xx_ll_usb.c ****   * @retval None
2816:Drivers/STM32F1xx_HAL_Driver/Src/stm32f1xx_ll_usb.c ****   */
2817:Drivers/STM32F1xx_HAL_Driver/Src/stm32f1xx_ll_usb.c **** void USB_WritePMA(USB_TypeDef const *USBx, uint8_t *pbUsrBuf, uint16_t wPMABufAddr, uint16_t wNByte
2818:Drivers/STM32F1xx_HAL_Driver/Src/stm32f1xx_ll_usb.c **** {
 5493              		.loc 1 2818 1
 5494              		.cfi_startproc
 5495              		@ args = 0, pretend = 0, frame = 40
 5496              		@ frame_needed = 1, uses_anonymous_args = 0
 5497              		@ link register save eliminated.
 5498 0000 80B4     		push	{r7}
ARM GAS  /var/folders/xf/tcndk8390ml5xdpfw93qkhpm0000gn/T//cc0WvzGY.s 			page 146


 5499              	.LCFI155:
 5500              		.cfi_def_cfa_offset 4
 5501              		.cfi_offset 7, -4
 5502 0002 8BB0     		sub	sp, sp, #44
 5503              	.LCFI156:
 5504              		.cfi_def_cfa_offset 48
 5505 0004 00AF     		add	r7, sp, #0
 5506              	.LCFI157:
 5507              		.cfi_def_cfa_register 7
 5508 0006 F860     		str	r0, [r7, #12]
 5509 0008 B960     		str	r1, [r7, #8]
 5510 000a 1146     		mov	r1, r2
 5511 000c 1A46     		mov	r2, r3
 5512 000e 0B46     		mov	r3, r1	@ movhi
 5513 0010 FB80     		strh	r3, [r7, #6]	@ movhi
 5514 0012 1346     		mov	r3, r2	@ movhi
 5515 0014 BB80     		strh	r3, [r7, #4]	@ movhi
2819:Drivers/STM32F1xx_HAL_Driver/Src/stm32f1xx_ll_usb.c ****   uint32_t n = ((uint32_t)wNBytes + 1U) >> 1;
 5516              		.loc 1 2819 17
 5517 0016 BB88     		ldrh	r3, [r7, #4]
 5518              		.loc 1 2819 35
 5519 0018 0133     		adds	r3, r3, #1
 5520              		.loc 1 2819 12
 5521 001a 5B08     		lsrs	r3, r3, #1
 5522 001c BB61     		str	r3, [r7, #24]
2820:Drivers/STM32F1xx_HAL_Driver/Src/stm32f1xx_ll_usb.c ****   uint32_t BaseAddr = (uint32_t)USBx;
 5523              		.loc 1 2820 12
 5524 001e FB68     		ldr	r3, [r7, #12]
 5525 0020 7B61     		str	r3, [r7, #20]
2821:Drivers/STM32F1xx_HAL_Driver/Src/stm32f1xx_ll_usb.c ****   uint32_t count;
2822:Drivers/STM32F1xx_HAL_Driver/Src/stm32f1xx_ll_usb.c ****   uint16_t WrVal;
2823:Drivers/STM32F1xx_HAL_Driver/Src/stm32f1xx_ll_usb.c ****   __IO uint16_t *pdwVal;
2824:Drivers/STM32F1xx_HAL_Driver/Src/stm32f1xx_ll_usb.c ****   uint8_t *pBuf = pbUsrBuf;
 5526              		.loc 1 2824 12
 5527 0022 BB68     		ldr	r3, [r7, #8]
 5528 0024 FB61     		str	r3, [r7, #28]
2825:Drivers/STM32F1xx_HAL_Driver/Src/stm32f1xx_ll_usb.c **** 
2826:Drivers/STM32F1xx_HAL_Driver/Src/stm32f1xx_ll_usb.c ****   pdwVal = (__IO uint16_t *)(BaseAddr + 0x400U + ((uint32_t)wPMABufAddr * PMA_ACCESS));
 5529              		.loc 1 2826 51
 5530 0026 FB88     		ldrh	r3, [r7, #6]
 5531              		.loc 1 2826 73
 5532 0028 5A00     		lsls	r2, r3, #1
 5533              		.loc 1 2826 48
 5534 002a 7B69     		ldr	r3, [r7, #20]
 5535 002c 1344     		add	r3, r3, r2
 5536 002e 03F58063 		add	r3, r3, #1024
 5537              		.loc 1 2826 10
 5538 0032 3B62     		str	r3, [r7, #32]
2827:Drivers/STM32F1xx_HAL_Driver/Src/stm32f1xx_ll_usb.c **** 
2828:Drivers/STM32F1xx_HAL_Driver/Src/stm32f1xx_ll_usb.c ****   for (count = n; count != 0U; count--)
 5539              		.loc 1 2828 14
 5540 0034 BB69     		ldr	r3, [r7, #24]
 5541 0036 7B62     		str	r3, [r7, #36]
 5542              		.loc 1 2828 3
 5543 0038 1EE0     		b	.L190
 5544              	.L191:
2829:Drivers/STM32F1xx_HAL_Driver/Src/stm32f1xx_ll_usb.c ****   {
ARM GAS  /var/folders/xf/tcndk8390ml5xdpfw93qkhpm0000gn/T//cc0WvzGY.s 			page 147


2830:Drivers/STM32F1xx_HAL_Driver/Src/stm32f1xx_ll_usb.c ****     WrVal = pBuf[0];
 5545              		.loc 1 2830 17 discriminator 3
 5546 003a FB69     		ldr	r3, [r7, #28]
 5547 003c 1B78     		ldrb	r3, [r3]	@ zero_extendqisi2
 5548              		.loc 1 2830 11 discriminator 3
 5549 003e 7B82     		strh	r3, [r7, #18]	@ movhi
2831:Drivers/STM32F1xx_HAL_Driver/Src/stm32f1xx_ll_usb.c ****     WrVal |= (uint16_t)pBuf[1] << 8;
 5550              		.loc 1 2831 28 discriminator 3
 5551 0040 FB69     		ldr	r3, [r7, #28]
 5552 0042 0133     		adds	r3, r3, #1
 5553 0044 1B78     		ldrb	r3, [r3]	@ zero_extendqisi2
 5554              		.loc 1 2831 32 discriminator 3
 5555 0046 1B02     		lsls	r3, r3, #8
 5556              		.loc 1 2831 11 discriminator 3
 5557 0048 1AB2     		sxth	r2, r3
 5558 004a B7F91230 		ldrsh	r3, [r7, #18]
 5559 004e 1343     		orrs	r3, r3, r2
 5560 0050 1BB2     		sxth	r3, r3
 5561 0052 7B82     		strh	r3, [r7, #18]	@ movhi
2832:Drivers/STM32F1xx_HAL_Driver/Src/stm32f1xx_ll_usb.c ****     *pdwVal = (WrVal & 0xFFFFU);
 5562              		.loc 1 2832 13 discriminator 3
 5563 0054 3B6A     		ldr	r3, [r7, #32]
 5564 0056 7A8A     		ldrh	r2, [r7, #18]	@ movhi
 5565 0058 1A80     		strh	r2, [r3]	@ movhi
2833:Drivers/STM32F1xx_HAL_Driver/Src/stm32f1xx_ll_usb.c ****     pdwVal++;
 5566              		.loc 1 2833 11 discriminator 3
 5567 005a 3B6A     		ldr	r3, [r7, #32]
 5568 005c 0233     		adds	r3, r3, #2
 5569 005e 3B62     		str	r3, [r7, #32]
2834:Drivers/STM32F1xx_HAL_Driver/Src/stm32f1xx_ll_usb.c **** 
2835:Drivers/STM32F1xx_HAL_Driver/Src/stm32f1xx_ll_usb.c **** #if PMA_ACCESS > 1U
2836:Drivers/STM32F1xx_HAL_Driver/Src/stm32f1xx_ll_usb.c ****     pdwVal++;
 5570              		.loc 1 2836 11 discriminator 3
 5571 0060 3B6A     		ldr	r3, [r7, #32]
 5572 0062 0233     		adds	r3, r3, #2
 5573 0064 3B62     		str	r3, [r7, #32]
2837:Drivers/STM32F1xx_HAL_Driver/Src/stm32f1xx_ll_usb.c **** #endif /* PMA_ACCESS */
2838:Drivers/STM32F1xx_HAL_Driver/Src/stm32f1xx_ll_usb.c **** 
2839:Drivers/STM32F1xx_HAL_Driver/Src/stm32f1xx_ll_usb.c ****     pBuf++;
 5574              		.loc 1 2839 9 discriminator 3
 5575 0066 FB69     		ldr	r3, [r7, #28]
 5576 0068 0133     		adds	r3, r3, #1
 5577 006a FB61     		str	r3, [r7, #28]
2840:Drivers/STM32F1xx_HAL_Driver/Src/stm32f1xx_ll_usb.c ****     pBuf++;
 5578              		.loc 1 2840 9 discriminator 3
 5579 006c FB69     		ldr	r3, [r7, #28]
 5580 006e 0133     		adds	r3, r3, #1
 5581 0070 FB61     		str	r3, [r7, #28]
2828:Drivers/STM32F1xx_HAL_Driver/Src/stm32f1xx_ll_usb.c ****   {
 5582              		.loc 1 2828 37 discriminator 3
 5583 0072 7B6A     		ldr	r3, [r7, #36]
 5584 0074 013B     		subs	r3, r3, #1
 5585 0076 7B62     		str	r3, [r7, #36]
 5586              	.L190:
2828:Drivers/STM32F1xx_HAL_Driver/Src/stm32f1xx_ll_usb.c ****   {
 5587              		.loc 1 2828 3 discriminator 1
 5588 0078 7B6A     		ldr	r3, [r7, #36]
ARM GAS  /var/folders/xf/tcndk8390ml5xdpfw93qkhpm0000gn/T//cc0WvzGY.s 			page 148


 5589 007a 002B     		cmp	r3, #0
 5590 007c DDD1     		bne	.L191
2841:Drivers/STM32F1xx_HAL_Driver/Src/stm32f1xx_ll_usb.c ****   }
2842:Drivers/STM32F1xx_HAL_Driver/Src/stm32f1xx_ll_usb.c **** }
 5591              		.loc 1 2842 1
 5592 007e 00BF     		nop
 5593 0080 00BF     		nop
 5594 0082 2C37     		adds	r7, r7, #44
 5595              	.LCFI158:
 5596              		.cfi_def_cfa_offset 4
 5597 0084 BD46     		mov	sp, r7
 5598              	.LCFI159:
 5599              		.cfi_def_cfa_register 13
 5600              		@ sp needed
 5601 0086 80BC     		pop	{r7}
 5602              	.LCFI160:
 5603              		.cfi_restore 7
 5604              		.cfi_def_cfa_offset 0
 5605 0088 7047     		bx	lr
 5606              		.cfi_endproc
 5607              	.LFE91:
 5609              		.section	.text.USB_ReadPMA,"ax",%progbits
 5610              		.align	1
 5611              		.global	USB_ReadPMA
 5612              		.syntax unified
 5613              		.thumb
 5614              		.thumb_func
 5616              	USB_ReadPMA:
 5617              	.LFB92:
2843:Drivers/STM32F1xx_HAL_Driver/Src/stm32f1xx_ll_usb.c **** 
2844:Drivers/STM32F1xx_HAL_Driver/Src/stm32f1xx_ll_usb.c **** /**
2845:Drivers/STM32F1xx_HAL_Driver/Src/stm32f1xx_ll_usb.c ****   * @brief Copy data from packet memory area (PMA) to user memory buffer
2846:Drivers/STM32F1xx_HAL_Driver/Src/stm32f1xx_ll_usb.c ****   * @param   USBx USB peripheral instance register address.
2847:Drivers/STM32F1xx_HAL_Driver/Src/stm32f1xx_ll_usb.c ****   * @param   pbUsrBuf pointer to user memory area.
2848:Drivers/STM32F1xx_HAL_Driver/Src/stm32f1xx_ll_usb.c ****   * @param   wPMABufAddr address into PMA.
2849:Drivers/STM32F1xx_HAL_Driver/Src/stm32f1xx_ll_usb.c ****   * @param   wNBytes no. of bytes to be copied.
2850:Drivers/STM32F1xx_HAL_Driver/Src/stm32f1xx_ll_usb.c ****   * @retval None
2851:Drivers/STM32F1xx_HAL_Driver/Src/stm32f1xx_ll_usb.c ****   */
2852:Drivers/STM32F1xx_HAL_Driver/Src/stm32f1xx_ll_usb.c **** void USB_ReadPMA(USB_TypeDef const *USBx, uint8_t *pbUsrBuf, uint16_t wPMABufAddr, uint16_t wNBytes
2853:Drivers/STM32F1xx_HAL_Driver/Src/stm32f1xx_ll_usb.c **** {
 5618              		.loc 1 2853 1
 5619              		.cfi_startproc
 5620              		@ args = 0, pretend = 0, frame = 40
 5621              		@ frame_needed = 1, uses_anonymous_args = 0
 5622              		@ link register save eliminated.
 5623 0000 80B4     		push	{r7}
 5624              	.LCFI161:
 5625              		.cfi_def_cfa_offset 4
 5626              		.cfi_offset 7, -4
 5627 0002 8BB0     		sub	sp, sp, #44
 5628              	.LCFI162:
 5629              		.cfi_def_cfa_offset 48
 5630 0004 00AF     		add	r7, sp, #0
 5631              	.LCFI163:
 5632              		.cfi_def_cfa_register 7
 5633 0006 F860     		str	r0, [r7, #12]
 5634 0008 B960     		str	r1, [r7, #8]
ARM GAS  /var/folders/xf/tcndk8390ml5xdpfw93qkhpm0000gn/T//cc0WvzGY.s 			page 149


 5635 000a 1146     		mov	r1, r2
 5636 000c 1A46     		mov	r2, r3
 5637 000e 0B46     		mov	r3, r1	@ movhi
 5638 0010 FB80     		strh	r3, [r7, #6]	@ movhi
 5639 0012 1346     		mov	r3, r2	@ movhi
 5640 0014 BB80     		strh	r3, [r7, #4]	@ movhi
2854:Drivers/STM32F1xx_HAL_Driver/Src/stm32f1xx_ll_usb.c ****   uint32_t n = (uint32_t)wNBytes >> 1;
 5641              		.loc 1 2854 34
 5642 0016 BB88     		ldrh	r3, [r7, #4]
 5643 0018 5B08     		lsrs	r3, r3, #1
 5644 001a 9BB2     		uxth	r3, r3
 5645              		.loc 1 2854 12
 5646 001c BB61     		str	r3, [r7, #24]
2855:Drivers/STM32F1xx_HAL_Driver/Src/stm32f1xx_ll_usb.c ****   uint32_t BaseAddr = (uint32_t)USBx;
 5647              		.loc 1 2855 12
 5648 001e FB68     		ldr	r3, [r7, #12]
 5649 0020 7B61     		str	r3, [r7, #20]
2856:Drivers/STM32F1xx_HAL_Driver/Src/stm32f1xx_ll_usb.c ****   uint32_t count;
2857:Drivers/STM32F1xx_HAL_Driver/Src/stm32f1xx_ll_usb.c ****   uint32_t RdVal;
2858:Drivers/STM32F1xx_HAL_Driver/Src/stm32f1xx_ll_usb.c ****   __IO uint16_t *pdwVal;
2859:Drivers/STM32F1xx_HAL_Driver/Src/stm32f1xx_ll_usb.c ****   uint8_t *pBuf = pbUsrBuf;
 5650              		.loc 1 2859 12
 5651 0022 BB68     		ldr	r3, [r7, #8]
 5652 0024 FB61     		str	r3, [r7, #28]
2860:Drivers/STM32F1xx_HAL_Driver/Src/stm32f1xx_ll_usb.c **** 
2861:Drivers/STM32F1xx_HAL_Driver/Src/stm32f1xx_ll_usb.c ****   pdwVal = (__IO uint16_t *)(BaseAddr + 0x400U + ((uint32_t)wPMABufAddr * PMA_ACCESS));
 5653              		.loc 1 2861 51
 5654 0026 FB88     		ldrh	r3, [r7, #6]
 5655              		.loc 1 2861 73
 5656 0028 5A00     		lsls	r2, r3, #1
 5657              		.loc 1 2861 48
 5658 002a 7B69     		ldr	r3, [r7, #20]
 5659 002c 1344     		add	r3, r3, r2
 5660 002e 03F58063 		add	r3, r3, #1024
 5661              		.loc 1 2861 10
 5662 0032 3B62     		str	r3, [r7, #32]
2862:Drivers/STM32F1xx_HAL_Driver/Src/stm32f1xx_ll_usb.c **** 
2863:Drivers/STM32F1xx_HAL_Driver/Src/stm32f1xx_ll_usb.c ****   for (count = n; count != 0U; count--)
 5663              		.loc 1 2863 14
 5664 0034 BB69     		ldr	r3, [r7, #24]
 5665 0036 7B62     		str	r3, [r7, #36]
 5666              		.loc 1 2863 3
 5667 0038 1BE0     		b	.L193
 5668              	.L194:
2864:Drivers/STM32F1xx_HAL_Driver/Src/stm32f1xx_ll_usb.c ****   {
2865:Drivers/STM32F1xx_HAL_Driver/Src/stm32f1xx_ll_usb.c ****     RdVal = *(__IO uint16_t *)pdwVal;
 5669              		.loc 1 2865 13 discriminator 3
 5670 003a 3B6A     		ldr	r3, [r7, #32]
 5671 003c 1B88     		ldrh	r3, [r3]	@ movhi
 5672 003e 9BB2     		uxth	r3, r3
 5673              		.loc 1 2865 11 discriminator 3
 5674 0040 3B61     		str	r3, [r7, #16]
2866:Drivers/STM32F1xx_HAL_Driver/Src/stm32f1xx_ll_usb.c ****     pdwVal++;
 5675              		.loc 1 2866 11 discriminator 3
 5676 0042 3B6A     		ldr	r3, [r7, #32]
 5677 0044 0233     		adds	r3, r3, #2
 5678 0046 3B62     		str	r3, [r7, #32]
ARM GAS  /var/folders/xf/tcndk8390ml5xdpfw93qkhpm0000gn/T//cc0WvzGY.s 			page 150


2867:Drivers/STM32F1xx_HAL_Driver/Src/stm32f1xx_ll_usb.c ****     *pBuf = (uint8_t)((RdVal >> 0) & 0xFFU);
 5679              		.loc 1 2867 13 discriminator 3
 5680 0048 3B69     		ldr	r3, [r7, #16]
 5681 004a DAB2     		uxtb	r2, r3
 5682              		.loc 1 2867 11 discriminator 3
 5683 004c FB69     		ldr	r3, [r7, #28]
 5684 004e 1A70     		strb	r2, [r3]
2868:Drivers/STM32F1xx_HAL_Driver/Src/stm32f1xx_ll_usb.c ****     pBuf++;
 5685              		.loc 1 2868 9 discriminator 3
 5686 0050 FB69     		ldr	r3, [r7, #28]
 5687 0052 0133     		adds	r3, r3, #1
 5688 0054 FB61     		str	r3, [r7, #28]
2869:Drivers/STM32F1xx_HAL_Driver/Src/stm32f1xx_ll_usb.c ****     *pBuf = (uint8_t)((RdVal >> 8) & 0xFFU);
 5689              		.loc 1 2869 30 discriminator 3
 5690 0056 3B69     		ldr	r3, [r7, #16]
 5691 0058 1B0A     		lsrs	r3, r3, #8
 5692              		.loc 1 2869 13 discriminator 3
 5693 005a DAB2     		uxtb	r2, r3
 5694              		.loc 1 2869 11 discriminator 3
 5695 005c FB69     		ldr	r3, [r7, #28]
 5696 005e 1A70     		strb	r2, [r3]
2870:Drivers/STM32F1xx_HAL_Driver/Src/stm32f1xx_ll_usb.c ****     pBuf++;
 5697              		.loc 1 2870 9 discriminator 3
 5698 0060 FB69     		ldr	r3, [r7, #28]
 5699 0062 0133     		adds	r3, r3, #1
 5700 0064 FB61     		str	r3, [r7, #28]
2871:Drivers/STM32F1xx_HAL_Driver/Src/stm32f1xx_ll_usb.c **** 
2872:Drivers/STM32F1xx_HAL_Driver/Src/stm32f1xx_ll_usb.c **** #if PMA_ACCESS > 1U
2873:Drivers/STM32F1xx_HAL_Driver/Src/stm32f1xx_ll_usb.c ****     pdwVal++;
 5701              		.loc 1 2873 11 discriminator 3
 5702 0066 3B6A     		ldr	r3, [r7, #32]
 5703 0068 0233     		adds	r3, r3, #2
 5704 006a 3B62     		str	r3, [r7, #32]
2863:Drivers/STM32F1xx_HAL_Driver/Src/stm32f1xx_ll_usb.c ****   {
 5705              		.loc 1 2863 37 discriminator 3
 5706 006c 7B6A     		ldr	r3, [r7, #36]
 5707 006e 013B     		subs	r3, r3, #1
 5708 0070 7B62     		str	r3, [r7, #36]
 5709              	.L193:
2863:Drivers/STM32F1xx_HAL_Driver/Src/stm32f1xx_ll_usb.c ****   {
 5710              		.loc 1 2863 3 discriminator 1
 5711 0072 7B6A     		ldr	r3, [r7, #36]
 5712 0074 002B     		cmp	r3, #0
 5713 0076 E0D1     		bne	.L194
2874:Drivers/STM32F1xx_HAL_Driver/Src/stm32f1xx_ll_usb.c **** #endif /* PMA_ACCESS */
2875:Drivers/STM32F1xx_HAL_Driver/Src/stm32f1xx_ll_usb.c ****   }
2876:Drivers/STM32F1xx_HAL_Driver/Src/stm32f1xx_ll_usb.c **** 
2877:Drivers/STM32F1xx_HAL_Driver/Src/stm32f1xx_ll_usb.c ****   if ((wNBytes % 2U) != 0U)
 5714              		.loc 1 2877 22
 5715 0078 BB88     		ldrh	r3, [r7, #4]	@ movhi
 5716 007a 03F00103 		and	r3, r3, #1
 5717 007e 9BB2     		uxth	r3, r3
 5718              		.loc 1 2877 6
 5719 0080 002B     		cmp	r3, #0
 5720 0082 07D0     		beq	.L196
2878:Drivers/STM32F1xx_HAL_Driver/Src/stm32f1xx_ll_usb.c ****   {
2879:Drivers/STM32F1xx_HAL_Driver/Src/stm32f1xx_ll_usb.c ****     RdVal = *pdwVal;
ARM GAS  /var/folders/xf/tcndk8390ml5xdpfw93qkhpm0000gn/T//cc0WvzGY.s 			page 151


 5721              		.loc 1 2879 13
 5722 0084 3B6A     		ldr	r3, [r7, #32]
 5723 0086 1B88     		ldrh	r3, [r3]	@ movhi
 5724 0088 9BB2     		uxth	r3, r3
 5725              		.loc 1 2879 11
 5726 008a 3B61     		str	r3, [r7, #16]
2880:Drivers/STM32F1xx_HAL_Driver/Src/stm32f1xx_ll_usb.c ****     *pBuf = (uint8_t)((RdVal >> 0) & 0xFFU);
 5727              		.loc 1 2880 13
 5728 008c 3B69     		ldr	r3, [r7, #16]
 5729 008e DAB2     		uxtb	r2, r3
 5730              		.loc 1 2880 11
 5731 0090 FB69     		ldr	r3, [r7, #28]
 5732 0092 1A70     		strb	r2, [r3]
 5733              	.L196:
2881:Drivers/STM32F1xx_HAL_Driver/Src/stm32f1xx_ll_usb.c ****   }
2882:Drivers/STM32F1xx_HAL_Driver/Src/stm32f1xx_ll_usb.c **** }
 5734              		.loc 1 2882 1
 5735 0094 00BF     		nop
 5736 0096 2C37     		adds	r7, r7, #44
 5737              	.LCFI164:
 5738              		.cfi_def_cfa_offset 4
 5739 0098 BD46     		mov	sp, r7
 5740              	.LCFI165:
 5741              		.cfi_def_cfa_register 13
 5742              		@ sp needed
 5743 009a 80BC     		pop	{r7}
 5744              	.LCFI166:
 5745              		.cfi_restore 7
 5746              		.cfi_def_cfa_offset 0
 5747 009c 7047     		bx	lr
 5748              		.cfi_endproc
 5749              	.LFE92:
 5751              		.text
 5752              	.Letext0:
 5753              		.file 2 "/Applications/ARM/arm-none-eabi/include/machine/_default_types.h"
 5754              		.file 3 "/Applications/ARM/arm-none-eabi/include/sys/_stdint.h"
 5755              		.file 4 "Drivers/CMSIS/Device/ST/STM32F1xx/Include/stm32f103xb.h"
 5756              		.file 5 "Drivers/STM32F1xx_HAL_Driver/Inc/stm32f1xx_hal_def.h"
 5757              		.file 6 "Drivers/STM32F1xx_HAL_Driver/Inc/stm32f1xx_ll_usb.h"
ARM GAS  /var/folders/xf/tcndk8390ml5xdpfw93qkhpm0000gn/T//cc0WvzGY.s 			page 152


DEFINED SYMBOLS
                            *ABS*:0000000000000000 stm32f1xx_ll_usb.c
/var/folders/xf/tcndk8390ml5xdpfw93qkhpm0000gn/T//cc0WvzGY.s:18     .text.USB_CoreInit:0000000000000000 $t
/var/folders/xf/tcndk8390ml5xdpfw93qkhpm0000gn/T//cc0WvzGY.s:24     .text.USB_CoreInit:0000000000000000 USB_CoreInit
/var/folders/xf/tcndk8390ml5xdpfw93qkhpm0000gn/T//cc0WvzGY.s:65     .text.USB_EnableGlobalInt:0000000000000000 $t
/var/folders/xf/tcndk8390ml5xdpfw93qkhpm0000gn/T//cc0WvzGY.s:71     .text.USB_EnableGlobalInt:0000000000000000 USB_EnableGlobalInt
/var/folders/xf/tcndk8390ml5xdpfw93qkhpm0000gn/T//cc0WvzGY.s:122    .text.USB_DisableGlobalInt:0000000000000000 $t
/var/folders/xf/tcndk8390ml5xdpfw93qkhpm0000gn/T//cc0WvzGY.s:128    .text.USB_DisableGlobalInt:0000000000000000 USB_DisableGlobalInt
/var/folders/xf/tcndk8390ml5xdpfw93qkhpm0000gn/T//cc0WvzGY.s:183    .text.USB_SetCurrentMode:0000000000000000 $t
/var/folders/xf/tcndk8390ml5xdpfw93qkhpm0000gn/T//cc0WvzGY.s:189    .text.USB_SetCurrentMode:0000000000000000 USB_SetCurrentMode
/var/folders/xf/tcndk8390ml5xdpfw93qkhpm0000gn/T//cc0WvzGY.s:229    .text.USB_DevInit:0000000000000000 $t
/var/folders/xf/tcndk8390ml5xdpfw93qkhpm0000gn/T//cc0WvzGY.s:235    .text.USB_DevInit:0000000000000000 USB_DevInit
/var/folders/xf/tcndk8390ml5xdpfw93qkhpm0000gn/T//cc0WvzGY.s:291    .text.USB_FlushTxFifo:0000000000000000 $t
/var/folders/xf/tcndk8390ml5xdpfw93qkhpm0000gn/T//cc0WvzGY.s:297    .text.USB_FlushTxFifo:0000000000000000 USB_FlushTxFifo
/var/folders/xf/tcndk8390ml5xdpfw93qkhpm0000gn/T//cc0WvzGY.s:336    .text.USB_FlushRxFifo:0000000000000000 $t
/var/folders/xf/tcndk8390ml5xdpfw93qkhpm0000gn/T//cc0WvzGY.s:342    .text.USB_FlushRxFifo:0000000000000000 USB_FlushRxFifo
/var/folders/xf/tcndk8390ml5xdpfw93qkhpm0000gn/T//cc0WvzGY.s:380    .text.USB_ActivateEndpoint:0000000000000000 $t
/var/folders/xf/tcndk8390ml5xdpfw93qkhpm0000gn/T//cc0WvzGY.s:386    .text.USB_ActivateEndpoint:0000000000000000 USB_ActivateEndpoint
/var/folders/xf/tcndk8390ml5xdpfw93qkhpm0000gn/T//cc0WvzGY.s:430    .text.USB_ActivateEndpoint:0000000000000038 $d
/var/folders/xf/tcndk8390ml5xdpfw93qkhpm0000gn/T//cc0WvzGY.s:434    .text.USB_ActivateEndpoint:0000000000000048 $t
/var/folders/xf/tcndk8390ml5xdpfw93qkhpm0000gn/T//cc0WvzGY.s:1339   .text.USB_DeactivateEndpoint:0000000000000000 $t
/var/folders/xf/tcndk8390ml5xdpfw93qkhpm0000gn/T//cc0WvzGY.s:1345   .text.USB_DeactivateEndpoint:0000000000000000 USB_DeactivateEndpoint
/var/folders/xf/tcndk8390ml5xdpfw93qkhpm0000gn/T//cc0WvzGY.s:1849   .text.USB_EPStartXfer:0000000000000000 $t
/var/folders/xf/tcndk8390ml5xdpfw93qkhpm0000gn/T//cc0WvzGY.s:1855   .text.USB_EPStartXfer:0000000000000000 USB_EPStartXfer
/var/folders/xf/tcndk8390ml5xdpfw93qkhpm0000gn/T//cc0WvzGY.s:5491   .text.USB_WritePMA:0000000000000000 USB_WritePMA
/var/folders/xf/tcndk8390ml5xdpfw93qkhpm0000gn/T//cc0WvzGY.s:4361   .text.USB_EPSetStall:0000000000000000 $t
/var/folders/xf/tcndk8390ml5xdpfw93qkhpm0000gn/T//cc0WvzGY.s:4367   .text.USB_EPSetStall:0000000000000000 USB_EPSetStall
/var/folders/xf/tcndk8390ml5xdpfw93qkhpm0000gn/T//cc0WvzGY.s:4471   .text.USB_EPClearStall:0000000000000000 $t
/var/folders/xf/tcndk8390ml5xdpfw93qkhpm0000gn/T//cc0WvzGY.s:4477   .text.USB_EPClearStall:0000000000000000 USB_EPClearStall
/var/folders/xf/tcndk8390ml5xdpfw93qkhpm0000gn/T//cc0WvzGY.s:4676   .text.USB_EPStopXfer:0000000000000000 $t
/var/folders/xf/tcndk8390ml5xdpfw93qkhpm0000gn/T//cc0WvzGY.s:4682   .text.USB_EPStopXfer:0000000000000000 USB_EPStopXfer
/var/folders/xf/tcndk8390ml5xdpfw93qkhpm0000gn/T//cc0WvzGY.s:4864   .text.USB_StopDevice:0000000000000000 $t
/var/folders/xf/tcndk8390ml5xdpfw93qkhpm0000gn/T//cc0WvzGY.s:4870   .text.USB_StopDevice:0000000000000000 USB_StopDevice
/var/folders/xf/tcndk8390ml5xdpfw93qkhpm0000gn/T//cc0WvzGY.s:4920   .text.USB_SetDevAddress:0000000000000000 $t
/var/folders/xf/tcndk8390ml5xdpfw93qkhpm0000gn/T//cc0WvzGY.s:4926   .text.USB_SetDevAddress:0000000000000000 USB_SetDevAddress
/var/folders/xf/tcndk8390ml5xdpfw93qkhpm0000gn/T//cc0WvzGY.s:4975   .text.USB_DevConnect:0000000000000000 $t
/var/folders/xf/tcndk8390ml5xdpfw93qkhpm0000gn/T//cc0WvzGY.s:4981   .text.USB_DevConnect:0000000000000000 USB_DevConnect
/var/folders/xf/tcndk8390ml5xdpfw93qkhpm0000gn/T//cc0WvzGY.s:5019   .text.USB_DevDisconnect:0000000000000000 $t
/var/folders/xf/tcndk8390ml5xdpfw93qkhpm0000gn/T//cc0WvzGY.s:5025   .text.USB_DevDisconnect:0000000000000000 USB_DevDisconnect
/var/folders/xf/tcndk8390ml5xdpfw93qkhpm0000gn/T//cc0WvzGY.s:5063   .text.USB_ReadInterrupts:0000000000000000 $t
/var/folders/xf/tcndk8390ml5xdpfw93qkhpm0000gn/T//cc0WvzGY.s:5069   .text.USB_ReadInterrupts:0000000000000000 USB_ReadInterrupts
/var/folders/xf/tcndk8390ml5xdpfw93qkhpm0000gn/T//cc0WvzGY.s:5113   .text.USB_ReadDevAllOutEpInterrupt:0000000000000000 $t
/var/folders/xf/tcndk8390ml5xdpfw93qkhpm0000gn/T//cc0WvzGY.s:5119   .text.USB_ReadDevAllOutEpInterrupt:0000000000000000 USB_ReadDevAllOutEpInterrupt
/var/folders/xf/tcndk8390ml5xdpfw93qkhpm0000gn/T//cc0WvzGY.s:5157   .text.USB_ReadDevAllInEpInterrupt:0000000000000000 $t
/var/folders/xf/tcndk8390ml5xdpfw93qkhpm0000gn/T//cc0WvzGY.s:5163   .text.USB_ReadDevAllInEpInterrupt:0000000000000000 USB_ReadDevAllInEpInterrupt
/var/folders/xf/tcndk8390ml5xdpfw93qkhpm0000gn/T//cc0WvzGY.s:5201   .text.USB_ReadDevOutEPInterrupt:0000000000000000 $t
/var/folders/xf/tcndk8390ml5xdpfw93qkhpm0000gn/T//cc0WvzGY.s:5207   .text.USB_ReadDevOutEPInterrupt:0000000000000000 USB_ReadDevOutEPInterrupt
/var/folders/xf/tcndk8390ml5xdpfw93qkhpm0000gn/T//cc0WvzGY.s:5247   .text.USB_ReadDevInEPInterrupt:0000000000000000 $t
/var/folders/xf/tcndk8390ml5xdpfw93qkhpm0000gn/T//cc0WvzGY.s:5253   .text.USB_ReadDevInEPInterrupt:0000000000000000 USB_ReadDevInEPInterrupt
/var/folders/xf/tcndk8390ml5xdpfw93qkhpm0000gn/T//cc0WvzGY.s:5293   .text.USB_ClearInterrupts:0000000000000000 $t
/var/folders/xf/tcndk8390ml5xdpfw93qkhpm0000gn/T//cc0WvzGY.s:5299   .text.USB_ClearInterrupts:0000000000000000 USB_ClearInterrupts
/var/folders/xf/tcndk8390ml5xdpfw93qkhpm0000gn/T//cc0WvzGY.s:5336   .text.USB_EP0_OutStart:0000000000000000 $t
/var/folders/xf/tcndk8390ml5xdpfw93qkhpm0000gn/T//cc0WvzGY.s:5342   .text.USB_EP0_OutStart:0000000000000000 USB_EP0_OutStart
/var/folders/xf/tcndk8390ml5xdpfw93qkhpm0000gn/T//cc0WvzGY.s:5381   .text.USB_ActivateRemoteWakeup:0000000000000000 $t
/var/folders/xf/tcndk8390ml5xdpfw93qkhpm0000gn/T//cc0WvzGY.s:5387   .text.USB_ActivateRemoteWakeup:0000000000000000 USB_ActivateRemoteWakeup
/var/folders/xf/tcndk8390ml5xdpfw93qkhpm0000gn/T//cc0WvzGY.s:5433   .text.USB_DeActivateRemoteWakeup:0000000000000000 $t
/var/folders/xf/tcndk8390ml5xdpfw93qkhpm0000gn/T//cc0WvzGY.s:5439   .text.USB_DeActivateRemoteWakeup:0000000000000000 USB_DeActivateRemoteWakeup
ARM GAS  /var/folders/xf/tcndk8390ml5xdpfw93qkhpm0000gn/T//cc0WvzGY.s 			page 153


/var/folders/xf/tcndk8390ml5xdpfw93qkhpm0000gn/T//cc0WvzGY.s:5485   .text.USB_WritePMA:0000000000000000 $t
/var/folders/xf/tcndk8390ml5xdpfw93qkhpm0000gn/T//cc0WvzGY.s:5610   .text.USB_ReadPMA:0000000000000000 $t
/var/folders/xf/tcndk8390ml5xdpfw93qkhpm0000gn/T//cc0WvzGY.s:5616   .text.USB_ReadPMA:0000000000000000 USB_ReadPMA

NO UNDEFINED SYMBOLS
