ARM GAS  /var/folders/xf/tcndk8390ml5xdpfw93qkhpm0000gn/T//ccpI2BDz.s 			page 1


   1              		.cpu cortex-m3
   2              		.arch armv7-m
   3              		.fpu softvfp
   4              		.eabi_attribute 20, 1
   5              		.eabi_attribute 21, 1
   6              		.eabi_attribute 23, 3
   7              		.eabi_attribute 24, 1
   8              		.eabi_attribute 25, 1
   9              		.eabi_attribute 26, 1
  10              		.eabi_attribute 30, 6
  11              		.eabi_attribute 34, 1
  12              		.eabi_attribute 18, 4
  13              		.file	"usbd_conf.c"
  14              		.text
  15              	.Ltext0:
  16              		.cfi_sections	.debug_frame
  17              		.global	hpcd_USB_FS
  18              		.section	.bss.hpcd_USB_FS,"aw",%nobits
  19              		.align	2
  22              	hpcd_USB_FS:
  23 0000 00000000 		.space	728
  23      00000000 
  23      00000000 
  23      00000000 
  23      00000000 
  24              		.section	.text.HAL_PCD_MspInit,"ax",%progbits
  25              		.align	1
  26              		.global	HAL_PCD_MspInit
  27              		.syntax unified
  28              		.thumb
  29              		.thumb_func
  31              	HAL_PCD_MspInit:
  32              	.LFB68:
  33              		.file 1 "USB_DEVICE/Target/usbd_conf.c"
   1:USB_DEVICE/Target/usbd_conf.c **** /* USER CODE BEGIN Header */
   2:USB_DEVICE/Target/usbd_conf.c **** /**
   3:USB_DEVICE/Target/usbd_conf.c ****   ******************************************************************************
   4:USB_DEVICE/Target/usbd_conf.c ****   * @file           : Target/usbd_conf.c
   5:USB_DEVICE/Target/usbd_conf.c ****   * @version        : v2.0_Cube
   6:USB_DEVICE/Target/usbd_conf.c ****   * @brief          : This file implements the board support package for the USB device library
   7:USB_DEVICE/Target/usbd_conf.c ****   ******************************************************************************
   8:USB_DEVICE/Target/usbd_conf.c ****   * @attention
   9:USB_DEVICE/Target/usbd_conf.c ****   *
  10:USB_DEVICE/Target/usbd_conf.c ****   * Copyright (c) 2025 STMicroelectronics.
  11:USB_DEVICE/Target/usbd_conf.c ****   * All rights reserved.
  12:USB_DEVICE/Target/usbd_conf.c ****   *
  13:USB_DEVICE/Target/usbd_conf.c ****   * This software is licensed under terms that can be found in the LICENSE file
  14:USB_DEVICE/Target/usbd_conf.c ****   * in the root directory of this software component.
  15:USB_DEVICE/Target/usbd_conf.c ****   * If no LICENSE file comes with this software, it is provided AS-IS.
  16:USB_DEVICE/Target/usbd_conf.c ****   *
  17:USB_DEVICE/Target/usbd_conf.c ****   ******************************************************************************
  18:USB_DEVICE/Target/usbd_conf.c ****   */
  19:USB_DEVICE/Target/usbd_conf.c **** /* USER CODE END Header */
  20:USB_DEVICE/Target/usbd_conf.c **** 
  21:USB_DEVICE/Target/usbd_conf.c **** /* Includes ------------------------------------------------------------------*/
  22:USB_DEVICE/Target/usbd_conf.c **** #include "stm32f1xx.h"
  23:USB_DEVICE/Target/usbd_conf.c **** #include "stm32f1xx_hal.h"
ARM GAS  /var/folders/xf/tcndk8390ml5xdpfw93qkhpm0000gn/T//ccpI2BDz.s 			page 2


  24:USB_DEVICE/Target/usbd_conf.c **** #include "usbd_def.h"
  25:USB_DEVICE/Target/usbd_conf.c **** #include "usbd_core.h"
  26:USB_DEVICE/Target/usbd_conf.c **** #include "usbd_cdc.h"
  27:USB_DEVICE/Target/usbd_conf.c **** 
  28:USB_DEVICE/Target/usbd_conf.c **** /* USER CODE BEGIN Includes */
  29:USB_DEVICE/Target/usbd_conf.c **** 
  30:USB_DEVICE/Target/usbd_conf.c **** /* USER CODE END Includes */
  31:USB_DEVICE/Target/usbd_conf.c **** 
  32:USB_DEVICE/Target/usbd_conf.c **** /* Private typedef -----------------------------------------------------------*/
  33:USB_DEVICE/Target/usbd_conf.c **** /* Private define ------------------------------------------------------------*/
  34:USB_DEVICE/Target/usbd_conf.c **** /* Private macro -------------------------------------------------------------*/
  35:USB_DEVICE/Target/usbd_conf.c **** 
  36:USB_DEVICE/Target/usbd_conf.c **** /* USER CODE BEGIN PV */
  37:USB_DEVICE/Target/usbd_conf.c **** /* Private variables ---------------------------------------------------------*/
  38:USB_DEVICE/Target/usbd_conf.c **** 
  39:USB_DEVICE/Target/usbd_conf.c **** /* USER CODE END PV */
  40:USB_DEVICE/Target/usbd_conf.c **** 
  41:USB_DEVICE/Target/usbd_conf.c **** PCD_HandleTypeDef hpcd_USB_FS;
  42:USB_DEVICE/Target/usbd_conf.c **** void Error_Handler(void);
  43:USB_DEVICE/Target/usbd_conf.c **** 
  44:USB_DEVICE/Target/usbd_conf.c **** /* USER CODE BEGIN 0 */
  45:USB_DEVICE/Target/usbd_conf.c **** 
  46:USB_DEVICE/Target/usbd_conf.c **** /* USER CODE END 0 */
  47:USB_DEVICE/Target/usbd_conf.c **** 
  48:USB_DEVICE/Target/usbd_conf.c **** /* USER CODE BEGIN PFP */
  49:USB_DEVICE/Target/usbd_conf.c **** /* Private function prototypes -----------------------------------------------*/
  50:USB_DEVICE/Target/usbd_conf.c **** 
  51:USB_DEVICE/Target/usbd_conf.c **** /* USER CODE END PFP */
  52:USB_DEVICE/Target/usbd_conf.c **** 
  53:USB_DEVICE/Target/usbd_conf.c **** /* Private functions ---------------------------------------------------------*/
  54:USB_DEVICE/Target/usbd_conf.c **** static USBD_StatusTypeDef USBD_Get_USB_Status(HAL_StatusTypeDef hal_status);
  55:USB_DEVICE/Target/usbd_conf.c **** /* USER CODE BEGIN 1 */
  56:USB_DEVICE/Target/usbd_conf.c **** 
  57:USB_DEVICE/Target/usbd_conf.c **** /* USER CODE END 1 */
  58:USB_DEVICE/Target/usbd_conf.c **** #if (USE_HAL_PCD_REGISTER_CALLBACKS == 1U)
  59:USB_DEVICE/Target/usbd_conf.c **** static void PCDEx_SetConnectionState(PCD_HandleTypeDef *hpcd, uint8_t state);
  60:USB_DEVICE/Target/usbd_conf.c **** #else
  61:USB_DEVICE/Target/usbd_conf.c **** void HAL_PCDEx_SetConnectionState(PCD_HandleTypeDef *hpcd, uint8_t state);
  62:USB_DEVICE/Target/usbd_conf.c **** #endif /* USE_HAL_PCD_REGISTER_CALLBACKS */
  63:USB_DEVICE/Target/usbd_conf.c **** 
  64:USB_DEVICE/Target/usbd_conf.c **** /*******************************************************************************
  65:USB_DEVICE/Target/usbd_conf.c ****                        LL Driver Callbacks (PCD -> USB Device Library)
  66:USB_DEVICE/Target/usbd_conf.c **** *******************************************************************************/
  67:USB_DEVICE/Target/usbd_conf.c **** /* MSP Init */
  68:USB_DEVICE/Target/usbd_conf.c **** 
  69:USB_DEVICE/Target/usbd_conf.c **** void HAL_PCD_MspInit(PCD_HandleTypeDef* pcdHandle)
  70:USB_DEVICE/Target/usbd_conf.c **** {
  34              		.loc 1 70 1
  35              		.cfi_startproc
  36              		@ args = 0, pretend = 0, frame = 16
  37              		@ frame_needed = 1, uses_anonymous_args = 0
  38 0000 80B5     		push	{r7, lr}
  39              	.LCFI0:
  40              		.cfi_def_cfa_offset 8
  41              		.cfi_offset 7, -8
  42              		.cfi_offset 14, -4
  43 0002 84B0     		sub	sp, sp, #16
ARM GAS  /var/folders/xf/tcndk8390ml5xdpfw93qkhpm0000gn/T//ccpI2BDz.s 			page 3


  44              	.LCFI1:
  45              		.cfi_def_cfa_offset 24
  46 0004 00AF     		add	r7, sp, #0
  47              	.LCFI2:
  48              		.cfi_def_cfa_register 7
  49 0006 7860     		str	r0, [r7, #4]
  71:USB_DEVICE/Target/usbd_conf.c ****   if(pcdHandle->Instance==USB)
  50              		.loc 1 71 15
  51 0008 7B68     		ldr	r3, [r7, #4]
  52 000a 1B68     		ldr	r3, [r3]
  53              		.loc 1 71 5
  54 000c 114A     		ldr	r2, .L4
  55 000e 9342     		cmp	r3, r2
  56 0010 1BD1     		bne	.L3
  57              	.LBB2:
  72:USB_DEVICE/Target/usbd_conf.c ****   {
  73:USB_DEVICE/Target/usbd_conf.c ****   /* USER CODE BEGIN USB_MspInit 0 */
  74:USB_DEVICE/Target/usbd_conf.c **** 
  75:USB_DEVICE/Target/usbd_conf.c ****   /* USER CODE END USB_MspInit 0 */
  76:USB_DEVICE/Target/usbd_conf.c ****     /* Peripheral clock enable */
  77:USB_DEVICE/Target/usbd_conf.c ****     __HAL_RCC_USB_CLK_ENABLE();
  58              		.loc 1 77 5
  59 0012 114B     		ldr	r3, .L4+4
  60 0014 DB69     		ldr	r3, [r3, #28]
  61 0016 104A     		ldr	r2, .L4+4
  62 0018 43F40003 		orr	r3, r3, #8388608
  63 001c D361     		str	r3, [r2, #28]
  64 001e 0E4B     		ldr	r3, .L4+4
  65 0020 DB69     		ldr	r3, [r3, #28]
  66 0022 03F40003 		and	r3, r3, #8388608
  67 0026 FB60     		str	r3, [r7, #12]
  68 0028 FB68     		ldr	r3, [r7, #12]
  69              	.LBE2:
  78:USB_DEVICE/Target/usbd_conf.c **** 
  79:USB_DEVICE/Target/usbd_conf.c ****     /* Peripheral interrupt init */
  80:USB_DEVICE/Target/usbd_conf.c ****     HAL_NVIC_SetPriority(USB_HP_CAN1_TX_IRQn, 0, 0);
  70              		.loc 1 80 5
  71 002a 0022     		movs	r2, #0
  72 002c 0021     		movs	r1, #0
  73 002e 1320     		movs	r0, #19
  74 0030 FFF7FEFF 		bl	HAL_NVIC_SetPriority
  81:USB_DEVICE/Target/usbd_conf.c ****     HAL_NVIC_EnableIRQ(USB_HP_CAN1_TX_IRQn);
  75              		.loc 1 81 5
  76 0034 1320     		movs	r0, #19
  77 0036 FFF7FEFF 		bl	HAL_NVIC_EnableIRQ
  82:USB_DEVICE/Target/usbd_conf.c ****     HAL_NVIC_SetPriority(USB_LP_CAN1_RX0_IRQn, 0, 0);
  78              		.loc 1 82 5
  79 003a 0022     		movs	r2, #0
  80 003c 0021     		movs	r1, #0
  81 003e 1420     		movs	r0, #20
  82 0040 FFF7FEFF 		bl	HAL_NVIC_SetPriority
  83:USB_DEVICE/Target/usbd_conf.c ****     HAL_NVIC_EnableIRQ(USB_LP_CAN1_RX0_IRQn);
  83              		.loc 1 83 5
  84 0044 1420     		movs	r0, #20
  85 0046 FFF7FEFF 		bl	HAL_NVIC_EnableIRQ
  86              	.L3:
  84:USB_DEVICE/Target/usbd_conf.c ****   /* USER CODE BEGIN USB_MspInit 1 */
ARM GAS  /var/folders/xf/tcndk8390ml5xdpfw93qkhpm0000gn/T//ccpI2BDz.s 			page 4


  85:USB_DEVICE/Target/usbd_conf.c **** 
  86:USB_DEVICE/Target/usbd_conf.c ****   /* USER CODE END USB_MspInit 1 */
  87:USB_DEVICE/Target/usbd_conf.c ****   }
  88:USB_DEVICE/Target/usbd_conf.c **** }
  87              		.loc 1 88 1
  88 004a 00BF     		nop
  89 004c 1037     		adds	r7, r7, #16
  90              	.LCFI3:
  91              		.cfi_def_cfa_offset 8
  92 004e BD46     		mov	sp, r7
  93              	.LCFI4:
  94              		.cfi_def_cfa_register 13
  95              		@ sp needed
  96 0050 80BD     		pop	{r7, pc}
  97              	.L5:
  98 0052 00BF     		.align	2
  99              	.L4:
 100 0054 005C0040 		.word	1073765376
 101 0058 00100240 		.word	1073876992
 102              		.cfi_endproc
 103              	.LFE68:
 105              		.section	.text.HAL_PCD_MspDeInit,"ax",%progbits
 106              		.align	1
 107              		.global	HAL_PCD_MspDeInit
 108              		.syntax unified
 109              		.thumb
 110              		.thumb_func
 112              	HAL_PCD_MspDeInit:
 113              	.LFB69:
  89:USB_DEVICE/Target/usbd_conf.c **** 
  90:USB_DEVICE/Target/usbd_conf.c **** void HAL_PCD_MspDeInit(PCD_HandleTypeDef* pcdHandle)
  91:USB_DEVICE/Target/usbd_conf.c **** {
 114              		.loc 1 91 1
 115              		.cfi_startproc
 116              		@ args = 0, pretend = 0, frame = 8
 117              		@ frame_needed = 1, uses_anonymous_args = 0
 118              		@ link register save eliminated.
 119 0000 80B4     		push	{r7}
 120              	.LCFI5:
 121              		.cfi_def_cfa_offset 4
 122              		.cfi_offset 7, -4
 123 0002 83B0     		sub	sp, sp, #12
 124              	.LCFI6:
 125              		.cfi_def_cfa_offset 16
 126 0004 00AF     		add	r7, sp, #0
 127              	.LCFI7:
 128              		.cfi_def_cfa_register 7
 129 0006 7860     		str	r0, [r7, #4]
  92:USB_DEVICE/Target/usbd_conf.c ****   if(pcdHandle->Instance==USB)
 130              		.loc 1 92 15
 131 0008 7B68     		ldr	r3, [r7, #4]
 132 000a 1B68     		ldr	r3, [r3]
 133              		.loc 1 92 5
 134 000c 064A     		ldr	r2, .L9
 135 000e 9342     		cmp	r3, r2
 136 0010 05D1     		bne	.L8
  93:USB_DEVICE/Target/usbd_conf.c ****   {
ARM GAS  /var/folders/xf/tcndk8390ml5xdpfw93qkhpm0000gn/T//ccpI2BDz.s 			page 5


  94:USB_DEVICE/Target/usbd_conf.c ****   /* USER CODE BEGIN USB_MspDeInit 0 */
  95:USB_DEVICE/Target/usbd_conf.c **** 
  96:USB_DEVICE/Target/usbd_conf.c ****   /* USER CODE END USB_MspDeInit 0 */
  97:USB_DEVICE/Target/usbd_conf.c ****     /* Peripheral clock disable */
  98:USB_DEVICE/Target/usbd_conf.c ****     __HAL_RCC_USB_CLK_DISABLE();
 137              		.loc 1 98 5
 138 0012 064B     		ldr	r3, .L9+4
 139 0014 DB69     		ldr	r3, [r3, #28]
 140 0016 054A     		ldr	r2, .L9+4
 141 0018 23F40003 		bic	r3, r3, #8388608
 142 001c D361     		str	r3, [r2, #28]
 143              	.L8:
  99:USB_DEVICE/Target/usbd_conf.c **** 
 100:USB_DEVICE/Target/usbd_conf.c ****     /* Peripheral interrupt Deinit*/
 101:USB_DEVICE/Target/usbd_conf.c ****   /* USER CODE BEGIN USB:USB_HP_CAN1_TX_IRQn disable */
 102:USB_DEVICE/Target/usbd_conf.c ****     /**
 103:USB_DEVICE/Target/usbd_conf.c ****     * Uncomment the line below to disable the "USB_HP_CAN1_TX_IRQn" interrupt
 104:USB_DEVICE/Target/usbd_conf.c ****     * Be aware, disabling shared interrupt may affect other IPs
 105:USB_DEVICE/Target/usbd_conf.c ****     */
 106:USB_DEVICE/Target/usbd_conf.c ****     /* HAL_NVIC_DisableIRQ(USB_HP_CAN1_TX_IRQn); */
 107:USB_DEVICE/Target/usbd_conf.c ****   /* USER CODE END USB:USB_HP_CAN1_TX_IRQn disable */
 108:USB_DEVICE/Target/usbd_conf.c **** 
 109:USB_DEVICE/Target/usbd_conf.c ****   /* USER CODE BEGIN USB:USB_LP_CAN1_RX0_IRQn disable */
 110:USB_DEVICE/Target/usbd_conf.c ****     /**
 111:USB_DEVICE/Target/usbd_conf.c ****     * Uncomment the line below to disable the "USB_LP_CAN1_RX0_IRQn" interrupt
 112:USB_DEVICE/Target/usbd_conf.c ****     * Be aware, disabling shared interrupt may affect other IPs
 113:USB_DEVICE/Target/usbd_conf.c ****     */
 114:USB_DEVICE/Target/usbd_conf.c ****     /* HAL_NVIC_DisableIRQ(USB_LP_CAN1_RX0_IRQn); */
 115:USB_DEVICE/Target/usbd_conf.c ****   /* USER CODE END USB:USB_LP_CAN1_RX0_IRQn disable */
 116:USB_DEVICE/Target/usbd_conf.c **** 
 117:USB_DEVICE/Target/usbd_conf.c ****   /* USER CODE BEGIN USB_MspDeInit 1 */
 118:USB_DEVICE/Target/usbd_conf.c **** 
 119:USB_DEVICE/Target/usbd_conf.c ****   /* USER CODE END USB_MspDeInit 1 */
 120:USB_DEVICE/Target/usbd_conf.c ****   }
 121:USB_DEVICE/Target/usbd_conf.c **** }
 144              		.loc 1 121 1
 145 001e 00BF     		nop
 146 0020 0C37     		adds	r7, r7, #12
 147              	.LCFI8:
 148              		.cfi_def_cfa_offset 4
 149 0022 BD46     		mov	sp, r7
 150              	.LCFI9:
 151              		.cfi_def_cfa_register 13
 152              		@ sp needed
 153 0024 80BC     		pop	{r7}
 154              	.LCFI10:
 155              		.cfi_restore 7
 156              		.cfi_def_cfa_offset 0
 157 0026 7047     		bx	lr
 158              	.L10:
 159              		.align	2
 160              	.L9:
 161 0028 005C0040 		.word	1073765376
 162 002c 00100240 		.word	1073876992
 163              		.cfi_endproc
 164              	.LFE69:
 166              		.section	.text.HAL_PCD_SetupStageCallback,"ax",%progbits
ARM GAS  /var/folders/xf/tcndk8390ml5xdpfw93qkhpm0000gn/T//ccpI2BDz.s 			page 6


 167              		.align	1
 168              		.global	HAL_PCD_SetupStageCallback
 169              		.syntax unified
 170              		.thumb
 171              		.thumb_func
 173              	HAL_PCD_SetupStageCallback:
 174              	.LFB70:
 122:USB_DEVICE/Target/usbd_conf.c **** 
 123:USB_DEVICE/Target/usbd_conf.c **** /**
 124:USB_DEVICE/Target/usbd_conf.c ****   * @brief  Setup stage callback
 125:USB_DEVICE/Target/usbd_conf.c ****   * @param  hpcd: PCD handle
 126:USB_DEVICE/Target/usbd_conf.c ****   * @retval None
 127:USB_DEVICE/Target/usbd_conf.c ****   */
 128:USB_DEVICE/Target/usbd_conf.c **** #if (USE_HAL_PCD_REGISTER_CALLBACKS == 1U)
 129:USB_DEVICE/Target/usbd_conf.c **** static void PCD_SetupStageCallback(PCD_HandleTypeDef *hpcd)
 130:USB_DEVICE/Target/usbd_conf.c **** #else
 131:USB_DEVICE/Target/usbd_conf.c **** void HAL_PCD_SetupStageCallback(PCD_HandleTypeDef *hpcd)
 132:USB_DEVICE/Target/usbd_conf.c **** #endif /* USE_HAL_PCD_REGISTER_CALLBACKS */
 133:USB_DEVICE/Target/usbd_conf.c **** {
 175              		.loc 1 133 1
 176              		.cfi_startproc
 177              		@ args = 0, pretend = 0, frame = 8
 178              		@ frame_needed = 1, uses_anonymous_args = 0
 179 0000 80B5     		push	{r7, lr}
 180              	.LCFI11:
 181              		.cfi_def_cfa_offset 8
 182              		.cfi_offset 7, -8
 183              		.cfi_offset 14, -4
 184 0002 82B0     		sub	sp, sp, #8
 185              	.LCFI12:
 186              		.cfi_def_cfa_offset 16
 187 0004 00AF     		add	r7, sp, #0
 188              	.LCFI13:
 189              		.cfi_def_cfa_register 7
 190 0006 7860     		str	r0, [r7, #4]
 134:USB_DEVICE/Target/usbd_conf.c ****   USBD_LL_SetupStage((USBD_HandleTypeDef*)hpcd->pData, (uint8_t *)hpcd->Setup);
 191              		.loc 1 134 47
 192 0008 7B68     		ldr	r3, [r7, #4]
 193 000a D3F8D422 		ldr	r2, [r3, #724]
 194              		.loc 1 134 67
 195 000e 7B68     		ldr	r3, [r7, #4]
 196 0010 03F52673 		add	r3, r3, #664
 197              		.loc 1 134 3
 198 0014 1946     		mov	r1, r3
 199 0016 1046     		mov	r0, r2
 200 0018 FFF7FEFF 		bl	USBD_LL_SetupStage
 135:USB_DEVICE/Target/usbd_conf.c **** }
 201              		.loc 1 135 1
 202 001c 00BF     		nop
 203 001e 0837     		adds	r7, r7, #8
 204              	.LCFI14:
 205              		.cfi_def_cfa_offset 8
 206 0020 BD46     		mov	sp, r7
 207              	.LCFI15:
 208              		.cfi_def_cfa_register 13
 209              		@ sp needed
 210 0022 80BD     		pop	{r7, pc}
ARM GAS  /var/folders/xf/tcndk8390ml5xdpfw93qkhpm0000gn/T//ccpI2BDz.s 			page 7


 211              		.cfi_endproc
 212              	.LFE70:
 214              		.section	.text.HAL_PCD_DataOutStageCallback,"ax",%progbits
 215              		.align	1
 216              		.global	HAL_PCD_DataOutStageCallback
 217              		.syntax unified
 218              		.thumb
 219              		.thumb_func
 221              	HAL_PCD_DataOutStageCallback:
 222              	.LFB71:
 136:USB_DEVICE/Target/usbd_conf.c **** 
 137:USB_DEVICE/Target/usbd_conf.c **** /**
 138:USB_DEVICE/Target/usbd_conf.c ****   * @brief  Data Out stage callback.
 139:USB_DEVICE/Target/usbd_conf.c ****   * @param  hpcd: PCD handle
 140:USB_DEVICE/Target/usbd_conf.c ****   * @param  epnum: Endpoint number
 141:USB_DEVICE/Target/usbd_conf.c ****   * @retval None
 142:USB_DEVICE/Target/usbd_conf.c ****   */
 143:USB_DEVICE/Target/usbd_conf.c **** #if (USE_HAL_PCD_REGISTER_CALLBACKS == 1U)
 144:USB_DEVICE/Target/usbd_conf.c **** static void PCD_DataOutStageCallback(PCD_HandleTypeDef *hpcd, uint8_t epnum)
 145:USB_DEVICE/Target/usbd_conf.c **** #else
 146:USB_DEVICE/Target/usbd_conf.c **** void HAL_PCD_DataOutStageCallback(PCD_HandleTypeDef *hpcd, uint8_t epnum)
 147:USB_DEVICE/Target/usbd_conf.c **** #endif /* USE_HAL_PCD_REGISTER_CALLBACKS */
 148:USB_DEVICE/Target/usbd_conf.c **** {
 223              		.loc 1 148 1
 224              		.cfi_startproc
 225              		@ args = 0, pretend = 0, frame = 8
 226              		@ frame_needed = 1, uses_anonymous_args = 0
 227 0000 80B5     		push	{r7, lr}
 228              	.LCFI16:
 229              		.cfi_def_cfa_offset 8
 230              		.cfi_offset 7, -8
 231              		.cfi_offset 14, -4
 232 0002 82B0     		sub	sp, sp, #8
 233              	.LCFI17:
 234              		.cfi_def_cfa_offset 16
 235 0004 00AF     		add	r7, sp, #0
 236              	.LCFI18:
 237              		.cfi_def_cfa_register 7
 238 0006 7860     		str	r0, [r7, #4]
 239 0008 0B46     		mov	r3, r1
 240 000a FB70     		strb	r3, [r7, #3]
 149:USB_DEVICE/Target/usbd_conf.c ****   USBD_LL_DataOutStage((USBD_HandleTypeDef*)hpcd->pData, epnum, hpcd->OUT_ep[epnum].xfer_buff);
 241              		.loc 1 149 49
 242 000c 7B68     		ldr	r3, [r7, #4]
 243 000e D3F8D402 		ldr	r0, [r3, #724]
 244              		.loc 1 149 3
 245 0012 FA78     		ldrb	r2, [r7, #3]	@ zero_extendqisi2
 246 0014 7968     		ldr	r1, [r7, #4]
 247 0016 1346     		mov	r3, r2
 248 0018 9B00     		lsls	r3, r3, #2
 249 001a 1344     		add	r3, r3, r2
 250 001c DB00     		lsls	r3, r3, #3
 251 001e 0B44     		add	r3, r3, r1
 252 0020 03F5B273 		add	r3, r3, #356
 253 0024 1A68     		ldr	r2, [r3]
 254 0026 FB78     		ldrb	r3, [r7, #3]	@ zero_extendqisi2
 255 0028 1946     		mov	r1, r3
ARM GAS  /var/folders/xf/tcndk8390ml5xdpfw93qkhpm0000gn/T//ccpI2BDz.s 			page 8


 256 002a FFF7FEFF 		bl	USBD_LL_DataOutStage
 150:USB_DEVICE/Target/usbd_conf.c **** }
 257              		.loc 1 150 1
 258 002e 00BF     		nop
 259 0030 0837     		adds	r7, r7, #8
 260              	.LCFI19:
 261              		.cfi_def_cfa_offset 8
 262 0032 BD46     		mov	sp, r7
 263              	.LCFI20:
 264              		.cfi_def_cfa_register 13
 265              		@ sp needed
 266 0034 80BD     		pop	{r7, pc}
 267              		.cfi_endproc
 268              	.LFE71:
 270              		.section	.text.HAL_PCD_DataInStageCallback,"ax",%progbits
 271              		.align	1
 272              		.global	HAL_PCD_DataInStageCallback
 273              		.syntax unified
 274              		.thumb
 275              		.thumb_func
 277              	HAL_PCD_DataInStageCallback:
 278              	.LFB72:
 151:USB_DEVICE/Target/usbd_conf.c **** 
 152:USB_DEVICE/Target/usbd_conf.c **** /**
 153:USB_DEVICE/Target/usbd_conf.c ****   * @brief  Data In stage callback.
 154:USB_DEVICE/Target/usbd_conf.c ****   * @param  hpcd: PCD handle
 155:USB_DEVICE/Target/usbd_conf.c ****   * @param  epnum: Endpoint number
 156:USB_DEVICE/Target/usbd_conf.c ****   * @retval None
 157:USB_DEVICE/Target/usbd_conf.c ****   */
 158:USB_DEVICE/Target/usbd_conf.c **** #if (USE_HAL_PCD_REGISTER_CALLBACKS == 1U)
 159:USB_DEVICE/Target/usbd_conf.c **** static void PCD_DataInStageCallback(PCD_HandleTypeDef *hpcd, uint8_t epnum)
 160:USB_DEVICE/Target/usbd_conf.c **** #else
 161:USB_DEVICE/Target/usbd_conf.c **** void HAL_PCD_DataInStageCallback(PCD_HandleTypeDef *hpcd, uint8_t epnum)
 162:USB_DEVICE/Target/usbd_conf.c **** #endif /* USE_HAL_PCD_REGISTER_CALLBACKS */
 163:USB_DEVICE/Target/usbd_conf.c **** {
 279              		.loc 1 163 1
 280              		.cfi_startproc
 281              		@ args = 0, pretend = 0, frame = 8
 282              		@ frame_needed = 1, uses_anonymous_args = 0
 283 0000 80B5     		push	{r7, lr}
 284              	.LCFI21:
 285              		.cfi_def_cfa_offset 8
 286              		.cfi_offset 7, -8
 287              		.cfi_offset 14, -4
 288 0002 82B0     		sub	sp, sp, #8
 289              	.LCFI22:
 290              		.cfi_def_cfa_offset 16
 291 0004 00AF     		add	r7, sp, #0
 292              	.LCFI23:
 293              		.cfi_def_cfa_register 7
 294 0006 7860     		str	r0, [r7, #4]
 295 0008 0B46     		mov	r3, r1
 296 000a FB70     		strb	r3, [r7, #3]
 164:USB_DEVICE/Target/usbd_conf.c ****   USBD_LL_DataInStage((USBD_HandleTypeDef*)hpcd->pData, epnum, hpcd->IN_ep[epnum].xfer_buff);
 297              		.loc 1 164 48
 298 000c 7B68     		ldr	r3, [r7, #4]
 299 000e D3F8D402 		ldr	r0, [r3, #724]
ARM GAS  /var/folders/xf/tcndk8390ml5xdpfw93qkhpm0000gn/T//ccpI2BDz.s 			page 9


 300              		.loc 1 164 3
 301 0012 FA78     		ldrb	r2, [r7, #3]	@ zero_extendqisi2
 302 0014 7968     		ldr	r1, [r7, #4]
 303 0016 1346     		mov	r3, r2
 304 0018 9B00     		lsls	r3, r3, #2
 305 001a 1344     		add	r3, r3, r2
 306 001c DB00     		lsls	r3, r3, #3
 307 001e 0B44     		add	r3, r3, r1
 308 0020 2433     		adds	r3, r3, #36
 309 0022 1A68     		ldr	r2, [r3]
 310 0024 FB78     		ldrb	r3, [r7, #3]	@ zero_extendqisi2
 311 0026 1946     		mov	r1, r3
 312 0028 FFF7FEFF 		bl	USBD_LL_DataInStage
 165:USB_DEVICE/Target/usbd_conf.c **** }
 313              		.loc 1 165 1
 314 002c 00BF     		nop
 315 002e 0837     		adds	r7, r7, #8
 316              	.LCFI24:
 317              		.cfi_def_cfa_offset 8
 318 0030 BD46     		mov	sp, r7
 319              	.LCFI25:
 320              		.cfi_def_cfa_register 13
 321              		@ sp needed
 322 0032 80BD     		pop	{r7, pc}
 323              		.cfi_endproc
 324              	.LFE72:
 326              		.section	.text.HAL_PCD_SOFCallback,"ax",%progbits
 327              		.align	1
 328              		.global	HAL_PCD_SOFCallback
 329              		.syntax unified
 330              		.thumb
 331              		.thumb_func
 333              	HAL_PCD_SOFCallback:
 334              	.LFB73:
 166:USB_DEVICE/Target/usbd_conf.c **** 
 167:USB_DEVICE/Target/usbd_conf.c **** /**
 168:USB_DEVICE/Target/usbd_conf.c ****   * @brief  SOF callback.
 169:USB_DEVICE/Target/usbd_conf.c ****   * @param  hpcd: PCD handle
 170:USB_DEVICE/Target/usbd_conf.c ****   * @retval None
 171:USB_DEVICE/Target/usbd_conf.c ****   */
 172:USB_DEVICE/Target/usbd_conf.c **** #if (USE_HAL_PCD_REGISTER_CALLBACKS == 1U)
 173:USB_DEVICE/Target/usbd_conf.c **** static void PCD_SOFCallback(PCD_HandleTypeDef *hpcd)
 174:USB_DEVICE/Target/usbd_conf.c **** #else
 175:USB_DEVICE/Target/usbd_conf.c **** void HAL_PCD_SOFCallback(PCD_HandleTypeDef *hpcd)
 176:USB_DEVICE/Target/usbd_conf.c **** #endif /* USE_HAL_PCD_REGISTER_CALLBACKS */
 177:USB_DEVICE/Target/usbd_conf.c **** {
 335              		.loc 1 177 1
 336              		.cfi_startproc
 337              		@ args = 0, pretend = 0, frame = 8
 338              		@ frame_needed = 1, uses_anonymous_args = 0
 339 0000 80B5     		push	{r7, lr}
 340              	.LCFI26:
 341              		.cfi_def_cfa_offset 8
 342              		.cfi_offset 7, -8
 343              		.cfi_offset 14, -4
 344 0002 82B0     		sub	sp, sp, #8
 345              	.LCFI27:
ARM GAS  /var/folders/xf/tcndk8390ml5xdpfw93qkhpm0000gn/T//ccpI2BDz.s 			page 10


 346              		.cfi_def_cfa_offset 16
 347 0004 00AF     		add	r7, sp, #0
 348              	.LCFI28:
 349              		.cfi_def_cfa_register 7
 350 0006 7860     		str	r0, [r7, #4]
 178:USB_DEVICE/Target/usbd_conf.c ****   USBD_LL_SOF((USBD_HandleTypeDef*)hpcd->pData);
 351              		.loc 1 178 40
 352 0008 7B68     		ldr	r3, [r7, #4]
 353 000a D3F8D432 		ldr	r3, [r3, #724]
 354              		.loc 1 178 3
 355 000e 1846     		mov	r0, r3
 356 0010 FFF7FEFF 		bl	USBD_LL_SOF
 179:USB_DEVICE/Target/usbd_conf.c **** }
 357              		.loc 1 179 1
 358 0014 00BF     		nop
 359 0016 0837     		adds	r7, r7, #8
 360              	.LCFI29:
 361              		.cfi_def_cfa_offset 8
 362 0018 BD46     		mov	sp, r7
 363              	.LCFI30:
 364              		.cfi_def_cfa_register 13
 365              		@ sp needed
 366 001a 80BD     		pop	{r7, pc}
 367              		.cfi_endproc
 368              	.LFE73:
 370              		.section	.text.HAL_PCD_ResetCallback,"ax",%progbits
 371              		.align	1
 372              		.global	HAL_PCD_ResetCallback
 373              		.syntax unified
 374              		.thumb
 375              		.thumb_func
 377              	HAL_PCD_ResetCallback:
 378              	.LFB74:
 180:USB_DEVICE/Target/usbd_conf.c **** 
 181:USB_DEVICE/Target/usbd_conf.c **** /**
 182:USB_DEVICE/Target/usbd_conf.c ****   * @brief  Reset callback.
 183:USB_DEVICE/Target/usbd_conf.c ****   * @param  hpcd: PCD handle
 184:USB_DEVICE/Target/usbd_conf.c ****   * @retval None
 185:USB_DEVICE/Target/usbd_conf.c ****   */
 186:USB_DEVICE/Target/usbd_conf.c **** #if (USE_HAL_PCD_REGISTER_CALLBACKS == 1U)
 187:USB_DEVICE/Target/usbd_conf.c **** static void PCD_ResetCallback(PCD_HandleTypeDef *hpcd)
 188:USB_DEVICE/Target/usbd_conf.c **** #else
 189:USB_DEVICE/Target/usbd_conf.c **** void HAL_PCD_ResetCallback(PCD_HandleTypeDef *hpcd)
 190:USB_DEVICE/Target/usbd_conf.c **** #endif /* USE_HAL_PCD_REGISTER_CALLBACKS */
 191:USB_DEVICE/Target/usbd_conf.c **** {
 379              		.loc 1 191 1
 380              		.cfi_startproc
 381              		@ args = 0, pretend = 0, frame = 16
 382              		@ frame_needed = 1, uses_anonymous_args = 0
 383 0000 80B5     		push	{r7, lr}
 384              	.LCFI31:
 385              		.cfi_def_cfa_offset 8
 386              		.cfi_offset 7, -8
 387              		.cfi_offset 14, -4
 388 0002 84B0     		sub	sp, sp, #16
 389              	.LCFI32:
 390              		.cfi_def_cfa_offset 24
ARM GAS  /var/folders/xf/tcndk8390ml5xdpfw93qkhpm0000gn/T//ccpI2BDz.s 			page 11


 391 0004 00AF     		add	r7, sp, #0
 392              	.LCFI33:
 393              		.cfi_def_cfa_register 7
 394 0006 7860     		str	r0, [r7, #4]
 192:USB_DEVICE/Target/usbd_conf.c ****   USBD_SpeedTypeDef speed = USBD_SPEED_FULL;
 395              		.loc 1 192 21
 396 0008 0123     		movs	r3, #1
 397 000a FB73     		strb	r3, [r7, #15]
 193:USB_DEVICE/Target/usbd_conf.c **** 
 194:USB_DEVICE/Target/usbd_conf.c ****   if ( hpcd->Init.speed != PCD_SPEED_FULL)
 398              		.loc 1 194 18
 399 000c 7B68     		ldr	r3, [r7, #4]
 400 000e 9B79     		ldrb	r3, [r3, #6]	@ zero_extendqisi2
 401              		.loc 1 194 6
 402 0010 022B     		cmp	r3, #2
 403 0012 01D0     		beq	.L16
 195:USB_DEVICE/Target/usbd_conf.c ****   {
 196:USB_DEVICE/Target/usbd_conf.c ****     Error_Handler();
 404              		.loc 1 196 5
 405 0014 FFF7FEFF 		bl	Error_Handler
 406              	.L16:
 197:USB_DEVICE/Target/usbd_conf.c ****   }
 198:USB_DEVICE/Target/usbd_conf.c ****     /* Set Speed. */
 199:USB_DEVICE/Target/usbd_conf.c ****   USBD_LL_SetSpeed((USBD_HandleTypeDef*)hpcd->pData, speed);
 407              		.loc 1 199 45
 408 0018 7B68     		ldr	r3, [r7, #4]
 409 001a D3F8D432 		ldr	r3, [r3, #724]
 410              		.loc 1 199 3
 411 001e FA7B     		ldrb	r2, [r7, #15]	@ zero_extendqisi2
 412 0020 1146     		mov	r1, r2
 413 0022 1846     		mov	r0, r3
 414 0024 FFF7FEFF 		bl	USBD_LL_SetSpeed
 200:USB_DEVICE/Target/usbd_conf.c **** 
 201:USB_DEVICE/Target/usbd_conf.c ****   /* Reset Device. */
 202:USB_DEVICE/Target/usbd_conf.c ****   USBD_LL_Reset((USBD_HandleTypeDef*)hpcd->pData);
 415              		.loc 1 202 42
 416 0028 7B68     		ldr	r3, [r7, #4]
 417 002a D3F8D432 		ldr	r3, [r3, #724]
 418              		.loc 1 202 3
 419 002e 1846     		mov	r0, r3
 420 0030 FFF7FEFF 		bl	USBD_LL_Reset
 203:USB_DEVICE/Target/usbd_conf.c **** }
 421              		.loc 1 203 1
 422 0034 00BF     		nop
 423 0036 1037     		adds	r7, r7, #16
 424              	.LCFI34:
 425              		.cfi_def_cfa_offset 8
 426 0038 BD46     		mov	sp, r7
 427              	.LCFI35:
 428              		.cfi_def_cfa_register 13
 429              		@ sp needed
 430 003a 80BD     		pop	{r7, pc}
 431              		.cfi_endproc
 432              	.LFE74:
 434              		.section	.text.HAL_PCD_SuspendCallback,"ax",%progbits
 435              		.align	1
 436              		.global	HAL_PCD_SuspendCallback
ARM GAS  /var/folders/xf/tcndk8390ml5xdpfw93qkhpm0000gn/T//ccpI2BDz.s 			page 12


 437              		.syntax unified
 438              		.thumb
 439              		.thumb_func
 441              	HAL_PCD_SuspendCallback:
 442              	.LFB75:
 204:USB_DEVICE/Target/usbd_conf.c **** 
 205:USB_DEVICE/Target/usbd_conf.c **** /**
 206:USB_DEVICE/Target/usbd_conf.c ****   * @brief  Suspend callback.
 207:USB_DEVICE/Target/usbd_conf.c ****   * When Low power mode is enabled the debug cannot be used (IAR, Keil doesn't support it)
 208:USB_DEVICE/Target/usbd_conf.c ****   * @param  hpcd: PCD handle
 209:USB_DEVICE/Target/usbd_conf.c ****   * @retval None
 210:USB_DEVICE/Target/usbd_conf.c ****   */
 211:USB_DEVICE/Target/usbd_conf.c **** #if (USE_HAL_PCD_REGISTER_CALLBACKS == 1U)
 212:USB_DEVICE/Target/usbd_conf.c **** static void PCD_SuspendCallback(PCD_HandleTypeDef *hpcd)
 213:USB_DEVICE/Target/usbd_conf.c **** #else
 214:USB_DEVICE/Target/usbd_conf.c **** void HAL_PCD_SuspendCallback(PCD_HandleTypeDef *hpcd)
 215:USB_DEVICE/Target/usbd_conf.c **** #endif /* USE_HAL_PCD_REGISTER_CALLBACKS */
 216:USB_DEVICE/Target/usbd_conf.c **** {
 443              		.loc 1 216 1
 444              		.cfi_startproc
 445              		@ args = 0, pretend = 0, frame = 8
 446              		@ frame_needed = 1, uses_anonymous_args = 0
 447 0000 80B5     		push	{r7, lr}
 448              	.LCFI36:
 449              		.cfi_def_cfa_offset 8
 450              		.cfi_offset 7, -8
 451              		.cfi_offset 14, -4
 452 0002 82B0     		sub	sp, sp, #8
 453              	.LCFI37:
 454              		.cfi_def_cfa_offset 16
 455 0004 00AF     		add	r7, sp, #0
 456              	.LCFI38:
 457              		.cfi_def_cfa_register 7
 458 0006 7860     		str	r0, [r7, #4]
 217:USB_DEVICE/Target/usbd_conf.c ****   /* Inform USB library that core enters in suspend Mode. */
 218:USB_DEVICE/Target/usbd_conf.c ****   USBD_LL_Suspend((USBD_HandleTypeDef*)hpcd->pData);
 459              		.loc 1 218 44
 460 0008 7B68     		ldr	r3, [r7, #4]
 461 000a D3F8D432 		ldr	r3, [r3, #724]
 462              		.loc 1 218 3
 463 000e 1846     		mov	r0, r3
 464 0010 FFF7FEFF 		bl	USBD_LL_Suspend
 219:USB_DEVICE/Target/usbd_conf.c ****   /* Enter in STOP mode. */
 220:USB_DEVICE/Target/usbd_conf.c ****   /* USER CODE BEGIN 2 */
 221:USB_DEVICE/Target/usbd_conf.c ****   if (hpcd->Init.low_power_enable)
 465              		.loc 1 221 17
 466 0014 7B68     		ldr	r3, [r7, #4]
 467 0016 9B7A     		ldrb	r3, [r3, #10]	@ zero_extendqisi2
 468              		.loc 1 221 6
 469 0018 002B     		cmp	r3, #0
 470 001a 05D0     		beq	.L19
 222:USB_DEVICE/Target/usbd_conf.c ****   {
 223:USB_DEVICE/Target/usbd_conf.c ****     /* Set SLEEPDEEP bit and SleepOnExit of Cortex System Control Register. */
 224:USB_DEVICE/Target/usbd_conf.c ****     SCB->SCR |= (uint32_t)((uint32_t)(SCB_SCR_SLEEPDEEP_Msk | SCB_SCR_SLEEPONEXIT_Msk));
 471              		.loc 1 224 14
 472 001c 044B     		ldr	r3, .L20
 473 001e 1B69     		ldr	r3, [r3, #16]
ARM GAS  /var/folders/xf/tcndk8390ml5xdpfw93qkhpm0000gn/T//ccpI2BDz.s 			page 13


 474 0020 034A     		ldr	r2, .L20
 475 0022 43F00603 		orr	r3, r3, #6
 476 0026 1361     		str	r3, [r2, #16]
 477              	.L19:
 225:USB_DEVICE/Target/usbd_conf.c ****   }
 226:USB_DEVICE/Target/usbd_conf.c ****   /* USER CODE END 2 */
 227:USB_DEVICE/Target/usbd_conf.c **** }
 478              		.loc 1 227 1
 479 0028 00BF     		nop
 480 002a 0837     		adds	r7, r7, #8
 481              	.LCFI39:
 482              		.cfi_def_cfa_offset 8
 483 002c BD46     		mov	sp, r7
 484              	.LCFI40:
 485              		.cfi_def_cfa_register 13
 486              		@ sp needed
 487 002e 80BD     		pop	{r7, pc}
 488              	.L21:
 489              		.align	2
 490              	.L20:
 491 0030 00ED00E0 		.word	-536810240
 492              		.cfi_endproc
 493              	.LFE75:
 495              		.section	.text.HAL_PCD_ResumeCallback,"ax",%progbits
 496              		.align	1
 497              		.global	HAL_PCD_ResumeCallback
 498              		.syntax unified
 499              		.thumb
 500              		.thumb_func
 502              	HAL_PCD_ResumeCallback:
 503              	.LFB76:
 228:USB_DEVICE/Target/usbd_conf.c **** 
 229:USB_DEVICE/Target/usbd_conf.c **** /**
 230:USB_DEVICE/Target/usbd_conf.c ****   * @brief  Resume callback.
 231:USB_DEVICE/Target/usbd_conf.c ****   * When Low power mode is enabled the debug cannot be used (IAR, Keil doesn't support it)
 232:USB_DEVICE/Target/usbd_conf.c ****   * @param  hpcd: PCD handle
 233:USB_DEVICE/Target/usbd_conf.c ****   * @retval None
 234:USB_DEVICE/Target/usbd_conf.c ****   */
 235:USB_DEVICE/Target/usbd_conf.c **** #if (USE_HAL_PCD_REGISTER_CALLBACKS == 1U)
 236:USB_DEVICE/Target/usbd_conf.c **** static void PCD_ResumeCallback(PCD_HandleTypeDef *hpcd)
 237:USB_DEVICE/Target/usbd_conf.c **** #else
 238:USB_DEVICE/Target/usbd_conf.c **** void HAL_PCD_ResumeCallback(PCD_HandleTypeDef *hpcd)
 239:USB_DEVICE/Target/usbd_conf.c **** #endif /* USE_HAL_PCD_REGISTER_CALLBACKS */
 240:USB_DEVICE/Target/usbd_conf.c **** {
 504              		.loc 1 240 1
 505              		.cfi_startproc
 506              		@ args = 0, pretend = 0, frame = 8
 507              		@ frame_needed = 1, uses_anonymous_args = 0
 508 0000 80B5     		push	{r7, lr}
 509              	.LCFI41:
 510              		.cfi_def_cfa_offset 8
 511              		.cfi_offset 7, -8
 512              		.cfi_offset 14, -4
 513 0002 82B0     		sub	sp, sp, #8
 514              	.LCFI42:
 515              		.cfi_def_cfa_offset 16
 516 0004 00AF     		add	r7, sp, #0
ARM GAS  /var/folders/xf/tcndk8390ml5xdpfw93qkhpm0000gn/T//ccpI2BDz.s 			page 14


 517              	.LCFI43:
 518              		.cfi_def_cfa_register 7
 519 0006 7860     		str	r0, [r7, #4]
 241:USB_DEVICE/Target/usbd_conf.c ****   /* USER CODE BEGIN 3 */
 242:USB_DEVICE/Target/usbd_conf.c **** 
 243:USB_DEVICE/Target/usbd_conf.c ****   /* USER CODE END 3 */
 244:USB_DEVICE/Target/usbd_conf.c ****   USBD_LL_Resume((USBD_HandleTypeDef*)hpcd->pData);
 520              		.loc 1 244 43
 521 0008 7B68     		ldr	r3, [r7, #4]
 522 000a D3F8D432 		ldr	r3, [r3, #724]
 523              		.loc 1 244 3
 524 000e 1846     		mov	r0, r3
 525 0010 FFF7FEFF 		bl	USBD_LL_Resume
 245:USB_DEVICE/Target/usbd_conf.c **** }
 526              		.loc 1 245 1
 527 0014 00BF     		nop
 528 0016 0837     		adds	r7, r7, #8
 529              	.LCFI44:
 530              		.cfi_def_cfa_offset 8
 531 0018 BD46     		mov	sp, r7
 532              	.LCFI45:
 533              		.cfi_def_cfa_register 13
 534              		@ sp needed
 535 001a 80BD     		pop	{r7, pc}
 536              		.cfi_endproc
 537              	.LFE76:
 539              		.section	.text.HAL_PCD_ISOOUTIncompleteCallback,"ax",%progbits
 540              		.align	1
 541              		.global	HAL_PCD_ISOOUTIncompleteCallback
 542              		.syntax unified
 543              		.thumb
 544              		.thumb_func
 546              	HAL_PCD_ISOOUTIncompleteCallback:
 547              	.LFB77:
 246:USB_DEVICE/Target/usbd_conf.c **** 
 247:USB_DEVICE/Target/usbd_conf.c **** /**
 248:USB_DEVICE/Target/usbd_conf.c ****   * @brief  ISOOUTIncomplete callback.
 249:USB_DEVICE/Target/usbd_conf.c ****   * @param  hpcd: PCD handle
 250:USB_DEVICE/Target/usbd_conf.c ****   * @param  epnum: Endpoint number
 251:USB_DEVICE/Target/usbd_conf.c ****   * @retval None
 252:USB_DEVICE/Target/usbd_conf.c ****   */
 253:USB_DEVICE/Target/usbd_conf.c **** #if (USE_HAL_PCD_REGISTER_CALLBACKS == 1U)
 254:USB_DEVICE/Target/usbd_conf.c **** static void PCD_ISOOUTIncompleteCallback(PCD_HandleTypeDef *hpcd, uint8_t epnum)
 255:USB_DEVICE/Target/usbd_conf.c **** #else
 256:USB_DEVICE/Target/usbd_conf.c **** void HAL_PCD_ISOOUTIncompleteCallback(PCD_HandleTypeDef *hpcd, uint8_t epnum)
 257:USB_DEVICE/Target/usbd_conf.c **** #endif /* USE_HAL_PCD_REGISTER_CALLBACKS */
 258:USB_DEVICE/Target/usbd_conf.c **** {
 548              		.loc 1 258 1
 549              		.cfi_startproc
 550              		@ args = 0, pretend = 0, frame = 8
 551              		@ frame_needed = 1, uses_anonymous_args = 0
 552 0000 80B5     		push	{r7, lr}
 553              	.LCFI46:
 554              		.cfi_def_cfa_offset 8
 555              		.cfi_offset 7, -8
 556              		.cfi_offset 14, -4
 557 0002 82B0     		sub	sp, sp, #8
ARM GAS  /var/folders/xf/tcndk8390ml5xdpfw93qkhpm0000gn/T//ccpI2BDz.s 			page 15


 558              	.LCFI47:
 559              		.cfi_def_cfa_offset 16
 560 0004 00AF     		add	r7, sp, #0
 561              	.LCFI48:
 562              		.cfi_def_cfa_register 7
 563 0006 7860     		str	r0, [r7, #4]
 564 0008 0B46     		mov	r3, r1
 565 000a FB70     		strb	r3, [r7, #3]
 259:USB_DEVICE/Target/usbd_conf.c ****   USBD_LL_IsoOUTIncomplete((USBD_HandleTypeDef*)hpcd->pData, epnum);
 566              		.loc 1 259 53
 567 000c 7B68     		ldr	r3, [r7, #4]
 568 000e D3F8D432 		ldr	r3, [r3, #724]
 569              		.loc 1 259 3
 570 0012 FA78     		ldrb	r2, [r7, #3]	@ zero_extendqisi2
 571 0014 1146     		mov	r1, r2
 572 0016 1846     		mov	r0, r3
 573 0018 FFF7FEFF 		bl	USBD_LL_IsoOUTIncomplete
 260:USB_DEVICE/Target/usbd_conf.c **** }
 574              		.loc 1 260 1
 575 001c 00BF     		nop
 576 001e 0837     		adds	r7, r7, #8
 577              	.LCFI49:
 578              		.cfi_def_cfa_offset 8
 579 0020 BD46     		mov	sp, r7
 580              	.LCFI50:
 581              		.cfi_def_cfa_register 13
 582              		@ sp needed
 583 0022 80BD     		pop	{r7, pc}
 584              		.cfi_endproc
 585              	.LFE77:
 587              		.section	.text.HAL_PCD_ISOINIncompleteCallback,"ax",%progbits
 588              		.align	1
 589              		.global	HAL_PCD_ISOINIncompleteCallback
 590              		.syntax unified
 591              		.thumb
 592              		.thumb_func
 594              	HAL_PCD_ISOINIncompleteCallback:
 595              	.LFB78:
 261:USB_DEVICE/Target/usbd_conf.c **** 
 262:USB_DEVICE/Target/usbd_conf.c **** /**
 263:USB_DEVICE/Target/usbd_conf.c ****   * @brief  ISOINIncomplete callback.
 264:USB_DEVICE/Target/usbd_conf.c ****   * @param  hpcd: PCD handle
 265:USB_DEVICE/Target/usbd_conf.c ****   * @param  epnum: Endpoint number
 266:USB_DEVICE/Target/usbd_conf.c ****   * @retval None
 267:USB_DEVICE/Target/usbd_conf.c ****   */
 268:USB_DEVICE/Target/usbd_conf.c **** #if (USE_HAL_PCD_REGISTER_CALLBACKS == 1U)
 269:USB_DEVICE/Target/usbd_conf.c **** static void PCD_ISOINIncompleteCallback(PCD_HandleTypeDef *hpcd, uint8_t epnum)
 270:USB_DEVICE/Target/usbd_conf.c **** #else
 271:USB_DEVICE/Target/usbd_conf.c **** void HAL_PCD_ISOINIncompleteCallback(PCD_HandleTypeDef *hpcd, uint8_t epnum)
 272:USB_DEVICE/Target/usbd_conf.c **** #endif /* USE_HAL_PCD_REGISTER_CALLBACKS */
 273:USB_DEVICE/Target/usbd_conf.c **** {
 596              		.loc 1 273 1
 597              		.cfi_startproc
 598              		@ args = 0, pretend = 0, frame = 8
 599              		@ frame_needed = 1, uses_anonymous_args = 0
 600 0000 80B5     		push	{r7, lr}
 601              	.LCFI51:
ARM GAS  /var/folders/xf/tcndk8390ml5xdpfw93qkhpm0000gn/T//ccpI2BDz.s 			page 16


 602              		.cfi_def_cfa_offset 8
 603              		.cfi_offset 7, -8
 604              		.cfi_offset 14, -4
 605 0002 82B0     		sub	sp, sp, #8
 606              	.LCFI52:
 607              		.cfi_def_cfa_offset 16
 608 0004 00AF     		add	r7, sp, #0
 609              	.LCFI53:
 610              		.cfi_def_cfa_register 7
 611 0006 7860     		str	r0, [r7, #4]
 612 0008 0B46     		mov	r3, r1
 613 000a FB70     		strb	r3, [r7, #3]
 274:USB_DEVICE/Target/usbd_conf.c ****   USBD_LL_IsoINIncomplete((USBD_HandleTypeDef*)hpcd->pData, epnum);
 614              		.loc 1 274 52
 615 000c 7B68     		ldr	r3, [r7, #4]
 616 000e D3F8D432 		ldr	r3, [r3, #724]
 617              		.loc 1 274 3
 618 0012 FA78     		ldrb	r2, [r7, #3]	@ zero_extendqisi2
 619 0014 1146     		mov	r1, r2
 620 0016 1846     		mov	r0, r3
 621 0018 FFF7FEFF 		bl	USBD_LL_IsoINIncomplete
 275:USB_DEVICE/Target/usbd_conf.c **** }
 622              		.loc 1 275 1
 623 001c 00BF     		nop
 624 001e 0837     		adds	r7, r7, #8
 625              	.LCFI54:
 626              		.cfi_def_cfa_offset 8
 627 0020 BD46     		mov	sp, r7
 628              	.LCFI55:
 629              		.cfi_def_cfa_register 13
 630              		@ sp needed
 631 0022 80BD     		pop	{r7, pc}
 632              		.cfi_endproc
 633              	.LFE78:
 635              		.section	.text.HAL_PCD_ConnectCallback,"ax",%progbits
 636              		.align	1
 637              		.global	HAL_PCD_ConnectCallback
 638              		.syntax unified
 639              		.thumb
 640              		.thumb_func
 642              	HAL_PCD_ConnectCallback:
 643              	.LFB79:
 276:USB_DEVICE/Target/usbd_conf.c **** 
 277:USB_DEVICE/Target/usbd_conf.c **** /**
 278:USB_DEVICE/Target/usbd_conf.c ****   * @brief  Connect callback.
 279:USB_DEVICE/Target/usbd_conf.c ****   * @param  hpcd: PCD handle
 280:USB_DEVICE/Target/usbd_conf.c ****   * @retval None
 281:USB_DEVICE/Target/usbd_conf.c ****   */
 282:USB_DEVICE/Target/usbd_conf.c **** #if (USE_HAL_PCD_REGISTER_CALLBACKS == 1U)
 283:USB_DEVICE/Target/usbd_conf.c **** static void PCD_ConnectCallback(PCD_HandleTypeDef *hpcd)
 284:USB_DEVICE/Target/usbd_conf.c **** #else
 285:USB_DEVICE/Target/usbd_conf.c **** void HAL_PCD_ConnectCallback(PCD_HandleTypeDef *hpcd)
 286:USB_DEVICE/Target/usbd_conf.c **** #endif /* USE_HAL_PCD_REGISTER_CALLBACKS */
 287:USB_DEVICE/Target/usbd_conf.c **** {
 644              		.loc 1 287 1
 645              		.cfi_startproc
 646              		@ args = 0, pretend = 0, frame = 8
ARM GAS  /var/folders/xf/tcndk8390ml5xdpfw93qkhpm0000gn/T//ccpI2BDz.s 			page 17


 647              		@ frame_needed = 1, uses_anonymous_args = 0
 648 0000 80B5     		push	{r7, lr}
 649              	.LCFI56:
 650              		.cfi_def_cfa_offset 8
 651              		.cfi_offset 7, -8
 652              		.cfi_offset 14, -4
 653 0002 82B0     		sub	sp, sp, #8
 654              	.LCFI57:
 655              		.cfi_def_cfa_offset 16
 656 0004 00AF     		add	r7, sp, #0
 657              	.LCFI58:
 658              		.cfi_def_cfa_register 7
 659 0006 7860     		str	r0, [r7, #4]
 288:USB_DEVICE/Target/usbd_conf.c ****   USBD_LL_DevConnected((USBD_HandleTypeDef*)hpcd->pData);
 660              		.loc 1 288 49
 661 0008 7B68     		ldr	r3, [r7, #4]
 662 000a D3F8D432 		ldr	r3, [r3, #724]
 663              		.loc 1 288 3
 664 000e 1846     		mov	r0, r3
 665 0010 FFF7FEFF 		bl	USBD_LL_DevConnected
 289:USB_DEVICE/Target/usbd_conf.c **** }
 666              		.loc 1 289 1
 667 0014 00BF     		nop
 668 0016 0837     		adds	r7, r7, #8
 669              	.LCFI59:
 670              		.cfi_def_cfa_offset 8
 671 0018 BD46     		mov	sp, r7
 672              	.LCFI60:
 673              		.cfi_def_cfa_register 13
 674              		@ sp needed
 675 001a 80BD     		pop	{r7, pc}
 676              		.cfi_endproc
 677              	.LFE79:
 679              		.section	.text.HAL_PCD_DisconnectCallback,"ax",%progbits
 680              		.align	1
 681              		.global	HAL_PCD_DisconnectCallback
 682              		.syntax unified
 683              		.thumb
 684              		.thumb_func
 686              	HAL_PCD_DisconnectCallback:
 687              	.LFB80:
 290:USB_DEVICE/Target/usbd_conf.c **** 
 291:USB_DEVICE/Target/usbd_conf.c **** /**
 292:USB_DEVICE/Target/usbd_conf.c ****   * @brief  Disconnect callback.
 293:USB_DEVICE/Target/usbd_conf.c ****   * @param  hpcd: PCD handle
 294:USB_DEVICE/Target/usbd_conf.c ****   * @retval None
 295:USB_DEVICE/Target/usbd_conf.c ****   */
 296:USB_DEVICE/Target/usbd_conf.c **** #if (USE_HAL_PCD_REGISTER_CALLBACKS == 1U)
 297:USB_DEVICE/Target/usbd_conf.c **** static void PCD_DisconnectCallback(PCD_HandleTypeDef *hpcd)
 298:USB_DEVICE/Target/usbd_conf.c **** #else
 299:USB_DEVICE/Target/usbd_conf.c **** void HAL_PCD_DisconnectCallback(PCD_HandleTypeDef *hpcd)
 300:USB_DEVICE/Target/usbd_conf.c **** #endif /* USE_HAL_PCD_REGISTER_CALLBACKS */
 301:USB_DEVICE/Target/usbd_conf.c **** {
 688              		.loc 1 301 1
 689              		.cfi_startproc
 690              		@ args = 0, pretend = 0, frame = 8
 691              		@ frame_needed = 1, uses_anonymous_args = 0
ARM GAS  /var/folders/xf/tcndk8390ml5xdpfw93qkhpm0000gn/T//ccpI2BDz.s 			page 18


 692 0000 80B5     		push	{r7, lr}
 693              	.LCFI61:
 694              		.cfi_def_cfa_offset 8
 695              		.cfi_offset 7, -8
 696              		.cfi_offset 14, -4
 697 0002 82B0     		sub	sp, sp, #8
 698              	.LCFI62:
 699              		.cfi_def_cfa_offset 16
 700 0004 00AF     		add	r7, sp, #0
 701              	.LCFI63:
 702              		.cfi_def_cfa_register 7
 703 0006 7860     		str	r0, [r7, #4]
 302:USB_DEVICE/Target/usbd_conf.c ****   USBD_LL_DevDisconnected((USBD_HandleTypeDef*)hpcd->pData);
 704              		.loc 1 302 52
 705 0008 7B68     		ldr	r3, [r7, #4]
 706 000a D3F8D432 		ldr	r3, [r3, #724]
 707              		.loc 1 302 3
 708 000e 1846     		mov	r0, r3
 709 0010 FFF7FEFF 		bl	USBD_LL_DevDisconnected
 303:USB_DEVICE/Target/usbd_conf.c **** }
 710              		.loc 1 303 1
 711 0014 00BF     		nop
 712 0016 0837     		adds	r7, r7, #8
 713              	.LCFI64:
 714              		.cfi_def_cfa_offset 8
 715 0018 BD46     		mov	sp, r7
 716              	.LCFI65:
 717              		.cfi_def_cfa_register 13
 718              		@ sp needed
 719 001a 80BD     		pop	{r7, pc}
 720              		.cfi_endproc
 721              	.LFE80:
 723              		.section	.text.USBD_LL_Init,"ax",%progbits
 724              		.align	1
 725              		.global	USBD_LL_Init
 726              		.syntax unified
 727              		.thumb
 728              		.thumb_func
 730              	USBD_LL_Init:
 731              	.LFB81:
 304:USB_DEVICE/Target/usbd_conf.c **** 
 305:USB_DEVICE/Target/usbd_conf.c **** /*******************************************************************************
 306:USB_DEVICE/Target/usbd_conf.c ****                        LL Driver Interface (USB Device Library --> PCD)
 307:USB_DEVICE/Target/usbd_conf.c **** *******************************************************************************/
 308:USB_DEVICE/Target/usbd_conf.c **** 
 309:USB_DEVICE/Target/usbd_conf.c **** /**
 310:USB_DEVICE/Target/usbd_conf.c ****   * @brief  Initializes the low level portion of the device driver.
 311:USB_DEVICE/Target/usbd_conf.c ****   * @param  pdev: Device handle
 312:USB_DEVICE/Target/usbd_conf.c ****   * @retval USBD status
 313:USB_DEVICE/Target/usbd_conf.c ****   */
 314:USB_DEVICE/Target/usbd_conf.c **** USBD_StatusTypeDef USBD_LL_Init(USBD_HandleTypeDef *pdev)
 315:USB_DEVICE/Target/usbd_conf.c **** {
 732              		.loc 1 315 1
 733              		.cfi_startproc
 734              		@ args = 0, pretend = 0, frame = 8
 735              		@ frame_needed = 1, uses_anonymous_args = 0
 736 0000 80B5     		push	{r7, lr}
ARM GAS  /var/folders/xf/tcndk8390ml5xdpfw93qkhpm0000gn/T//ccpI2BDz.s 			page 19


 737              	.LCFI66:
 738              		.cfi_def_cfa_offset 8
 739              		.cfi_offset 7, -8
 740              		.cfi_offset 14, -4
 741 0002 82B0     		sub	sp, sp, #8
 742              	.LCFI67:
 743              		.cfi_def_cfa_offset 16
 744 0004 00AF     		add	r7, sp, #0
 745              	.LCFI68:
 746              		.cfi_def_cfa_register 7
 747 0006 7860     		str	r0, [r7, #4]
 316:USB_DEVICE/Target/usbd_conf.c ****   /* Init USB Ip. */
 317:USB_DEVICE/Target/usbd_conf.c ****   /* Link the driver to the stack. */
 318:USB_DEVICE/Target/usbd_conf.c ****   hpcd_USB_FS.pData = pdev;
 748              		.loc 1 318 21
 749 0008 284A     		ldr	r2, .L30
 750 000a 7B68     		ldr	r3, [r7, #4]
 751 000c C2F8D432 		str	r3, [r2, #724]
 319:USB_DEVICE/Target/usbd_conf.c ****   pdev->pData = &hpcd_USB_FS;
 752              		.loc 1 319 15
 753 0010 7B68     		ldr	r3, [r7, #4]
 754 0012 264A     		ldr	r2, .L30
 755 0014 C3F8C022 		str	r2, [r3, #704]
 320:USB_DEVICE/Target/usbd_conf.c **** 
 321:USB_DEVICE/Target/usbd_conf.c ****   hpcd_USB_FS.Instance = USB;
 756              		.loc 1 321 24
 757 0018 244B     		ldr	r3, .L30
 758 001a 254A     		ldr	r2, .L30+4
 759 001c 1A60     		str	r2, [r3]
 322:USB_DEVICE/Target/usbd_conf.c ****   hpcd_USB_FS.Init.dev_endpoints = 8;
 760              		.loc 1 322 34
 761 001e 234B     		ldr	r3, .L30
 762 0020 0822     		movs	r2, #8
 763 0022 1A71     		strb	r2, [r3, #4]
 323:USB_DEVICE/Target/usbd_conf.c ****   hpcd_USB_FS.Init.speed = PCD_SPEED_FULL;
 764              		.loc 1 323 26
 765 0024 214B     		ldr	r3, .L30
 766 0026 0222     		movs	r2, #2
 767 0028 9A71     		strb	r2, [r3, #6]
 324:USB_DEVICE/Target/usbd_conf.c ****   hpcd_USB_FS.Init.low_power_enable = DISABLE;
 768              		.loc 1 324 37
 769 002a 204B     		ldr	r3, .L30
 770 002c 0022     		movs	r2, #0
 771 002e 9A72     		strb	r2, [r3, #10]
 325:USB_DEVICE/Target/usbd_conf.c ****   hpcd_USB_FS.Init.lpm_enable = DISABLE;
 772              		.loc 1 325 31
 773 0030 1E4B     		ldr	r3, .L30
 774 0032 0022     		movs	r2, #0
 775 0034 DA72     		strb	r2, [r3, #11]
 326:USB_DEVICE/Target/usbd_conf.c ****   hpcd_USB_FS.Init.battery_charging_enable = DISABLE;
 776              		.loc 1 326 44
 777 0036 1D4B     		ldr	r3, .L30
 778 0038 0022     		movs	r2, #0
 779 003a 1A73     		strb	r2, [r3, #12]
 327:USB_DEVICE/Target/usbd_conf.c ****   if (HAL_PCD_Init(&hpcd_USB_FS) != HAL_OK)
 780              		.loc 1 327 7
 781 003c 1B48     		ldr	r0, .L30
ARM GAS  /var/folders/xf/tcndk8390ml5xdpfw93qkhpm0000gn/T//ccpI2BDz.s 			page 20


 782 003e FFF7FEFF 		bl	HAL_PCD_Init
 783 0042 0346     		mov	r3, r0
 784              		.loc 1 327 6
 785 0044 002B     		cmp	r3, #0
 786 0046 01D0     		beq	.L28
 328:USB_DEVICE/Target/usbd_conf.c ****   {
 329:USB_DEVICE/Target/usbd_conf.c ****     Error_Handler( );
 787              		.loc 1 329 5
 788 0048 FFF7FEFF 		bl	Error_Handler
 789              	.L28:
 330:USB_DEVICE/Target/usbd_conf.c ****   }
 331:USB_DEVICE/Target/usbd_conf.c **** 
 332:USB_DEVICE/Target/usbd_conf.c **** #if (USE_HAL_PCD_REGISTER_CALLBACKS == 1U)
 333:USB_DEVICE/Target/usbd_conf.c ****   /* Register USB PCD CallBacks */
 334:USB_DEVICE/Target/usbd_conf.c ****   HAL_PCD_RegisterCallback(&hpcd_USB_FS, HAL_PCD_SOF_CB_ID, PCD_SOFCallback);
 335:USB_DEVICE/Target/usbd_conf.c ****   HAL_PCD_RegisterCallback(&hpcd_USB_FS, HAL_PCD_SETUPSTAGE_CB_ID, PCD_SetupStageCallback);
 336:USB_DEVICE/Target/usbd_conf.c ****   HAL_PCD_RegisterCallback(&hpcd_USB_FS, HAL_PCD_RESET_CB_ID, PCD_ResetCallback);
 337:USB_DEVICE/Target/usbd_conf.c ****   HAL_PCD_RegisterCallback(&hpcd_USB_FS, HAL_PCD_SUSPEND_CB_ID, PCD_SuspendCallback);
 338:USB_DEVICE/Target/usbd_conf.c ****   HAL_PCD_RegisterCallback(&hpcd_USB_FS, HAL_PCD_RESUME_CB_ID, PCD_ResumeCallback);
 339:USB_DEVICE/Target/usbd_conf.c ****   HAL_PCD_RegisterCallback(&hpcd_USB_FS, HAL_PCD_CONNECT_CB_ID, PCD_ConnectCallback);
 340:USB_DEVICE/Target/usbd_conf.c ****   HAL_PCD_RegisterCallback(&hpcd_USB_FS, HAL_PCD_DISCONNECT_CB_ID, PCD_DisconnectCallback);
 341:USB_DEVICE/Target/usbd_conf.c **** 
 342:USB_DEVICE/Target/usbd_conf.c ****   HAL_PCD_RegisterDataOutStageCallback(&hpcd_USB_FS, PCD_DataOutStageCallback);
 343:USB_DEVICE/Target/usbd_conf.c ****   HAL_PCD_RegisterDataInStageCallback(&hpcd_USB_FS, PCD_DataInStageCallback);
 344:USB_DEVICE/Target/usbd_conf.c ****   HAL_PCD_RegisterIsoOutIncpltCallback(&hpcd_USB_FS, PCD_ISOOUTIncompleteCallback);
 345:USB_DEVICE/Target/usbd_conf.c ****   HAL_PCD_RegisterIsoInIncpltCallback(&hpcd_USB_FS, PCD_ISOINIncompleteCallback);
 346:USB_DEVICE/Target/usbd_conf.c **** #endif /* USE_HAL_PCD_REGISTER_CALLBACKS */
 347:USB_DEVICE/Target/usbd_conf.c ****   /* USER CODE BEGIN EndPoint_Configuration */
 348:USB_DEVICE/Target/usbd_conf.c ****   HAL_PCDEx_PMAConfig((PCD_HandleTypeDef*)pdev->pData , 0x00 , PCD_SNG_BUF, 0x18);
 790              		.loc 1 348 47
 791 004c 7B68     		ldr	r3, [r7, #4]
 792 004e D3F8C002 		ldr	r0, [r3, #704]
 793              		.loc 1 348 3
 794 0052 1823     		movs	r3, #24
 795 0054 0022     		movs	r2, #0
 796 0056 0021     		movs	r1, #0
 797 0058 FFF7FEFF 		bl	HAL_PCDEx_PMAConfig
 349:USB_DEVICE/Target/usbd_conf.c ****   HAL_PCDEx_PMAConfig((PCD_HandleTypeDef*)pdev->pData , 0x80 , PCD_SNG_BUF, 0x58);
 798              		.loc 1 349 47
 799 005c 7B68     		ldr	r3, [r7, #4]
 800 005e D3F8C002 		ldr	r0, [r3, #704]
 801              		.loc 1 349 3
 802 0062 5823     		movs	r3, #88
 803 0064 0022     		movs	r2, #0
 804 0066 8021     		movs	r1, #128
 805 0068 FFF7FEFF 		bl	HAL_PCDEx_PMAConfig
 350:USB_DEVICE/Target/usbd_conf.c ****   /* USER CODE END EndPoint_Configuration */
 351:USB_DEVICE/Target/usbd_conf.c ****   /* USER CODE BEGIN EndPoint_Configuration_CDC */
 352:USB_DEVICE/Target/usbd_conf.c ****   HAL_PCDEx_PMAConfig((PCD_HandleTypeDef*)pdev->pData , 0x81 , PCD_SNG_BUF, 0xC0);
 806              		.loc 1 352 47
 807 006c 7B68     		ldr	r3, [r7, #4]
 808 006e D3F8C002 		ldr	r0, [r3, #704]
 809              		.loc 1 352 3
 810 0072 C023     		movs	r3, #192
 811 0074 0022     		movs	r2, #0
 812 0076 8121     		movs	r1, #129
 813 0078 FFF7FEFF 		bl	HAL_PCDEx_PMAConfig
ARM GAS  /var/folders/xf/tcndk8390ml5xdpfw93qkhpm0000gn/T//ccpI2BDz.s 			page 21


 353:USB_DEVICE/Target/usbd_conf.c ****   HAL_PCDEx_PMAConfig((PCD_HandleTypeDef*)pdev->pData , 0x01 , PCD_SNG_BUF, 0x110);
 814              		.loc 1 353 47
 815 007c 7B68     		ldr	r3, [r7, #4]
 816 007e D3F8C002 		ldr	r0, [r3, #704]
 817              		.loc 1 353 3
 818 0082 4FF48873 		mov	r3, #272
 819 0086 0022     		movs	r2, #0
 820 0088 0121     		movs	r1, #1
 821 008a FFF7FEFF 		bl	HAL_PCDEx_PMAConfig
 354:USB_DEVICE/Target/usbd_conf.c ****   HAL_PCDEx_PMAConfig((PCD_HandleTypeDef*)pdev->pData , 0x82 , PCD_SNG_BUF, 0x100);
 822              		.loc 1 354 47
 823 008e 7B68     		ldr	r3, [r7, #4]
 824 0090 D3F8C002 		ldr	r0, [r3, #704]
 825              		.loc 1 354 3
 826 0094 4FF48073 		mov	r3, #256
 827 0098 0022     		movs	r2, #0
 828 009a 8221     		movs	r1, #130
 829 009c FFF7FEFF 		bl	HAL_PCDEx_PMAConfig
 355:USB_DEVICE/Target/usbd_conf.c ****   /* USER CODE END EndPoint_Configuration_CDC */
 356:USB_DEVICE/Target/usbd_conf.c ****   return USBD_OK;
 830              		.loc 1 356 10
 831 00a0 0023     		movs	r3, #0
 357:USB_DEVICE/Target/usbd_conf.c **** }
 832              		.loc 1 357 1
 833 00a2 1846     		mov	r0, r3
 834 00a4 0837     		adds	r7, r7, #8
 835              	.LCFI69:
 836              		.cfi_def_cfa_offset 8
 837 00a6 BD46     		mov	sp, r7
 838              	.LCFI70:
 839              		.cfi_def_cfa_register 13
 840              		@ sp needed
 841 00a8 80BD     		pop	{r7, pc}
 842              	.L31:
 843 00aa 00BF     		.align	2
 844              	.L30:
 845 00ac 00000000 		.word	hpcd_USB_FS
 846 00b0 005C0040 		.word	1073765376
 847              		.cfi_endproc
 848              	.LFE81:
 850              		.section	.text.USBD_LL_DeInit,"ax",%progbits
 851              		.align	1
 852              		.global	USBD_LL_DeInit
 853              		.syntax unified
 854              		.thumb
 855              		.thumb_func
 857              	USBD_LL_DeInit:
 858              	.LFB82:
 358:USB_DEVICE/Target/usbd_conf.c **** 
 359:USB_DEVICE/Target/usbd_conf.c **** /**
 360:USB_DEVICE/Target/usbd_conf.c ****   * @brief  De-Initializes the low level portion of the device driver.
 361:USB_DEVICE/Target/usbd_conf.c ****   * @param  pdev: Device handle
 362:USB_DEVICE/Target/usbd_conf.c ****   * @retval USBD status
 363:USB_DEVICE/Target/usbd_conf.c ****   */
 364:USB_DEVICE/Target/usbd_conf.c **** USBD_StatusTypeDef USBD_LL_DeInit(USBD_HandleTypeDef *pdev)
 365:USB_DEVICE/Target/usbd_conf.c **** {
 859              		.loc 1 365 1
ARM GAS  /var/folders/xf/tcndk8390ml5xdpfw93qkhpm0000gn/T//ccpI2BDz.s 			page 22


 860              		.cfi_startproc
 861              		@ args = 0, pretend = 0, frame = 16
 862              		@ frame_needed = 1, uses_anonymous_args = 0
 863 0000 80B5     		push	{r7, lr}
 864              	.LCFI71:
 865              		.cfi_def_cfa_offset 8
 866              		.cfi_offset 7, -8
 867              		.cfi_offset 14, -4
 868 0002 84B0     		sub	sp, sp, #16
 869              	.LCFI72:
 870              		.cfi_def_cfa_offset 24
 871 0004 00AF     		add	r7, sp, #0
 872              	.LCFI73:
 873              		.cfi_def_cfa_register 7
 874 0006 7860     		str	r0, [r7, #4]
 366:USB_DEVICE/Target/usbd_conf.c ****   HAL_StatusTypeDef hal_status = HAL_OK;
 875              		.loc 1 366 21
 876 0008 0023     		movs	r3, #0
 877 000a FB73     		strb	r3, [r7, #15]
 367:USB_DEVICE/Target/usbd_conf.c ****   USBD_StatusTypeDef usb_status = USBD_OK;
 878              		.loc 1 367 22
 879 000c 0023     		movs	r3, #0
 880 000e BB73     		strb	r3, [r7, #14]
 368:USB_DEVICE/Target/usbd_conf.c **** 
 369:USB_DEVICE/Target/usbd_conf.c ****   hal_status = HAL_PCD_DeInit(pdev->pData);
 881              		.loc 1 369 35
 882 0010 7B68     		ldr	r3, [r7, #4]
 883 0012 D3F8C032 		ldr	r3, [r3, #704]
 884              		.loc 1 369 16
 885 0016 1846     		mov	r0, r3
 886 0018 FFF7FEFF 		bl	HAL_PCD_DeInit
 887 001c 0346     		mov	r3, r0
 888 001e FB73     		strb	r3, [r7, #15]
 370:USB_DEVICE/Target/usbd_conf.c **** 
 371:USB_DEVICE/Target/usbd_conf.c ****   usb_status =  USBD_Get_USB_Status(hal_status);
 889              		.loc 1 371 17
 890 0020 FB7B     		ldrb	r3, [r7, #15]	@ zero_extendqisi2
 891 0022 1846     		mov	r0, r3
 892 0024 FFF7FEFF 		bl	USBD_Get_USB_Status
 893 0028 0346     		mov	r3, r0
 894 002a BB73     		strb	r3, [r7, #14]
 372:USB_DEVICE/Target/usbd_conf.c **** 
 373:USB_DEVICE/Target/usbd_conf.c ****   return usb_status;
 895              		.loc 1 373 10
 896 002c BB7B     		ldrb	r3, [r7, #14]	@ zero_extendqisi2
 374:USB_DEVICE/Target/usbd_conf.c **** }
 897              		.loc 1 374 1
 898 002e 1846     		mov	r0, r3
 899 0030 1037     		adds	r7, r7, #16
 900              	.LCFI74:
 901              		.cfi_def_cfa_offset 8
 902 0032 BD46     		mov	sp, r7
 903              	.LCFI75:
 904              		.cfi_def_cfa_register 13
 905              		@ sp needed
 906 0034 80BD     		pop	{r7, pc}
 907              		.cfi_endproc
ARM GAS  /var/folders/xf/tcndk8390ml5xdpfw93qkhpm0000gn/T//ccpI2BDz.s 			page 23


 908              	.LFE82:
 910              		.section	.text.USBD_LL_Start,"ax",%progbits
 911              		.align	1
 912              		.global	USBD_LL_Start
 913              		.syntax unified
 914              		.thumb
 915              		.thumb_func
 917              	USBD_LL_Start:
 918              	.LFB83:
 375:USB_DEVICE/Target/usbd_conf.c **** 
 376:USB_DEVICE/Target/usbd_conf.c **** /**
 377:USB_DEVICE/Target/usbd_conf.c ****   * @brief  Starts the low level portion of the device driver.
 378:USB_DEVICE/Target/usbd_conf.c ****   * @param  pdev: Device handle
 379:USB_DEVICE/Target/usbd_conf.c ****   * @retval USBD status
 380:USB_DEVICE/Target/usbd_conf.c ****   */
 381:USB_DEVICE/Target/usbd_conf.c **** USBD_StatusTypeDef USBD_LL_Start(USBD_HandleTypeDef *pdev)
 382:USB_DEVICE/Target/usbd_conf.c **** {
 919              		.loc 1 382 1
 920              		.cfi_startproc
 921              		@ args = 0, pretend = 0, frame = 16
 922              		@ frame_needed = 1, uses_anonymous_args = 0
 923 0000 80B5     		push	{r7, lr}
 924              	.LCFI76:
 925              		.cfi_def_cfa_offset 8
 926              		.cfi_offset 7, -8
 927              		.cfi_offset 14, -4
 928 0002 84B0     		sub	sp, sp, #16
 929              	.LCFI77:
 930              		.cfi_def_cfa_offset 24
 931 0004 00AF     		add	r7, sp, #0
 932              	.LCFI78:
 933              		.cfi_def_cfa_register 7
 934 0006 7860     		str	r0, [r7, #4]
 383:USB_DEVICE/Target/usbd_conf.c ****   HAL_StatusTypeDef hal_status = HAL_OK;
 935              		.loc 1 383 21
 936 0008 0023     		movs	r3, #0
 937 000a FB73     		strb	r3, [r7, #15]
 384:USB_DEVICE/Target/usbd_conf.c ****   USBD_StatusTypeDef usb_status = USBD_OK;
 938              		.loc 1 384 22
 939 000c 0023     		movs	r3, #0
 940 000e BB73     		strb	r3, [r7, #14]
 385:USB_DEVICE/Target/usbd_conf.c **** 
 386:USB_DEVICE/Target/usbd_conf.c ****   hal_status = HAL_PCD_Start(pdev->pData);
 941              		.loc 1 386 34
 942 0010 7B68     		ldr	r3, [r7, #4]
 943 0012 D3F8C032 		ldr	r3, [r3, #704]
 944              		.loc 1 386 16
 945 0016 1846     		mov	r0, r3
 946 0018 FFF7FEFF 		bl	HAL_PCD_Start
 947 001c 0346     		mov	r3, r0
 948 001e FB73     		strb	r3, [r7, #15]
 387:USB_DEVICE/Target/usbd_conf.c **** 
 388:USB_DEVICE/Target/usbd_conf.c ****   usb_status =  USBD_Get_USB_Status(hal_status);
 949              		.loc 1 388 17
 950 0020 FB7B     		ldrb	r3, [r7, #15]	@ zero_extendqisi2
 951 0022 1846     		mov	r0, r3
 952 0024 FFF7FEFF 		bl	USBD_Get_USB_Status
ARM GAS  /var/folders/xf/tcndk8390ml5xdpfw93qkhpm0000gn/T//ccpI2BDz.s 			page 24


 953 0028 0346     		mov	r3, r0
 954 002a BB73     		strb	r3, [r7, #14]
 389:USB_DEVICE/Target/usbd_conf.c **** 
 390:USB_DEVICE/Target/usbd_conf.c ****   return usb_status;
 955              		.loc 1 390 10
 956 002c BB7B     		ldrb	r3, [r7, #14]	@ zero_extendqisi2
 391:USB_DEVICE/Target/usbd_conf.c **** }
 957              		.loc 1 391 1
 958 002e 1846     		mov	r0, r3
 959 0030 1037     		adds	r7, r7, #16
 960              	.LCFI79:
 961              		.cfi_def_cfa_offset 8
 962 0032 BD46     		mov	sp, r7
 963              	.LCFI80:
 964              		.cfi_def_cfa_register 13
 965              		@ sp needed
 966 0034 80BD     		pop	{r7, pc}
 967              		.cfi_endproc
 968              	.LFE83:
 970              		.section	.text.USBD_LL_Stop,"ax",%progbits
 971              		.align	1
 972              		.global	USBD_LL_Stop
 973              		.syntax unified
 974              		.thumb
 975              		.thumb_func
 977              	USBD_LL_Stop:
 978              	.LFB84:
 392:USB_DEVICE/Target/usbd_conf.c **** 
 393:USB_DEVICE/Target/usbd_conf.c **** /**
 394:USB_DEVICE/Target/usbd_conf.c ****   * @brief  Stops the low level portion of the device driver.
 395:USB_DEVICE/Target/usbd_conf.c ****   * @param  pdev: Device handle
 396:USB_DEVICE/Target/usbd_conf.c ****   * @retval USBD status
 397:USB_DEVICE/Target/usbd_conf.c ****   */
 398:USB_DEVICE/Target/usbd_conf.c **** USBD_StatusTypeDef USBD_LL_Stop(USBD_HandleTypeDef *pdev)
 399:USB_DEVICE/Target/usbd_conf.c **** {
 979              		.loc 1 399 1
 980              		.cfi_startproc
 981              		@ args = 0, pretend = 0, frame = 16
 982              		@ frame_needed = 1, uses_anonymous_args = 0
 983 0000 80B5     		push	{r7, lr}
 984              	.LCFI81:
 985              		.cfi_def_cfa_offset 8
 986              		.cfi_offset 7, -8
 987              		.cfi_offset 14, -4
 988 0002 84B0     		sub	sp, sp, #16
 989              	.LCFI82:
 990              		.cfi_def_cfa_offset 24
 991 0004 00AF     		add	r7, sp, #0
 992              	.LCFI83:
 993              		.cfi_def_cfa_register 7
 994 0006 7860     		str	r0, [r7, #4]
 400:USB_DEVICE/Target/usbd_conf.c ****   HAL_StatusTypeDef hal_status = HAL_OK;
 995              		.loc 1 400 21
 996 0008 0023     		movs	r3, #0
 997 000a FB73     		strb	r3, [r7, #15]
 401:USB_DEVICE/Target/usbd_conf.c ****   USBD_StatusTypeDef usb_status = USBD_OK;
 998              		.loc 1 401 22
ARM GAS  /var/folders/xf/tcndk8390ml5xdpfw93qkhpm0000gn/T//ccpI2BDz.s 			page 25


 999 000c 0023     		movs	r3, #0
 1000 000e BB73     		strb	r3, [r7, #14]
 402:USB_DEVICE/Target/usbd_conf.c **** 
 403:USB_DEVICE/Target/usbd_conf.c ****   hal_status = HAL_PCD_Stop(pdev->pData);
 1001              		.loc 1 403 33
 1002 0010 7B68     		ldr	r3, [r7, #4]
 1003 0012 D3F8C032 		ldr	r3, [r3, #704]
 1004              		.loc 1 403 16
 1005 0016 1846     		mov	r0, r3
 1006 0018 FFF7FEFF 		bl	HAL_PCD_Stop
 1007 001c 0346     		mov	r3, r0
 1008 001e FB73     		strb	r3, [r7, #15]
 404:USB_DEVICE/Target/usbd_conf.c **** 
 405:USB_DEVICE/Target/usbd_conf.c ****   usb_status =  USBD_Get_USB_Status(hal_status);
 1009              		.loc 1 405 17
 1010 0020 FB7B     		ldrb	r3, [r7, #15]	@ zero_extendqisi2
 1011 0022 1846     		mov	r0, r3
 1012 0024 FFF7FEFF 		bl	USBD_Get_USB_Status
 1013 0028 0346     		mov	r3, r0
 1014 002a BB73     		strb	r3, [r7, #14]
 406:USB_DEVICE/Target/usbd_conf.c **** 
 407:USB_DEVICE/Target/usbd_conf.c ****   return usb_status;
 1015              		.loc 1 407 10
 1016 002c BB7B     		ldrb	r3, [r7, #14]	@ zero_extendqisi2
 408:USB_DEVICE/Target/usbd_conf.c **** }
 1017              		.loc 1 408 1
 1018 002e 1846     		mov	r0, r3
 1019 0030 1037     		adds	r7, r7, #16
 1020              	.LCFI84:
 1021              		.cfi_def_cfa_offset 8
 1022 0032 BD46     		mov	sp, r7
 1023              	.LCFI85:
 1024              		.cfi_def_cfa_register 13
 1025              		@ sp needed
 1026 0034 80BD     		pop	{r7, pc}
 1027              		.cfi_endproc
 1028              	.LFE84:
 1030              		.section	.text.USBD_LL_OpenEP,"ax",%progbits
 1031              		.align	1
 1032              		.global	USBD_LL_OpenEP
 1033              		.syntax unified
 1034              		.thumb
 1035              		.thumb_func
 1037              	USBD_LL_OpenEP:
 1038              	.LFB85:
 409:USB_DEVICE/Target/usbd_conf.c **** 
 410:USB_DEVICE/Target/usbd_conf.c **** /**
 411:USB_DEVICE/Target/usbd_conf.c ****   * @brief  Opens an endpoint of the low level driver.
 412:USB_DEVICE/Target/usbd_conf.c ****   * @param  pdev: Device handle
 413:USB_DEVICE/Target/usbd_conf.c ****   * @param  ep_addr: Endpoint number
 414:USB_DEVICE/Target/usbd_conf.c ****   * @param  ep_type: Endpoint type
 415:USB_DEVICE/Target/usbd_conf.c ****   * @param  ep_mps: Endpoint max packet size
 416:USB_DEVICE/Target/usbd_conf.c ****   * @retval USBD status
 417:USB_DEVICE/Target/usbd_conf.c ****   */
 418:USB_DEVICE/Target/usbd_conf.c **** USBD_StatusTypeDef USBD_LL_OpenEP(USBD_HandleTypeDef *pdev, uint8_t ep_addr, uint8_t ep_type, uint1
 419:USB_DEVICE/Target/usbd_conf.c **** {
 1039              		.loc 1 419 1
ARM GAS  /var/folders/xf/tcndk8390ml5xdpfw93qkhpm0000gn/T//ccpI2BDz.s 			page 26


 1040              		.cfi_startproc
 1041              		@ args = 0, pretend = 0, frame = 16
 1042              		@ frame_needed = 1, uses_anonymous_args = 0
 1043 0000 80B5     		push	{r7, lr}
 1044              	.LCFI86:
 1045              		.cfi_def_cfa_offset 8
 1046              		.cfi_offset 7, -8
 1047              		.cfi_offset 14, -4
 1048 0002 84B0     		sub	sp, sp, #16
 1049              	.LCFI87:
 1050              		.cfi_def_cfa_offset 24
 1051 0004 00AF     		add	r7, sp, #0
 1052              	.LCFI88:
 1053              		.cfi_def_cfa_register 7
 1054 0006 7860     		str	r0, [r7, #4]
 1055 0008 0846     		mov	r0, r1
 1056 000a 1146     		mov	r1, r2
 1057 000c 1A46     		mov	r2, r3
 1058 000e 0346     		mov	r3, r0
 1059 0010 FB70     		strb	r3, [r7, #3]
 1060 0012 0B46     		mov	r3, r1
 1061 0014 BB70     		strb	r3, [r7, #2]
 1062 0016 1346     		mov	r3, r2	@ movhi
 1063 0018 3B80     		strh	r3, [r7]	@ movhi
 420:USB_DEVICE/Target/usbd_conf.c ****   HAL_StatusTypeDef hal_status = HAL_OK;
 1064              		.loc 1 420 21
 1065 001a 0023     		movs	r3, #0
 1066 001c FB73     		strb	r3, [r7, #15]
 421:USB_DEVICE/Target/usbd_conf.c ****   USBD_StatusTypeDef usb_status = USBD_OK;
 1067              		.loc 1 421 22
 1068 001e 0023     		movs	r3, #0
 1069 0020 BB73     		strb	r3, [r7, #14]
 422:USB_DEVICE/Target/usbd_conf.c **** 
 423:USB_DEVICE/Target/usbd_conf.c ****   hal_status = HAL_PCD_EP_Open(pdev->pData, ep_addr, ep_mps, ep_type);
 1070              		.loc 1 423 36
 1071 0022 7B68     		ldr	r3, [r7, #4]
 1072 0024 D3F8C002 		ldr	r0, [r3, #704]
 1073              		.loc 1 423 16
 1074 0028 BB78     		ldrb	r3, [r7, #2]	@ zero_extendqisi2
 1075 002a 3A88     		ldrh	r2, [r7]
 1076 002c F978     		ldrb	r1, [r7, #3]	@ zero_extendqisi2
 1077 002e FFF7FEFF 		bl	HAL_PCD_EP_Open
 1078 0032 0346     		mov	r3, r0
 1079 0034 FB73     		strb	r3, [r7, #15]
 424:USB_DEVICE/Target/usbd_conf.c **** 
 425:USB_DEVICE/Target/usbd_conf.c ****   usb_status =  USBD_Get_USB_Status(hal_status);
 1080              		.loc 1 425 17
 1081 0036 FB7B     		ldrb	r3, [r7, #15]	@ zero_extendqisi2
 1082 0038 1846     		mov	r0, r3
 1083 003a FFF7FEFF 		bl	USBD_Get_USB_Status
 1084 003e 0346     		mov	r3, r0
 1085 0040 BB73     		strb	r3, [r7, #14]
 426:USB_DEVICE/Target/usbd_conf.c **** 
 427:USB_DEVICE/Target/usbd_conf.c ****   return usb_status;
 1086              		.loc 1 427 10
 1087 0042 BB7B     		ldrb	r3, [r7, #14]	@ zero_extendqisi2
 428:USB_DEVICE/Target/usbd_conf.c **** }
ARM GAS  /var/folders/xf/tcndk8390ml5xdpfw93qkhpm0000gn/T//ccpI2BDz.s 			page 27


 1088              		.loc 1 428 1
 1089 0044 1846     		mov	r0, r3
 1090 0046 1037     		adds	r7, r7, #16
 1091              	.LCFI89:
 1092              		.cfi_def_cfa_offset 8
 1093 0048 BD46     		mov	sp, r7
 1094              	.LCFI90:
 1095              		.cfi_def_cfa_register 13
 1096              		@ sp needed
 1097 004a 80BD     		pop	{r7, pc}
 1098              		.cfi_endproc
 1099              	.LFE85:
 1101              		.section	.text.USBD_LL_CloseEP,"ax",%progbits
 1102              		.align	1
 1103              		.global	USBD_LL_CloseEP
 1104              		.syntax unified
 1105              		.thumb
 1106              		.thumb_func
 1108              	USBD_LL_CloseEP:
 1109              	.LFB86:
 429:USB_DEVICE/Target/usbd_conf.c **** 
 430:USB_DEVICE/Target/usbd_conf.c **** /**
 431:USB_DEVICE/Target/usbd_conf.c ****   * @brief  Closes an endpoint of the low level driver.
 432:USB_DEVICE/Target/usbd_conf.c ****   * @param  pdev: Device handle
 433:USB_DEVICE/Target/usbd_conf.c ****   * @param  ep_addr: Endpoint number
 434:USB_DEVICE/Target/usbd_conf.c ****   * @retval USBD status
 435:USB_DEVICE/Target/usbd_conf.c ****   */
 436:USB_DEVICE/Target/usbd_conf.c **** USBD_StatusTypeDef USBD_LL_CloseEP(USBD_HandleTypeDef *pdev, uint8_t ep_addr)
 437:USB_DEVICE/Target/usbd_conf.c **** {
 1110              		.loc 1 437 1
 1111              		.cfi_startproc
 1112              		@ args = 0, pretend = 0, frame = 16
 1113              		@ frame_needed = 1, uses_anonymous_args = 0
 1114 0000 80B5     		push	{r7, lr}
 1115              	.LCFI91:
 1116              		.cfi_def_cfa_offset 8
 1117              		.cfi_offset 7, -8
 1118              		.cfi_offset 14, -4
 1119 0002 84B0     		sub	sp, sp, #16
 1120              	.LCFI92:
 1121              		.cfi_def_cfa_offset 24
 1122 0004 00AF     		add	r7, sp, #0
 1123              	.LCFI93:
 1124              		.cfi_def_cfa_register 7
 1125 0006 7860     		str	r0, [r7, #4]
 1126 0008 0B46     		mov	r3, r1
 1127 000a FB70     		strb	r3, [r7, #3]
 438:USB_DEVICE/Target/usbd_conf.c ****   HAL_StatusTypeDef hal_status = HAL_OK;
 1128              		.loc 1 438 21
 1129 000c 0023     		movs	r3, #0
 1130 000e FB73     		strb	r3, [r7, #15]
 439:USB_DEVICE/Target/usbd_conf.c ****   USBD_StatusTypeDef usb_status = USBD_OK;
 1131              		.loc 1 439 22
 1132 0010 0023     		movs	r3, #0
 1133 0012 BB73     		strb	r3, [r7, #14]
 440:USB_DEVICE/Target/usbd_conf.c **** 
 441:USB_DEVICE/Target/usbd_conf.c ****   hal_status = HAL_PCD_EP_Close(pdev->pData, ep_addr);
ARM GAS  /var/folders/xf/tcndk8390ml5xdpfw93qkhpm0000gn/T//ccpI2BDz.s 			page 28


 1134              		.loc 1 441 37
 1135 0014 7B68     		ldr	r3, [r7, #4]
 1136 0016 D3F8C032 		ldr	r3, [r3, #704]
 1137              		.loc 1 441 16
 1138 001a FA78     		ldrb	r2, [r7, #3]	@ zero_extendqisi2
 1139 001c 1146     		mov	r1, r2
 1140 001e 1846     		mov	r0, r3
 1141 0020 FFF7FEFF 		bl	HAL_PCD_EP_Close
 1142 0024 0346     		mov	r3, r0
 1143 0026 FB73     		strb	r3, [r7, #15]
 442:USB_DEVICE/Target/usbd_conf.c **** 
 443:USB_DEVICE/Target/usbd_conf.c ****   usb_status =  USBD_Get_USB_Status(hal_status);
 1144              		.loc 1 443 17
 1145 0028 FB7B     		ldrb	r3, [r7, #15]	@ zero_extendqisi2
 1146 002a 1846     		mov	r0, r3
 1147 002c FFF7FEFF 		bl	USBD_Get_USB_Status
 1148 0030 0346     		mov	r3, r0
 1149 0032 BB73     		strb	r3, [r7, #14]
 444:USB_DEVICE/Target/usbd_conf.c **** 
 445:USB_DEVICE/Target/usbd_conf.c ****   return usb_status;
 1150              		.loc 1 445 10
 1151 0034 BB7B     		ldrb	r3, [r7, #14]	@ zero_extendqisi2
 446:USB_DEVICE/Target/usbd_conf.c **** }
 1152              		.loc 1 446 1
 1153 0036 1846     		mov	r0, r3
 1154 0038 1037     		adds	r7, r7, #16
 1155              	.LCFI94:
 1156              		.cfi_def_cfa_offset 8
 1157 003a BD46     		mov	sp, r7
 1158              	.LCFI95:
 1159              		.cfi_def_cfa_register 13
 1160              		@ sp needed
 1161 003c 80BD     		pop	{r7, pc}
 1162              		.cfi_endproc
 1163              	.LFE86:
 1165              		.section	.text.USBD_LL_FlushEP,"ax",%progbits
 1166              		.align	1
 1167              		.global	USBD_LL_FlushEP
 1168              		.syntax unified
 1169              		.thumb
 1170              		.thumb_func
 1172              	USBD_LL_FlushEP:
 1173              	.LFB87:
 447:USB_DEVICE/Target/usbd_conf.c **** 
 448:USB_DEVICE/Target/usbd_conf.c **** /**
 449:USB_DEVICE/Target/usbd_conf.c ****   * @brief  Flushes an endpoint of the Low Level Driver.
 450:USB_DEVICE/Target/usbd_conf.c ****   * @param  pdev: Device handle
 451:USB_DEVICE/Target/usbd_conf.c ****   * @param  ep_addr: Endpoint number
 452:USB_DEVICE/Target/usbd_conf.c ****   * @retval USBD status
 453:USB_DEVICE/Target/usbd_conf.c ****   */
 454:USB_DEVICE/Target/usbd_conf.c **** USBD_StatusTypeDef USBD_LL_FlushEP(USBD_HandleTypeDef *pdev, uint8_t ep_addr)
 455:USB_DEVICE/Target/usbd_conf.c **** {
 1174              		.loc 1 455 1
 1175              		.cfi_startproc
 1176              		@ args = 0, pretend = 0, frame = 16
 1177              		@ frame_needed = 1, uses_anonymous_args = 0
 1178 0000 80B5     		push	{r7, lr}
ARM GAS  /var/folders/xf/tcndk8390ml5xdpfw93qkhpm0000gn/T//ccpI2BDz.s 			page 29


 1179              	.LCFI96:
 1180              		.cfi_def_cfa_offset 8
 1181              		.cfi_offset 7, -8
 1182              		.cfi_offset 14, -4
 1183 0002 84B0     		sub	sp, sp, #16
 1184              	.LCFI97:
 1185              		.cfi_def_cfa_offset 24
 1186 0004 00AF     		add	r7, sp, #0
 1187              	.LCFI98:
 1188              		.cfi_def_cfa_register 7
 1189 0006 7860     		str	r0, [r7, #4]
 1190 0008 0B46     		mov	r3, r1
 1191 000a FB70     		strb	r3, [r7, #3]
 456:USB_DEVICE/Target/usbd_conf.c ****   HAL_StatusTypeDef hal_status = HAL_OK;
 1192              		.loc 1 456 21
 1193 000c 0023     		movs	r3, #0
 1194 000e FB73     		strb	r3, [r7, #15]
 457:USB_DEVICE/Target/usbd_conf.c ****   USBD_StatusTypeDef usb_status = USBD_OK;
 1195              		.loc 1 457 22
 1196 0010 0023     		movs	r3, #0
 1197 0012 BB73     		strb	r3, [r7, #14]
 458:USB_DEVICE/Target/usbd_conf.c **** 
 459:USB_DEVICE/Target/usbd_conf.c ****   hal_status = HAL_PCD_EP_Flush(pdev->pData, ep_addr);
 1198              		.loc 1 459 37
 1199 0014 7B68     		ldr	r3, [r7, #4]
 1200 0016 D3F8C032 		ldr	r3, [r3, #704]
 1201              		.loc 1 459 16
 1202 001a FA78     		ldrb	r2, [r7, #3]	@ zero_extendqisi2
 1203 001c 1146     		mov	r1, r2
 1204 001e 1846     		mov	r0, r3
 1205 0020 FFF7FEFF 		bl	HAL_PCD_EP_Flush
 1206 0024 0346     		mov	r3, r0
 1207 0026 FB73     		strb	r3, [r7, #15]
 460:USB_DEVICE/Target/usbd_conf.c **** 
 461:USB_DEVICE/Target/usbd_conf.c ****   usb_status =  USBD_Get_USB_Status(hal_status);
 1208              		.loc 1 461 17
 1209 0028 FB7B     		ldrb	r3, [r7, #15]	@ zero_extendqisi2
 1210 002a 1846     		mov	r0, r3
 1211 002c FFF7FEFF 		bl	USBD_Get_USB_Status
 1212 0030 0346     		mov	r3, r0
 1213 0032 BB73     		strb	r3, [r7, #14]
 462:USB_DEVICE/Target/usbd_conf.c **** 
 463:USB_DEVICE/Target/usbd_conf.c ****   return usb_status;
 1214              		.loc 1 463 10
 1215 0034 BB7B     		ldrb	r3, [r7, #14]	@ zero_extendqisi2
 464:USB_DEVICE/Target/usbd_conf.c **** }
 1216              		.loc 1 464 1
 1217 0036 1846     		mov	r0, r3
 1218 0038 1037     		adds	r7, r7, #16
 1219              	.LCFI99:
 1220              		.cfi_def_cfa_offset 8
 1221 003a BD46     		mov	sp, r7
 1222              	.LCFI100:
 1223              		.cfi_def_cfa_register 13
 1224              		@ sp needed
 1225 003c 80BD     		pop	{r7, pc}
 1226              		.cfi_endproc
ARM GAS  /var/folders/xf/tcndk8390ml5xdpfw93qkhpm0000gn/T//ccpI2BDz.s 			page 30


 1227              	.LFE87:
 1229              		.section	.text.USBD_LL_StallEP,"ax",%progbits
 1230              		.align	1
 1231              		.global	USBD_LL_StallEP
 1232              		.syntax unified
 1233              		.thumb
 1234              		.thumb_func
 1236              	USBD_LL_StallEP:
 1237              	.LFB88:
 465:USB_DEVICE/Target/usbd_conf.c **** 
 466:USB_DEVICE/Target/usbd_conf.c **** /**
 467:USB_DEVICE/Target/usbd_conf.c ****   * @brief  Sets a Stall condition on an endpoint of the Low Level Driver.
 468:USB_DEVICE/Target/usbd_conf.c ****   * @param  pdev: Device handle
 469:USB_DEVICE/Target/usbd_conf.c ****   * @param  ep_addr: Endpoint number
 470:USB_DEVICE/Target/usbd_conf.c ****   * @retval USBD status
 471:USB_DEVICE/Target/usbd_conf.c ****   */
 472:USB_DEVICE/Target/usbd_conf.c **** USBD_StatusTypeDef USBD_LL_StallEP(USBD_HandleTypeDef *pdev, uint8_t ep_addr)
 473:USB_DEVICE/Target/usbd_conf.c **** {
 1238              		.loc 1 473 1
 1239              		.cfi_startproc
 1240              		@ args = 0, pretend = 0, frame = 16
 1241              		@ frame_needed = 1, uses_anonymous_args = 0
 1242 0000 80B5     		push	{r7, lr}
 1243              	.LCFI101:
 1244              		.cfi_def_cfa_offset 8
 1245              		.cfi_offset 7, -8
 1246              		.cfi_offset 14, -4
 1247 0002 84B0     		sub	sp, sp, #16
 1248              	.LCFI102:
 1249              		.cfi_def_cfa_offset 24
 1250 0004 00AF     		add	r7, sp, #0
 1251              	.LCFI103:
 1252              		.cfi_def_cfa_register 7
 1253 0006 7860     		str	r0, [r7, #4]
 1254 0008 0B46     		mov	r3, r1
 1255 000a FB70     		strb	r3, [r7, #3]
 474:USB_DEVICE/Target/usbd_conf.c ****   HAL_StatusTypeDef hal_status = HAL_OK;
 1256              		.loc 1 474 21
 1257 000c 0023     		movs	r3, #0
 1258 000e FB73     		strb	r3, [r7, #15]
 475:USB_DEVICE/Target/usbd_conf.c ****   USBD_StatusTypeDef usb_status = USBD_OK;
 1259              		.loc 1 475 22
 1260 0010 0023     		movs	r3, #0
 1261 0012 BB73     		strb	r3, [r7, #14]
 476:USB_DEVICE/Target/usbd_conf.c **** 
 477:USB_DEVICE/Target/usbd_conf.c ****   hal_status = HAL_PCD_EP_SetStall(pdev->pData, ep_addr);
 1262              		.loc 1 477 40
 1263 0014 7B68     		ldr	r3, [r7, #4]
 1264 0016 D3F8C032 		ldr	r3, [r3, #704]
 1265              		.loc 1 477 16
 1266 001a FA78     		ldrb	r2, [r7, #3]	@ zero_extendqisi2
 1267 001c 1146     		mov	r1, r2
 1268 001e 1846     		mov	r0, r3
 1269 0020 FFF7FEFF 		bl	HAL_PCD_EP_SetStall
 1270 0024 0346     		mov	r3, r0
 1271 0026 FB73     		strb	r3, [r7, #15]
 478:USB_DEVICE/Target/usbd_conf.c **** 
ARM GAS  /var/folders/xf/tcndk8390ml5xdpfw93qkhpm0000gn/T//ccpI2BDz.s 			page 31


 479:USB_DEVICE/Target/usbd_conf.c ****   usb_status =  USBD_Get_USB_Status(hal_status);
 1272              		.loc 1 479 17
 1273 0028 FB7B     		ldrb	r3, [r7, #15]	@ zero_extendqisi2
 1274 002a 1846     		mov	r0, r3
 1275 002c FFF7FEFF 		bl	USBD_Get_USB_Status
 1276 0030 0346     		mov	r3, r0
 1277 0032 BB73     		strb	r3, [r7, #14]
 480:USB_DEVICE/Target/usbd_conf.c **** 
 481:USB_DEVICE/Target/usbd_conf.c ****   return usb_status;
 1278              		.loc 1 481 10
 1279 0034 BB7B     		ldrb	r3, [r7, #14]	@ zero_extendqisi2
 482:USB_DEVICE/Target/usbd_conf.c **** }
 1280              		.loc 1 482 1
 1281 0036 1846     		mov	r0, r3
 1282 0038 1037     		adds	r7, r7, #16
 1283              	.LCFI104:
 1284              		.cfi_def_cfa_offset 8
 1285 003a BD46     		mov	sp, r7
 1286              	.LCFI105:
 1287              		.cfi_def_cfa_register 13
 1288              		@ sp needed
 1289 003c 80BD     		pop	{r7, pc}
 1290              		.cfi_endproc
 1291              	.LFE88:
 1293              		.section	.text.USBD_LL_ClearStallEP,"ax",%progbits
 1294              		.align	1
 1295              		.global	USBD_LL_ClearStallEP
 1296              		.syntax unified
 1297              		.thumb
 1298              		.thumb_func
 1300              	USBD_LL_ClearStallEP:
 1301              	.LFB89:
 483:USB_DEVICE/Target/usbd_conf.c **** 
 484:USB_DEVICE/Target/usbd_conf.c **** /**
 485:USB_DEVICE/Target/usbd_conf.c ****   * @brief  Clears a Stall condition on an endpoint of the Low Level Driver.
 486:USB_DEVICE/Target/usbd_conf.c ****   * @param  pdev: Device handle
 487:USB_DEVICE/Target/usbd_conf.c ****   * @param  ep_addr: Endpoint number
 488:USB_DEVICE/Target/usbd_conf.c ****   * @retval USBD status
 489:USB_DEVICE/Target/usbd_conf.c ****   */
 490:USB_DEVICE/Target/usbd_conf.c **** USBD_StatusTypeDef USBD_LL_ClearStallEP(USBD_HandleTypeDef *pdev, uint8_t ep_addr)
 491:USB_DEVICE/Target/usbd_conf.c **** {
 1302              		.loc 1 491 1
 1303              		.cfi_startproc
 1304              		@ args = 0, pretend = 0, frame = 16
 1305              		@ frame_needed = 1, uses_anonymous_args = 0
 1306 0000 80B5     		push	{r7, lr}
 1307              	.LCFI106:
 1308              		.cfi_def_cfa_offset 8
 1309              		.cfi_offset 7, -8
 1310              		.cfi_offset 14, -4
 1311 0002 84B0     		sub	sp, sp, #16
 1312              	.LCFI107:
 1313              		.cfi_def_cfa_offset 24
 1314 0004 00AF     		add	r7, sp, #0
 1315              	.LCFI108:
 1316              		.cfi_def_cfa_register 7
 1317 0006 7860     		str	r0, [r7, #4]
ARM GAS  /var/folders/xf/tcndk8390ml5xdpfw93qkhpm0000gn/T//ccpI2BDz.s 			page 32


 1318 0008 0B46     		mov	r3, r1
 1319 000a FB70     		strb	r3, [r7, #3]
 492:USB_DEVICE/Target/usbd_conf.c ****   HAL_StatusTypeDef hal_status = HAL_OK;
 1320              		.loc 1 492 21
 1321 000c 0023     		movs	r3, #0
 1322 000e FB73     		strb	r3, [r7, #15]
 493:USB_DEVICE/Target/usbd_conf.c ****   USBD_StatusTypeDef usb_status = USBD_OK;
 1323              		.loc 1 493 22
 1324 0010 0023     		movs	r3, #0
 1325 0012 BB73     		strb	r3, [r7, #14]
 494:USB_DEVICE/Target/usbd_conf.c **** 
 495:USB_DEVICE/Target/usbd_conf.c ****   hal_status = HAL_PCD_EP_ClrStall(pdev->pData, ep_addr);
 1326              		.loc 1 495 40
 1327 0014 7B68     		ldr	r3, [r7, #4]
 1328 0016 D3F8C032 		ldr	r3, [r3, #704]
 1329              		.loc 1 495 16
 1330 001a FA78     		ldrb	r2, [r7, #3]	@ zero_extendqisi2
 1331 001c 1146     		mov	r1, r2
 1332 001e 1846     		mov	r0, r3
 1333 0020 FFF7FEFF 		bl	HAL_PCD_EP_ClrStall
 1334 0024 0346     		mov	r3, r0
 1335 0026 FB73     		strb	r3, [r7, #15]
 496:USB_DEVICE/Target/usbd_conf.c **** 
 497:USB_DEVICE/Target/usbd_conf.c ****   usb_status =  USBD_Get_USB_Status(hal_status);
 1336              		.loc 1 497 17
 1337 0028 FB7B     		ldrb	r3, [r7, #15]	@ zero_extendqisi2
 1338 002a 1846     		mov	r0, r3
 1339 002c FFF7FEFF 		bl	USBD_Get_USB_Status
 1340 0030 0346     		mov	r3, r0
 1341 0032 BB73     		strb	r3, [r7, #14]
 498:USB_DEVICE/Target/usbd_conf.c **** 
 499:USB_DEVICE/Target/usbd_conf.c ****   return usb_status;
 1342              		.loc 1 499 10
 1343 0034 BB7B     		ldrb	r3, [r7, #14]	@ zero_extendqisi2
 500:USB_DEVICE/Target/usbd_conf.c **** }
 1344              		.loc 1 500 1
 1345 0036 1846     		mov	r0, r3
 1346 0038 1037     		adds	r7, r7, #16
 1347              	.LCFI109:
 1348              		.cfi_def_cfa_offset 8
 1349 003a BD46     		mov	sp, r7
 1350              	.LCFI110:
 1351              		.cfi_def_cfa_register 13
 1352              		@ sp needed
 1353 003c 80BD     		pop	{r7, pc}
 1354              		.cfi_endproc
 1355              	.LFE89:
 1357              		.section	.text.USBD_LL_IsStallEP,"ax",%progbits
 1358              		.align	1
 1359              		.global	USBD_LL_IsStallEP
 1360              		.syntax unified
 1361              		.thumb
 1362              		.thumb_func
 1364              	USBD_LL_IsStallEP:
 1365              	.LFB90:
 501:USB_DEVICE/Target/usbd_conf.c **** 
 502:USB_DEVICE/Target/usbd_conf.c **** /**
ARM GAS  /var/folders/xf/tcndk8390ml5xdpfw93qkhpm0000gn/T//ccpI2BDz.s 			page 33


 503:USB_DEVICE/Target/usbd_conf.c ****   * @brief  Returns Stall condition.
 504:USB_DEVICE/Target/usbd_conf.c ****   * @param  pdev: Device handle
 505:USB_DEVICE/Target/usbd_conf.c ****   * @param  ep_addr: Endpoint number
 506:USB_DEVICE/Target/usbd_conf.c ****   * @retval Stall (1: Yes, 0: No)
 507:USB_DEVICE/Target/usbd_conf.c ****   */
 508:USB_DEVICE/Target/usbd_conf.c **** uint8_t USBD_LL_IsStallEP(USBD_HandleTypeDef *pdev, uint8_t ep_addr)
 509:USB_DEVICE/Target/usbd_conf.c **** {
 1366              		.loc 1 509 1
 1367              		.cfi_startproc
 1368              		@ args = 0, pretend = 0, frame = 16
 1369              		@ frame_needed = 1, uses_anonymous_args = 0
 1370              		@ link register save eliminated.
 1371 0000 80B4     		push	{r7}
 1372              	.LCFI111:
 1373              		.cfi_def_cfa_offset 4
 1374              		.cfi_offset 7, -4
 1375 0002 85B0     		sub	sp, sp, #20
 1376              	.LCFI112:
 1377              		.cfi_def_cfa_offset 24
 1378 0004 00AF     		add	r7, sp, #0
 1379              	.LCFI113:
 1380              		.cfi_def_cfa_register 7
 1381 0006 7860     		str	r0, [r7, #4]
 1382 0008 0B46     		mov	r3, r1
 1383 000a FB70     		strb	r3, [r7, #3]
 510:USB_DEVICE/Target/usbd_conf.c ****   PCD_HandleTypeDef *hpcd = (PCD_HandleTypeDef*) pdev->pData;
 1384              		.loc 1 510 22
 1385 000c 7B68     		ldr	r3, [r7, #4]
 1386 000e D3F8C032 		ldr	r3, [r3, #704]
 1387 0012 FB60     		str	r3, [r7, #12]
 511:USB_DEVICE/Target/usbd_conf.c **** 
 512:USB_DEVICE/Target/usbd_conf.c ****   if((ep_addr & 0x80) == 0x80)
 1388              		.loc 1 512 23
 1389 0014 97F90330 		ldrsb	r3, [r7, #3]
 1390              		.loc 1 512 5
 1391 0018 002B     		cmp	r3, #0
 1392 001a 0BDA     		bge	.L49
 513:USB_DEVICE/Target/usbd_conf.c ****   {
 514:USB_DEVICE/Target/usbd_conf.c ****     return hpcd->IN_ep[ep_addr & 0x7F].is_stall;
 1393              		.loc 1 514 32
 1394 001c FB78     		ldrb	r3, [r7, #3]	@ zero_extendqisi2
 1395 001e 03F07F02 		and	r2, r3, #127
 1396              		.loc 1 514 39
 1397 0022 F968     		ldr	r1, [r7, #12]
 1398 0024 1346     		mov	r3, r2
 1399 0026 9B00     		lsls	r3, r3, #2
 1400 0028 1344     		add	r3, r3, r2
 1401 002a DB00     		lsls	r3, r3, #3
 1402 002c 0B44     		add	r3, r3, r1
 1403 002e 1233     		adds	r3, r3, #18
 1404 0030 1B78     		ldrb	r3, [r3]	@ zero_extendqisi2
 1405 0032 0BE0     		b	.L50
 1406              	.L49:
 515:USB_DEVICE/Target/usbd_conf.c ****   }
 516:USB_DEVICE/Target/usbd_conf.c ****   else
 517:USB_DEVICE/Target/usbd_conf.c ****   {
 518:USB_DEVICE/Target/usbd_conf.c ****     return hpcd->OUT_ep[ep_addr & 0x7F].is_stall;
ARM GAS  /var/folders/xf/tcndk8390ml5xdpfw93qkhpm0000gn/T//ccpI2BDz.s 			page 34


 1407              		.loc 1 518 33
 1408 0034 FB78     		ldrb	r3, [r7, #3]	@ zero_extendqisi2
 1409 0036 03F07F02 		and	r2, r3, #127
 1410              		.loc 1 518 40
 1411 003a F968     		ldr	r1, [r7, #12]
 1412 003c 1346     		mov	r3, r2
 1413 003e 9B00     		lsls	r3, r3, #2
 1414 0040 1344     		add	r3, r3, r2
 1415 0042 DB00     		lsls	r3, r3, #3
 1416 0044 0B44     		add	r3, r3, r1
 1417 0046 03F5A973 		add	r3, r3, #338
 1418 004a 1B78     		ldrb	r3, [r3]	@ zero_extendqisi2
 1419              	.L50:
 519:USB_DEVICE/Target/usbd_conf.c ****   }
 520:USB_DEVICE/Target/usbd_conf.c **** }
 1420              		.loc 1 520 1
 1421 004c 1846     		mov	r0, r3
 1422 004e 1437     		adds	r7, r7, #20
 1423              	.LCFI114:
 1424              		.cfi_def_cfa_offset 4
 1425 0050 BD46     		mov	sp, r7
 1426              	.LCFI115:
 1427              		.cfi_def_cfa_register 13
 1428              		@ sp needed
 1429 0052 80BC     		pop	{r7}
 1430              	.LCFI116:
 1431              		.cfi_restore 7
 1432              		.cfi_def_cfa_offset 0
 1433 0054 7047     		bx	lr
 1434              		.cfi_endproc
 1435              	.LFE90:
 1437              		.section	.text.USBD_LL_SetUSBAddress,"ax",%progbits
 1438              		.align	1
 1439              		.global	USBD_LL_SetUSBAddress
 1440              		.syntax unified
 1441              		.thumb
 1442              		.thumb_func
 1444              	USBD_LL_SetUSBAddress:
 1445              	.LFB91:
 521:USB_DEVICE/Target/usbd_conf.c **** 
 522:USB_DEVICE/Target/usbd_conf.c **** /**
 523:USB_DEVICE/Target/usbd_conf.c ****   * @brief  Assigns a USB address to the device.
 524:USB_DEVICE/Target/usbd_conf.c ****   * @param  pdev: Device handle
 525:USB_DEVICE/Target/usbd_conf.c ****   * @param  dev_addr: Device address
 526:USB_DEVICE/Target/usbd_conf.c ****   * @retval USBD status
 527:USB_DEVICE/Target/usbd_conf.c ****   */
 528:USB_DEVICE/Target/usbd_conf.c **** USBD_StatusTypeDef USBD_LL_SetUSBAddress(USBD_HandleTypeDef *pdev, uint8_t dev_addr)
 529:USB_DEVICE/Target/usbd_conf.c **** {
 1446              		.loc 1 529 1
 1447              		.cfi_startproc
 1448              		@ args = 0, pretend = 0, frame = 16
 1449              		@ frame_needed = 1, uses_anonymous_args = 0
 1450 0000 80B5     		push	{r7, lr}
 1451              	.LCFI117:
 1452              		.cfi_def_cfa_offset 8
 1453              		.cfi_offset 7, -8
 1454              		.cfi_offset 14, -4
ARM GAS  /var/folders/xf/tcndk8390ml5xdpfw93qkhpm0000gn/T//ccpI2BDz.s 			page 35


 1455 0002 84B0     		sub	sp, sp, #16
 1456              	.LCFI118:
 1457              		.cfi_def_cfa_offset 24
 1458 0004 00AF     		add	r7, sp, #0
 1459              	.LCFI119:
 1460              		.cfi_def_cfa_register 7
 1461 0006 7860     		str	r0, [r7, #4]
 1462 0008 0B46     		mov	r3, r1
 1463 000a FB70     		strb	r3, [r7, #3]
 530:USB_DEVICE/Target/usbd_conf.c ****   HAL_StatusTypeDef hal_status = HAL_OK;
 1464              		.loc 1 530 21
 1465 000c 0023     		movs	r3, #0
 1466 000e FB73     		strb	r3, [r7, #15]
 531:USB_DEVICE/Target/usbd_conf.c ****   USBD_StatusTypeDef usb_status = USBD_OK;
 1467              		.loc 1 531 22
 1468 0010 0023     		movs	r3, #0
 1469 0012 BB73     		strb	r3, [r7, #14]
 532:USB_DEVICE/Target/usbd_conf.c **** 
 533:USB_DEVICE/Target/usbd_conf.c ****   hal_status = HAL_PCD_SetAddress(pdev->pData, dev_addr);
 1470              		.loc 1 533 39
 1471 0014 7B68     		ldr	r3, [r7, #4]
 1472 0016 D3F8C032 		ldr	r3, [r3, #704]
 1473              		.loc 1 533 16
 1474 001a FA78     		ldrb	r2, [r7, #3]	@ zero_extendqisi2
 1475 001c 1146     		mov	r1, r2
 1476 001e 1846     		mov	r0, r3
 1477 0020 FFF7FEFF 		bl	HAL_PCD_SetAddress
 1478 0024 0346     		mov	r3, r0
 1479 0026 FB73     		strb	r3, [r7, #15]
 534:USB_DEVICE/Target/usbd_conf.c **** 
 535:USB_DEVICE/Target/usbd_conf.c ****   usb_status =  USBD_Get_USB_Status(hal_status);
 1480              		.loc 1 535 17
 1481 0028 FB7B     		ldrb	r3, [r7, #15]	@ zero_extendqisi2
 1482 002a 1846     		mov	r0, r3
 1483 002c FFF7FEFF 		bl	USBD_Get_USB_Status
 1484 0030 0346     		mov	r3, r0
 1485 0032 BB73     		strb	r3, [r7, #14]
 536:USB_DEVICE/Target/usbd_conf.c **** 
 537:USB_DEVICE/Target/usbd_conf.c ****   return usb_status;
 1486              		.loc 1 537 10
 1487 0034 BB7B     		ldrb	r3, [r7, #14]	@ zero_extendqisi2
 538:USB_DEVICE/Target/usbd_conf.c **** }
 1488              		.loc 1 538 1
 1489 0036 1846     		mov	r0, r3
 1490 0038 1037     		adds	r7, r7, #16
 1491              	.LCFI120:
 1492              		.cfi_def_cfa_offset 8
 1493 003a BD46     		mov	sp, r7
 1494              	.LCFI121:
 1495              		.cfi_def_cfa_register 13
 1496              		@ sp needed
 1497 003c 80BD     		pop	{r7, pc}
 1498              		.cfi_endproc
 1499              	.LFE91:
 1501              		.section	.text.USBD_LL_Transmit,"ax",%progbits
 1502              		.align	1
 1503              		.global	USBD_LL_Transmit
ARM GAS  /var/folders/xf/tcndk8390ml5xdpfw93qkhpm0000gn/T//ccpI2BDz.s 			page 36


 1504              		.syntax unified
 1505              		.thumb
 1506              		.thumb_func
 1508              	USBD_LL_Transmit:
 1509              	.LFB92:
 539:USB_DEVICE/Target/usbd_conf.c **** 
 540:USB_DEVICE/Target/usbd_conf.c **** /**
 541:USB_DEVICE/Target/usbd_conf.c ****   * @brief  Transmits data over an endpoint.
 542:USB_DEVICE/Target/usbd_conf.c ****   * @param  pdev: Device handle
 543:USB_DEVICE/Target/usbd_conf.c ****   * @param  ep_addr: Endpoint number
 544:USB_DEVICE/Target/usbd_conf.c ****   * @param  pbuf: Pointer to data to be sent
 545:USB_DEVICE/Target/usbd_conf.c ****   * @param  size: Data size
 546:USB_DEVICE/Target/usbd_conf.c ****   * @retval USBD status
 547:USB_DEVICE/Target/usbd_conf.c ****   */
 548:USB_DEVICE/Target/usbd_conf.c **** USBD_StatusTypeDef USBD_LL_Transmit(USBD_HandleTypeDef *pdev, uint8_t ep_addr, uint8_t *pbuf, uint1
 549:USB_DEVICE/Target/usbd_conf.c **** {
 1510              		.loc 1 549 1
 1511              		.cfi_startproc
 1512              		@ args = 0, pretend = 0, frame = 24
 1513              		@ frame_needed = 1, uses_anonymous_args = 0
 1514 0000 80B5     		push	{r7, lr}
 1515              	.LCFI122:
 1516              		.cfi_def_cfa_offset 8
 1517              		.cfi_offset 7, -8
 1518              		.cfi_offset 14, -4
 1519 0002 86B0     		sub	sp, sp, #24
 1520              	.LCFI123:
 1521              		.cfi_def_cfa_offset 32
 1522 0004 00AF     		add	r7, sp, #0
 1523              	.LCFI124:
 1524              		.cfi_def_cfa_register 7
 1525 0006 F860     		str	r0, [r7, #12]
 1526 0008 7A60     		str	r2, [r7, #4]
 1527 000a 1A46     		mov	r2, r3
 1528 000c 0B46     		mov	r3, r1
 1529 000e FB72     		strb	r3, [r7, #11]
 1530 0010 1346     		mov	r3, r2	@ movhi
 1531 0012 3B81     		strh	r3, [r7, #8]	@ movhi
 550:USB_DEVICE/Target/usbd_conf.c ****   HAL_StatusTypeDef hal_status = HAL_OK;
 1532              		.loc 1 550 21
 1533 0014 0023     		movs	r3, #0
 1534 0016 FB75     		strb	r3, [r7, #23]
 551:USB_DEVICE/Target/usbd_conf.c ****   USBD_StatusTypeDef usb_status = USBD_OK;
 1535              		.loc 1 551 22
 1536 0018 0023     		movs	r3, #0
 1537 001a BB75     		strb	r3, [r7, #22]
 552:USB_DEVICE/Target/usbd_conf.c **** 
 553:USB_DEVICE/Target/usbd_conf.c ****   hal_status = HAL_PCD_EP_Transmit(pdev->pData, ep_addr, pbuf, size);
 1538              		.loc 1 553 40
 1539 001c FB68     		ldr	r3, [r7, #12]
 1540 001e D3F8C002 		ldr	r0, [r3, #704]
 1541              		.loc 1 553 16
 1542 0022 3B89     		ldrh	r3, [r7, #8]
 1543 0024 F97A     		ldrb	r1, [r7, #11]	@ zero_extendqisi2
 1544 0026 7A68     		ldr	r2, [r7, #4]
 1545 0028 FFF7FEFF 		bl	HAL_PCD_EP_Transmit
 1546 002c 0346     		mov	r3, r0
ARM GAS  /var/folders/xf/tcndk8390ml5xdpfw93qkhpm0000gn/T//ccpI2BDz.s 			page 37


 1547 002e FB75     		strb	r3, [r7, #23]
 554:USB_DEVICE/Target/usbd_conf.c **** 
 555:USB_DEVICE/Target/usbd_conf.c ****   usb_status =  USBD_Get_USB_Status(hal_status);
 1548              		.loc 1 555 17
 1549 0030 FB7D     		ldrb	r3, [r7, #23]	@ zero_extendqisi2
 1550 0032 1846     		mov	r0, r3
 1551 0034 FFF7FEFF 		bl	USBD_Get_USB_Status
 1552 0038 0346     		mov	r3, r0
 1553 003a BB75     		strb	r3, [r7, #22]
 556:USB_DEVICE/Target/usbd_conf.c **** 
 557:USB_DEVICE/Target/usbd_conf.c ****   return usb_status;
 1554              		.loc 1 557 10
 1555 003c BB7D     		ldrb	r3, [r7, #22]	@ zero_extendqisi2
 558:USB_DEVICE/Target/usbd_conf.c **** }
 1556              		.loc 1 558 1
 1557 003e 1846     		mov	r0, r3
 1558 0040 1837     		adds	r7, r7, #24
 1559              	.LCFI125:
 1560              		.cfi_def_cfa_offset 8
 1561 0042 BD46     		mov	sp, r7
 1562              	.LCFI126:
 1563              		.cfi_def_cfa_register 13
 1564              		@ sp needed
 1565 0044 80BD     		pop	{r7, pc}
 1566              		.cfi_endproc
 1567              	.LFE92:
 1569              		.section	.text.USBD_LL_PrepareReceive,"ax",%progbits
 1570              		.align	1
 1571              		.global	USBD_LL_PrepareReceive
 1572              		.syntax unified
 1573              		.thumb
 1574              		.thumb_func
 1576              	USBD_LL_PrepareReceive:
 1577              	.LFB93:
 559:USB_DEVICE/Target/usbd_conf.c **** 
 560:USB_DEVICE/Target/usbd_conf.c **** /**
 561:USB_DEVICE/Target/usbd_conf.c ****   * @brief  Prepares an endpoint for reception.
 562:USB_DEVICE/Target/usbd_conf.c ****   * @param  pdev: Device handle
 563:USB_DEVICE/Target/usbd_conf.c ****   * @param  ep_addr: Endpoint number
 564:USB_DEVICE/Target/usbd_conf.c ****   * @param  pbuf: Pointer to data to be received
 565:USB_DEVICE/Target/usbd_conf.c ****   * @param  size: Data size
 566:USB_DEVICE/Target/usbd_conf.c ****   * @retval USBD status
 567:USB_DEVICE/Target/usbd_conf.c ****   */
 568:USB_DEVICE/Target/usbd_conf.c **** USBD_StatusTypeDef USBD_LL_PrepareReceive(USBD_HandleTypeDef *pdev, uint8_t ep_addr, uint8_t *pbuf,
 569:USB_DEVICE/Target/usbd_conf.c **** {
 1578              		.loc 1 569 1
 1579              		.cfi_startproc
 1580              		@ args = 0, pretend = 0, frame = 24
 1581              		@ frame_needed = 1, uses_anonymous_args = 0
 1582 0000 80B5     		push	{r7, lr}
 1583              	.LCFI127:
 1584              		.cfi_def_cfa_offset 8
 1585              		.cfi_offset 7, -8
 1586              		.cfi_offset 14, -4
 1587 0002 86B0     		sub	sp, sp, #24
 1588              	.LCFI128:
 1589              		.cfi_def_cfa_offset 32
ARM GAS  /var/folders/xf/tcndk8390ml5xdpfw93qkhpm0000gn/T//ccpI2BDz.s 			page 38


 1590 0004 00AF     		add	r7, sp, #0
 1591              	.LCFI129:
 1592              		.cfi_def_cfa_register 7
 1593 0006 F860     		str	r0, [r7, #12]
 1594 0008 7A60     		str	r2, [r7, #4]
 1595 000a 1A46     		mov	r2, r3
 1596 000c 0B46     		mov	r3, r1
 1597 000e FB72     		strb	r3, [r7, #11]
 1598 0010 1346     		mov	r3, r2	@ movhi
 1599 0012 3B81     		strh	r3, [r7, #8]	@ movhi
 570:USB_DEVICE/Target/usbd_conf.c ****   HAL_StatusTypeDef hal_status = HAL_OK;
 1600              		.loc 1 570 21
 1601 0014 0023     		movs	r3, #0
 1602 0016 FB75     		strb	r3, [r7, #23]
 571:USB_DEVICE/Target/usbd_conf.c ****   USBD_StatusTypeDef usb_status = USBD_OK;
 1603              		.loc 1 571 22
 1604 0018 0023     		movs	r3, #0
 1605 001a BB75     		strb	r3, [r7, #22]
 572:USB_DEVICE/Target/usbd_conf.c **** 
 573:USB_DEVICE/Target/usbd_conf.c ****   hal_status = HAL_PCD_EP_Receive(pdev->pData, ep_addr, pbuf, size);
 1606              		.loc 1 573 39
 1607 001c FB68     		ldr	r3, [r7, #12]
 1608 001e D3F8C002 		ldr	r0, [r3, #704]
 1609              		.loc 1 573 16
 1610 0022 3B89     		ldrh	r3, [r7, #8]
 1611 0024 F97A     		ldrb	r1, [r7, #11]	@ zero_extendqisi2
 1612 0026 7A68     		ldr	r2, [r7, #4]
 1613 0028 FFF7FEFF 		bl	HAL_PCD_EP_Receive
 1614 002c 0346     		mov	r3, r0
 1615 002e FB75     		strb	r3, [r7, #23]
 574:USB_DEVICE/Target/usbd_conf.c **** 
 575:USB_DEVICE/Target/usbd_conf.c ****   usb_status =  USBD_Get_USB_Status(hal_status);
 1616              		.loc 1 575 17
 1617 0030 FB7D     		ldrb	r3, [r7, #23]	@ zero_extendqisi2
 1618 0032 1846     		mov	r0, r3
 1619 0034 FFF7FEFF 		bl	USBD_Get_USB_Status
 1620 0038 0346     		mov	r3, r0
 1621 003a BB75     		strb	r3, [r7, #22]
 576:USB_DEVICE/Target/usbd_conf.c **** 
 577:USB_DEVICE/Target/usbd_conf.c ****   return usb_status;
 1622              		.loc 1 577 10
 1623 003c BB7D     		ldrb	r3, [r7, #22]	@ zero_extendqisi2
 578:USB_DEVICE/Target/usbd_conf.c **** }
 1624              		.loc 1 578 1
 1625 003e 1846     		mov	r0, r3
 1626 0040 1837     		adds	r7, r7, #24
 1627              	.LCFI130:
 1628              		.cfi_def_cfa_offset 8
 1629 0042 BD46     		mov	sp, r7
 1630              	.LCFI131:
 1631              		.cfi_def_cfa_register 13
 1632              		@ sp needed
 1633 0044 80BD     		pop	{r7, pc}
 1634              		.cfi_endproc
 1635              	.LFE93:
 1637              		.section	.text.USBD_LL_GetRxDataSize,"ax",%progbits
 1638              		.align	1
ARM GAS  /var/folders/xf/tcndk8390ml5xdpfw93qkhpm0000gn/T//ccpI2BDz.s 			page 39


 1639              		.global	USBD_LL_GetRxDataSize
 1640              		.syntax unified
 1641              		.thumb
 1642              		.thumb_func
 1644              	USBD_LL_GetRxDataSize:
 1645              	.LFB94:
 579:USB_DEVICE/Target/usbd_conf.c **** 
 580:USB_DEVICE/Target/usbd_conf.c **** /**
 581:USB_DEVICE/Target/usbd_conf.c ****   * @brief  Returns the last transferred packet size.
 582:USB_DEVICE/Target/usbd_conf.c ****   * @param  pdev: Device handle
 583:USB_DEVICE/Target/usbd_conf.c ****   * @param  ep_addr: Endpoint number
 584:USB_DEVICE/Target/usbd_conf.c ****   * @retval Received Data Size
 585:USB_DEVICE/Target/usbd_conf.c ****   */
 586:USB_DEVICE/Target/usbd_conf.c **** uint32_t USBD_LL_GetRxDataSize(USBD_HandleTypeDef *pdev, uint8_t ep_addr)
 587:USB_DEVICE/Target/usbd_conf.c **** {
 1646              		.loc 1 587 1
 1647              		.cfi_startproc
 1648              		@ args = 0, pretend = 0, frame = 8
 1649              		@ frame_needed = 1, uses_anonymous_args = 0
 1650 0000 80B5     		push	{r7, lr}
 1651              	.LCFI132:
 1652              		.cfi_def_cfa_offset 8
 1653              		.cfi_offset 7, -8
 1654              		.cfi_offset 14, -4
 1655 0002 82B0     		sub	sp, sp, #8
 1656              	.LCFI133:
 1657              		.cfi_def_cfa_offset 16
 1658 0004 00AF     		add	r7, sp, #0
 1659              	.LCFI134:
 1660              		.cfi_def_cfa_register 7
 1661 0006 7860     		str	r0, [r7, #4]
 1662 0008 0B46     		mov	r3, r1
 1663 000a FB70     		strb	r3, [r7, #3]
 588:USB_DEVICE/Target/usbd_conf.c ****   return HAL_PCD_EP_GetRxCount((PCD_HandleTypeDef*) pdev->pData, ep_addr);
 1664              		.loc 1 588 57
 1665 000c 7B68     		ldr	r3, [r7, #4]
 1666 000e D3F8C032 		ldr	r3, [r3, #704]
 1667              		.loc 1 588 10
 1668 0012 FA78     		ldrb	r2, [r7, #3]	@ zero_extendqisi2
 1669 0014 1146     		mov	r1, r2
 1670 0016 1846     		mov	r0, r3
 1671 0018 FFF7FEFF 		bl	HAL_PCD_EP_GetRxCount
 1672 001c 0346     		mov	r3, r0
 589:USB_DEVICE/Target/usbd_conf.c **** }
 1673              		.loc 1 589 1
 1674 001e 1846     		mov	r0, r3
 1675 0020 0837     		adds	r7, r7, #8
 1676              	.LCFI135:
 1677              		.cfi_def_cfa_offset 8
 1678 0022 BD46     		mov	sp, r7
 1679              	.LCFI136:
 1680              		.cfi_def_cfa_register 13
 1681              		@ sp needed
 1682 0024 80BD     		pop	{r7, pc}
 1683              		.cfi_endproc
 1684              	.LFE94:
 1686              		.section	.text.USBD_LL_Delay,"ax",%progbits
ARM GAS  /var/folders/xf/tcndk8390ml5xdpfw93qkhpm0000gn/T//ccpI2BDz.s 			page 40


 1687              		.align	1
 1688              		.global	USBD_LL_Delay
 1689              		.syntax unified
 1690              		.thumb
 1691              		.thumb_func
 1693              	USBD_LL_Delay:
 1694              	.LFB95:
 590:USB_DEVICE/Target/usbd_conf.c **** 
 591:USB_DEVICE/Target/usbd_conf.c **** /**
 592:USB_DEVICE/Target/usbd_conf.c ****   * @brief  Delays routine for the USB device library.
 593:USB_DEVICE/Target/usbd_conf.c ****   * @param  Delay: Delay in ms
 594:USB_DEVICE/Target/usbd_conf.c ****   * @retval None
 595:USB_DEVICE/Target/usbd_conf.c ****   */
 596:USB_DEVICE/Target/usbd_conf.c **** void USBD_LL_Delay(uint32_t Delay)
 597:USB_DEVICE/Target/usbd_conf.c **** {
 1695              		.loc 1 597 1
 1696              		.cfi_startproc
 1697              		@ args = 0, pretend = 0, frame = 8
 1698              		@ frame_needed = 1, uses_anonymous_args = 0
 1699 0000 80B5     		push	{r7, lr}
 1700              	.LCFI137:
 1701              		.cfi_def_cfa_offset 8
 1702              		.cfi_offset 7, -8
 1703              		.cfi_offset 14, -4
 1704 0002 82B0     		sub	sp, sp, #8
 1705              	.LCFI138:
 1706              		.cfi_def_cfa_offset 16
 1707 0004 00AF     		add	r7, sp, #0
 1708              	.LCFI139:
 1709              		.cfi_def_cfa_register 7
 1710 0006 7860     		str	r0, [r7, #4]
 598:USB_DEVICE/Target/usbd_conf.c ****   HAL_Delay(Delay);
 1711              		.loc 1 598 3
 1712 0008 7868     		ldr	r0, [r7, #4]
 1713 000a FFF7FEFF 		bl	HAL_Delay
 599:USB_DEVICE/Target/usbd_conf.c **** }
 1714              		.loc 1 599 1
 1715 000e 00BF     		nop
 1716 0010 0837     		adds	r7, r7, #8
 1717              	.LCFI140:
 1718              		.cfi_def_cfa_offset 8
 1719 0012 BD46     		mov	sp, r7
 1720              	.LCFI141:
 1721              		.cfi_def_cfa_register 13
 1722              		@ sp needed
 1723 0014 80BD     		pop	{r7, pc}
 1724              		.cfi_endproc
 1725              	.LFE95:
 1727              		.section	.text.USBD_static_malloc,"ax",%progbits
 1728              		.align	1
 1729              		.global	USBD_static_malloc
 1730              		.syntax unified
 1731              		.thumb
 1732              		.thumb_func
 1734              	USBD_static_malloc:
 1735              	.LFB96:
 600:USB_DEVICE/Target/usbd_conf.c **** 
ARM GAS  /var/folders/xf/tcndk8390ml5xdpfw93qkhpm0000gn/T//ccpI2BDz.s 			page 41


 601:USB_DEVICE/Target/usbd_conf.c **** /**
 602:USB_DEVICE/Target/usbd_conf.c ****   * @brief  Static single allocation.
 603:USB_DEVICE/Target/usbd_conf.c ****   * @param  size: Size of allocated memory
 604:USB_DEVICE/Target/usbd_conf.c ****   * @retval None
 605:USB_DEVICE/Target/usbd_conf.c ****   */
 606:USB_DEVICE/Target/usbd_conf.c **** void *USBD_static_malloc(uint32_t size)
 607:USB_DEVICE/Target/usbd_conf.c **** {
 1736              		.loc 1 607 1
 1737              		.cfi_startproc
 1738              		@ args = 0, pretend = 0, frame = 8
 1739              		@ frame_needed = 1, uses_anonymous_args = 0
 1740              		@ link register save eliminated.
 1741 0000 80B4     		push	{r7}
 1742              	.LCFI142:
 1743              		.cfi_def_cfa_offset 4
 1744              		.cfi_offset 7, -4
 1745 0002 83B0     		sub	sp, sp, #12
 1746              	.LCFI143:
 1747              		.cfi_def_cfa_offset 16
 1748 0004 00AF     		add	r7, sp, #0
 1749              	.LCFI144:
 1750              		.cfi_def_cfa_register 7
 1751 0006 7860     		str	r0, [r7, #4]
 608:USB_DEVICE/Target/usbd_conf.c ****   static uint32_t mem[(sizeof(USBD_CDC_HandleTypeDef)/4)+1];/* On 32-bit boundary */
 609:USB_DEVICE/Target/usbd_conf.c ****   return mem;
 1752              		.loc 1 609 10
 1753 0008 024B     		ldr	r3, .L62
 610:USB_DEVICE/Target/usbd_conf.c **** }
 1754              		.loc 1 610 1
 1755 000a 1846     		mov	r0, r3
 1756 000c 0C37     		adds	r7, r7, #12
 1757              	.LCFI145:
 1758              		.cfi_def_cfa_offset 4
 1759 000e BD46     		mov	sp, r7
 1760              	.LCFI146:
 1761              		.cfi_def_cfa_register 13
 1762              		@ sp needed
 1763 0010 80BC     		pop	{r7}
 1764              	.LCFI147:
 1765              		.cfi_restore 7
 1766              		.cfi_def_cfa_offset 0
 1767 0012 7047     		bx	lr
 1768              	.L63:
 1769              		.align	2
 1770              	.L62:
 1771 0014 00000000 		.word	mem.0
 1772              		.cfi_endproc
 1773              	.LFE96:
 1775              		.section	.text.USBD_static_free,"ax",%progbits
 1776              		.align	1
 1777              		.global	USBD_static_free
 1778              		.syntax unified
 1779              		.thumb
 1780              		.thumb_func
 1782              	USBD_static_free:
 1783              	.LFB97:
 611:USB_DEVICE/Target/usbd_conf.c **** 
ARM GAS  /var/folders/xf/tcndk8390ml5xdpfw93qkhpm0000gn/T//ccpI2BDz.s 			page 42


 612:USB_DEVICE/Target/usbd_conf.c **** /**
 613:USB_DEVICE/Target/usbd_conf.c ****   * @brief  Dummy memory free
 614:USB_DEVICE/Target/usbd_conf.c ****   * @param  p: Pointer to allocated  memory address
 615:USB_DEVICE/Target/usbd_conf.c ****   * @retval None
 616:USB_DEVICE/Target/usbd_conf.c ****   */
 617:USB_DEVICE/Target/usbd_conf.c **** void USBD_static_free(void *p)
 618:USB_DEVICE/Target/usbd_conf.c **** {
 1784              		.loc 1 618 1
 1785              		.cfi_startproc
 1786              		@ args = 0, pretend = 0, frame = 8
 1787              		@ frame_needed = 1, uses_anonymous_args = 0
 1788              		@ link register save eliminated.
 1789 0000 80B4     		push	{r7}
 1790              	.LCFI148:
 1791              		.cfi_def_cfa_offset 4
 1792              		.cfi_offset 7, -4
 1793 0002 83B0     		sub	sp, sp, #12
 1794              	.LCFI149:
 1795              		.cfi_def_cfa_offset 16
 1796 0004 00AF     		add	r7, sp, #0
 1797              	.LCFI150:
 1798              		.cfi_def_cfa_register 7
 1799 0006 7860     		str	r0, [r7, #4]
 619:USB_DEVICE/Target/usbd_conf.c **** 
 620:USB_DEVICE/Target/usbd_conf.c **** }
 1800              		.loc 1 620 1
 1801 0008 00BF     		nop
 1802 000a 0C37     		adds	r7, r7, #12
 1803              	.LCFI151:
 1804              		.cfi_def_cfa_offset 4
 1805 000c BD46     		mov	sp, r7
 1806              	.LCFI152:
 1807              		.cfi_def_cfa_register 13
 1808              		@ sp needed
 1809 000e 80BC     		pop	{r7}
 1810              	.LCFI153:
 1811              		.cfi_restore 7
 1812              		.cfi_def_cfa_offset 0
 1813 0010 7047     		bx	lr
 1814              		.cfi_endproc
 1815              	.LFE97:
 1817              		.section	.text.HAL_PCDEx_SetConnectionState,"ax",%progbits
 1818              		.align	1
 1819              		.global	HAL_PCDEx_SetConnectionState
 1820              		.syntax unified
 1821              		.thumb
 1822              		.thumb_func
 1824              	HAL_PCDEx_SetConnectionState:
 1825              	.LFB98:
 621:USB_DEVICE/Target/usbd_conf.c **** 
 622:USB_DEVICE/Target/usbd_conf.c **** /**
 623:USB_DEVICE/Target/usbd_conf.c ****   * @brief Software Device Connection
 624:USB_DEVICE/Target/usbd_conf.c ****   * @param hpcd: PCD handle
 625:USB_DEVICE/Target/usbd_conf.c ****   * @param state: Connection state (0: disconnected / 1: connected)
 626:USB_DEVICE/Target/usbd_conf.c ****   * @retval None
 627:USB_DEVICE/Target/usbd_conf.c ****   */
 628:USB_DEVICE/Target/usbd_conf.c **** #if (USE_HAL_PCD_REGISTER_CALLBACKS == 1U)
ARM GAS  /var/folders/xf/tcndk8390ml5xdpfw93qkhpm0000gn/T//ccpI2BDz.s 			page 43


 629:USB_DEVICE/Target/usbd_conf.c **** static void PCDEx_SetConnectionState(PCD_HandleTypeDef *hpcd, uint8_t state)
 630:USB_DEVICE/Target/usbd_conf.c **** #else
 631:USB_DEVICE/Target/usbd_conf.c **** void HAL_PCDEx_SetConnectionState(PCD_HandleTypeDef *hpcd, uint8_t state)
 632:USB_DEVICE/Target/usbd_conf.c **** #endif /* USE_HAL_PCD_REGISTER_CALLBACKS */
 633:USB_DEVICE/Target/usbd_conf.c **** {
 1826              		.loc 1 633 1
 1827              		.cfi_startproc
 1828              		@ args = 0, pretend = 0, frame = 8
 1829              		@ frame_needed = 1, uses_anonymous_args = 0
 1830              		@ link register save eliminated.
 1831 0000 80B4     		push	{r7}
 1832              	.LCFI154:
 1833              		.cfi_def_cfa_offset 4
 1834              		.cfi_offset 7, -4
 1835 0002 83B0     		sub	sp, sp, #12
 1836              	.LCFI155:
 1837              		.cfi_def_cfa_offset 16
 1838 0004 00AF     		add	r7, sp, #0
 1839              	.LCFI156:
 1840              		.cfi_def_cfa_register 7
 1841 0006 7860     		str	r0, [r7, #4]
 1842 0008 0B46     		mov	r3, r1
 1843 000a FB70     		strb	r3, [r7, #3]
 634:USB_DEVICE/Target/usbd_conf.c ****   /* USER CODE BEGIN 6 */
 635:USB_DEVICE/Target/usbd_conf.c ****   if (state == 1)
 636:USB_DEVICE/Target/usbd_conf.c ****   {
 637:USB_DEVICE/Target/usbd_conf.c ****     /* Configure Low connection state. */
 638:USB_DEVICE/Target/usbd_conf.c **** 
 639:USB_DEVICE/Target/usbd_conf.c ****   }
 640:USB_DEVICE/Target/usbd_conf.c ****   else
 641:USB_DEVICE/Target/usbd_conf.c ****   {
 642:USB_DEVICE/Target/usbd_conf.c ****     /* Configure High connection state. */
 643:USB_DEVICE/Target/usbd_conf.c **** 
 644:USB_DEVICE/Target/usbd_conf.c ****   }
 645:USB_DEVICE/Target/usbd_conf.c ****   /* USER CODE END 6 */
 646:USB_DEVICE/Target/usbd_conf.c **** }
 1844              		.loc 1 646 1
 1845 000c 00BF     		nop
 1846 000e 0C37     		adds	r7, r7, #12
 1847              	.LCFI157:
 1848              		.cfi_def_cfa_offset 4
 1849 0010 BD46     		mov	sp, r7
 1850              	.LCFI158:
 1851              		.cfi_def_cfa_register 13
 1852              		@ sp needed
 1853 0012 80BC     		pop	{r7}
 1854              	.LCFI159:
 1855              		.cfi_restore 7
 1856              		.cfi_def_cfa_offset 0
 1857 0014 7047     		bx	lr
 1858              		.cfi_endproc
 1859              	.LFE98:
 1861              		.section	.text.USBD_Get_USB_Status,"ax",%progbits
 1862              		.align	1
 1863              		.syntax unified
 1864              		.thumb
 1865              		.thumb_func
ARM GAS  /var/folders/xf/tcndk8390ml5xdpfw93qkhpm0000gn/T//ccpI2BDz.s 			page 44


 1867              	USBD_Get_USB_Status:
 1868              	.LFB99:
 647:USB_DEVICE/Target/usbd_conf.c **** 
 648:USB_DEVICE/Target/usbd_conf.c **** /**
 649:USB_DEVICE/Target/usbd_conf.c ****   * @brief  Returns the USB status depending on the HAL status:
 650:USB_DEVICE/Target/usbd_conf.c ****   * @param  hal_status: HAL status
 651:USB_DEVICE/Target/usbd_conf.c ****   * @retval USB status
 652:USB_DEVICE/Target/usbd_conf.c ****   */
 653:USB_DEVICE/Target/usbd_conf.c **** USBD_StatusTypeDef USBD_Get_USB_Status(HAL_StatusTypeDef hal_status)
 654:USB_DEVICE/Target/usbd_conf.c **** {
 1869              		.loc 1 654 1
 1870              		.cfi_startproc
 1871              		@ args = 0, pretend = 0, frame = 16
 1872              		@ frame_needed = 1, uses_anonymous_args = 0
 1873              		@ link register save eliminated.
 1874 0000 80B4     		push	{r7}
 1875              	.LCFI160:
 1876              		.cfi_def_cfa_offset 4
 1877              		.cfi_offset 7, -4
 1878 0002 85B0     		sub	sp, sp, #20
 1879              	.LCFI161:
 1880              		.cfi_def_cfa_offset 24
 1881 0004 00AF     		add	r7, sp, #0
 1882              	.LCFI162:
 1883              		.cfi_def_cfa_register 7
 1884 0006 0346     		mov	r3, r0
 1885 0008 FB71     		strb	r3, [r7, #7]
 655:USB_DEVICE/Target/usbd_conf.c ****   USBD_StatusTypeDef usb_status = USBD_OK;
 1886              		.loc 1 655 22
 1887 000a 0023     		movs	r3, #0
 1888 000c FB73     		strb	r3, [r7, #15]
 656:USB_DEVICE/Target/usbd_conf.c **** 
 657:USB_DEVICE/Target/usbd_conf.c ****   switch (hal_status)
 1889              		.loc 1 657 3
 1890 000e FB79     		ldrb	r3, [r7, #7]	@ zero_extendqisi2
 1891 0010 032B     		cmp	r3, #3
 1892 0012 17D8     		bhi	.L67
 1893 0014 01A2     		adr	r2, .L69
 1894 0016 52F823F0 		ldr	pc, [r2, r3, lsl #2]
 1895 001a 00BF     		.p2align 2
 1896              	.L69:
 1897 001c 2D000000 		.word	.L72+1
 1898 0020 33000000 		.word	.L71+1
 1899 0024 39000000 		.word	.L70+1
 1900 0028 3F000000 		.word	.L68+1
 1901              		.p2align 1
 1902              	.L72:
 658:USB_DEVICE/Target/usbd_conf.c ****   {
 659:USB_DEVICE/Target/usbd_conf.c ****     case HAL_OK :
 660:USB_DEVICE/Target/usbd_conf.c ****       usb_status = USBD_OK;
 1903              		.loc 1 660 18
 1904 002c 0023     		movs	r3, #0
 1905 002e FB73     		strb	r3, [r7, #15]
 661:USB_DEVICE/Target/usbd_conf.c ****     break;
 1906              		.loc 1 661 5
 1907 0030 0BE0     		b	.L73
 1908              	.L71:
ARM GAS  /var/folders/xf/tcndk8390ml5xdpfw93qkhpm0000gn/T//ccpI2BDz.s 			page 45


 662:USB_DEVICE/Target/usbd_conf.c ****     case HAL_ERROR :
 663:USB_DEVICE/Target/usbd_conf.c ****       usb_status = USBD_FAIL;
 1909              		.loc 1 663 18
 1910 0032 0223     		movs	r3, #2
 1911 0034 FB73     		strb	r3, [r7, #15]
 664:USB_DEVICE/Target/usbd_conf.c ****     break;
 1912              		.loc 1 664 5
 1913 0036 08E0     		b	.L73
 1914              	.L70:
 665:USB_DEVICE/Target/usbd_conf.c ****     case HAL_BUSY :
 666:USB_DEVICE/Target/usbd_conf.c ****       usb_status = USBD_BUSY;
 1915              		.loc 1 666 18
 1916 0038 0123     		movs	r3, #1
 1917 003a FB73     		strb	r3, [r7, #15]
 667:USB_DEVICE/Target/usbd_conf.c ****     break;
 1918              		.loc 1 667 5
 1919 003c 05E0     		b	.L73
 1920              	.L68:
 668:USB_DEVICE/Target/usbd_conf.c ****     case HAL_TIMEOUT :
 669:USB_DEVICE/Target/usbd_conf.c ****       usb_status = USBD_FAIL;
 1921              		.loc 1 669 18
 1922 003e 0223     		movs	r3, #2
 1923 0040 FB73     		strb	r3, [r7, #15]
 670:USB_DEVICE/Target/usbd_conf.c ****     break;
 1924              		.loc 1 670 5
 1925 0042 02E0     		b	.L73
 1926              	.L67:
 671:USB_DEVICE/Target/usbd_conf.c ****     default :
 672:USB_DEVICE/Target/usbd_conf.c ****       usb_status = USBD_FAIL;
 1927              		.loc 1 672 18
 1928 0044 0223     		movs	r3, #2
 1929 0046 FB73     		strb	r3, [r7, #15]
 673:USB_DEVICE/Target/usbd_conf.c ****     break;
 1930              		.loc 1 673 5
 1931 0048 00BF     		nop
 1932              	.L73:
 674:USB_DEVICE/Target/usbd_conf.c ****   }
 675:USB_DEVICE/Target/usbd_conf.c ****   return usb_status;
 1933              		.loc 1 675 10
 1934 004a FB7B     		ldrb	r3, [r7, #15]	@ zero_extendqisi2
 676:USB_DEVICE/Target/usbd_conf.c **** }
 1935              		.loc 1 676 1
 1936 004c 1846     		mov	r0, r3
 1937 004e 1437     		adds	r7, r7, #20
 1938              	.LCFI163:
 1939              		.cfi_def_cfa_offset 4
 1940 0050 BD46     		mov	sp, r7
 1941              	.LCFI164:
 1942              		.cfi_def_cfa_register 13
 1943              		@ sp needed
 1944 0052 80BC     		pop	{r7}
 1945              	.LCFI165:
 1946              		.cfi_restore 7
 1947              		.cfi_def_cfa_offset 0
 1948 0054 7047     		bx	lr
 1949              		.cfi_endproc
 1950              	.LFE99:
ARM GAS  /var/folders/xf/tcndk8390ml5xdpfw93qkhpm0000gn/T//ccpI2BDz.s 			page 46


 1952 0056 00BF     		.section	.bss.mem.0,"aw",%nobits
 1953              		.align	2
 1956              	mem.0:
 1957 0000 00000000 		.space	544
 1957      00000000 
 1957      00000000 
 1957      00000000 
 1957      00000000 
 1958              		.text
 1959              	.Letext0:
 1960              		.file 2 "/Applications/ARM/arm-none-eabi/include/machine/_default_types.h"
 1961              		.file 3 "/Applications/ARM/arm-none-eabi/include/sys/_stdint.h"
 1962              		.file 4 "Drivers/CMSIS/Include/core_cm3.h"
 1963              		.file 5 "Drivers/CMSIS/Device/ST/STM32F1xx/Include/stm32f103xb.h"
 1964              		.file 6 "Drivers/CMSIS/Device/ST/STM32F1xx/Include/stm32f1xx.h"
 1965              		.file 7 "Drivers/STM32F1xx_HAL_Driver/Inc/stm32f1xx_hal_def.h"
 1966              		.file 8 "Drivers/STM32F1xx_HAL_Driver/Inc/stm32f1xx_ll_usb.h"
 1967              		.file 9 "Drivers/STM32F1xx_HAL_Driver/Inc/stm32f1xx_hal_pcd.h"
 1968              		.file 10 "Middlewares/ST/STM32_USB_Device_Library/Core/Inc/usbd_def.h"
ARM GAS  /var/folders/xf/tcndk8390ml5xdpfw93qkhpm0000gn/T//ccpI2BDz.s 			page 47


DEFINED SYMBOLS
                            *ABS*:0000000000000000 usbd_conf.c
/var/folders/xf/tcndk8390ml5xdpfw93qkhpm0000gn/T//ccpI2BDz.s:22     .bss.hpcd_USB_FS:0000000000000000 hpcd_USB_FS
/var/folders/xf/tcndk8390ml5xdpfw93qkhpm0000gn/T//ccpI2BDz.s:19     .bss.hpcd_USB_FS:0000000000000000 $d
/var/folders/xf/tcndk8390ml5xdpfw93qkhpm0000gn/T//ccpI2BDz.s:25     .text.HAL_PCD_MspInit:0000000000000000 $t
/var/folders/xf/tcndk8390ml5xdpfw93qkhpm0000gn/T//ccpI2BDz.s:31     .text.HAL_PCD_MspInit:0000000000000000 HAL_PCD_MspInit
/var/folders/xf/tcndk8390ml5xdpfw93qkhpm0000gn/T//ccpI2BDz.s:100    .text.HAL_PCD_MspInit:0000000000000054 $d
/var/folders/xf/tcndk8390ml5xdpfw93qkhpm0000gn/T//ccpI2BDz.s:106    .text.HAL_PCD_MspDeInit:0000000000000000 $t
/var/folders/xf/tcndk8390ml5xdpfw93qkhpm0000gn/T//ccpI2BDz.s:112    .text.HAL_PCD_MspDeInit:0000000000000000 HAL_PCD_MspDeInit
/var/folders/xf/tcndk8390ml5xdpfw93qkhpm0000gn/T//ccpI2BDz.s:161    .text.HAL_PCD_MspDeInit:0000000000000028 $d
/var/folders/xf/tcndk8390ml5xdpfw93qkhpm0000gn/T//ccpI2BDz.s:167    .text.HAL_PCD_SetupStageCallback:0000000000000000 $t
/var/folders/xf/tcndk8390ml5xdpfw93qkhpm0000gn/T//ccpI2BDz.s:173    .text.HAL_PCD_SetupStageCallback:0000000000000000 HAL_PCD_SetupStageCallback
/var/folders/xf/tcndk8390ml5xdpfw93qkhpm0000gn/T//ccpI2BDz.s:215    .text.HAL_PCD_DataOutStageCallback:0000000000000000 $t
/var/folders/xf/tcndk8390ml5xdpfw93qkhpm0000gn/T//ccpI2BDz.s:221    .text.HAL_PCD_DataOutStageCallback:0000000000000000 HAL_PCD_DataOutStageCallback
/var/folders/xf/tcndk8390ml5xdpfw93qkhpm0000gn/T//ccpI2BDz.s:271    .text.HAL_PCD_DataInStageCallback:0000000000000000 $t
/var/folders/xf/tcndk8390ml5xdpfw93qkhpm0000gn/T//ccpI2BDz.s:277    .text.HAL_PCD_DataInStageCallback:0000000000000000 HAL_PCD_DataInStageCallback
/var/folders/xf/tcndk8390ml5xdpfw93qkhpm0000gn/T//ccpI2BDz.s:327    .text.HAL_PCD_SOFCallback:0000000000000000 $t
/var/folders/xf/tcndk8390ml5xdpfw93qkhpm0000gn/T//ccpI2BDz.s:333    .text.HAL_PCD_SOFCallback:0000000000000000 HAL_PCD_SOFCallback
/var/folders/xf/tcndk8390ml5xdpfw93qkhpm0000gn/T//ccpI2BDz.s:371    .text.HAL_PCD_ResetCallback:0000000000000000 $t
/var/folders/xf/tcndk8390ml5xdpfw93qkhpm0000gn/T//ccpI2BDz.s:377    .text.HAL_PCD_ResetCallback:0000000000000000 HAL_PCD_ResetCallback
/var/folders/xf/tcndk8390ml5xdpfw93qkhpm0000gn/T//ccpI2BDz.s:435    .text.HAL_PCD_SuspendCallback:0000000000000000 $t
/var/folders/xf/tcndk8390ml5xdpfw93qkhpm0000gn/T//ccpI2BDz.s:441    .text.HAL_PCD_SuspendCallback:0000000000000000 HAL_PCD_SuspendCallback
/var/folders/xf/tcndk8390ml5xdpfw93qkhpm0000gn/T//ccpI2BDz.s:491    .text.HAL_PCD_SuspendCallback:0000000000000030 $d
/var/folders/xf/tcndk8390ml5xdpfw93qkhpm0000gn/T//ccpI2BDz.s:496    .text.HAL_PCD_ResumeCallback:0000000000000000 $t
/var/folders/xf/tcndk8390ml5xdpfw93qkhpm0000gn/T//ccpI2BDz.s:502    .text.HAL_PCD_ResumeCallback:0000000000000000 HAL_PCD_ResumeCallback
/var/folders/xf/tcndk8390ml5xdpfw93qkhpm0000gn/T//ccpI2BDz.s:540    .text.HAL_PCD_ISOOUTIncompleteCallback:0000000000000000 $t
/var/folders/xf/tcndk8390ml5xdpfw93qkhpm0000gn/T//ccpI2BDz.s:546    .text.HAL_PCD_ISOOUTIncompleteCallback:0000000000000000 HAL_PCD_ISOOUTIncompleteCallback
/var/folders/xf/tcndk8390ml5xdpfw93qkhpm0000gn/T//ccpI2BDz.s:588    .text.HAL_PCD_ISOINIncompleteCallback:0000000000000000 $t
/var/folders/xf/tcndk8390ml5xdpfw93qkhpm0000gn/T//ccpI2BDz.s:594    .text.HAL_PCD_ISOINIncompleteCallback:0000000000000000 HAL_PCD_ISOINIncompleteCallback
/var/folders/xf/tcndk8390ml5xdpfw93qkhpm0000gn/T//ccpI2BDz.s:636    .text.HAL_PCD_ConnectCallback:0000000000000000 $t
/var/folders/xf/tcndk8390ml5xdpfw93qkhpm0000gn/T//ccpI2BDz.s:642    .text.HAL_PCD_ConnectCallback:0000000000000000 HAL_PCD_ConnectCallback
/var/folders/xf/tcndk8390ml5xdpfw93qkhpm0000gn/T//ccpI2BDz.s:680    .text.HAL_PCD_DisconnectCallback:0000000000000000 $t
/var/folders/xf/tcndk8390ml5xdpfw93qkhpm0000gn/T//ccpI2BDz.s:686    .text.HAL_PCD_DisconnectCallback:0000000000000000 HAL_PCD_DisconnectCallback
/var/folders/xf/tcndk8390ml5xdpfw93qkhpm0000gn/T//ccpI2BDz.s:724    .text.USBD_LL_Init:0000000000000000 $t
/var/folders/xf/tcndk8390ml5xdpfw93qkhpm0000gn/T//ccpI2BDz.s:730    .text.USBD_LL_Init:0000000000000000 USBD_LL_Init
/var/folders/xf/tcndk8390ml5xdpfw93qkhpm0000gn/T//ccpI2BDz.s:845    .text.USBD_LL_Init:00000000000000ac $d
/var/folders/xf/tcndk8390ml5xdpfw93qkhpm0000gn/T//ccpI2BDz.s:851    .text.USBD_LL_DeInit:0000000000000000 $t
/var/folders/xf/tcndk8390ml5xdpfw93qkhpm0000gn/T//ccpI2BDz.s:857    .text.USBD_LL_DeInit:0000000000000000 USBD_LL_DeInit
/var/folders/xf/tcndk8390ml5xdpfw93qkhpm0000gn/T//ccpI2BDz.s:1867   .text.USBD_Get_USB_Status:0000000000000000 USBD_Get_USB_Status
/var/folders/xf/tcndk8390ml5xdpfw93qkhpm0000gn/T//ccpI2BDz.s:911    .text.USBD_LL_Start:0000000000000000 $t
/var/folders/xf/tcndk8390ml5xdpfw93qkhpm0000gn/T//ccpI2BDz.s:917    .text.USBD_LL_Start:0000000000000000 USBD_LL_Start
/var/folders/xf/tcndk8390ml5xdpfw93qkhpm0000gn/T//ccpI2BDz.s:971    .text.USBD_LL_Stop:0000000000000000 $t
/var/folders/xf/tcndk8390ml5xdpfw93qkhpm0000gn/T//ccpI2BDz.s:977    .text.USBD_LL_Stop:0000000000000000 USBD_LL_Stop
/var/folders/xf/tcndk8390ml5xdpfw93qkhpm0000gn/T//ccpI2BDz.s:1031   .text.USBD_LL_OpenEP:0000000000000000 $t
/var/folders/xf/tcndk8390ml5xdpfw93qkhpm0000gn/T//ccpI2BDz.s:1037   .text.USBD_LL_OpenEP:0000000000000000 USBD_LL_OpenEP
/var/folders/xf/tcndk8390ml5xdpfw93qkhpm0000gn/T//ccpI2BDz.s:1102   .text.USBD_LL_CloseEP:0000000000000000 $t
/var/folders/xf/tcndk8390ml5xdpfw93qkhpm0000gn/T//ccpI2BDz.s:1108   .text.USBD_LL_CloseEP:0000000000000000 USBD_LL_CloseEP
/var/folders/xf/tcndk8390ml5xdpfw93qkhpm0000gn/T//ccpI2BDz.s:1166   .text.USBD_LL_FlushEP:0000000000000000 $t
/var/folders/xf/tcndk8390ml5xdpfw93qkhpm0000gn/T//ccpI2BDz.s:1172   .text.USBD_LL_FlushEP:0000000000000000 USBD_LL_FlushEP
/var/folders/xf/tcndk8390ml5xdpfw93qkhpm0000gn/T//ccpI2BDz.s:1230   .text.USBD_LL_StallEP:0000000000000000 $t
/var/folders/xf/tcndk8390ml5xdpfw93qkhpm0000gn/T//ccpI2BDz.s:1236   .text.USBD_LL_StallEP:0000000000000000 USBD_LL_StallEP
/var/folders/xf/tcndk8390ml5xdpfw93qkhpm0000gn/T//ccpI2BDz.s:1294   .text.USBD_LL_ClearStallEP:0000000000000000 $t
/var/folders/xf/tcndk8390ml5xdpfw93qkhpm0000gn/T//ccpI2BDz.s:1300   .text.USBD_LL_ClearStallEP:0000000000000000 USBD_LL_ClearStallEP
/var/folders/xf/tcndk8390ml5xdpfw93qkhpm0000gn/T//ccpI2BDz.s:1358   .text.USBD_LL_IsStallEP:0000000000000000 $t
/var/folders/xf/tcndk8390ml5xdpfw93qkhpm0000gn/T//ccpI2BDz.s:1364   .text.USBD_LL_IsStallEP:0000000000000000 USBD_LL_IsStallEP
/var/folders/xf/tcndk8390ml5xdpfw93qkhpm0000gn/T//ccpI2BDz.s:1438   .text.USBD_LL_SetUSBAddress:0000000000000000 $t
/var/folders/xf/tcndk8390ml5xdpfw93qkhpm0000gn/T//ccpI2BDz.s:1444   .text.USBD_LL_SetUSBAddress:0000000000000000 USBD_LL_SetUSBAddress
ARM GAS  /var/folders/xf/tcndk8390ml5xdpfw93qkhpm0000gn/T//ccpI2BDz.s 			page 48


/var/folders/xf/tcndk8390ml5xdpfw93qkhpm0000gn/T//ccpI2BDz.s:1502   .text.USBD_LL_Transmit:0000000000000000 $t
/var/folders/xf/tcndk8390ml5xdpfw93qkhpm0000gn/T//ccpI2BDz.s:1508   .text.USBD_LL_Transmit:0000000000000000 USBD_LL_Transmit
/var/folders/xf/tcndk8390ml5xdpfw93qkhpm0000gn/T//ccpI2BDz.s:1570   .text.USBD_LL_PrepareReceive:0000000000000000 $t
/var/folders/xf/tcndk8390ml5xdpfw93qkhpm0000gn/T//ccpI2BDz.s:1576   .text.USBD_LL_PrepareReceive:0000000000000000 USBD_LL_PrepareReceive
/var/folders/xf/tcndk8390ml5xdpfw93qkhpm0000gn/T//ccpI2BDz.s:1638   .text.USBD_LL_GetRxDataSize:0000000000000000 $t
/var/folders/xf/tcndk8390ml5xdpfw93qkhpm0000gn/T//ccpI2BDz.s:1644   .text.USBD_LL_GetRxDataSize:0000000000000000 USBD_LL_GetRxDataSize
/var/folders/xf/tcndk8390ml5xdpfw93qkhpm0000gn/T//ccpI2BDz.s:1687   .text.USBD_LL_Delay:0000000000000000 $t
/var/folders/xf/tcndk8390ml5xdpfw93qkhpm0000gn/T//ccpI2BDz.s:1693   .text.USBD_LL_Delay:0000000000000000 USBD_LL_Delay
/var/folders/xf/tcndk8390ml5xdpfw93qkhpm0000gn/T//ccpI2BDz.s:1728   .text.USBD_static_malloc:0000000000000000 $t
/var/folders/xf/tcndk8390ml5xdpfw93qkhpm0000gn/T//ccpI2BDz.s:1734   .text.USBD_static_malloc:0000000000000000 USBD_static_malloc
/var/folders/xf/tcndk8390ml5xdpfw93qkhpm0000gn/T//ccpI2BDz.s:1771   .text.USBD_static_malloc:0000000000000014 $d
/var/folders/xf/tcndk8390ml5xdpfw93qkhpm0000gn/T//ccpI2BDz.s:1956   .bss.mem.0:0000000000000000 mem.0
/var/folders/xf/tcndk8390ml5xdpfw93qkhpm0000gn/T//ccpI2BDz.s:1776   .text.USBD_static_free:0000000000000000 $t
/var/folders/xf/tcndk8390ml5xdpfw93qkhpm0000gn/T//ccpI2BDz.s:1782   .text.USBD_static_free:0000000000000000 USBD_static_free
/var/folders/xf/tcndk8390ml5xdpfw93qkhpm0000gn/T//ccpI2BDz.s:1818   .text.HAL_PCDEx_SetConnectionState:0000000000000000 $t
/var/folders/xf/tcndk8390ml5xdpfw93qkhpm0000gn/T//ccpI2BDz.s:1824   .text.HAL_PCDEx_SetConnectionState:0000000000000000 HAL_PCDEx_SetConnectionState
/var/folders/xf/tcndk8390ml5xdpfw93qkhpm0000gn/T//ccpI2BDz.s:1862   .text.USBD_Get_USB_Status:0000000000000000 $t
/var/folders/xf/tcndk8390ml5xdpfw93qkhpm0000gn/T//ccpI2BDz.s:1897   .text.USBD_Get_USB_Status:000000000000001c $d
/var/folders/xf/tcndk8390ml5xdpfw93qkhpm0000gn/T//ccpI2BDz.s:1901   .text.USBD_Get_USB_Status:000000000000002c $t
/var/folders/xf/tcndk8390ml5xdpfw93qkhpm0000gn/T//ccpI2BDz.s:1953   .bss.mem.0:0000000000000000 $d

UNDEFINED SYMBOLS
HAL_NVIC_SetPriority
HAL_NVIC_EnableIRQ
USBD_LL_SetupStage
USBD_LL_DataOutStage
USBD_LL_DataInStage
USBD_LL_SOF
Error_Handler
USBD_LL_SetSpeed
USBD_LL_Reset
USBD_LL_Suspend
USBD_LL_Resume
USBD_LL_IsoOUTIncomplete
USBD_LL_IsoINIncomplete
USBD_LL_DevConnected
USBD_LL_DevDisconnected
HAL_PCD_Init
HAL_PCDEx_PMAConfig
HAL_PCD_DeInit
HAL_PCD_Start
HAL_PCD_Stop
HAL_PCD_EP_Open
HAL_PCD_EP_Close
HAL_PCD_EP_Flush
HAL_PCD_EP_SetStall
HAL_PCD_EP_ClrStall
HAL_PCD_SetAddress
HAL_PCD_EP_Transmit
HAL_PCD_EP_Receive
HAL_PCD_EP_GetRxCount
HAL_Delay
