ARM GAS  /var/folders/xf/tcndk8390ml5xdpfw93qkhpm0000gn/T//ccsejOzi.s 			page 1


   1              		.cpu cortex-m3
   2              		.arch armv7-m
   3              		.fpu softvfp
   4              		.eabi_attribute 20, 1
   5              		.eabi_attribute 21, 1
   6              		.eabi_attribute 23, 3
   7              		.eabi_attribute 24, 1
   8              		.eabi_attribute 25, 1
   9              		.eabi_attribute 26, 1
  10              		.eabi_attribute 30, 6
  11              		.eabi_attribute 34, 1
  12              		.eabi_attribute 18, 4
  13              		.file	"usbd_core.c"
  14              		.text
  15              	.Ltext0:
  16              		.cfi_sections	.debug_frame
  17              		.section	.text.USBD_Init,"ax",%progbits
  18              		.align	1
  19              		.global	USBD_Init
  20              		.syntax unified
  21              		.thumb
  22              		.thumb_func
  24              	USBD_Init:
  25              	.LFB68:
  26              		.file 1 "Middlewares/ST/STM32_USB_Device_Library/Core/Src/usbd_core.c"
   1:Middlewares/ST/STM32_USB_Device_Library/Core/Src/usbd_core.c **** /**
   2:Middlewares/ST/STM32_USB_Device_Library/Core/Src/usbd_core.c ****   ******************************************************************************
   3:Middlewares/ST/STM32_USB_Device_Library/Core/Src/usbd_core.c ****   * @file    usbd_core.c
   4:Middlewares/ST/STM32_USB_Device_Library/Core/Src/usbd_core.c ****   * @author  MCD Application Team
   5:Middlewares/ST/STM32_USB_Device_Library/Core/Src/usbd_core.c ****   * @brief   This file provides all the USBD core functions.
   6:Middlewares/ST/STM32_USB_Device_Library/Core/Src/usbd_core.c ****   ******************************************************************************
   7:Middlewares/ST/STM32_USB_Device_Library/Core/Src/usbd_core.c ****   * @attention
   8:Middlewares/ST/STM32_USB_Device_Library/Core/Src/usbd_core.c ****   *
   9:Middlewares/ST/STM32_USB_Device_Library/Core/Src/usbd_core.c ****   * <h2><center>&copy; Copyright (c) 2015 STMicroelectronics.
  10:Middlewares/ST/STM32_USB_Device_Library/Core/Src/usbd_core.c ****   * All rights reserved.</center></h2>
  11:Middlewares/ST/STM32_USB_Device_Library/Core/Src/usbd_core.c ****   *
  12:Middlewares/ST/STM32_USB_Device_Library/Core/Src/usbd_core.c ****   * This software component is licensed by ST under Ultimate Liberty license
  13:Middlewares/ST/STM32_USB_Device_Library/Core/Src/usbd_core.c ****   * SLA0044, the "License"; You may not use this file except in compliance with
  14:Middlewares/ST/STM32_USB_Device_Library/Core/Src/usbd_core.c ****   * the License. You may obtain a copy of the License at:
  15:Middlewares/ST/STM32_USB_Device_Library/Core/Src/usbd_core.c ****   *                      www.st.com/SLA0044
  16:Middlewares/ST/STM32_USB_Device_Library/Core/Src/usbd_core.c ****   *
  17:Middlewares/ST/STM32_USB_Device_Library/Core/Src/usbd_core.c ****   ******************************************************************************
  18:Middlewares/ST/STM32_USB_Device_Library/Core/Src/usbd_core.c ****   */
  19:Middlewares/ST/STM32_USB_Device_Library/Core/Src/usbd_core.c **** 
  20:Middlewares/ST/STM32_USB_Device_Library/Core/Src/usbd_core.c **** /* Includes ------------------------------------------------------------------*/
  21:Middlewares/ST/STM32_USB_Device_Library/Core/Src/usbd_core.c **** #include "usbd_core.h"
  22:Middlewares/ST/STM32_USB_Device_Library/Core/Src/usbd_core.c **** 
  23:Middlewares/ST/STM32_USB_Device_Library/Core/Src/usbd_core.c **** /** @addtogroup STM32_USBD_DEVICE_LIBRARY
  24:Middlewares/ST/STM32_USB_Device_Library/Core/Src/usbd_core.c **** * @{
  25:Middlewares/ST/STM32_USB_Device_Library/Core/Src/usbd_core.c **** */
  26:Middlewares/ST/STM32_USB_Device_Library/Core/Src/usbd_core.c **** 
  27:Middlewares/ST/STM32_USB_Device_Library/Core/Src/usbd_core.c **** 
  28:Middlewares/ST/STM32_USB_Device_Library/Core/Src/usbd_core.c **** /** @defgroup USBD_CORE
  29:Middlewares/ST/STM32_USB_Device_Library/Core/Src/usbd_core.c **** * @brief usbd core module
  30:Middlewares/ST/STM32_USB_Device_Library/Core/Src/usbd_core.c **** * @{
  31:Middlewares/ST/STM32_USB_Device_Library/Core/Src/usbd_core.c **** */
  32:Middlewares/ST/STM32_USB_Device_Library/Core/Src/usbd_core.c **** 
ARM GAS  /var/folders/xf/tcndk8390ml5xdpfw93qkhpm0000gn/T//ccsejOzi.s 			page 2


  33:Middlewares/ST/STM32_USB_Device_Library/Core/Src/usbd_core.c **** /** @defgroup USBD_CORE_Private_TypesDefinitions
  34:Middlewares/ST/STM32_USB_Device_Library/Core/Src/usbd_core.c **** * @{
  35:Middlewares/ST/STM32_USB_Device_Library/Core/Src/usbd_core.c **** */
  36:Middlewares/ST/STM32_USB_Device_Library/Core/Src/usbd_core.c **** 
  37:Middlewares/ST/STM32_USB_Device_Library/Core/Src/usbd_core.c **** /**
  38:Middlewares/ST/STM32_USB_Device_Library/Core/Src/usbd_core.c **** * @}
  39:Middlewares/ST/STM32_USB_Device_Library/Core/Src/usbd_core.c **** */
  40:Middlewares/ST/STM32_USB_Device_Library/Core/Src/usbd_core.c **** 
  41:Middlewares/ST/STM32_USB_Device_Library/Core/Src/usbd_core.c **** 
  42:Middlewares/ST/STM32_USB_Device_Library/Core/Src/usbd_core.c **** /** @defgroup USBD_CORE_Private_Defines
  43:Middlewares/ST/STM32_USB_Device_Library/Core/Src/usbd_core.c **** * @{
  44:Middlewares/ST/STM32_USB_Device_Library/Core/Src/usbd_core.c **** */
  45:Middlewares/ST/STM32_USB_Device_Library/Core/Src/usbd_core.c **** 
  46:Middlewares/ST/STM32_USB_Device_Library/Core/Src/usbd_core.c **** /**
  47:Middlewares/ST/STM32_USB_Device_Library/Core/Src/usbd_core.c **** * @}
  48:Middlewares/ST/STM32_USB_Device_Library/Core/Src/usbd_core.c **** */
  49:Middlewares/ST/STM32_USB_Device_Library/Core/Src/usbd_core.c **** 
  50:Middlewares/ST/STM32_USB_Device_Library/Core/Src/usbd_core.c **** 
  51:Middlewares/ST/STM32_USB_Device_Library/Core/Src/usbd_core.c **** /** @defgroup USBD_CORE_Private_Macros
  52:Middlewares/ST/STM32_USB_Device_Library/Core/Src/usbd_core.c **** * @{
  53:Middlewares/ST/STM32_USB_Device_Library/Core/Src/usbd_core.c **** */
  54:Middlewares/ST/STM32_USB_Device_Library/Core/Src/usbd_core.c **** 
  55:Middlewares/ST/STM32_USB_Device_Library/Core/Src/usbd_core.c **** /**
  56:Middlewares/ST/STM32_USB_Device_Library/Core/Src/usbd_core.c **** * @}
  57:Middlewares/ST/STM32_USB_Device_Library/Core/Src/usbd_core.c **** */
  58:Middlewares/ST/STM32_USB_Device_Library/Core/Src/usbd_core.c **** 
  59:Middlewares/ST/STM32_USB_Device_Library/Core/Src/usbd_core.c **** 
  60:Middlewares/ST/STM32_USB_Device_Library/Core/Src/usbd_core.c **** /** @defgroup USBD_CORE_Private_FunctionPrototypes
  61:Middlewares/ST/STM32_USB_Device_Library/Core/Src/usbd_core.c **** * @{
  62:Middlewares/ST/STM32_USB_Device_Library/Core/Src/usbd_core.c **** */
  63:Middlewares/ST/STM32_USB_Device_Library/Core/Src/usbd_core.c **** 
  64:Middlewares/ST/STM32_USB_Device_Library/Core/Src/usbd_core.c **** /**
  65:Middlewares/ST/STM32_USB_Device_Library/Core/Src/usbd_core.c **** * @}
  66:Middlewares/ST/STM32_USB_Device_Library/Core/Src/usbd_core.c **** */
  67:Middlewares/ST/STM32_USB_Device_Library/Core/Src/usbd_core.c **** 
  68:Middlewares/ST/STM32_USB_Device_Library/Core/Src/usbd_core.c **** /** @defgroup USBD_CORE_Private_Variables
  69:Middlewares/ST/STM32_USB_Device_Library/Core/Src/usbd_core.c **** * @{
  70:Middlewares/ST/STM32_USB_Device_Library/Core/Src/usbd_core.c **** */
  71:Middlewares/ST/STM32_USB_Device_Library/Core/Src/usbd_core.c **** 
  72:Middlewares/ST/STM32_USB_Device_Library/Core/Src/usbd_core.c **** /**
  73:Middlewares/ST/STM32_USB_Device_Library/Core/Src/usbd_core.c **** * @}
  74:Middlewares/ST/STM32_USB_Device_Library/Core/Src/usbd_core.c **** */
  75:Middlewares/ST/STM32_USB_Device_Library/Core/Src/usbd_core.c **** 
  76:Middlewares/ST/STM32_USB_Device_Library/Core/Src/usbd_core.c **** 
  77:Middlewares/ST/STM32_USB_Device_Library/Core/Src/usbd_core.c **** /** @defgroup USBD_CORE_Private_Functions
  78:Middlewares/ST/STM32_USB_Device_Library/Core/Src/usbd_core.c **** * @{
  79:Middlewares/ST/STM32_USB_Device_Library/Core/Src/usbd_core.c **** */
  80:Middlewares/ST/STM32_USB_Device_Library/Core/Src/usbd_core.c **** 
  81:Middlewares/ST/STM32_USB_Device_Library/Core/Src/usbd_core.c **** /**
  82:Middlewares/ST/STM32_USB_Device_Library/Core/Src/usbd_core.c **** * @brief  USBD_Init
  83:Middlewares/ST/STM32_USB_Device_Library/Core/Src/usbd_core.c **** *         Initializes the device stack and load the class driver
  84:Middlewares/ST/STM32_USB_Device_Library/Core/Src/usbd_core.c **** * @param  pdev: device instance
  85:Middlewares/ST/STM32_USB_Device_Library/Core/Src/usbd_core.c **** * @param  pdesc: Descriptor structure address
  86:Middlewares/ST/STM32_USB_Device_Library/Core/Src/usbd_core.c **** * @param  id: Low level core index
  87:Middlewares/ST/STM32_USB_Device_Library/Core/Src/usbd_core.c **** * @retval None
  88:Middlewares/ST/STM32_USB_Device_Library/Core/Src/usbd_core.c **** */
  89:Middlewares/ST/STM32_USB_Device_Library/Core/Src/usbd_core.c **** USBD_StatusTypeDef USBD_Init(USBD_HandleTypeDef *pdev,
ARM GAS  /var/folders/xf/tcndk8390ml5xdpfw93qkhpm0000gn/T//ccsejOzi.s 			page 3


  90:Middlewares/ST/STM32_USB_Device_Library/Core/Src/usbd_core.c ****                              USBD_DescriptorsTypeDef *pdesc, uint8_t id)
  91:Middlewares/ST/STM32_USB_Device_Library/Core/Src/usbd_core.c **** {
  27              		.loc 1 91 1
  28              		.cfi_startproc
  29              		@ args = 0, pretend = 0, frame = 16
  30              		@ frame_needed = 1, uses_anonymous_args = 0
  31 0000 80B5     		push	{r7, lr}
  32              	.LCFI0:
  33              		.cfi_def_cfa_offset 8
  34              		.cfi_offset 7, -8
  35              		.cfi_offset 14, -4
  36 0002 84B0     		sub	sp, sp, #16
  37              	.LCFI1:
  38              		.cfi_def_cfa_offset 24
  39 0004 00AF     		add	r7, sp, #0
  40              	.LCFI2:
  41              		.cfi_def_cfa_register 7
  42 0006 F860     		str	r0, [r7, #12]
  43 0008 B960     		str	r1, [r7, #8]
  44 000a 1346     		mov	r3, r2
  45 000c FB71     		strb	r3, [r7, #7]
  92:Middlewares/ST/STM32_USB_Device_Library/Core/Src/usbd_core.c ****   /* Check whether the USB Host handle is valid */
  93:Middlewares/ST/STM32_USB_Device_Library/Core/Src/usbd_core.c ****   if (pdev == NULL)
  46              		.loc 1 93 6
  47 000e FB68     		ldr	r3, [r7, #12]
  48 0010 002B     		cmp	r3, #0
  49 0012 01D1     		bne	.L2
  94:Middlewares/ST/STM32_USB_Device_Library/Core/Src/usbd_core.c ****   {
  95:Middlewares/ST/STM32_USB_Device_Library/Core/Src/usbd_core.c **** #if (USBD_DEBUG_LEVEL > 1U)
  96:Middlewares/ST/STM32_USB_Device_Library/Core/Src/usbd_core.c ****     USBD_ErrLog("Invalid Device handle");
  97:Middlewares/ST/STM32_USB_Device_Library/Core/Src/usbd_core.c **** #endif
  98:Middlewares/ST/STM32_USB_Device_Library/Core/Src/usbd_core.c ****     return USBD_FAIL;
  50              		.loc 1 98 12
  51 0014 0223     		movs	r3, #2
  52 0016 1AE0     		b	.L3
  53              	.L2:
  99:Middlewares/ST/STM32_USB_Device_Library/Core/Src/usbd_core.c ****   }
 100:Middlewares/ST/STM32_USB_Device_Library/Core/Src/usbd_core.c **** 
 101:Middlewares/ST/STM32_USB_Device_Library/Core/Src/usbd_core.c ****   /* Unlink previous class*/
 102:Middlewares/ST/STM32_USB_Device_Library/Core/Src/usbd_core.c ****   if (pdev->pClass != NULL)
  54              		.loc 1 102 11
  55 0018 FB68     		ldr	r3, [r7, #12]
  56 001a D3F8B432 		ldr	r3, [r3, #692]
  57              		.loc 1 102 6
  58 001e 002B     		cmp	r3, #0
  59 0020 03D0     		beq	.L4
 103:Middlewares/ST/STM32_USB_Device_Library/Core/Src/usbd_core.c ****   {
 104:Middlewares/ST/STM32_USB_Device_Library/Core/Src/usbd_core.c ****     pdev->pClass = NULL;
  60              		.loc 1 104 18
  61 0022 FB68     		ldr	r3, [r7, #12]
  62 0024 0022     		movs	r2, #0
  63 0026 C3F8B422 		str	r2, [r3, #692]
  64              	.L4:
 105:Middlewares/ST/STM32_USB_Device_Library/Core/Src/usbd_core.c ****   }
 106:Middlewares/ST/STM32_USB_Device_Library/Core/Src/usbd_core.c **** 
 107:Middlewares/ST/STM32_USB_Device_Library/Core/Src/usbd_core.c ****   /* Assign USBD Descriptors */
 108:Middlewares/ST/STM32_USB_Device_Library/Core/Src/usbd_core.c ****   if (pdesc != NULL)
ARM GAS  /var/folders/xf/tcndk8390ml5xdpfw93qkhpm0000gn/T//ccsejOzi.s 			page 4


  65              		.loc 1 108 6
  66 002a BB68     		ldr	r3, [r7, #8]
  67 002c 002B     		cmp	r3, #0
  68 002e 03D0     		beq	.L5
 109:Middlewares/ST/STM32_USB_Device_Library/Core/Src/usbd_core.c ****   {
 110:Middlewares/ST/STM32_USB_Device_Library/Core/Src/usbd_core.c ****     pdev->pDesc = pdesc;
  69              		.loc 1 110 17
  70 0030 FB68     		ldr	r3, [r7, #12]
  71 0032 BA68     		ldr	r2, [r7, #8]
  72 0034 C3F8B022 		str	r2, [r3, #688]
  73              	.L5:
 111:Middlewares/ST/STM32_USB_Device_Library/Core/Src/usbd_core.c ****   }
 112:Middlewares/ST/STM32_USB_Device_Library/Core/Src/usbd_core.c **** 
 113:Middlewares/ST/STM32_USB_Device_Library/Core/Src/usbd_core.c ****   /* Set Device initial State */
 114:Middlewares/ST/STM32_USB_Device_Library/Core/Src/usbd_core.c ****   pdev->dev_state = USBD_STATE_DEFAULT;
  74              		.loc 1 114 19
  75 0038 FB68     		ldr	r3, [r7, #12]
  76 003a 0122     		movs	r2, #1
  77 003c 83F89C22 		strb	r2, [r3, #668]
 115:Middlewares/ST/STM32_USB_Device_Library/Core/Src/usbd_core.c ****   pdev->id = id;
  78              		.loc 1 115 12
  79 0040 FB68     		ldr	r3, [r7, #12]
  80 0042 FA79     		ldrb	r2, [r7, #7]
  81 0044 1A70     		strb	r2, [r3]
 116:Middlewares/ST/STM32_USB_Device_Library/Core/Src/usbd_core.c ****   /* Initialize low level driver */
 117:Middlewares/ST/STM32_USB_Device_Library/Core/Src/usbd_core.c ****   USBD_LL_Init(pdev);
  82              		.loc 1 117 3
  83 0046 F868     		ldr	r0, [r7, #12]
  84 0048 FFF7FEFF 		bl	USBD_LL_Init
 118:Middlewares/ST/STM32_USB_Device_Library/Core/Src/usbd_core.c **** 
 119:Middlewares/ST/STM32_USB_Device_Library/Core/Src/usbd_core.c ****   return USBD_OK;
  85              		.loc 1 119 10
  86 004c 0023     		movs	r3, #0
  87              	.L3:
 120:Middlewares/ST/STM32_USB_Device_Library/Core/Src/usbd_core.c **** }
  88              		.loc 1 120 1
  89 004e 1846     		mov	r0, r3
  90 0050 1037     		adds	r7, r7, #16
  91              	.LCFI3:
  92              		.cfi_def_cfa_offset 8
  93 0052 BD46     		mov	sp, r7
  94              	.LCFI4:
  95              		.cfi_def_cfa_register 13
  96              		@ sp needed
  97 0054 80BD     		pop	{r7, pc}
  98              		.cfi_endproc
  99              	.LFE68:
 101              		.section	.text.USBD_DeInit,"ax",%progbits
 102              		.align	1
 103              		.global	USBD_DeInit
 104              		.syntax unified
 105              		.thumb
 106              		.thumb_func
 108              	USBD_DeInit:
 109              	.LFB69:
 121:Middlewares/ST/STM32_USB_Device_Library/Core/Src/usbd_core.c **** 
 122:Middlewares/ST/STM32_USB_Device_Library/Core/Src/usbd_core.c **** /**
ARM GAS  /var/folders/xf/tcndk8390ml5xdpfw93qkhpm0000gn/T//ccsejOzi.s 			page 5


 123:Middlewares/ST/STM32_USB_Device_Library/Core/Src/usbd_core.c **** * @brief  USBD_DeInit
 124:Middlewares/ST/STM32_USB_Device_Library/Core/Src/usbd_core.c **** *         Re-Initialize th device library
 125:Middlewares/ST/STM32_USB_Device_Library/Core/Src/usbd_core.c **** * @param  pdev: device instance
 126:Middlewares/ST/STM32_USB_Device_Library/Core/Src/usbd_core.c **** * @retval status: status
 127:Middlewares/ST/STM32_USB_Device_Library/Core/Src/usbd_core.c **** */
 128:Middlewares/ST/STM32_USB_Device_Library/Core/Src/usbd_core.c **** USBD_StatusTypeDef USBD_DeInit(USBD_HandleTypeDef *pdev)
 129:Middlewares/ST/STM32_USB_Device_Library/Core/Src/usbd_core.c **** {
 110              		.loc 1 129 1
 111              		.cfi_startproc
 112              		@ args = 0, pretend = 0, frame = 8
 113              		@ frame_needed = 1, uses_anonymous_args = 0
 114 0000 80B5     		push	{r7, lr}
 115              	.LCFI5:
 116              		.cfi_def_cfa_offset 8
 117              		.cfi_offset 7, -8
 118              		.cfi_offset 14, -4
 119 0002 82B0     		sub	sp, sp, #8
 120              	.LCFI6:
 121              		.cfi_def_cfa_offset 16
 122 0004 00AF     		add	r7, sp, #0
 123              	.LCFI7:
 124              		.cfi_def_cfa_register 7
 125 0006 7860     		str	r0, [r7, #4]
 130:Middlewares/ST/STM32_USB_Device_Library/Core/Src/usbd_core.c ****   /* Set Default State */
 131:Middlewares/ST/STM32_USB_Device_Library/Core/Src/usbd_core.c ****   pdev->dev_state = USBD_STATE_DEFAULT;
 126              		.loc 1 131 19
 127 0008 7B68     		ldr	r3, [r7, #4]
 128 000a 0122     		movs	r2, #1
 129 000c 83F89C22 		strb	r2, [r3, #668]
 132:Middlewares/ST/STM32_USB_Device_Library/Core/Src/usbd_core.c **** 
 133:Middlewares/ST/STM32_USB_Device_Library/Core/Src/usbd_core.c ****   /* Free Class Resources */
 134:Middlewares/ST/STM32_USB_Device_Library/Core/Src/usbd_core.c ****   pdev->pClass->DeInit(pdev, (uint8_t)pdev->dev_config);
 130              		.loc 1 134 7
 131 0010 7B68     		ldr	r3, [r7, #4]
 132 0012 D3F8B432 		ldr	r3, [r3, #692]
 133              		.loc 1 134 15
 134 0016 5B68     		ldr	r3, [r3, #4]
 135              		.loc 1 134 43
 136 0018 7A68     		ldr	r2, [r7, #4]
 137 001a 5268     		ldr	r2, [r2, #4]
 138              		.loc 1 134 3
 139 001c D2B2     		uxtb	r2, r2
 140 001e 1146     		mov	r1, r2
 141 0020 7868     		ldr	r0, [r7, #4]
 142 0022 9847     		blx	r3
 143              	.LVL0:
 135:Middlewares/ST/STM32_USB_Device_Library/Core/Src/usbd_core.c **** 
 136:Middlewares/ST/STM32_USB_Device_Library/Core/Src/usbd_core.c ****   /* Stop the low level driver  */
 137:Middlewares/ST/STM32_USB_Device_Library/Core/Src/usbd_core.c ****   USBD_LL_Stop(pdev);
 144              		.loc 1 137 3
 145 0024 7868     		ldr	r0, [r7, #4]
 146 0026 FFF7FEFF 		bl	USBD_LL_Stop
 138:Middlewares/ST/STM32_USB_Device_Library/Core/Src/usbd_core.c **** 
 139:Middlewares/ST/STM32_USB_Device_Library/Core/Src/usbd_core.c ****   /* Initialize low level driver */
 140:Middlewares/ST/STM32_USB_Device_Library/Core/Src/usbd_core.c ****   USBD_LL_DeInit(pdev);
 147              		.loc 1 140 3
 148 002a 7868     		ldr	r0, [r7, #4]
ARM GAS  /var/folders/xf/tcndk8390ml5xdpfw93qkhpm0000gn/T//ccsejOzi.s 			page 6


 149 002c FFF7FEFF 		bl	USBD_LL_DeInit
 141:Middlewares/ST/STM32_USB_Device_Library/Core/Src/usbd_core.c **** 
 142:Middlewares/ST/STM32_USB_Device_Library/Core/Src/usbd_core.c ****   return USBD_OK;
 150              		.loc 1 142 10
 151 0030 0023     		movs	r3, #0
 143:Middlewares/ST/STM32_USB_Device_Library/Core/Src/usbd_core.c **** }
 152              		.loc 1 143 1
 153 0032 1846     		mov	r0, r3
 154 0034 0837     		adds	r7, r7, #8
 155              	.LCFI8:
 156              		.cfi_def_cfa_offset 8
 157 0036 BD46     		mov	sp, r7
 158              	.LCFI9:
 159              		.cfi_def_cfa_register 13
 160              		@ sp needed
 161 0038 80BD     		pop	{r7, pc}
 162              		.cfi_endproc
 163              	.LFE69:
 165              		.section	.text.USBD_RegisterClass,"ax",%progbits
 166              		.align	1
 167              		.global	USBD_RegisterClass
 168              		.syntax unified
 169              		.thumb
 170              		.thumb_func
 172              	USBD_RegisterClass:
 173              	.LFB70:
 144:Middlewares/ST/STM32_USB_Device_Library/Core/Src/usbd_core.c **** 
 145:Middlewares/ST/STM32_USB_Device_Library/Core/Src/usbd_core.c **** /**
 146:Middlewares/ST/STM32_USB_Device_Library/Core/Src/usbd_core.c ****   * @brief  USBD_RegisterClass
 147:Middlewares/ST/STM32_USB_Device_Library/Core/Src/usbd_core.c ****   *         Link class driver to Device Core.
 148:Middlewares/ST/STM32_USB_Device_Library/Core/Src/usbd_core.c ****   * @param  pDevice : Device Handle
 149:Middlewares/ST/STM32_USB_Device_Library/Core/Src/usbd_core.c ****   * @param  pclass: Class handle
 150:Middlewares/ST/STM32_USB_Device_Library/Core/Src/usbd_core.c ****   * @retval USBD Status
 151:Middlewares/ST/STM32_USB_Device_Library/Core/Src/usbd_core.c ****   */
 152:Middlewares/ST/STM32_USB_Device_Library/Core/Src/usbd_core.c **** USBD_StatusTypeDef  USBD_RegisterClass(USBD_HandleTypeDef *pdev, USBD_ClassTypeDef *pclass)
 153:Middlewares/ST/STM32_USB_Device_Library/Core/Src/usbd_core.c **** {
 174              		.loc 1 153 1
 175              		.cfi_startproc
 176              		@ args = 0, pretend = 0, frame = 16
 177              		@ frame_needed = 1, uses_anonymous_args = 0
 178              		@ link register save eliminated.
 179 0000 80B4     		push	{r7}
 180              	.LCFI10:
 181              		.cfi_def_cfa_offset 4
 182              		.cfi_offset 7, -4
 183 0002 85B0     		sub	sp, sp, #20
 184              	.LCFI11:
 185              		.cfi_def_cfa_offset 24
 186 0004 00AF     		add	r7, sp, #0
 187              	.LCFI12:
 188              		.cfi_def_cfa_register 7
 189 0006 7860     		str	r0, [r7, #4]
 190 0008 3960     		str	r1, [r7]
 154:Middlewares/ST/STM32_USB_Device_Library/Core/Src/usbd_core.c ****   USBD_StatusTypeDef status = USBD_OK;
 191              		.loc 1 154 22
 192 000a 0023     		movs	r3, #0
 193 000c FB73     		strb	r3, [r7, #15]
ARM GAS  /var/folders/xf/tcndk8390ml5xdpfw93qkhpm0000gn/T//ccsejOzi.s 			page 7


 155:Middlewares/ST/STM32_USB_Device_Library/Core/Src/usbd_core.c ****   if (pclass != NULL)
 194              		.loc 1 155 6
 195 000e 3B68     		ldr	r3, [r7]
 196 0010 002B     		cmp	r3, #0
 197 0012 06D0     		beq	.L9
 156:Middlewares/ST/STM32_USB_Device_Library/Core/Src/usbd_core.c ****   {
 157:Middlewares/ST/STM32_USB_Device_Library/Core/Src/usbd_core.c ****     /* link the class to the USB Device handle */
 158:Middlewares/ST/STM32_USB_Device_Library/Core/Src/usbd_core.c ****     pdev->pClass = pclass;
 198              		.loc 1 158 18
 199 0014 7B68     		ldr	r3, [r7, #4]
 200 0016 3A68     		ldr	r2, [r7]
 201 0018 C3F8B422 		str	r2, [r3, #692]
 159:Middlewares/ST/STM32_USB_Device_Library/Core/Src/usbd_core.c ****     status = USBD_OK;
 202              		.loc 1 159 12
 203 001c 0023     		movs	r3, #0
 204 001e FB73     		strb	r3, [r7, #15]
 205 0020 01E0     		b	.L10
 206              	.L9:
 160:Middlewares/ST/STM32_USB_Device_Library/Core/Src/usbd_core.c ****   }
 161:Middlewares/ST/STM32_USB_Device_Library/Core/Src/usbd_core.c ****   else
 162:Middlewares/ST/STM32_USB_Device_Library/Core/Src/usbd_core.c ****   {
 163:Middlewares/ST/STM32_USB_Device_Library/Core/Src/usbd_core.c **** #if (USBD_DEBUG_LEVEL > 1U)
 164:Middlewares/ST/STM32_USB_Device_Library/Core/Src/usbd_core.c ****     USBD_ErrLog("Invalid Class handle");
 165:Middlewares/ST/STM32_USB_Device_Library/Core/Src/usbd_core.c **** #endif
 166:Middlewares/ST/STM32_USB_Device_Library/Core/Src/usbd_core.c ****     status = USBD_FAIL;
 207              		.loc 1 166 12
 208 0022 0223     		movs	r3, #2
 209 0024 FB73     		strb	r3, [r7, #15]
 210              	.L10:
 167:Middlewares/ST/STM32_USB_Device_Library/Core/Src/usbd_core.c ****   }
 168:Middlewares/ST/STM32_USB_Device_Library/Core/Src/usbd_core.c **** 
 169:Middlewares/ST/STM32_USB_Device_Library/Core/Src/usbd_core.c ****   return status;
 211              		.loc 1 169 10
 212 0026 FB7B     		ldrb	r3, [r7, #15]	@ zero_extendqisi2
 170:Middlewares/ST/STM32_USB_Device_Library/Core/Src/usbd_core.c **** }
 213              		.loc 1 170 1
 214 0028 1846     		mov	r0, r3
 215 002a 1437     		adds	r7, r7, #20
 216              	.LCFI13:
 217              		.cfi_def_cfa_offset 4
 218 002c BD46     		mov	sp, r7
 219              	.LCFI14:
 220              		.cfi_def_cfa_register 13
 221              		@ sp needed
 222 002e 80BC     		pop	{r7}
 223              	.LCFI15:
 224              		.cfi_restore 7
 225              		.cfi_def_cfa_offset 0
 226 0030 7047     		bx	lr
 227              		.cfi_endproc
 228              	.LFE70:
 230              		.section	.text.USBD_Start,"ax",%progbits
 231              		.align	1
 232              		.global	USBD_Start
 233              		.syntax unified
 234              		.thumb
 235              		.thumb_func
ARM GAS  /var/folders/xf/tcndk8390ml5xdpfw93qkhpm0000gn/T//ccsejOzi.s 			page 8


 237              	USBD_Start:
 238              	.LFB71:
 171:Middlewares/ST/STM32_USB_Device_Library/Core/Src/usbd_core.c **** 
 172:Middlewares/ST/STM32_USB_Device_Library/Core/Src/usbd_core.c **** /**
 173:Middlewares/ST/STM32_USB_Device_Library/Core/Src/usbd_core.c ****   * @brief  USBD_Start
 174:Middlewares/ST/STM32_USB_Device_Library/Core/Src/usbd_core.c ****   *         Start the USB Device Core.
 175:Middlewares/ST/STM32_USB_Device_Library/Core/Src/usbd_core.c ****   * @param  pdev: Device Handle
 176:Middlewares/ST/STM32_USB_Device_Library/Core/Src/usbd_core.c ****   * @retval USBD Status
 177:Middlewares/ST/STM32_USB_Device_Library/Core/Src/usbd_core.c ****   */
 178:Middlewares/ST/STM32_USB_Device_Library/Core/Src/usbd_core.c **** USBD_StatusTypeDef  USBD_Start(USBD_HandleTypeDef *pdev)
 179:Middlewares/ST/STM32_USB_Device_Library/Core/Src/usbd_core.c **** {
 239              		.loc 1 179 1
 240              		.cfi_startproc
 241              		@ args = 0, pretend = 0, frame = 8
 242              		@ frame_needed = 1, uses_anonymous_args = 0
 243 0000 80B5     		push	{r7, lr}
 244              	.LCFI16:
 245              		.cfi_def_cfa_offset 8
 246              		.cfi_offset 7, -8
 247              		.cfi_offset 14, -4
 248 0002 82B0     		sub	sp, sp, #8
 249              	.LCFI17:
 250              		.cfi_def_cfa_offset 16
 251 0004 00AF     		add	r7, sp, #0
 252              	.LCFI18:
 253              		.cfi_def_cfa_register 7
 254 0006 7860     		str	r0, [r7, #4]
 180:Middlewares/ST/STM32_USB_Device_Library/Core/Src/usbd_core.c ****   /* Start the low level driver  */
 181:Middlewares/ST/STM32_USB_Device_Library/Core/Src/usbd_core.c ****   USBD_LL_Start(pdev);
 255              		.loc 1 181 3
 256 0008 7868     		ldr	r0, [r7, #4]
 257 000a FFF7FEFF 		bl	USBD_LL_Start
 182:Middlewares/ST/STM32_USB_Device_Library/Core/Src/usbd_core.c **** 
 183:Middlewares/ST/STM32_USB_Device_Library/Core/Src/usbd_core.c ****   return USBD_OK;
 258              		.loc 1 183 10
 259 000e 0023     		movs	r3, #0
 184:Middlewares/ST/STM32_USB_Device_Library/Core/Src/usbd_core.c **** }
 260              		.loc 1 184 1
 261 0010 1846     		mov	r0, r3
 262 0012 0837     		adds	r7, r7, #8
 263              	.LCFI19:
 264              		.cfi_def_cfa_offset 8
 265 0014 BD46     		mov	sp, r7
 266              	.LCFI20:
 267              		.cfi_def_cfa_register 13
 268              		@ sp needed
 269 0016 80BD     		pop	{r7, pc}
 270              		.cfi_endproc
 271              	.LFE71:
 273              		.section	.text.USBD_Stop,"ax",%progbits
 274              		.align	1
 275              		.global	USBD_Stop
 276              		.syntax unified
 277              		.thumb
 278              		.thumb_func
 280              	USBD_Stop:
 281              	.LFB72:
ARM GAS  /var/folders/xf/tcndk8390ml5xdpfw93qkhpm0000gn/T//ccsejOzi.s 			page 9


 185:Middlewares/ST/STM32_USB_Device_Library/Core/Src/usbd_core.c **** 
 186:Middlewares/ST/STM32_USB_Device_Library/Core/Src/usbd_core.c **** /**
 187:Middlewares/ST/STM32_USB_Device_Library/Core/Src/usbd_core.c ****   * @brief  USBD_Stop
 188:Middlewares/ST/STM32_USB_Device_Library/Core/Src/usbd_core.c ****   *         Stop the USB Device Core.
 189:Middlewares/ST/STM32_USB_Device_Library/Core/Src/usbd_core.c ****   * @param  pdev: Device Handle
 190:Middlewares/ST/STM32_USB_Device_Library/Core/Src/usbd_core.c ****   * @retval USBD Status
 191:Middlewares/ST/STM32_USB_Device_Library/Core/Src/usbd_core.c ****   */
 192:Middlewares/ST/STM32_USB_Device_Library/Core/Src/usbd_core.c **** USBD_StatusTypeDef  USBD_Stop(USBD_HandleTypeDef *pdev)
 193:Middlewares/ST/STM32_USB_Device_Library/Core/Src/usbd_core.c **** {
 282              		.loc 1 193 1
 283              		.cfi_startproc
 284              		@ args = 0, pretend = 0, frame = 8
 285              		@ frame_needed = 1, uses_anonymous_args = 0
 286 0000 80B5     		push	{r7, lr}
 287              	.LCFI21:
 288              		.cfi_def_cfa_offset 8
 289              		.cfi_offset 7, -8
 290              		.cfi_offset 14, -4
 291 0002 82B0     		sub	sp, sp, #8
 292              	.LCFI22:
 293              		.cfi_def_cfa_offset 16
 294 0004 00AF     		add	r7, sp, #0
 295              	.LCFI23:
 296              		.cfi_def_cfa_register 7
 297 0006 7860     		str	r0, [r7, #4]
 194:Middlewares/ST/STM32_USB_Device_Library/Core/Src/usbd_core.c ****   /* Free Class Resources */
 195:Middlewares/ST/STM32_USB_Device_Library/Core/Src/usbd_core.c ****   pdev->pClass->DeInit(pdev, (uint8_t)pdev->dev_config);
 298              		.loc 1 195 7
 299 0008 7B68     		ldr	r3, [r7, #4]
 300 000a D3F8B432 		ldr	r3, [r3, #692]
 301              		.loc 1 195 15
 302 000e 5B68     		ldr	r3, [r3, #4]
 303              		.loc 1 195 43
 304 0010 7A68     		ldr	r2, [r7, #4]
 305 0012 5268     		ldr	r2, [r2, #4]
 306              		.loc 1 195 3
 307 0014 D2B2     		uxtb	r2, r2
 308 0016 1146     		mov	r1, r2
 309 0018 7868     		ldr	r0, [r7, #4]
 310 001a 9847     		blx	r3
 311              	.LVL1:
 196:Middlewares/ST/STM32_USB_Device_Library/Core/Src/usbd_core.c **** 
 197:Middlewares/ST/STM32_USB_Device_Library/Core/Src/usbd_core.c ****   /* Stop the low level driver */
 198:Middlewares/ST/STM32_USB_Device_Library/Core/Src/usbd_core.c ****   USBD_LL_Stop(pdev);
 312              		.loc 1 198 3
 313 001c 7868     		ldr	r0, [r7, #4]
 314 001e FFF7FEFF 		bl	USBD_LL_Stop
 199:Middlewares/ST/STM32_USB_Device_Library/Core/Src/usbd_core.c **** 
 200:Middlewares/ST/STM32_USB_Device_Library/Core/Src/usbd_core.c ****   return USBD_OK;
 315              		.loc 1 200 10
 316 0022 0023     		movs	r3, #0
 201:Middlewares/ST/STM32_USB_Device_Library/Core/Src/usbd_core.c **** }
 317              		.loc 1 201 1
 318 0024 1846     		mov	r0, r3
 319 0026 0837     		adds	r7, r7, #8
 320              	.LCFI24:
 321              		.cfi_def_cfa_offset 8
ARM GAS  /var/folders/xf/tcndk8390ml5xdpfw93qkhpm0000gn/T//ccsejOzi.s 			page 10


 322 0028 BD46     		mov	sp, r7
 323              	.LCFI25:
 324              		.cfi_def_cfa_register 13
 325              		@ sp needed
 326 002a 80BD     		pop	{r7, pc}
 327              		.cfi_endproc
 328              	.LFE72:
 330              		.section	.text.USBD_RunTestMode,"ax",%progbits
 331              		.align	1
 332              		.global	USBD_RunTestMode
 333              		.syntax unified
 334              		.thumb
 335              		.thumb_func
 337              	USBD_RunTestMode:
 338              	.LFB73:
 202:Middlewares/ST/STM32_USB_Device_Library/Core/Src/usbd_core.c **** 
 203:Middlewares/ST/STM32_USB_Device_Library/Core/Src/usbd_core.c **** /**
 204:Middlewares/ST/STM32_USB_Device_Library/Core/Src/usbd_core.c **** * @brief  USBD_RunTestMode
 205:Middlewares/ST/STM32_USB_Device_Library/Core/Src/usbd_core.c **** *         Launch test mode process
 206:Middlewares/ST/STM32_USB_Device_Library/Core/Src/usbd_core.c **** * @param  pdev: device instance
 207:Middlewares/ST/STM32_USB_Device_Library/Core/Src/usbd_core.c **** * @retval status
 208:Middlewares/ST/STM32_USB_Device_Library/Core/Src/usbd_core.c **** */
 209:Middlewares/ST/STM32_USB_Device_Library/Core/Src/usbd_core.c **** USBD_StatusTypeDef  USBD_RunTestMode(USBD_HandleTypeDef  *pdev)
 210:Middlewares/ST/STM32_USB_Device_Library/Core/Src/usbd_core.c **** {
 339              		.loc 1 210 1
 340              		.cfi_startproc
 341              		@ args = 0, pretend = 0, frame = 8
 342              		@ frame_needed = 1, uses_anonymous_args = 0
 343              		@ link register save eliminated.
 344 0000 80B4     		push	{r7}
 345              	.LCFI26:
 346              		.cfi_def_cfa_offset 4
 347              		.cfi_offset 7, -4
 348 0002 83B0     		sub	sp, sp, #12
 349              	.LCFI27:
 350              		.cfi_def_cfa_offset 16
 351 0004 00AF     		add	r7, sp, #0
 352              	.LCFI28:
 353              		.cfi_def_cfa_register 7
 354 0006 7860     		str	r0, [r7, #4]
 211:Middlewares/ST/STM32_USB_Device_Library/Core/Src/usbd_core.c ****   /* Prevent unused argument compilation warning */
 212:Middlewares/ST/STM32_USB_Device_Library/Core/Src/usbd_core.c ****   UNUSED(pdev);
 213:Middlewares/ST/STM32_USB_Device_Library/Core/Src/usbd_core.c **** 
 214:Middlewares/ST/STM32_USB_Device_Library/Core/Src/usbd_core.c ****   return USBD_OK;
 355              		.loc 1 214 10
 356 0008 0023     		movs	r3, #0
 215:Middlewares/ST/STM32_USB_Device_Library/Core/Src/usbd_core.c **** }
 357              		.loc 1 215 1
 358 000a 1846     		mov	r0, r3
 359 000c 0C37     		adds	r7, r7, #12
 360              	.LCFI29:
 361              		.cfi_def_cfa_offset 4
 362 000e BD46     		mov	sp, r7
 363              	.LCFI30:
 364              		.cfi_def_cfa_register 13
 365              		@ sp needed
 366 0010 80BC     		pop	{r7}
ARM GAS  /var/folders/xf/tcndk8390ml5xdpfw93qkhpm0000gn/T//ccsejOzi.s 			page 11


 367              	.LCFI31:
 368              		.cfi_restore 7
 369              		.cfi_def_cfa_offset 0
 370 0012 7047     		bx	lr
 371              		.cfi_endproc
 372              	.LFE73:
 374              		.section	.text.USBD_SetClassConfig,"ax",%progbits
 375              		.align	1
 376              		.global	USBD_SetClassConfig
 377              		.syntax unified
 378              		.thumb
 379              		.thumb_func
 381              	USBD_SetClassConfig:
 382              	.LFB74:
 216:Middlewares/ST/STM32_USB_Device_Library/Core/Src/usbd_core.c **** 
 217:Middlewares/ST/STM32_USB_Device_Library/Core/Src/usbd_core.c **** /**
 218:Middlewares/ST/STM32_USB_Device_Library/Core/Src/usbd_core.c **** * @brief  USBD_SetClassConfig
 219:Middlewares/ST/STM32_USB_Device_Library/Core/Src/usbd_core.c **** *        Configure device and start the interface
 220:Middlewares/ST/STM32_USB_Device_Library/Core/Src/usbd_core.c **** * @param  pdev: device instance
 221:Middlewares/ST/STM32_USB_Device_Library/Core/Src/usbd_core.c **** * @param  cfgidx: configuration index
 222:Middlewares/ST/STM32_USB_Device_Library/Core/Src/usbd_core.c **** * @retval status
 223:Middlewares/ST/STM32_USB_Device_Library/Core/Src/usbd_core.c **** */
 224:Middlewares/ST/STM32_USB_Device_Library/Core/Src/usbd_core.c **** 
 225:Middlewares/ST/STM32_USB_Device_Library/Core/Src/usbd_core.c **** USBD_StatusTypeDef USBD_SetClassConfig(USBD_HandleTypeDef  *pdev, uint8_t cfgidx)
 226:Middlewares/ST/STM32_USB_Device_Library/Core/Src/usbd_core.c **** {
 383              		.loc 1 226 1
 384              		.cfi_startproc
 385              		@ args = 0, pretend = 0, frame = 16
 386              		@ frame_needed = 1, uses_anonymous_args = 0
 387 0000 80B5     		push	{r7, lr}
 388              	.LCFI32:
 389              		.cfi_def_cfa_offset 8
 390              		.cfi_offset 7, -8
 391              		.cfi_offset 14, -4
 392 0002 84B0     		sub	sp, sp, #16
 393              	.LCFI33:
 394              		.cfi_def_cfa_offset 24
 395 0004 00AF     		add	r7, sp, #0
 396              	.LCFI34:
 397              		.cfi_def_cfa_register 7
 398 0006 7860     		str	r0, [r7, #4]
 399 0008 0B46     		mov	r3, r1
 400 000a FB70     		strb	r3, [r7, #3]
 227:Middlewares/ST/STM32_USB_Device_Library/Core/Src/usbd_core.c ****   USBD_StatusTypeDef ret = USBD_FAIL;
 401              		.loc 1 227 22
 402 000c 0223     		movs	r3, #2
 403 000e FB73     		strb	r3, [r7, #15]
 228:Middlewares/ST/STM32_USB_Device_Library/Core/Src/usbd_core.c **** 
 229:Middlewares/ST/STM32_USB_Device_Library/Core/Src/usbd_core.c ****   if (pdev->pClass != NULL)
 404              		.loc 1 229 11
 405 0010 7B68     		ldr	r3, [r7, #4]
 406 0012 D3F8B432 		ldr	r3, [r3, #692]
 407              		.loc 1 229 6
 408 0016 002B     		cmp	r3, #0
 409 0018 0CD0     		beq	.L19
 230:Middlewares/ST/STM32_USB_Device_Library/Core/Src/usbd_core.c ****   {
 231:Middlewares/ST/STM32_USB_Device_Library/Core/Src/usbd_core.c ****     /* Set configuration  and Start the Class*/
ARM GAS  /var/folders/xf/tcndk8390ml5xdpfw93qkhpm0000gn/T//ccsejOzi.s 			page 12


 232:Middlewares/ST/STM32_USB_Device_Library/Core/Src/usbd_core.c ****     if (pdev->pClass->Init(pdev, cfgidx) == 0U)
 410              		.loc 1 232 13
 411 001a 7B68     		ldr	r3, [r7, #4]
 412 001c D3F8B432 		ldr	r3, [r3, #692]
 413              		.loc 1 232 21
 414 0020 1B68     		ldr	r3, [r3]
 415              		.loc 1 232 9
 416 0022 FA78     		ldrb	r2, [r7, #3]	@ zero_extendqisi2
 417 0024 1146     		mov	r1, r2
 418 0026 7868     		ldr	r0, [r7, #4]
 419 0028 9847     		blx	r3
 420              	.LVL2:
 421 002a 0346     		mov	r3, r0
 422              		.loc 1 232 8
 423 002c 002B     		cmp	r3, #0
 424 002e 01D1     		bne	.L19
 233:Middlewares/ST/STM32_USB_Device_Library/Core/Src/usbd_core.c ****     {
 234:Middlewares/ST/STM32_USB_Device_Library/Core/Src/usbd_core.c ****       ret = USBD_OK;
 425              		.loc 1 234 11
 426 0030 0023     		movs	r3, #0
 427 0032 FB73     		strb	r3, [r7, #15]
 428              	.L19:
 235:Middlewares/ST/STM32_USB_Device_Library/Core/Src/usbd_core.c ****     }
 236:Middlewares/ST/STM32_USB_Device_Library/Core/Src/usbd_core.c ****   }
 237:Middlewares/ST/STM32_USB_Device_Library/Core/Src/usbd_core.c **** 
 238:Middlewares/ST/STM32_USB_Device_Library/Core/Src/usbd_core.c ****   return ret;
 429              		.loc 1 238 10
 430 0034 FB7B     		ldrb	r3, [r7, #15]	@ zero_extendqisi2
 239:Middlewares/ST/STM32_USB_Device_Library/Core/Src/usbd_core.c **** }
 431              		.loc 1 239 1
 432 0036 1846     		mov	r0, r3
 433 0038 1037     		adds	r7, r7, #16
 434              	.LCFI35:
 435              		.cfi_def_cfa_offset 8
 436 003a BD46     		mov	sp, r7
 437              	.LCFI36:
 438              		.cfi_def_cfa_register 13
 439              		@ sp needed
 440 003c 80BD     		pop	{r7, pc}
 441              		.cfi_endproc
 442              	.LFE74:
 444              		.section	.text.USBD_ClrClassConfig,"ax",%progbits
 445              		.align	1
 446              		.global	USBD_ClrClassConfig
 447              		.syntax unified
 448              		.thumb
 449              		.thumb_func
 451              	USBD_ClrClassConfig:
 452              	.LFB75:
 240:Middlewares/ST/STM32_USB_Device_Library/Core/Src/usbd_core.c **** 
 241:Middlewares/ST/STM32_USB_Device_Library/Core/Src/usbd_core.c **** /**
 242:Middlewares/ST/STM32_USB_Device_Library/Core/Src/usbd_core.c **** * @brief  USBD_ClrClassConfig
 243:Middlewares/ST/STM32_USB_Device_Library/Core/Src/usbd_core.c **** *         Clear current configuration
 244:Middlewares/ST/STM32_USB_Device_Library/Core/Src/usbd_core.c **** * @param  pdev: device instance
 245:Middlewares/ST/STM32_USB_Device_Library/Core/Src/usbd_core.c **** * @param  cfgidx: configuration index
 246:Middlewares/ST/STM32_USB_Device_Library/Core/Src/usbd_core.c **** * @retval status: USBD_StatusTypeDef
 247:Middlewares/ST/STM32_USB_Device_Library/Core/Src/usbd_core.c **** */
ARM GAS  /var/folders/xf/tcndk8390ml5xdpfw93qkhpm0000gn/T//ccsejOzi.s 			page 13


 248:Middlewares/ST/STM32_USB_Device_Library/Core/Src/usbd_core.c **** USBD_StatusTypeDef USBD_ClrClassConfig(USBD_HandleTypeDef  *pdev, uint8_t cfgidx)
 249:Middlewares/ST/STM32_USB_Device_Library/Core/Src/usbd_core.c **** {
 453              		.loc 1 249 1
 454              		.cfi_startproc
 455              		@ args = 0, pretend = 0, frame = 8
 456              		@ frame_needed = 1, uses_anonymous_args = 0
 457 0000 80B5     		push	{r7, lr}
 458              	.LCFI37:
 459              		.cfi_def_cfa_offset 8
 460              		.cfi_offset 7, -8
 461              		.cfi_offset 14, -4
 462 0002 82B0     		sub	sp, sp, #8
 463              	.LCFI38:
 464              		.cfi_def_cfa_offset 16
 465 0004 00AF     		add	r7, sp, #0
 466              	.LCFI39:
 467              		.cfi_def_cfa_register 7
 468 0006 7860     		str	r0, [r7, #4]
 469 0008 0B46     		mov	r3, r1
 470 000a FB70     		strb	r3, [r7, #3]
 250:Middlewares/ST/STM32_USB_Device_Library/Core/Src/usbd_core.c ****   /* Clear configuration  and De-initialize the Class process*/
 251:Middlewares/ST/STM32_USB_Device_Library/Core/Src/usbd_core.c ****   pdev->pClass->DeInit(pdev, cfgidx);
 471              		.loc 1 251 7
 472 000c 7B68     		ldr	r3, [r7, #4]
 473 000e D3F8B432 		ldr	r3, [r3, #692]
 474              		.loc 1 251 15
 475 0012 5B68     		ldr	r3, [r3, #4]
 476              		.loc 1 251 3
 477 0014 FA78     		ldrb	r2, [r7, #3]	@ zero_extendqisi2
 478 0016 1146     		mov	r1, r2
 479 0018 7868     		ldr	r0, [r7, #4]
 480 001a 9847     		blx	r3
 481              	.LVL3:
 252:Middlewares/ST/STM32_USB_Device_Library/Core/Src/usbd_core.c **** 
 253:Middlewares/ST/STM32_USB_Device_Library/Core/Src/usbd_core.c ****   return USBD_OK;
 482              		.loc 1 253 10
 483 001c 0023     		movs	r3, #0
 254:Middlewares/ST/STM32_USB_Device_Library/Core/Src/usbd_core.c **** }
 484              		.loc 1 254 1
 485 001e 1846     		mov	r0, r3
 486 0020 0837     		adds	r7, r7, #8
 487              	.LCFI40:
 488              		.cfi_def_cfa_offset 8
 489 0022 BD46     		mov	sp, r7
 490              	.LCFI41:
 491              		.cfi_def_cfa_register 13
 492              		@ sp needed
 493 0024 80BD     		pop	{r7, pc}
 494              		.cfi_endproc
 495              	.LFE75:
 497              		.section	.text.USBD_LL_SetupStage,"ax",%progbits
 498              		.align	1
 499              		.global	USBD_LL_SetupStage
 500              		.syntax unified
 501              		.thumb
 502              		.thumb_func
 504              	USBD_LL_SetupStage:
ARM GAS  /var/folders/xf/tcndk8390ml5xdpfw93qkhpm0000gn/T//ccsejOzi.s 			page 14


 505              	.LFB76:
 255:Middlewares/ST/STM32_USB_Device_Library/Core/Src/usbd_core.c **** 
 256:Middlewares/ST/STM32_USB_Device_Library/Core/Src/usbd_core.c **** 
 257:Middlewares/ST/STM32_USB_Device_Library/Core/Src/usbd_core.c **** /**
 258:Middlewares/ST/STM32_USB_Device_Library/Core/Src/usbd_core.c **** * @brief  USBD_SetupStage
 259:Middlewares/ST/STM32_USB_Device_Library/Core/Src/usbd_core.c **** *         Handle the setup stage
 260:Middlewares/ST/STM32_USB_Device_Library/Core/Src/usbd_core.c **** * @param  pdev: device instance
 261:Middlewares/ST/STM32_USB_Device_Library/Core/Src/usbd_core.c **** * @retval status
 262:Middlewares/ST/STM32_USB_Device_Library/Core/Src/usbd_core.c **** */
 263:Middlewares/ST/STM32_USB_Device_Library/Core/Src/usbd_core.c **** USBD_StatusTypeDef USBD_LL_SetupStage(USBD_HandleTypeDef *pdev, uint8_t *psetup)
 264:Middlewares/ST/STM32_USB_Device_Library/Core/Src/usbd_core.c **** {
 506              		.loc 1 264 1
 507              		.cfi_startproc
 508              		@ args = 0, pretend = 0, frame = 8
 509              		@ frame_needed = 1, uses_anonymous_args = 0
 510 0000 80B5     		push	{r7, lr}
 511              	.LCFI42:
 512              		.cfi_def_cfa_offset 8
 513              		.cfi_offset 7, -8
 514              		.cfi_offset 14, -4
 515 0002 82B0     		sub	sp, sp, #8
 516              	.LCFI43:
 517              		.cfi_def_cfa_offset 16
 518 0004 00AF     		add	r7, sp, #0
 519              	.LCFI44:
 520              		.cfi_def_cfa_register 7
 521 0006 7860     		str	r0, [r7, #4]
 522 0008 3960     		str	r1, [r7]
 265:Middlewares/ST/STM32_USB_Device_Library/Core/Src/usbd_core.c ****   USBD_ParseSetupRequest(&pdev->request, psetup);
 523              		.loc 1 265 3
 524 000a 7B68     		ldr	r3, [r7, #4]
 525 000c 03F52A73 		add	r3, r3, #680
 526 0010 3968     		ldr	r1, [r7]
 527 0012 1846     		mov	r0, r3
 528 0014 FFF7FEFF 		bl	USBD_ParseSetupRequest
 266:Middlewares/ST/STM32_USB_Device_Library/Core/Src/usbd_core.c **** 
 267:Middlewares/ST/STM32_USB_Device_Library/Core/Src/usbd_core.c ****   pdev->ep0_state = USBD_EP0_SETUP;
 529              		.loc 1 267 19
 530 0018 7B68     		ldr	r3, [r7, #4]
 531 001a 0122     		movs	r2, #1
 532 001c C3F89422 		str	r2, [r3, #660]
 268:Middlewares/ST/STM32_USB_Device_Library/Core/Src/usbd_core.c **** 
 269:Middlewares/ST/STM32_USB_Device_Library/Core/Src/usbd_core.c ****   pdev->ep0_data_len = pdev->request.wLength;
 533              		.loc 1 269 37
 534 0020 7B68     		ldr	r3, [r7, #4]
 535 0022 B3F8AE32 		ldrh	r3, [r3, #686]
 536 0026 1A46     		mov	r2, r3
 537              		.loc 1 269 22
 538 0028 7B68     		ldr	r3, [r7, #4]
 539 002a C3F89822 		str	r2, [r3, #664]
 270:Middlewares/ST/STM32_USB_Device_Library/Core/Src/usbd_core.c **** 
 271:Middlewares/ST/STM32_USB_Device_Library/Core/Src/usbd_core.c ****   switch (pdev->request.bmRequest & 0x1FU)
 540              		.loc 1 271 24
 541 002e 7B68     		ldr	r3, [r7, #4]
 542 0030 93F8A832 		ldrb	r3, [r3, #680]	@ zero_extendqisi2
 543              		.loc 1 271 35
 544 0034 03F01F03 		and	r3, r3, #31
ARM GAS  /var/folders/xf/tcndk8390ml5xdpfw93qkhpm0000gn/T//ccsejOzi.s 			page 15


 545              		.loc 1 271 3
 546 0038 022B     		cmp	r3, #2
 547 003a 16D0     		beq	.L24
 548 003c 022B     		cmp	r3, #2
 549 003e 1CD8     		bhi	.L25
 550 0040 002B     		cmp	r3, #0
 551 0042 02D0     		beq	.L26
 552 0044 012B     		cmp	r3, #1
 553 0046 08D0     		beq	.L27
 554 0048 17E0     		b	.L25
 555              	.L26:
 272:Middlewares/ST/STM32_USB_Device_Library/Core/Src/usbd_core.c ****   {
 273:Middlewares/ST/STM32_USB_Device_Library/Core/Src/usbd_core.c ****     case USB_REQ_RECIPIENT_DEVICE:
 274:Middlewares/ST/STM32_USB_Device_Library/Core/Src/usbd_core.c ****       USBD_StdDevReq(pdev, &pdev->request);
 556              		.loc 1 274 7
 557 004a 7B68     		ldr	r3, [r7, #4]
 558 004c 03F52A73 		add	r3, r3, #680
 559 0050 1946     		mov	r1, r3
 560 0052 7868     		ldr	r0, [r7, #4]
 561 0054 FFF7FEFF 		bl	USBD_StdDevReq
 275:Middlewares/ST/STM32_USB_Device_Library/Core/Src/usbd_core.c ****       break;
 562              		.loc 1 275 7
 563 0058 1AE0     		b	.L28
 564              	.L27:
 276:Middlewares/ST/STM32_USB_Device_Library/Core/Src/usbd_core.c **** 
 277:Middlewares/ST/STM32_USB_Device_Library/Core/Src/usbd_core.c ****     case USB_REQ_RECIPIENT_INTERFACE:
 278:Middlewares/ST/STM32_USB_Device_Library/Core/Src/usbd_core.c ****       USBD_StdItfReq(pdev, &pdev->request);
 565              		.loc 1 278 7
 566 005a 7B68     		ldr	r3, [r7, #4]
 567 005c 03F52A73 		add	r3, r3, #680
 568 0060 1946     		mov	r1, r3
 569 0062 7868     		ldr	r0, [r7, #4]
 570 0064 FFF7FEFF 		bl	USBD_StdItfReq
 279:Middlewares/ST/STM32_USB_Device_Library/Core/Src/usbd_core.c ****       break;
 571              		.loc 1 279 7
 572 0068 12E0     		b	.L28
 573              	.L24:
 280:Middlewares/ST/STM32_USB_Device_Library/Core/Src/usbd_core.c **** 
 281:Middlewares/ST/STM32_USB_Device_Library/Core/Src/usbd_core.c ****     case USB_REQ_RECIPIENT_ENDPOINT:
 282:Middlewares/ST/STM32_USB_Device_Library/Core/Src/usbd_core.c ****       USBD_StdEPReq(pdev, &pdev->request);
 574              		.loc 1 282 7
 575 006a 7B68     		ldr	r3, [r7, #4]
 576 006c 03F52A73 		add	r3, r3, #680
 577 0070 1946     		mov	r1, r3
 578 0072 7868     		ldr	r0, [r7, #4]
 579 0074 FFF7FEFF 		bl	USBD_StdEPReq
 283:Middlewares/ST/STM32_USB_Device_Library/Core/Src/usbd_core.c ****       break;
 580              		.loc 1 283 7
 581 0078 0AE0     		b	.L28
 582              	.L25:
 284:Middlewares/ST/STM32_USB_Device_Library/Core/Src/usbd_core.c **** 
 285:Middlewares/ST/STM32_USB_Device_Library/Core/Src/usbd_core.c ****     default:
 286:Middlewares/ST/STM32_USB_Device_Library/Core/Src/usbd_core.c ****       USBD_LL_StallEP(pdev, (pdev->request.bmRequest & 0x80U));
 583              		.loc 1 286 43
 584 007a 7B68     		ldr	r3, [r7, #4]
 585 007c 93F8A832 		ldrb	r3, [r3, #680]	@ zero_extendqisi2
 586              		.loc 1 286 7
ARM GAS  /var/folders/xf/tcndk8390ml5xdpfw93qkhpm0000gn/T//ccsejOzi.s 			page 16


 587 0080 23F07F03 		bic	r3, r3, #127
 588 0084 DBB2     		uxtb	r3, r3
 589 0086 1946     		mov	r1, r3
 590 0088 7868     		ldr	r0, [r7, #4]
 591 008a FFF7FEFF 		bl	USBD_LL_StallEP
 287:Middlewares/ST/STM32_USB_Device_Library/Core/Src/usbd_core.c ****       break;
 592              		.loc 1 287 7
 593 008e 00BF     		nop
 594              	.L28:
 288:Middlewares/ST/STM32_USB_Device_Library/Core/Src/usbd_core.c ****   }
 289:Middlewares/ST/STM32_USB_Device_Library/Core/Src/usbd_core.c **** 
 290:Middlewares/ST/STM32_USB_Device_Library/Core/Src/usbd_core.c ****   return USBD_OK;
 595              		.loc 1 290 10
 596 0090 0023     		movs	r3, #0
 291:Middlewares/ST/STM32_USB_Device_Library/Core/Src/usbd_core.c **** }
 597              		.loc 1 291 1
 598 0092 1846     		mov	r0, r3
 599 0094 0837     		adds	r7, r7, #8
 600              	.LCFI45:
 601              		.cfi_def_cfa_offset 8
 602 0096 BD46     		mov	sp, r7
 603              	.LCFI46:
 604              		.cfi_def_cfa_register 13
 605              		@ sp needed
 606 0098 80BD     		pop	{r7, pc}
 607              		.cfi_endproc
 608              	.LFE76:
 610              		.section	.text.USBD_LL_DataOutStage,"ax",%progbits
 611              		.align	1
 612              		.global	USBD_LL_DataOutStage
 613              		.syntax unified
 614              		.thumb
 615              		.thumb_func
 617              	USBD_LL_DataOutStage:
 618              	.LFB77:
 292:Middlewares/ST/STM32_USB_Device_Library/Core/Src/usbd_core.c **** 
 293:Middlewares/ST/STM32_USB_Device_Library/Core/Src/usbd_core.c **** /**
 294:Middlewares/ST/STM32_USB_Device_Library/Core/Src/usbd_core.c **** * @brief  USBD_DataOutStage
 295:Middlewares/ST/STM32_USB_Device_Library/Core/Src/usbd_core.c **** *         Handle data OUT stage
 296:Middlewares/ST/STM32_USB_Device_Library/Core/Src/usbd_core.c **** * @param  pdev: device instance
 297:Middlewares/ST/STM32_USB_Device_Library/Core/Src/usbd_core.c **** * @param  epnum: endpoint index
 298:Middlewares/ST/STM32_USB_Device_Library/Core/Src/usbd_core.c **** * @retval status
 299:Middlewares/ST/STM32_USB_Device_Library/Core/Src/usbd_core.c **** */
 300:Middlewares/ST/STM32_USB_Device_Library/Core/Src/usbd_core.c **** USBD_StatusTypeDef USBD_LL_DataOutStage(USBD_HandleTypeDef *pdev,
 301:Middlewares/ST/STM32_USB_Device_Library/Core/Src/usbd_core.c ****                                         uint8_t epnum, uint8_t *pdata)
 302:Middlewares/ST/STM32_USB_Device_Library/Core/Src/usbd_core.c **** {
 619              		.loc 1 302 1
 620              		.cfi_startproc
 621              		@ args = 0, pretend = 0, frame = 24
 622              		@ frame_needed = 1, uses_anonymous_args = 0
 623 0000 80B5     		push	{r7, lr}
 624              	.LCFI47:
 625              		.cfi_def_cfa_offset 8
 626              		.cfi_offset 7, -8
 627              		.cfi_offset 14, -4
 628 0002 86B0     		sub	sp, sp, #24
 629              	.LCFI48:
ARM GAS  /var/folders/xf/tcndk8390ml5xdpfw93qkhpm0000gn/T//ccsejOzi.s 			page 17


 630              		.cfi_def_cfa_offset 32
 631 0004 00AF     		add	r7, sp, #0
 632              	.LCFI49:
 633              		.cfi_def_cfa_register 7
 634 0006 F860     		str	r0, [r7, #12]
 635 0008 0B46     		mov	r3, r1
 636 000a 7A60     		str	r2, [r7, #4]
 637 000c FB72     		strb	r3, [r7, #11]
 303:Middlewares/ST/STM32_USB_Device_Library/Core/Src/usbd_core.c ****   USBD_EndpointTypeDef *pep;
 304:Middlewares/ST/STM32_USB_Device_Library/Core/Src/usbd_core.c **** 
 305:Middlewares/ST/STM32_USB_Device_Library/Core/Src/usbd_core.c ****   if (epnum == 0U)
 638              		.loc 1 305 6
 639 000e FB7A     		ldrb	r3, [r7, #11]	@ zero_extendqisi2
 640 0010 002B     		cmp	r3, #0
 641 0012 4BD1     		bne	.L31
 306:Middlewares/ST/STM32_USB_Device_Library/Core/Src/usbd_core.c ****   {
 307:Middlewares/ST/STM32_USB_Device_Library/Core/Src/usbd_core.c ****     pep = &pdev->ep_out[0];
 642              		.loc 1 307 9
 643 0014 FB68     		ldr	r3, [r7, #12]
 644 0016 03F5AA73 		add	r3, r3, #340
 645 001a 7B61     		str	r3, [r7, #20]
 308:Middlewares/ST/STM32_USB_Device_Library/Core/Src/usbd_core.c **** 
 309:Middlewares/ST/STM32_USB_Device_Library/Core/Src/usbd_core.c ****     if (pdev->ep0_state == USBD_EP0_DATA_OUT)
 646              		.loc 1 309 13
 647 001c FB68     		ldr	r3, [r7, #12]
 648 001e D3F89432 		ldr	r3, [r3, #660]
 649              		.loc 1 309 8
 650 0022 032B     		cmp	r3, #3
 651 0024 34D1     		bne	.L32
 310:Middlewares/ST/STM32_USB_Device_Library/Core/Src/usbd_core.c ****     {
 311:Middlewares/ST/STM32_USB_Device_Library/Core/Src/usbd_core.c ****       if (pep->rem_length > pep->maxpacket)
 652              		.loc 1 311 14
 653 0026 7B69     		ldr	r3, [r7, #20]
 654 0028 DA68     		ldr	r2, [r3, #12]
 655              		.loc 1 311 32
 656 002a 7B69     		ldr	r3, [r7, #20]
 657 002c 1B69     		ldr	r3, [r3, #16]
 658              		.loc 1 311 10
 659 002e 9A42     		cmp	r2, r3
 660 0030 19D9     		bls	.L33
 312:Middlewares/ST/STM32_USB_Device_Library/Core/Src/usbd_core.c ****       {
 313:Middlewares/ST/STM32_USB_Device_Library/Core/Src/usbd_core.c ****         pep->rem_length -= pep->maxpacket;
 661              		.loc 1 313 25
 662 0032 7B69     		ldr	r3, [r7, #20]
 663 0034 DA68     		ldr	r2, [r3, #12]
 664              		.loc 1 313 31
 665 0036 7B69     		ldr	r3, [r7, #20]
 666 0038 1B69     		ldr	r3, [r3, #16]
 667              		.loc 1 313 25
 668 003a D21A     		subs	r2, r2, r3
 669 003c 7B69     		ldr	r3, [r7, #20]
 670 003e DA60     		str	r2, [r3, #12]
 314:Middlewares/ST/STM32_USB_Device_Library/Core/Src/usbd_core.c **** 
 315:Middlewares/ST/STM32_USB_Device_Library/Core/Src/usbd_core.c ****         USBD_CtlContinueRx(pdev, pdata,
 316:Middlewares/ST/STM32_USB_Device_Library/Core/Src/usbd_core.c ****                            (uint16_t)MIN(pep->rem_length, pep->maxpacket));
 671              		.loc 1 316 38
 672 0040 7B69     		ldr	r3, [r7, #20]
ARM GAS  /var/folders/xf/tcndk8390ml5xdpfw93qkhpm0000gn/T//ccsejOzi.s 			page 18


 673 0042 DA68     		ldr	r2, [r3, #12]
 674 0044 7B69     		ldr	r3, [r7, #20]
 675 0046 1B69     		ldr	r3, [r3, #16]
 315:Middlewares/ST/STM32_USB_Device_Library/Core/Src/usbd_core.c ****                            (uint16_t)MIN(pep->rem_length, pep->maxpacket));
 676              		.loc 1 315 9
 677 0048 9A42     		cmp	r2, r3
 678 004a 03D2     		bcs	.L34
 679              		.loc 1 316 38 discriminator 1
 680 004c 7B69     		ldr	r3, [r7, #20]
 681 004e DB68     		ldr	r3, [r3, #12]
 315:Middlewares/ST/STM32_USB_Device_Library/Core/Src/usbd_core.c ****                            (uint16_t)MIN(pep->rem_length, pep->maxpacket));
 682              		.loc 1 315 9 discriminator 1
 683 0050 9BB2     		uxth	r3, r3
 684 0052 02E0     		b	.L35
 685              	.L34:
 686              		.loc 1 316 38 discriminator 2
 687 0054 7B69     		ldr	r3, [r7, #20]
 688 0056 1B69     		ldr	r3, [r3, #16]
 315:Middlewares/ST/STM32_USB_Device_Library/Core/Src/usbd_core.c ****                            (uint16_t)MIN(pep->rem_length, pep->maxpacket));
 689              		.loc 1 315 9 discriminator 2
 690 0058 9BB2     		uxth	r3, r3
 691              	.L35:
 315:Middlewares/ST/STM32_USB_Device_Library/Core/Src/usbd_core.c ****                            (uint16_t)MIN(pep->rem_length, pep->maxpacket));
 692              		.loc 1 315 9 is_stmt 0 discriminator 4
 693 005a 1A46     		mov	r2, r3
 694 005c 7968     		ldr	r1, [r7, #4]
 695 005e F868     		ldr	r0, [r7, #12]
 696 0060 FFF7FEFF 		bl	USBD_CtlContinueRx
 697 0064 38E0     		b	.L36
 698              	.L33:
 317:Middlewares/ST/STM32_USB_Device_Library/Core/Src/usbd_core.c ****       }
 318:Middlewares/ST/STM32_USB_Device_Library/Core/Src/usbd_core.c ****       else
 319:Middlewares/ST/STM32_USB_Device_Library/Core/Src/usbd_core.c ****       {
 320:Middlewares/ST/STM32_USB_Device_Library/Core/Src/usbd_core.c ****         if ((pdev->pClass->EP0_RxReady != NULL) &&
 699              		.loc 1 320 18 is_stmt 1
 700 0066 FB68     		ldr	r3, [r7, #12]
 701 0068 D3F8B432 		ldr	r3, [r3, #692]
 702              		.loc 1 320 26
 703 006c 1B69     		ldr	r3, [r3, #16]
 704              		.loc 1 320 12
 705 006e 002B     		cmp	r3, #0
 706 0070 0AD0     		beq	.L37
 321:Middlewares/ST/STM32_USB_Device_Library/Core/Src/usbd_core.c ****             (pdev->dev_state == USBD_STATE_CONFIGURED))
 707              		.loc 1 321 18 discriminator 1
 708 0072 FB68     		ldr	r3, [r7, #12]
 709 0074 93F89C32 		ldrb	r3, [r3, #668]	@ zero_extendqisi2
 320:Middlewares/ST/STM32_USB_Device_Library/Core/Src/usbd_core.c ****             (pdev->dev_state == USBD_STATE_CONFIGURED))
 710              		.loc 1 320 49 discriminator 1
 711 0078 032B     		cmp	r3, #3
 712 007a 05D1     		bne	.L37
 322:Middlewares/ST/STM32_USB_Device_Library/Core/Src/usbd_core.c ****         {
 323:Middlewares/ST/STM32_USB_Device_Library/Core/Src/usbd_core.c ****           pdev->pClass->EP0_RxReady(pdev);
 713              		.loc 1 323 15
 714 007c FB68     		ldr	r3, [r7, #12]
 715 007e D3F8B432 		ldr	r3, [r3, #692]
 716              		.loc 1 323 23
 717 0082 1B69     		ldr	r3, [r3, #16]
ARM GAS  /var/folders/xf/tcndk8390ml5xdpfw93qkhpm0000gn/T//ccsejOzi.s 			page 19


 718              		.loc 1 323 11
 719 0084 F868     		ldr	r0, [r7, #12]
 720 0086 9847     		blx	r3
 721              	.LVL4:
 722              	.L37:
 324:Middlewares/ST/STM32_USB_Device_Library/Core/Src/usbd_core.c ****         }
 325:Middlewares/ST/STM32_USB_Device_Library/Core/Src/usbd_core.c ****         USBD_CtlSendStatus(pdev);
 723              		.loc 1 325 9
 724 0088 F868     		ldr	r0, [r7, #12]
 725 008a FFF7FEFF 		bl	USBD_CtlSendStatus
 726 008e 23E0     		b	.L36
 727              	.L32:
 326:Middlewares/ST/STM32_USB_Device_Library/Core/Src/usbd_core.c ****       }
 327:Middlewares/ST/STM32_USB_Device_Library/Core/Src/usbd_core.c ****     }
 328:Middlewares/ST/STM32_USB_Device_Library/Core/Src/usbd_core.c ****     else
 329:Middlewares/ST/STM32_USB_Device_Library/Core/Src/usbd_core.c ****     {
 330:Middlewares/ST/STM32_USB_Device_Library/Core/Src/usbd_core.c ****       if (pdev->ep0_state == USBD_EP0_STATUS_OUT)
 728              		.loc 1 330 15
 729 0090 FB68     		ldr	r3, [r7, #12]
 730 0092 D3F89432 		ldr	r3, [r3, #660]
 731              		.loc 1 330 10
 732 0096 052B     		cmp	r3, #5
 733 0098 1ED1     		bne	.L36
 331:Middlewares/ST/STM32_USB_Device_Library/Core/Src/usbd_core.c ****       {
 332:Middlewares/ST/STM32_USB_Device_Library/Core/Src/usbd_core.c ****         /*
 333:Middlewares/ST/STM32_USB_Device_Library/Core/Src/usbd_core.c ****          * STATUS PHASE completed, update ep0_state to idle
 334:Middlewares/ST/STM32_USB_Device_Library/Core/Src/usbd_core.c ****          */
 335:Middlewares/ST/STM32_USB_Device_Library/Core/Src/usbd_core.c ****         pdev->ep0_state = USBD_EP0_IDLE;
 734              		.loc 1 335 25
 735 009a FB68     		ldr	r3, [r7, #12]
 736 009c 0022     		movs	r2, #0
 737 009e C3F89422 		str	r2, [r3, #660]
 336:Middlewares/ST/STM32_USB_Device_Library/Core/Src/usbd_core.c ****         USBD_LL_StallEP(pdev, 0U);
 738              		.loc 1 336 9
 739 00a2 0021     		movs	r1, #0
 740 00a4 F868     		ldr	r0, [r7, #12]
 741 00a6 FFF7FEFF 		bl	USBD_LL_StallEP
 742 00aa 15E0     		b	.L36
 743              	.L31:
 337:Middlewares/ST/STM32_USB_Device_Library/Core/Src/usbd_core.c ****       }
 338:Middlewares/ST/STM32_USB_Device_Library/Core/Src/usbd_core.c ****     }
 339:Middlewares/ST/STM32_USB_Device_Library/Core/Src/usbd_core.c ****   }
 340:Middlewares/ST/STM32_USB_Device_Library/Core/Src/usbd_core.c ****   else if ((pdev->pClass->DataOut != NULL) &&
 744              		.loc 1 340 17
 745 00ac FB68     		ldr	r3, [r7, #12]
 746 00ae D3F8B432 		ldr	r3, [r3, #692]
 747              		.loc 1 340 25
 748 00b2 9B69     		ldr	r3, [r3, #24]
 749              		.loc 1 340 11
 750 00b4 002B     		cmp	r3, #0
 751 00b6 0DD0     		beq	.L38
 341:Middlewares/ST/STM32_USB_Device_Library/Core/Src/usbd_core.c ****            (pdev->dev_state == USBD_STATE_CONFIGURED))
 752              		.loc 1 341 17 discriminator 1
 753 00b8 FB68     		ldr	r3, [r7, #12]
 754 00ba 93F89C32 		ldrb	r3, [r3, #668]	@ zero_extendqisi2
 340:Middlewares/ST/STM32_USB_Device_Library/Core/Src/usbd_core.c ****            (pdev->dev_state == USBD_STATE_CONFIGURED))
 755              		.loc 1 340 44 discriminator 1
ARM GAS  /var/folders/xf/tcndk8390ml5xdpfw93qkhpm0000gn/T//ccsejOzi.s 			page 20


 756 00be 032B     		cmp	r3, #3
 757 00c0 08D1     		bne	.L38
 342:Middlewares/ST/STM32_USB_Device_Library/Core/Src/usbd_core.c ****   {
 343:Middlewares/ST/STM32_USB_Device_Library/Core/Src/usbd_core.c ****     pdev->pClass->DataOut(pdev, epnum);
 758              		.loc 1 343 9
 759 00c2 FB68     		ldr	r3, [r7, #12]
 760 00c4 D3F8B432 		ldr	r3, [r3, #692]
 761              		.loc 1 343 17
 762 00c8 9B69     		ldr	r3, [r3, #24]
 763              		.loc 1 343 5
 764 00ca FA7A     		ldrb	r2, [r7, #11]	@ zero_extendqisi2
 765 00cc 1146     		mov	r1, r2
 766 00ce F868     		ldr	r0, [r7, #12]
 767 00d0 9847     		blx	r3
 768              	.LVL5:
 769 00d2 01E0     		b	.L36
 770              	.L38:
 344:Middlewares/ST/STM32_USB_Device_Library/Core/Src/usbd_core.c ****   }
 345:Middlewares/ST/STM32_USB_Device_Library/Core/Src/usbd_core.c ****   else
 346:Middlewares/ST/STM32_USB_Device_Library/Core/Src/usbd_core.c ****   {
 347:Middlewares/ST/STM32_USB_Device_Library/Core/Src/usbd_core.c ****     /* should never be in this condition */
 348:Middlewares/ST/STM32_USB_Device_Library/Core/Src/usbd_core.c ****     return USBD_FAIL;
 771              		.loc 1 348 12
 772 00d4 0223     		movs	r3, #2
 773 00d6 00E0     		b	.L39
 774              	.L36:
 349:Middlewares/ST/STM32_USB_Device_Library/Core/Src/usbd_core.c ****   }
 350:Middlewares/ST/STM32_USB_Device_Library/Core/Src/usbd_core.c **** 
 351:Middlewares/ST/STM32_USB_Device_Library/Core/Src/usbd_core.c ****   return USBD_OK;
 775              		.loc 1 351 10
 776 00d8 0023     		movs	r3, #0
 777              	.L39:
 352:Middlewares/ST/STM32_USB_Device_Library/Core/Src/usbd_core.c **** }
 778              		.loc 1 352 1
 779 00da 1846     		mov	r0, r3
 780 00dc 1837     		adds	r7, r7, #24
 781              	.LCFI50:
 782              		.cfi_def_cfa_offset 8
 783 00de BD46     		mov	sp, r7
 784              	.LCFI51:
 785              		.cfi_def_cfa_register 13
 786              		@ sp needed
 787 00e0 80BD     		pop	{r7, pc}
 788              		.cfi_endproc
 789              	.LFE77:
 791              		.section	.text.USBD_LL_DataInStage,"ax",%progbits
 792              		.align	1
 793              		.global	USBD_LL_DataInStage
 794              		.syntax unified
 795              		.thumb
 796              		.thumb_func
 798              	USBD_LL_DataInStage:
 799              	.LFB78:
 353:Middlewares/ST/STM32_USB_Device_Library/Core/Src/usbd_core.c **** 
 354:Middlewares/ST/STM32_USB_Device_Library/Core/Src/usbd_core.c **** /**
 355:Middlewares/ST/STM32_USB_Device_Library/Core/Src/usbd_core.c **** * @brief  USBD_DataInStage
 356:Middlewares/ST/STM32_USB_Device_Library/Core/Src/usbd_core.c **** *         Handle data in stage
ARM GAS  /var/folders/xf/tcndk8390ml5xdpfw93qkhpm0000gn/T//ccsejOzi.s 			page 21


 357:Middlewares/ST/STM32_USB_Device_Library/Core/Src/usbd_core.c **** * @param  pdev: device instance
 358:Middlewares/ST/STM32_USB_Device_Library/Core/Src/usbd_core.c **** * @param  epnum: endpoint index
 359:Middlewares/ST/STM32_USB_Device_Library/Core/Src/usbd_core.c **** * @retval status
 360:Middlewares/ST/STM32_USB_Device_Library/Core/Src/usbd_core.c **** */
 361:Middlewares/ST/STM32_USB_Device_Library/Core/Src/usbd_core.c **** USBD_StatusTypeDef USBD_LL_DataInStage(USBD_HandleTypeDef *pdev,
 362:Middlewares/ST/STM32_USB_Device_Library/Core/Src/usbd_core.c ****                                        uint8_t epnum, uint8_t *pdata)
 363:Middlewares/ST/STM32_USB_Device_Library/Core/Src/usbd_core.c **** {
 800              		.loc 1 363 1
 801              		.cfi_startproc
 802              		@ args = 0, pretend = 0, frame = 24
 803              		@ frame_needed = 1, uses_anonymous_args = 0
 804 0000 80B5     		push	{r7, lr}
 805              	.LCFI52:
 806              		.cfi_def_cfa_offset 8
 807              		.cfi_offset 7, -8
 808              		.cfi_offset 14, -4
 809 0002 86B0     		sub	sp, sp, #24
 810              	.LCFI53:
 811              		.cfi_def_cfa_offset 32
 812 0004 00AF     		add	r7, sp, #0
 813              	.LCFI54:
 814              		.cfi_def_cfa_register 7
 815 0006 F860     		str	r0, [r7, #12]
 816 0008 0B46     		mov	r3, r1
 817 000a 7A60     		str	r2, [r7, #4]
 818 000c FB72     		strb	r3, [r7, #11]
 364:Middlewares/ST/STM32_USB_Device_Library/Core/Src/usbd_core.c ****   USBD_EndpointTypeDef *pep;
 365:Middlewares/ST/STM32_USB_Device_Library/Core/Src/usbd_core.c **** 
 366:Middlewares/ST/STM32_USB_Device_Library/Core/Src/usbd_core.c ****   if (epnum == 0U)
 819              		.loc 1 366 6
 820 000e FB7A     		ldrb	r3, [r7, #11]	@ zero_extendqisi2
 821 0010 002B     		cmp	r3, #0
 822 0012 7FD1     		bne	.L41
 367:Middlewares/ST/STM32_USB_Device_Library/Core/Src/usbd_core.c ****   {
 368:Middlewares/ST/STM32_USB_Device_Library/Core/Src/usbd_core.c ****     pep = &pdev->ep_in[0];
 823              		.loc 1 368 9
 824 0014 FB68     		ldr	r3, [r7, #12]
 825 0016 1433     		adds	r3, r3, #20
 826 0018 7B61     		str	r3, [r7, #20]
 369:Middlewares/ST/STM32_USB_Device_Library/Core/Src/usbd_core.c **** 
 370:Middlewares/ST/STM32_USB_Device_Library/Core/Src/usbd_core.c ****     if (pdev->ep0_state == USBD_EP0_DATA_IN)
 827              		.loc 1 370 13
 828 001a FB68     		ldr	r3, [r7, #12]
 829 001c D3F89432 		ldr	r3, [r3, #660]
 830              		.loc 1 370 8
 831 0020 022B     		cmp	r3, #2
 832 0022 5CD1     		bne	.L42
 371:Middlewares/ST/STM32_USB_Device_Library/Core/Src/usbd_core.c ****     {
 372:Middlewares/ST/STM32_USB_Device_Library/Core/Src/usbd_core.c ****       if (pep->rem_length > pep->maxpacket)
 833              		.loc 1 372 14
 834 0024 7B69     		ldr	r3, [r7, #20]
 835 0026 DA68     		ldr	r2, [r3, #12]
 836              		.loc 1 372 32
 837 0028 7B69     		ldr	r3, [r7, #20]
 838 002a 1B69     		ldr	r3, [r3, #16]
 839              		.loc 1 372 10
 840 002c 9A42     		cmp	r2, r3
ARM GAS  /var/folders/xf/tcndk8390ml5xdpfw93qkhpm0000gn/T//ccsejOzi.s 			page 22


 841 002e 15D9     		bls	.L43
 373:Middlewares/ST/STM32_USB_Device_Library/Core/Src/usbd_core.c ****       {
 374:Middlewares/ST/STM32_USB_Device_Library/Core/Src/usbd_core.c ****         pep->rem_length -= pep->maxpacket;
 842              		.loc 1 374 25
 843 0030 7B69     		ldr	r3, [r7, #20]
 844 0032 DA68     		ldr	r2, [r3, #12]
 845              		.loc 1 374 31
 846 0034 7B69     		ldr	r3, [r7, #20]
 847 0036 1B69     		ldr	r3, [r3, #16]
 848              		.loc 1 374 25
 849 0038 D21A     		subs	r2, r2, r3
 850 003a 7B69     		ldr	r3, [r7, #20]
 851 003c DA60     		str	r2, [r3, #12]
 375:Middlewares/ST/STM32_USB_Device_Library/Core/Src/usbd_core.c **** 
 376:Middlewares/ST/STM32_USB_Device_Library/Core/Src/usbd_core.c ****         USBD_CtlContinueSendData(pdev, pdata, (uint16_t)pep->rem_length);
 852              		.loc 1 376 60
 853 003e 7B69     		ldr	r3, [r7, #20]
 854 0040 DB68     		ldr	r3, [r3, #12]
 855              		.loc 1 376 9
 856 0042 9BB2     		uxth	r3, r3
 857 0044 1A46     		mov	r2, r3
 858 0046 7968     		ldr	r1, [r7, #4]
 859 0048 F868     		ldr	r0, [r7, #12]
 860 004a FFF7FEFF 		bl	USBD_CtlContinueSendData
 377:Middlewares/ST/STM32_USB_Device_Library/Core/Src/usbd_core.c **** 
 378:Middlewares/ST/STM32_USB_Device_Library/Core/Src/usbd_core.c ****         /* Prepare endpoint for premature end of transfer */
 379:Middlewares/ST/STM32_USB_Device_Library/Core/Src/usbd_core.c ****         USBD_LL_PrepareReceive(pdev, 0U, NULL, 0U);
 861              		.loc 1 379 9
 862 004e 0023     		movs	r3, #0
 863 0050 0022     		movs	r2, #0
 864 0052 0021     		movs	r1, #0
 865 0054 F868     		ldr	r0, [r7, #12]
 866 0056 FFF7FEFF 		bl	USBD_LL_PrepareReceive
 867 005a 4EE0     		b	.L47
 868              	.L43:
 380:Middlewares/ST/STM32_USB_Device_Library/Core/Src/usbd_core.c ****       }
 381:Middlewares/ST/STM32_USB_Device_Library/Core/Src/usbd_core.c ****       else
 382:Middlewares/ST/STM32_USB_Device_Library/Core/Src/usbd_core.c ****       {
 383:Middlewares/ST/STM32_USB_Device_Library/Core/Src/usbd_core.c ****         /* last packet is MPS multiple, so send ZLP packet */
 384:Middlewares/ST/STM32_USB_Device_Library/Core/Src/usbd_core.c ****         if ((pep->total_length % pep->maxpacket == 0U) &&
 869              		.loc 1 384 17
 870 005c 7B69     		ldr	r3, [r7, #20]
 871 005e 9B68     		ldr	r3, [r3, #8]
 872              		.loc 1 384 37
 873 0060 7A69     		ldr	r2, [r7, #20]
 874 0062 1269     		ldr	r2, [r2, #16]
 875              		.loc 1 384 32
 876 0064 B3FBF2F1 		udiv	r1, r3, r2
 877 0068 01FB02F2 		mul	r2, r1, r2
 878 006c 9B1A     		subs	r3, r3, r2
 879              		.loc 1 384 12
 880 006e 002B     		cmp	r3, #0
 881 0070 1CD1     		bne	.L45
 385:Middlewares/ST/STM32_USB_Device_Library/Core/Src/usbd_core.c ****             (pep->total_length >= pep->maxpacket) &&
 882              		.loc 1 385 17 discriminator 1
 883 0072 7B69     		ldr	r3, [r7, #20]
 884 0074 9A68     		ldr	r2, [r3, #8]
ARM GAS  /var/folders/xf/tcndk8390ml5xdpfw93qkhpm0000gn/T//ccsejOzi.s 			page 23


 885              		.loc 1 385 38 discriminator 1
 886 0076 7B69     		ldr	r3, [r7, #20]
 887 0078 1B69     		ldr	r3, [r3, #16]
 384:Middlewares/ST/STM32_USB_Device_Library/Core/Src/usbd_core.c ****             (pep->total_length >= pep->maxpacket) &&
 888              		.loc 1 384 56 discriminator 1
 889 007a 9A42     		cmp	r2, r3
 890 007c 16D3     		bcc	.L45
 386:Middlewares/ST/STM32_USB_Device_Library/Core/Src/usbd_core.c ****             (pep->total_length < pdev->ep0_data_len))
 891              		.loc 1 386 17
 892 007e 7B69     		ldr	r3, [r7, #20]
 893 0080 9A68     		ldr	r2, [r3, #8]
 894              		.loc 1 386 38
 895 0082 FB68     		ldr	r3, [r7, #12]
 896 0084 D3F89832 		ldr	r3, [r3, #664]
 385:Middlewares/ST/STM32_USB_Device_Library/Core/Src/usbd_core.c ****             (pep->total_length >= pep->maxpacket) &&
 897              		.loc 1 385 51
 898 0088 9A42     		cmp	r2, r3
 899 008a 0FD2     		bcs	.L45
 387:Middlewares/ST/STM32_USB_Device_Library/Core/Src/usbd_core.c ****         {
 388:Middlewares/ST/STM32_USB_Device_Library/Core/Src/usbd_core.c ****           USBD_CtlContinueSendData(pdev, NULL, 0U);
 900              		.loc 1 388 11
 901 008c 0022     		movs	r2, #0
 902 008e 0021     		movs	r1, #0
 903 0090 F868     		ldr	r0, [r7, #12]
 904 0092 FFF7FEFF 		bl	USBD_CtlContinueSendData
 389:Middlewares/ST/STM32_USB_Device_Library/Core/Src/usbd_core.c ****           pdev->ep0_data_len = 0U;
 905              		.loc 1 389 30
 906 0096 FB68     		ldr	r3, [r7, #12]
 907 0098 0022     		movs	r2, #0
 908 009a C3F89822 		str	r2, [r3, #664]
 390:Middlewares/ST/STM32_USB_Device_Library/Core/Src/usbd_core.c **** 
 391:Middlewares/ST/STM32_USB_Device_Library/Core/Src/usbd_core.c ****           /* Prepare endpoint for premature end of transfer */
 392:Middlewares/ST/STM32_USB_Device_Library/Core/Src/usbd_core.c ****           USBD_LL_PrepareReceive(pdev, 0U, NULL, 0U);
 909              		.loc 1 392 11
 910 009e 0023     		movs	r3, #0
 911 00a0 0022     		movs	r2, #0
 912 00a2 0021     		movs	r1, #0
 913 00a4 F868     		ldr	r0, [r7, #12]
 914 00a6 FFF7FEFF 		bl	USBD_LL_PrepareReceive
 915 00aa 26E0     		b	.L47
 916              	.L45:
 393:Middlewares/ST/STM32_USB_Device_Library/Core/Src/usbd_core.c ****         }
 394:Middlewares/ST/STM32_USB_Device_Library/Core/Src/usbd_core.c ****         else
 395:Middlewares/ST/STM32_USB_Device_Library/Core/Src/usbd_core.c ****         {
 396:Middlewares/ST/STM32_USB_Device_Library/Core/Src/usbd_core.c ****           if ((pdev->pClass->EP0_TxSent != NULL) &&
 917              		.loc 1 396 20
 918 00ac FB68     		ldr	r3, [r7, #12]
 919 00ae D3F8B432 		ldr	r3, [r3, #692]
 920              		.loc 1 396 28
 921 00b2 DB68     		ldr	r3, [r3, #12]
 922              		.loc 1 396 14
 923 00b4 002B     		cmp	r3, #0
 924 00b6 0AD0     		beq	.L46
 397:Middlewares/ST/STM32_USB_Device_Library/Core/Src/usbd_core.c ****               (pdev->dev_state == USBD_STATE_CONFIGURED))
 925              		.loc 1 397 20 discriminator 1
 926 00b8 FB68     		ldr	r3, [r7, #12]
 927 00ba 93F89C32 		ldrb	r3, [r3, #668]	@ zero_extendqisi2
ARM GAS  /var/folders/xf/tcndk8390ml5xdpfw93qkhpm0000gn/T//ccsejOzi.s 			page 24


 396:Middlewares/ST/STM32_USB_Device_Library/Core/Src/usbd_core.c ****               (pdev->dev_state == USBD_STATE_CONFIGURED))
 928              		.loc 1 396 50 discriminator 1
 929 00be 032B     		cmp	r3, #3
 930 00c0 05D1     		bne	.L46
 398:Middlewares/ST/STM32_USB_Device_Library/Core/Src/usbd_core.c ****           {
 399:Middlewares/ST/STM32_USB_Device_Library/Core/Src/usbd_core.c ****             pdev->pClass->EP0_TxSent(pdev);
 931              		.loc 1 399 17
 932 00c2 FB68     		ldr	r3, [r7, #12]
 933 00c4 D3F8B432 		ldr	r3, [r3, #692]
 934              		.loc 1 399 25
 935 00c8 DB68     		ldr	r3, [r3, #12]
 936              		.loc 1 399 13
 937 00ca F868     		ldr	r0, [r7, #12]
 938 00cc 9847     		blx	r3
 939              	.LVL6:
 940              	.L46:
 400:Middlewares/ST/STM32_USB_Device_Library/Core/Src/usbd_core.c ****           }
 401:Middlewares/ST/STM32_USB_Device_Library/Core/Src/usbd_core.c ****           USBD_LL_StallEP(pdev, 0x80U);
 941              		.loc 1 401 11
 942 00ce 8021     		movs	r1, #128
 943 00d0 F868     		ldr	r0, [r7, #12]
 944 00d2 FFF7FEFF 		bl	USBD_LL_StallEP
 402:Middlewares/ST/STM32_USB_Device_Library/Core/Src/usbd_core.c ****           USBD_CtlReceiveStatus(pdev);
 945              		.loc 1 402 11
 946 00d6 F868     		ldr	r0, [r7, #12]
 947 00d8 FFF7FEFF 		bl	USBD_CtlReceiveStatus
 948 00dc 0DE0     		b	.L47
 949              	.L42:
 403:Middlewares/ST/STM32_USB_Device_Library/Core/Src/usbd_core.c ****         }
 404:Middlewares/ST/STM32_USB_Device_Library/Core/Src/usbd_core.c ****       }
 405:Middlewares/ST/STM32_USB_Device_Library/Core/Src/usbd_core.c ****     }
 406:Middlewares/ST/STM32_USB_Device_Library/Core/Src/usbd_core.c ****     else
 407:Middlewares/ST/STM32_USB_Device_Library/Core/Src/usbd_core.c ****     {
 408:Middlewares/ST/STM32_USB_Device_Library/Core/Src/usbd_core.c ****       if ((pdev->ep0_state == USBD_EP0_STATUS_IN) ||
 950              		.loc 1 408 16
 951 00de FB68     		ldr	r3, [r7, #12]
 952 00e0 D3F89432 		ldr	r3, [r3, #660]
 953              		.loc 1 408 10
 954 00e4 042B     		cmp	r3, #4
 955 00e6 04D0     		beq	.L48
 409:Middlewares/ST/STM32_USB_Device_Library/Core/Src/usbd_core.c ****           (pdev->ep0_state == USBD_EP0_IDLE))
 956              		.loc 1 409 16 discriminator 1
 957 00e8 FB68     		ldr	r3, [r7, #12]
 958 00ea D3F89432 		ldr	r3, [r3, #660]
 408:Middlewares/ST/STM32_USB_Device_Library/Core/Src/usbd_core.c ****           (pdev->ep0_state == USBD_EP0_IDLE))
 959              		.loc 1 408 51 discriminator 1
 960 00ee 002B     		cmp	r3, #0
 961 00f0 03D1     		bne	.L47
 962              	.L48:
 410:Middlewares/ST/STM32_USB_Device_Library/Core/Src/usbd_core.c ****       {
 411:Middlewares/ST/STM32_USB_Device_Library/Core/Src/usbd_core.c ****         USBD_LL_StallEP(pdev, 0x80U);
 963              		.loc 1 411 9
 964 00f2 8021     		movs	r1, #128
 965 00f4 F868     		ldr	r0, [r7, #12]
 966 00f6 FFF7FEFF 		bl	USBD_LL_StallEP
 967              	.L47:
 412:Middlewares/ST/STM32_USB_Device_Library/Core/Src/usbd_core.c ****       }
ARM GAS  /var/folders/xf/tcndk8390ml5xdpfw93qkhpm0000gn/T//ccsejOzi.s 			page 25


 413:Middlewares/ST/STM32_USB_Device_Library/Core/Src/usbd_core.c ****     }
 414:Middlewares/ST/STM32_USB_Device_Library/Core/Src/usbd_core.c **** 
 415:Middlewares/ST/STM32_USB_Device_Library/Core/Src/usbd_core.c ****     if (pdev->dev_test_mode == 1U)
 968              		.loc 1 415 13
 969 00fa FB68     		ldr	r3, [r7, #12]
 970 00fc 93F8A032 		ldrb	r3, [r3, #672]	@ zero_extendqisi2
 971              		.loc 1 415 8
 972 0100 012B     		cmp	r3, #1
 973 0102 1DD1     		bne	.L49
 416:Middlewares/ST/STM32_USB_Device_Library/Core/Src/usbd_core.c ****     {
 417:Middlewares/ST/STM32_USB_Device_Library/Core/Src/usbd_core.c ****       USBD_RunTestMode(pdev);
 974              		.loc 1 417 7
 975 0104 F868     		ldr	r0, [r7, #12]
 976 0106 FFF7FEFF 		bl	USBD_RunTestMode
 418:Middlewares/ST/STM32_USB_Device_Library/Core/Src/usbd_core.c ****       pdev->dev_test_mode = 0U;
 977              		.loc 1 418 27
 978 010a FB68     		ldr	r3, [r7, #12]
 979 010c 0022     		movs	r2, #0
 980 010e 83F8A022 		strb	r2, [r3, #672]
 981 0112 15E0     		b	.L49
 982              	.L41:
 419:Middlewares/ST/STM32_USB_Device_Library/Core/Src/usbd_core.c ****     }
 420:Middlewares/ST/STM32_USB_Device_Library/Core/Src/usbd_core.c ****   }
 421:Middlewares/ST/STM32_USB_Device_Library/Core/Src/usbd_core.c ****   else if ((pdev->pClass->DataIn != NULL) &&
 983              		.loc 1 421 17
 984 0114 FB68     		ldr	r3, [r7, #12]
 985 0116 D3F8B432 		ldr	r3, [r3, #692]
 986              		.loc 1 421 25
 987 011a 5B69     		ldr	r3, [r3, #20]
 988              		.loc 1 421 11
 989 011c 002B     		cmp	r3, #0
 990 011e 0DD0     		beq	.L50
 422:Middlewares/ST/STM32_USB_Device_Library/Core/Src/usbd_core.c ****            (pdev->dev_state == USBD_STATE_CONFIGURED))
 991              		.loc 1 422 17 discriminator 1
 992 0120 FB68     		ldr	r3, [r7, #12]
 993 0122 93F89C32 		ldrb	r3, [r3, #668]	@ zero_extendqisi2
 421:Middlewares/ST/STM32_USB_Device_Library/Core/Src/usbd_core.c ****            (pdev->dev_state == USBD_STATE_CONFIGURED))
 994              		.loc 1 421 43 discriminator 1
 995 0126 032B     		cmp	r3, #3
 996 0128 08D1     		bne	.L50
 423:Middlewares/ST/STM32_USB_Device_Library/Core/Src/usbd_core.c ****   {
 424:Middlewares/ST/STM32_USB_Device_Library/Core/Src/usbd_core.c ****     pdev->pClass->DataIn(pdev, epnum);
 997              		.loc 1 424 9
 998 012a FB68     		ldr	r3, [r7, #12]
 999 012c D3F8B432 		ldr	r3, [r3, #692]
 1000              		.loc 1 424 17
 1001 0130 5B69     		ldr	r3, [r3, #20]
 1002              		.loc 1 424 5
 1003 0132 FA7A     		ldrb	r2, [r7, #11]	@ zero_extendqisi2
 1004 0134 1146     		mov	r1, r2
 1005 0136 F868     		ldr	r0, [r7, #12]
 1006 0138 9847     		blx	r3
 1007              	.LVL7:
 1008 013a 01E0     		b	.L49
 1009              	.L50:
 425:Middlewares/ST/STM32_USB_Device_Library/Core/Src/usbd_core.c ****   }
 426:Middlewares/ST/STM32_USB_Device_Library/Core/Src/usbd_core.c ****   else
ARM GAS  /var/folders/xf/tcndk8390ml5xdpfw93qkhpm0000gn/T//ccsejOzi.s 			page 26


 427:Middlewares/ST/STM32_USB_Device_Library/Core/Src/usbd_core.c ****   {
 428:Middlewares/ST/STM32_USB_Device_Library/Core/Src/usbd_core.c ****     /* should never be in this condition */
 429:Middlewares/ST/STM32_USB_Device_Library/Core/Src/usbd_core.c ****     return USBD_FAIL;
 1010              		.loc 1 429 12
 1011 013c 0223     		movs	r3, #2
 1012 013e 00E0     		b	.L51
 1013              	.L49:
 430:Middlewares/ST/STM32_USB_Device_Library/Core/Src/usbd_core.c ****   }
 431:Middlewares/ST/STM32_USB_Device_Library/Core/Src/usbd_core.c **** 
 432:Middlewares/ST/STM32_USB_Device_Library/Core/Src/usbd_core.c ****   return USBD_OK;
 1014              		.loc 1 432 10
 1015 0140 0023     		movs	r3, #0
 1016              	.L51:
 433:Middlewares/ST/STM32_USB_Device_Library/Core/Src/usbd_core.c **** }
 1017              		.loc 1 433 1
 1018 0142 1846     		mov	r0, r3
 1019 0144 1837     		adds	r7, r7, #24
 1020              	.LCFI55:
 1021              		.cfi_def_cfa_offset 8
 1022 0146 BD46     		mov	sp, r7
 1023              	.LCFI56:
 1024              		.cfi_def_cfa_register 13
 1025              		@ sp needed
 1026 0148 80BD     		pop	{r7, pc}
 1027              		.cfi_endproc
 1028              	.LFE78:
 1030              		.section	.text.USBD_LL_Reset,"ax",%progbits
 1031              		.align	1
 1032              		.global	USBD_LL_Reset
 1033              		.syntax unified
 1034              		.thumb
 1035              		.thumb_func
 1037              	USBD_LL_Reset:
 1038              	.LFB79:
 434:Middlewares/ST/STM32_USB_Device_Library/Core/Src/usbd_core.c **** 
 435:Middlewares/ST/STM32_USB_Device_Library/Core/Src/usbd_core.c **** /**
 436:Middlewares/ST/STM32_USB_Device_Library/Core/Src/usbd_core.c **** * @brief  USBD_LL_Reset
 437:Middlewares/ST/STM32_USB_Device_Library/Core/Src/usbd_core.c **** *         Handle Reset event
 438:Middlewares/ST/STM32_USB_Device_Library/Core/Src/usbd_core.c **** * @param  pdev: device instance
 439:Middlewares/ST/STM32_USB_Device_Library/Core/Src/usbd_core.c **** * @retval status
 440:Middlewares/ST/STM32_USB_Device_Library/Core/Src/usbd_core.c **** */
 441:Middlewares/ST/STM32_USB_Device_Library/Core/Src/usbd_core.c **** 
 442:Middlewares/ST/STM32_USB_Device_Library/Core/Src/usbd_core.c **** USBD_StatusTypeDef USBD_LL_Reset(USBD_HandleTypeDef *pdev)
 443:Middlewares/ST/STM32_USB_Device_Library/Core/Src/usbd_core.c **** {
 1039              		.loc 1 443 1
 1040              		.cfi_startproc
 1041              		@ args = 0, pretend = 0, frame = 8
 1042              		@ frame_needed = 1, uses_anonymous_args = 0
 1043 0000 80B5     		push	{r7, lr}
 1044              	.LCFI57:
 1045              		.cfi_def_cfa_offset 8
 1046              		.cfi_offset 7, -8
 1047              		.cfi_offset 14, -4
 1048 0002 82B0     		sub	sp, sp, #8
 1049              	.LCFI58:
 1050              		.cfi_def_cfa_offset 16
 1051 0004 00AF     		add	r7, sp, #0
ARM GAS  /var/folders/xf/tcndk8390ml5xdpfw93qkhpm0000gn/T//ccsejOzi.s 			page 27


 1052              	.LCFI59:
 1053              		.cfi_def_cfa_register 7
 1054 0006 7860     		str	r0, [r7, #4]
 444:Middlewares/ST/STM32_USB_Device_Library/Core/Src/usbd_core.c ****   /* Open EP0 OUT */
 445:Middlewares/ST/STM32_USB_Device_Library/Core/Src/usbd_core.c ****   USBD_LL_OpenEP(pdev, 0x00U, USBD_EP_TYPE_CTRL, USB_MAX_EP0_SIZE);
 1055              		.loc 1 445 3
 1056 0008 4023     		movs	r3, #64
 1057 000a 0022     		movs	r2, #0
 1058 000c 0021     		movs	r1, #0
 1059 000e 7868     		ldr	r0, [r7, #4]
 1060 0010 FFF7FEFF 		bl	USBD_LL_OpenEP
 446:Middlewares/ST/STM32_USB_Device_Library/Core/Src/usbd_core.c ****   pdev->ep_out[0x00U & 0xFU].is_used = 1U;
 1061              		.loc 1 446 38
 1062 0014 7B68     		ldr	r3, [r7, #4]
 1063 0016 0122     		movs	r2, #1
 1064 0018 C3F85821 		str	r2, [r3, #344]
 447:Middlewares/ST/STM32_USB_Device_Library/Core/Src/usbd_core.c **** 
 448:Middlewares/ST/STM32_USB_Device_Library/Core/Src/usbd_core.c ****   pdev->ep_out[0].maxpacket = USB_MAX_EP0_SIZE;
 1065              		.loc 1 448 29
 1066 001c 7B68     		ldr	r3, [r7, #4]
 1067 001e 4022     		movs	r2, #64
 1068 0020 C3F86421 		str	r2, [r3, #356]
 449:Middlewares/ST/STM32_USB_Device_Library/Core/Src/usbd_core.c **** 
 450:Middlewares/ST/STM32_USB_Device_Library/Core/Src/usbd_core.c ****   /* Open EP0 IN */
 451:Middlewares/ST/STM32_USB_Device_Library/Core/Src/usbd_core.c ****   USBD_LL_OpenEP(pdev, 0x80U, USBD_EP_TYPE_CTRL, USB_MAX_EP0_SIZE);
 1069              		.loc 1 451 3
 1070 0024 4023     		movs	r3, #64
 1071 0026 0022     		movs	r2, #0
 1072 0028 8021     		movs	r1, #128
 1073 002a 7868     		ldr	r0, [r7, #4]
 1074 002c FFF7FEFF 		bl	USBD_LL_OpenEP
 452:Middlewares/ST/STM32_USB_Device_Library/Core/Src/usbd_core.c ****   pdev->ep_in[0x80U & 0xFU].is_used = 1U;
 1075              		.loc 1 452 37
 1076 0030 7B68     		ldr	r3, [r7, #4]
 1077 0032 0122     		movs	r2, #1
 1078 0034 9A61     		str	r2, [r3, #24]
 453:Middlewares/ST/STM32_USB_Device_Library/Core/Src/usbd_core.c **** 
 454:Middlewares/ST/STM32_USB_Device_Library/Core/Src/usbd_core.c ****   pdev->ep_in[0].maxpacket = USB_MAX_EP0_SIZE;
 1079              		.loc 1 454 28
 1080 0036 7B68     		ldr	r3, [r7, #4]
 1081 0038 4022     		movs	r2, #64
 1082 003a 5A62     		str	r2, [r3, #36]
 455:Middlewares/ST/STM32_USB_Device_Library/Core/Src/usbd_core.c **** 
 456:Middlewares/ST/STM32_USB_Device_Library/Core/Src/usbd_core.c ****   /* Upon Reset call user call back */
 457:Middlewares/ST/STM32_USB_Device_Library/Core/Src/usbd_core.c ****   pdev->dev_state = USBD_STATE_DEFAULT;
 1083              		.loc 1 457 19
 1084 003c 7B68     		ldr	r3, [r7, #4]
 1085 003e 0122     		movs	r2, #1
 1086 0040 83F89C22 		strb	r2, [r3, #668]
 458:Middlewares/ST/STM32_USB_Device_Library/Core/Src/usbd_core.c ****   pdev->ep0_state = USBD_EP0_IDLE;
 1087              		.loc 1 458 19
 1088 0044 7B68     		ldr	r3, [r7, #4]
 1089 0046 0022     		movs	r2, #0
 1090 0048 C3F89422 		str	r2, [r3, #660]
 459:Middlewares/ST/STM32_USB_Device_Library/Core/Src/usbd_core.c ****   pdev->dev_config = 0U;
 1091              		.loc 1 459 20
 1092 004c 7B68     		ldr	r3, [r7, #4]
ARM GAS  /var/folders/xf/tcndk8390ml5xdpfw93qkhpm0000gn/T//ccsejOzi.s 			page 28


 1093 004e 0022     		movs	r2, #0
 1094 0050 5A60     		str	r2, [r3, #4]
 460:Middlewares/ST/STM32_USB_Device_Library/Core/Src/usbd_core.c ****   pdev->dev_remote_wakeup = 0U;
 1095              		.loc 1 460 27
 1096 0052 7B68     		ldr	r3, [r7, #4]
 1097 0054 0022     		movs	r2, #0
 1098 0056 C3F8A422 		str	r2, [r3, #676]
 461:Middlewares/ST/STM32_USB_Device_Library/Core/Src/usbd_core.c **** 
 462:Middlewares/ST/STM32_USB_Device_Library/Core/Src/usbd_core.c ****   if (pdev->pClassData)
 1099              		.loc 1 462 11
 1100 005a 7B68     		ldr	r3, [r7, #4]
 1101 005c D3F8B832 		ldr	r3, [r3, #696]
 1102              		.loc 1 462 6
 1103 0060 002B     		cmp	r3, #0
 1104 0062 09D0     		beq	.L53
 463:Middlewares/ST/STM32_USB_Device_Library/Core/Src/usbd_core.c ****   {
 464:Middlewares/ST/STM32_USB_Device_Library/Core/Src/usbd_core.c ****     pdev->pClass->DeInit(pdev, (uint8_t)pdev->dev_config);
 1105              		.loc 1 464 9
 1106 0064 7B68     		ldr	r3, [r7, #4]
 1107 0066 D3F8B432 		ldr	r3, [r3, #692]
 1108              		.loc 1 464 17
 1109 006a 5B68     		ldr	r3, [r3, #4]
 1110              		.loc 1 464 45
 1111 006c 7A68     		ldr	r2, [r7, #4]
 1112 006e 5268     		ldr	r2, [r2, #4]
 1113              		.loc 1 464 5
 1114 0070 D2B2     		uxtb	r2, r2
 1115 0072 1146     		mov	r1, r2
 1116 0074 7868     		ldr	r0, [r7, #4]
 1117 0076 9847     		blx	r3
 1118              	.LVL8:
 1119              	.L53:
 465:Middlewares/ST/STM32_USB_Device_Library/Core/Src/usbd_core.c ****   }
 466:Middlewares/ST/STM32_USB_Device_Library/Core/Src/usbd_core.c **** 
 467:Middlewares/ST/STM32_USB_Device_Library/Core/Src/usbd_core.c ****   return USBD_OK;
 1120              		.loc 1 467 10
 1121 0078 0023     		movs	r3, #0
 468:Middlewares/ST/STM32_USB_Device_Library/Core/Src/usbd_core.c **** }
 1122              		.loc 1 468 1
 1123 007a 1846     		mov	r0, r3
 1124 007c 0837     		adds	r7, r7, #8
 1125              	.LCFI60:
 1126              		.cfi_def_cfa_offset 8
 1127 007e BD46     		mov	sp, r7
 1128              	.LCFI61:
 1129              		.cfi_def_cfa_register 13
 1130              		@ sp needed
 1131 0080 80BD     		pop	{r7, pc}
 1132              		.cfi_endproc
 1133              	.LFE79:
 1135              		.section	.text.USBD_LL_SetSpeed,"ax",%progbits
 1136              		.align	1
 1137              		.global	USBD_LL_SetSpeed
 1138              		.syntax unified
 1139              		.thumb
 1140              		.thumb_func
 1142              	USBD_LL_SetSpeed:
ARM GAS  /var/folders/xf/tcndk8390ml5xdpfw93qkhpm0000gn/T//ccsejOzi.s 			page 29


 1143              	.LFB80:
 469:Middlewares/ST/STM32_USB_Device_Library/Core/Src/usbd_core.c **** 
 470:Middlewares/ST/STM32_USB_Device_Library/Core/Src/usbd_core.c **** /**
 471:Middlewares/ST/STM32_USB_Device_Library/Core/Src/usbd_core.c **** * @brief  USBD_LL_Reset
 472:Middlewares/ST/STM32_USB_Device_Library/Core/Src/usbd_core.c **** *         Handle Reset event
 473:Middlewares/ST/STM32_USB_Device_Library/Core/Src/usbd_core.c **** * @param  pdev: device instance
 474:Middlewares/ST/STM32_USB_Device_Library/Core/Src/usbd_core.c **** * @retval status
 475:Middlewares/ST/STM32_USB_Device_Library/Core/Src/usbd_core.c **** */
 476:Middlewares/ST/STM32_USB_Device_Library/Core/Src/usbd_core.c **** USBD_StatusTypeDef USBD_LL_SetSpeed(USBD_HandleTypeDef *pdev,
 477:Middlewares/ST/STM32_USB_Device_Library/Core/Src/usbd_core.c ****                                     USBD_SpeedTypeDef speed)
 478:Middlewares/ST/STM32_USB_Device_Library/Core/Src/usbd_core.c **** {
 1144              		.loc 1 478 1
 1145              		.cfi_startproc
 1146              		@ args = 0, pretend = 0, frame = 8
 1147              		@ frame_needed = 1, uses_anonymous_args = 0
 1148              		@ link register save eliminated.
 1149 0000 80B4     		push	{r7}
 1150              	.LCFI62:
 1151              		.cfi_def_cfa_offset 4
 1152              		.cfi_offset 7, -4
 1153 0002 83B0     		sub	sp, sp, #12
 1154              	.LCFI63:
 1155              		.cfi_def_cfa_offset 16
 1156 0004 00AF     		add	r7, sp, #0
 1157              	.LCFI64:
 1158              		.cfi_def_cfa_register 7
 1159 0006 7860     		str	r0, [r7, #4]
 1160 0008 0B46     		mov	r3, r1
 1161 000a FB70     		strb	r3, [r7, #3]
 479:Middlewares/ST/STM32_USB_Device_Library/Core/Src/usbd_core.c ****   pdev->dev_speed = speed;
 1162              		.loc 1 479 19
 1163 000c 7B68     		ldr	r3, [r7, #4]
 1164 000e FA78     		ldrb	r2, [r7, #3]
 1165 0010 1A74     		strb	r2, [r3, #16]
 480:Middlewares/ST/STM32_USB_Device_Library/Core/Src/usbd_core.c **** 
 481:Middlewares/ST/STM32_USB_Device_Library/Core/Src/usbd_core.c ****   return USBD_OK;
 1166              		.loc 1 481 10
 1167 0012 0023     		movs	r3, #0
 482:Middlewares/ST/STM32_USB_Device_Library/Core/Src/usbd_core.c **** }
 1168              		.loc 1 482 1
 1169 0014 1846     		mov	r0, r3
 1170 0016 0C37     		adds	r7, r7, #12
 1171              	.LCFI65:
 1172              		.cfi_def_cfa_offset 4
 1173 0018 BD46     		mov	sp, r7
 1174              	.LCFI66:
 1175              		.cfi_def_cfa_register 13
 1176              		@ sp needed
 1177 001a 80BC     		pop	{r7}
 1178              	.LCFI67:
 1179              		.cfi_restore 7
 1180              		.cfi_def_cfa_offset 0
 1181 001c 7047     		bx	lr
 1182              		.cfi_endproc
 1183              	.LFE80:
 1185              		.section	.text.USBD_LL_Suspend,"ax",%progbits
 1186              		.align	1
ARM GAS  /var/folders/xf/tcndk8390ml5xdpfw93qkhpm0000gn/T//ccsejOzi.s 			page 30


 1187              		.global	USBD_LL_Suspend
 1188              		.syntax unified
 1189              		.thumb
 1190              		.thumb_func
 1192              	USBD_LL_Suspend:
 1193              	.LFB81:
 483:Middlewares/ST/STM32_USB_Device_Library/Core/Src/usbd_core.c **** 
 484:Middlewares/ST/STM32_USB_Device_Library/Core/Src/usbd_core.c **** /**
 485:Middlewares/ST/STM32_USB_Device_Library/Core/Src/usbd_core.c **** * @brief  USBD_Suspend
 486:Middlewares/ST/STM32_USB_Device_Library/Core/Src/usbd_core.c **** *         Handle Suspend event
 487:Middlewares/ST/STM32_USB_Device_Library/Core/Src/usbd_core.c **** * @param  pdev: device instance
 488:Middlewares/ST/STM32_USB_Device_Library/Core/Src/usbd_core.c **** * @retval status
 489:Middlewares/ST/STM32_USB_Device_Library/Core/Src/usbd_core.c **** */
 490:Middlewares/ST/STM32_USB_Device_Library/Core/Src/usbd_core.c **** 
 491:Middlewares/ST/STM32_USB_Device_Library/Core/Src/usbd_core.c **** USBD_StatusTypeDef USBD_LL_Suspend(USBD_HandleTypeDef *pdev)
 492:Middlewares/ST/STM32_USB_Device_Library/Core/Src/usbd_core.c **** {
 1194              		.loc 1 492 1
 1195              		.cfi_startproc
 1196              		@ args = 0, pretend = 0, frame = 8
 1197              		@ frame_needed = 1, uses_anonymous_args = 0
 1198              		@ link register save eliminated.
 1199 0000 80B4     		push	{r7}
 1200              	.LCFI68:
 1201              		.cfi_def_cfa_offset 4
 1202              		.cfi_offset 7, -4
 1203 0002 83B0     		sub	sp, sp, #12
 1204              	.LCFI69:
 1205              		.cfi_def_cfa_offset 16
 1206 0004 00AF     		add	r7, sp, #0
 1207              	.LCFI70:
 1208              		.cfi_def_cfa_register 7
 1209 0006 7860     		str	r0, [r7, #4]
 493:Middlewares/ST/STM32_USB_Device_Library/Core/Src/usbd_core.c ****   pdev->dev_old_state =  pdev->dev_state;
 1210              		.loc 1 493 30
 1211 0008 7B68     		ldr	r3, [r7, #4]
 1212 000a 93F89C22 		ldrb	r2, [r3, #668]	@ zero_extendqisi2
 1213              		.loc 1 493 23
 1214 000e 7B68     		ldr	r3, [r7, #4]
 1215 0010 83F89D22 		strb	r2, [r3, #669]
 494:Middlewares/ST/STM32_USB_Device_Library/Core/Src/usbd_core.c ****   pdev->dev_state  = USBD_STATE_SUSPENDED;
 1216              		.loc 1 494 20
 1217 0014 7B68     		ldr	r3, [r7, #4]
 1218 0016 0422     		movs	r2, #4
 1219 0018 83F89C22 		strb	r2, [r3, #668]
 495:Middlewares/ST/STM32_USB_Device_Library/Core/Src/usbd_core.c **** 
 496:Middlewares/ST/STM32_USB_Device_Library/Core/Src/usbd_core.c ****   return USBD_OK;
 1220              		.loc 1 496 10
 1221 001c 0023     		movs	r3, #0
 497:Middlewares/ST/STM32_USB_Device_Library/Core/Src/usbd_core.c **** }
 1222              		.loc 1 497 1
 1223 001e 1846     		mov	r0, r3
 1224 0020 0C37     		adds	r7, r7, #12
 1225              	.LCFI71:
 1226              		.cfi_def_cfa_offset 4
 1227 0022 BD46     		mov	sp, r7
 1228              	.LCFI72:
 1229              		.cfi_def_cfa_register 13
ARM GAS  /var/folders/xf/tcndk8390ml5xdpfw93qkhpm0000gn/T//ccsejOzi.s 			page 31


 1230              		@ sp needed
 1231 0024 80BC     		pop	{r7}
 1232              	.LCFI73:
 1233              		.cfi_restore 7
 1234              		.cfi_def_cfa_offset 0
 1235 0026 7047     		bx	lr
 1236              		.cfi_endproc
 1237              	.LFE81:
 1239              		.section	.text.USBD_LL_Resume,"ax",%progbits
 1240              		.align	1
 1241              		.global	USBD_LL_Resume
 1242              		.syntax unified
 1243              		.thumb
 1244              		.thumb_func
 1246              	USBD_LL_Resume:
 1247              	.LFB82:
 498:Middlewares/ST/STM32_USB_Device_Library/Core/Src/usbd_core.c **** 
 499:Middlewares/ST/STM32_USB_Device_Library/Core/Src/usbd_core.c **** /**
 500:Middlewares/ST/STM32_USB_Device_Library/Core/Src/usbd_core.c **** * @brief  USBD_Resume
 501:Middlewares/ST/STM32_USB_Device_Library/Core/Src/usbd_core.c **** *         Handle Resume event
 502:Middlewares/ST/STM32_USB_Device_Library/Core/Src/usbd_core.c **** * @param  pdev: device instance
 503:Middlewares/ST/STM32_USB_Device_Library/Core/Src/usbd_core.c **** * @retval status
 504:Middlewares/ST/STM32_USB_Device_Library/Core/Src/usbd_core.c **** */
 505:Middlewares/ST/STM32_USB_Device_Library/Core/Src/usbd_core.c **** 
 506:Middlewares/ST/STM32_USB_Device_Library/Core/Src/usbd_core.c **** USBD_StatusTypeDef USBD_LL_Resume(USBD_HandleTypeDef *pdev)
 507:Middlewares/ST/STM32_USB_Device_Library/Core/Src/usbd_core.c **** {
 1248              		.loc 1 507 1
 1249              		.cfi_startproc
 1250              		@ args = 0, pretend = 0, frame = 8
 1251              		@ frame_needed = 1, uses_anonymous_args = 0
 1252              		@ link register save eliminated.
 1253 0000 80B4     		push	{r7}
 1254              	.LCFI74:
 1255              		.cfi_def_cfa_offset 4
 1256              		.cfi_offset 7, -4
 1257 0002 83B0     		sub	sp, sp, #12
 1258              	.LCFI75:
 1259              		.cfi_def_cfa_offset 16
 1260 0004 00AF     		add	r7, sp, #0
 1261              	.LCFI76:
 1262              		.cfi_def_cfa_register 7
 1263 0006 7860     		str	r0, [r7, #4]
 508:Middlewares/ST/STM32_USB_Device_Library/Core/Src/usbd_core.c ****   if (pdev->dev_state == USBD_STATE_SUSPENDED)
 1264              		.loc 1 508 11
 1265 0008 7B68     		ldr	r3, [r7, #4]
 1266 000a 93F89C32 		ldrb	r3, [r3, #668]	@ zero_extendqisi2
 1267              		.loc 1 508 6
 1268 000e 042B     		cmp	r3, #4
 1269 0010 05D1     		bne	.L60
 509:Middlewares/ST/STM32_USB_Device_Library/Core/Src/usbd_core.c ****   {
 510:Middlewares/ST/STM32_USB_Device_Library/Core/Src/usbd_core.c ****     pdev->dev_state = pdev->dev_old_state;
 1270              		.loc 1 510 27
 1271 0012 7B68     		ldr	r3, [r7, #4]
 1272 0014 93F89D22 		ldrb	r2, [r3, #669]	@ zero_extendqisi2
 1273              		.loc 1 510 21
 1274 0018 7B68     		ldr	r3, [r7, #4]
 1275 001a 83F89C22 		strb	r2, [r3, #668]
ARM GAS  /var/folders/xf/tcndk8390ml5xdpfw93qkhpm0000gn/T//ccsejOzi.s 			page 32


 1276              	.L60:
 511:Middlewares/ST/STM32_USB_Device_Library/Core/Src/usbd_core.c ****   }
 512:Middlewares/ST/STM32_USB_Device_Library/Core/Src/usbd_core.c **** 
 513:Middlewares/ST/STM32_USB_Device_Library/Core/Src/usbd_core.c ****   return USBD_OK;
 1277              		.loc 1 513 10
 1278 001e 0023     		movs	r3, #0
 514:Middlewares/ST/STM32_USB_Device_Library/Core/Src/usbd_core.c **** }
 1279              		.loc 1 514 1
 1280 0020 1846     		mov	r0, r3
 1281 0022 0C37     		adds	r7, r7, #12
 1282              	.LCFI77:
 1283              		.cfi_def_cfa_offset 4
 1284 0024 BD46     		mov	sp, r7
 1285              	.LCFI78:
 1286              		.cfi_def_cfa_register 13
 1287              		@ sp needed
 1288 0026 80BC     		pop	{r7}
 1289              	.LCFI79:
 1290              		.cfi_restore 7
 1291              		.cfi_def_cfa_offset 0
 1292 0028 7047     		bx	lr
 1293              		.cfi_endproc
 1294              	.LFE82:
 1296              		.section	.text.USBD_LL_SOF,"ax",%progbits
 1297              		.align	1
 1298              		.global	USBD_LL_SOF
 1299              		.syntax unified
 1300              		.thumb
 1301              		.thumb_func
 1303              	USBD_LL_SOF:
 1304              	.LFB83:
 515:Middlewares/ST/STM32_USB_Device_Library/Core/Src/usbd_core.c **** 
 516:Middlewares/ST/STM32_USB_Device_Library/Core/Src/usbd_core.c **** /**
 517:Middlewares/ST/STM32_USB_Device_Library/Core/Src/usbd_core.c **** * @brief  USBD_SOF
 518:Middlewares/ST/STM32_USB_Device_Library/Core/Src/usbd_core.c **** *         Handle SOF event
 519:Middlewares/ST/STM32_USB_Device_Library/Core/Src/usbd_core.c **** * @param  pdev: device instance
 520:Middlewares/ST/STM32_USB_Device_Library/Core/Src/usbd_core.c **** * @retval status
 521:Middlewares/ST/STM32_USB_Device_Library/Core/Src/usbd_core.c **** */
 522:Middlewares/ST/STM32_USB_Device_Library/Core/Src/usbd_core.c **** 
 523:Middlewares/ST/STM32_USB_Device_Library/Core/Src/usbd_core.c **** USBD_StatusTypeDef USBD_LL_SOF(USBD_HandleTypeDef *pdev)
 524:Middlewares/ST/STM32_USB_Device_Library/Core/Src/usbd_core.c **** {
 1305              		.loc 1 524 1
 1306              		.cfi_startproc
 1307              		@ args = 0, pretend = 0, frame = 8
 1308              		@ frame_needed = 1, uses_anonymous_args = 0
 1309 0000 80B5     		push	{r7, lr}
 1310              	.LCFI80:
 1311              		.cfi_def_cfa_offset 8
 1312              		.cfi_offset 7, -8
 1313              		.cfi_offset 14, -4
 1314 0002 82B0     		sub	sp, sp, #8
 1315              	.LCFI81:
 1316              		.cfi_def_cfa_offset 16
 1317 0004 00AF     		add	r7, sp, #0
 1318              	.LCFI82:
 1319              		.cfi_def_cfa_register 7
 1320 0006 7860     		str	r0, [r7, #4]
ARM GAS  /var/folders/xf/tcndk8390ml5xdpfw93qkhpm0000gn/T//ccsejOzi.s 			page 33


 525:Middlewares/ST/STM32_USB_Device_Library/Core/Src/usbd_core.c ****   if (pdev->dev_state == USBD_STATE_CONFIGURED)
 1321              		.loc 1 525 11
 1322 0008 7B68     		ldr	r3, [r7, #4]
 1323 000a 93F89C32 		ldrb	r3, [r3, #668]	@ zero_extendqisi2
 1324              		.loc 1 525 6
 1325 000e 032B     		cmp	r3, #3
 1326 0010 0BD1     		bne	.L63
 526:Middlewares/ST/STM32_USB_Device_Library/Core/Src/usbd_core.c ****   {
 527:Middlewares/ST/STM32_USB_Device_Library/Core/Src/usbd_core.c ****     if (pdev->pClass->SOF != NULL)
 1327              		.loc 1 527 13
 1328 0012 7B68     		ldr	r3, [r7, #4]
 1329 0014 D3F8B432 		ldr	r3, [r3, #692]
 1330              		.loc 1 527 21
 1331 0018 DB69     		ldr	r3, [r3, #28]
 1332              		.loc 1 527 8
 1333 001a 002B     		cmp	r3, #0
 1334 001c 05D0     		beq	.L63
 528:Middlewares/ST/STM32_USB_Device_Library/Core/Src/usbd_core.c ****     {
 529:Middlewares/ST/STM32_USB_Device_Library/Core/Src/usbd_core.c ****       pdev->pClass->SOF(pdev);
 1335              		.loc 1 529 11
 1336 001e 7B68     		ldr	r3, [r7, #4]
 1337 0020 D3F8B432 		ldr	r3, [r3, #692]
 1338              		.loc 1 529 19
 1339 0024 DB69     		ldr	r3, [r3, #28]
 1340              		.loc 1 529 7
 1341 0026 7868     		ldr	r0, [r7, #4]
 1342 0028 9847     		blx	r3
 1343              	.LVL9:
 1344              	.L63:
 530:Middlewares/ST/STM32_USB_Device_Library/Core/Src/usbd_core.c ****     }
 531:Middlewares/ST/STM32_USB_Device_Library/Core/Src/usbd_core.c ****   }
 532:Middlewares/ST/STM32_USB_Device_Library/Core/Src/usbd_core.c **** 
 533:Middlewares/ST/STM32_USB_Device_Library/Core/Src/usbd_core.c ****   return USBD_OK;
 1345              		.loc 1 533 10
 1346 002a 0023     		movs	r3, #0
 534:Middlewares/ST/STM32_USB_Device_Library/Core/Src/usbd_core.c **** }
 1347              		.loc 1 534 1
 1348 002c 1846     		mov	r0, r3
 1349 002e 0837     		adds	r7, r7, #8
 1350              	.LCFI83:
 1351              		.cfi_def_cfa_offset 8
 1352 0030 BD46     		mov	sp, r7
 1353              	.LCFI84:
 1354              		.cfi_def_cfa_register 13
 1355              		@ sp needed
 1356 0032 80BD     		pop	{r7, pc}
 1357              		.cfi_endproc
 1358              	.LFE83:
 1360              		.section	.text.USBD_LL_IsoINIncomplete,"ax",%progbits
 1361              		.align	1
 1362              		.global	USBD_LL_IsoINIncomplete
 1363              		.syntax unified
 1364              		.thumb
 1365              		.thumb_func
 1367              	USBD_LL_IsoINIncomplete:
 1368              	.LFB84:
 535:Middlewares/ST/STM32_USB_Device_Library/Core/Src/usbd_core.c **** 
ARM GAS  /var/folders/xf/tcndk8390ml5xdpfw93qkhpm0000gn/T//ccsejOzi.s 			page 34


 536:Middlewares/ST/STM32_USB_Device_Library/Core/Src/usbd_core.c **** /**
 537:Middlewares/ST/STM32_USB_Device_Library/Core/Src/usbd_core.c **** * @brief  USBD_IsoINIncomplete
 538:Middlewares/ST/STM32_USB_Device_Library/Core/Src/usbd_core.c **** *         Handle iso in incomplete event
 539:Middlewares/ST/STM32_USB_Device_Library/Core/Src/usbd_core.c **** * @param  pdev: device instance
 540:Middlewares/ST/STM32_USB_Device_Library/Core/Src/usbd_core.c **** * @retval status
 541:Middlewares/ST/STM32_USB_Device_Library/Core/Src/usbd_core.c **** */
 542:Middlewares/ST/STM32_USB_Device_Library/Core/Src/usbd_core.c **** USBD_StatusTypeDef USBD_LL_IsoINIncomplete(USBD_HandleTypeDef *pdev,
 543:Middlewares/ST/STM32_USB_Device_Library/Core/Src/usbd_core.c ****                                            uint8_t epnum)
 544:Middlewares/ST/STM32_USB_Device_Library/Core/Src/usbd_core.c **** {
 1369              		.loc 1 544 1
 1370              		.cfi_startproc
 1371              		@ args = 0, pretend = 0, frame = 8
 1372              		@ frame_needed = 1, uses_anonymous_args = 0
 1373              		@ link register save eliminated.
 1374 0000 80B4     		push	{r7}
 1375              	.LCFI85:
 1376              		.cfi_def_cfa_offset 4
 1377              		.cfi_offset 7, -4
 1378 0002 83B0     		sub	sp, sp, #12
 1379              	.LCFI86:
 1380              		.cfi_def_cfa_offset 16
 1381 0004 00AF     		add	r7, sp, #0
 1382              	.LCFI87:
 1383              		.cfi_def_cfa_register 7
 1384 0006 7860     		str	r0, [r7, #4]
 1385 0008 0B46     		mov	r3, r1
 1386 000a FB70     		strb	r3, [r7, #3]
 545:Middlewares/ST/STM32_USB_Device_Library/Core/Src/usbd_core.c ****   /* Prevent unused arguments compilation warning */
 546:Middlewares/ST/STM32_USB_Device_Library/Core/Src/usbd_core.c ****   UNUSED(pdev);
 547:Middlewares/ST/STM32_USB_Device_Library/Core/Src/usbd_core.c ****   UNUSED(epnum);
 548:Middlewares/ST/STM32_USB_Device_Library/Core/Src/usbd_core.c **** 
 549:Middlewares/ST/STM32_USB_Device_Library/Core/Src/usbd_core.c ****   return USBD_OK;
 1387              		.loc 1 549 10
 1388 000c 0023     		movs	r3, #0
 550:Middlewares/ST/STM32_USB_Device_Library/Core/Src/usbd_core.c **** }
 1389              		.loc 1 550 1
 1390 000e 1846     		mov	r0, r3
 1391 0010 0C37     		adds	r7, r7, #12
 1392              	.LCFI88:
 1393              		.cfi_def_cfa_offset 4
 1394 0012 BD46     		mov	sp, r7
 1395              	.LCFI89:
 1396              		.cfi_def_cfa_register 13
 1397              		@ sp needed
 1398 0014 80BC     		pop	{r7}
 1399              	.LCFI90:
 1400              		.cfi_restore 7
 1401              		.cfi_def_cfa_offset 0
 1402 0016 7047     		bx	lr
 1403              		.cfi_endproc
 1404              	.LFE84:
 1406              		.section	.text.USBD_LL_IsoOUTIncomplete,"ax",%progbits
 1407              		.align	1
 1408              		.global	USBD_LL_IsoOUTIncomplete
 1409              		.syntax unified
 1410              		.thumb
 1411              		.thumb_func
ARM GAS  /var/folders/xf/tcndk8390ml5xdpfw93qkhpm0000gn/T//ccsejOzi.s 			page 35


 1413              	USBD_LL_IsoOUTIncomplete:
 1414              	.LFB85:
 551:Middlewares/ST/STM32_USB_Device_Library/Core/Src/usbd_core.c **** 
 552:Middlewares/ST/STM32_USB_Device_Library/Core/Src/usbd_core.c **** /**
 553:Middlewares/ST/STM32_USB_Device_Library/Core/Src/usbd_core.c **** * @brief  USBD_IsoOUTIncomplete
 554:Middlewares/ST/STM32_USB_Device_Library/Core/Src/usbd_core.c **** *         Handle iso out incomplete event
 555:Middlewares/ST/STM32_USB_Device_Library/Core/Src/usbd_core.c **** * @param  pdev: device instance
 556:Middlewares/ST/STM32_USB_Device_Library/Core/Src/usbd_core.c **** * @retval status
 557:Middlewares/ST/STM32_USB_Device_Library/Core/Src/usbd_core.c **** */
 558:Middlewares/ST/STM32_USB_Device_Library/Core/Src/usbd_core.c **** USBD_StatusTypeDef USBD_LL_IsoOUTIncomplete(USBD_HandleTypeDef *pdev,
 559:Middlewares/ST/STM32_USB_Device_Library/Core/Src/usbd_core.c ****                                             uint8_t epnum)
 560:Middlewares/ST/STM32_USB_Device_Library/Core/Src/usbd_core.c **** {
 1415              		.loc 1 560 1
 1416              		.cfi_startproc
 1417              		@ args = 0, pretend = 0, frame = 8
 1418              		@ frame_needed = 1, uses_anonymous_args = 0
 1419              		@ link register save eliminated.
 1420 0000 80B4     		push	{r7}
 1421              	.LCFI91:
 1422              		.cfi_def_cfa_offset 4
 1423              		.cfi_offset 7, -4
 1424 0002 83B0     		sub	sp, sp, #12
 1425              	.LCFI92:
 1426              		.cfi_def_cfa_offset 16
 1427 0004 00AF     		add	r7, sp, #0
 1428              	.LCFI93:
 1429              		.cfi_def_cfa_register 7
 1430 0006 7860     		str	r0, [r7, #4]
 1431 0008 0B46     		mov	r3, r1
 1432 000a FB70     		strb	r3, [r7, #3]
 561:Middlewares/ST/STM32_USB_Device_Library/Core/Src/usbd_core.c ****   /* Prevent unused arguments compilation warning */
 562:Middlewares/ST/STM32_USB_Device_Library/Core/Src/usbd_core.c ****   UNUSED(pdev);
 563:Middlewares/ST/STM32_USB_Device_Library/Core/Src/usbd_core.c ****   UNUSED(epnum);
 564:Middlewares/ST/STM32_USB_Device_Library/Core/Src/usbd_core.c **** 
 565:Middlewares/ST/STM32_USB_Device_Library/Core/Src/usbd_core.c ****   return USBD_OK;
 1433              		.loc 1 565 10
 1434 000c 0023     		movs	r3, #0
 566:Middlewares/ST/STM32_USB_Device_Library/Core/Src/usbd_core.c **** }
 1435              		.loc 1 566 1
 1436 000e 1846     		mov	r0, r3
 1437 0010 0C37     		adds	r7, r7, #12
 1438              	.LCFI94:
 1439              		.cfi_def_cfa_offset 4
 1440 0012 BD46     		mov	sp, r7
 1441              	.LCFI95:
 1442              		.cfi_def_cfa_register 13
 1443              		@ sp needed
 1444 0014 80BC     		pop	{r7}
 1445              	.LCFI96:
 1446              		.cfi_restore 7
 1447              		.cfi_def_cfa_offset 0
 1448 0016 7047     		bx	lr
 1449              		.cfi_endproc
 1450              	.LFE85:
 1452              		.section	.text.USBD_LL_DevConnected,"ax",%progbits
 1453              		.align	1
 1454              		.global	USBD_LL_DevConnected
ARM GAS  /var/folders/xf/tcndk8390ml5xdpfw93qkhpm0000gn/T//ccsejOzi.s 			page 36


 1455              		.syntax unified
 1456              		.thumb
 1457              		.thumb_func
 1459              	USBD_LL_DevConnected:
 1460              	.LFB86:
 567:Middlewares/ST/STM32_USB_Device_Library/Core/Src/usbd_core.c **** 
 568:Middlewares/ST/STM32_USB_Device_Library/Core/Src/usbd_core.c **** /**
 569:Middlewares/ST/STM32_USB_Device_Library/Core/Src/usbd_core.c **** * @brief  USBD_DevConnected
 570:Middlewares/ST/STM32_USB_Device_Library/Core/Src/usbd_core.c **** *         Handle device connection event
 571:Middlewares/ST/STM32_USB_Device_Library/Core/Src/usbd_core.c **** * @param  pdev: device instance
 572:Middlewares/ST/STM32_USB_Device_Library/Core/Src/usbd_core.c **** * @retval status
 573:Middlewares/ST/STM32_USB_Device_Library/Core/Src/usbd_core.c **** */
 574:Middlewares/ST/STM32_USB_Device_Library/Core/Src/usbd_core.c **** USBD_StatusTypeDef USBD_LL_DevConnected(USBD_HandleTypeDef *pdev)
 575:Middlewares/ST/STM32_USB_Device_Library/Core/Src/usbd_core.c **** {
 1461              		.loc 1 575 1
 1462              		.cfi_startproc
 1463              		@ args = 0, pretend = 0, frame = 8
 1464              		@ frame_needed = 1, uses_anonymous_args = 0
 1465              		@ link register save eliminated.
 1466 0000 80B4     		push	{r7}
 1467              	.LCFI97:
 1468              		.cfi_def_cfa_offset 4
 1469              		.cfi_offset 7, -4
 1470 0002 83B0     		sub	sp, sp, #12
 1471              	.LCFI98:
 1472              		.cfi_def_cfa_offset 16
 1473 0004 00AF     		add	r7, sp, #0
 1474              	.LCFI99:
 1475              		.cfi_def_cfa_register 7
 1476 0006 7860     		str	r0, [r7, #4]
 576:Middlewares/ST/STM32_USB_Device_Library/Core/Src/usbd_core.c ****   /* Prevent unused argument compilation warning */
 577:Middlewares/ST/STM32_USB_Device_Library/Core/Src/usbd_core.c ****   UNUSED(pdev);
 578:Middlewares/ST/STM32_USB_Device_Library/Core/Src/usbd_core.c **** 
 579:Middlewares/ST/STM32_USB_Device_Library/Core/Src/usbd_core.c ****   return USBD_OK;
 1477              		.loc 1 579 10
 1478 0008 0023     		movs	r3, #0
 580:Middlewares/ST/STM32_USB_Device_Library/Core/Src/usbd_core.c **** }
 1479              		.loc 1 580 1
 1480 000a 1846     		mov	r0, r3
 1481 000c 0C37     		adds	r7, r7, #12
 1482              	.LCFI100:
 1483              		.cfi_def_cfa_offset 4
 1484 000e BD46     		mov	sp, r7
 1485              	.LCFI101:
 1486              		.cfi_def_cfa_register 13
 1487              		@ sp needed
 1488 0010 80BC     		pop	{r7}
 1489              	.LCFI102:
 1490              		.cfi_restore 7
 1491              		.cfi_def_cfa_offset 0
 1492 0012 7047     		bx	lr
 1493              		.cfi_endproc
 1494              	.LFE86:
 1496              		.section	.text.USBD_LL_DevDisconnected,"ax",%progbits
 1497              		.align	1
 1498              		.global	USBD_LL_DevDisconnected
 1499              		.syntax unified
ARM GAS  /var/folders/xf/tcndk8390ml5xdpfw93qkhpm0000gn/T//ccsejOzi.s 			page 37


 1500              		.thumb
 1501              		.thumb_func
 1503              	USBD_LL_DevDisconnected:
 1504              	.LFB87:
 581:Middlewares/ST/STM32_USB_Device_Library/Core/Src/usbd_core.c **** 
 582:Middlewares/ST/STM32_USB_Device_Library/Core/Src/usbd_core.c **** /**
 583:Middlewares/ST/STM32_USB_Device_Library/Core/Src/usbd_core.c **** * @brief  USBD_DevDisconnected
 584:Middlewares/ST/STM32_USB_Device_Library/Core/Src/usbd_core.c **** *         Handle device disconnection event
 585:Middlewares/ST/STM32_USB_Device_Library/Core/Src/usbd_core.c **** * @param  pdev: device instance
 586:Middlewares/ST/STM32_USB_Device_Library/Core/Src/usbd_core.c **** * @retval status
 587:Middlewares/ST/STM32_USB_Device_Library/Core/Src/usbd_core.c **** */
 588:Middlewares/ST/STM32_USB_Device_Library/Core/Src/usbd_core.c **** USBD_StatusTypeDef USBD_LL_DevDisconnected(USBD_HandleTypeDef *pdev)
 589:Middlewares/ST/STM32_USB_Device_Library/Core/Src/usbd_core.c **** {
 1505              		.loc 1 589 1
 1506              		.cfi_startproc
 1507              		@ args = 0, pretend = 0, frame = 8
 1508              		@ frame_needed = 1, uses_anonymous_args = 0
 1509 0000 80B5     		push	{r7, lr}
 1510              	.LCFI103:
 1511              		.cfi_def_cfa_offset 8
 1512              		.cfi_offset 7, -8
 1513              		.cfi_offset 14, -4
 1514 0002 82B0     		sub	sp, sp, #8
 1515              	.LCFI104:
 1516              		.cfi_def_cfa_offset 16
 1517 0004 00AF     		add	r7, sp, #0
 1518              	.LCFI105:
 1519              		.cfi_def_cfa_register 7
 1520 0006 7860     		str	r0, [r7, #4]
 590:Middlewares/ST/STM32_USB_Device_Library/Core/Src/usbd_core.c ****   /* Free Class Resources */
 591:Middlewares/ST/STM32_USB_Device_Library/Core/Src/usbd_core.c ****   pdev->dev_state = USBD_STATE_DEFAULT;
 1521              		.loc 1 591 19
 1522 0008 7B68     		ldr	r3, [r7, #4]
 1523 000a 0122     		movs	r2, #1
 1524 000c 83F89C22 		strb	r2, [r3, #668]
 592:Middlewares/ST/STM32_USB_Device_Library/Core/Src/usbd_core.c ****   pdev->pClass->DeInit(pdev, (uint8_t)pdev->dev_config);
 1525              		.loc 1 592 7
 1526 0010 7B68     		ldr	r3, [r7, #4]
 1527 0012 D3F8B432 		ldr	r3, [r3, #692]
 1528              		.loc 1 592 15
 1529 0016 5B68     		ldr	r3, [r3, #4]
 1530              		.loc 1 592 43
 1531 0018 7A68     		ldr	r2, [r7, #4]
 1532 001a 5268     		ldr	r2, [r2, #4]
 1533              		.loc 1 592 3
 1534 001c D2B2     		uxtb	r2, r2
 1535 001e 1146     		mov	r1, r2
 1536 0020 7868     		ldr	r0, [r7, #4]
 1537 0022 9847     		blx	r3
 1538              	.LVL10:
 593:Middlewares/ST/STM32_USB_Device_Library/Core/Src/usbd_core.c **** 
 594:Middlewares/ST/STM32_USB_Device_Library/Core/Src/usbd_core.c ****   return USBD_OK;
 1539              		.loc 1 594 10
 1540 0024 0023     		movs	r3, #0
 595:Middlewares/ST/STM32_USB_Device_Library/Core/Src/usbd_core.c **** }
 1541              		.loc 1 595 1
 1542 0026 1846     		mov	r0, r3
ARM GAS  /var/folders/xf/tcndk8390ml5xdpfw93qkhpm0000gn/T//ccsejOzi.s 			page 38


 1543 0028 0837     		adds	r7, r7, #8
 1544              	.LCFI106:
 1545              		.cfi_def_cfa_offset 8
 1546 002a BD46     		mov	sp, r7
 1547              	.LCFI107:
 1548              		.cfi_def_cfa_register 13
 1549              		@ sp needed
 1550 002c 80BD     		pop	{r7, pc}
 1551              		.cfi_endproc
 1552              	.LFE87:
 1554              		.text
 1555              	.Letext0:
 1556              		.file 2 "/Applications/ARM/arm-none-eabi/include/machine/_default_types.h"
 1557              		.file 3 "/Applications/ARM/arm-none-eabi/include/sys/_stdint.h"
 1558              		.file 4 "Middlewares/ST/STM32_USB_Device_Library/Core/Inc/usbd_def.h"
ARM GAS  /var/folders/xf/tcndk8390ml5xdpfw93qkhpm0000gn/T//ccsejOzi.s 			page 39


DEFINED SYMBOLS
                            *ABS*:0000000000000000 usbd_core.c
/var/folders/xf/tcndk8390ml5xdpfw93qkhpm0000gn/T//ccsejOzi.s:18     .text.USBD_Init:0000000000000000 $t
/var/folders/xf/tcndk8390ml5xdpfw93qkhpm0000gn/T//ccsejOzi.s:24     .text.USBD_Init:0000000000000000 USBD_Init
/var/folders/xf/tcndk8390ml5xdpfw93qkhpm0000gn/T//ccsejOzi.s:102    .text.USBD_DeInit:0000000000000000 $t
/var/folders/xf/tcndk8390ml5xdpfw93qkhpm0000gn/T//ccsejOzi.s:108    .text.USBD_DeInit:0000000000000000 USBD_DeInit
/var/folders/xf/tcndk8390ml5xdpfw93qkhpm0000gn/T//ccsejOzi.s:166    .text.USBD_RegisterClass:0000000000000000 $t
/var/folders/xf/tcndk8390ml5xdpfw93qkhpm0000gn/T//ccsejOzi.s:172    .text.USBD_RegisterClass:0000000000000000 USBD_RegisterClass
/var/folders/xf/tcndk8390ml5xdpfw93qkhpm0000gn/T//ccsejOzi.s:231    .text.USBD_Start:0000000000000000 $t
/var/folders/xf/tcndk8390ml5xdpfw93qkhpm0000gn/T//ccsejOzi.s:237    .text.USBD_Start:0000000000000000 USBD_Start
/var/folders/xf/tcndk8390ml5xdpfw93qkhpm0000gn/T//ccsejOzi.s:274    .text.USBD_Stop:0000000000000000 $t
/var/folders/xf/tcndk8390ml5xdpfw93qkhpm0000gn/T//ccsejOzi.s:280    .text.USBD_Stop:0000000000000000 USBD_Stop
/var/folders/xf/tcndk8390ml5xdpfw93qkhpm0000gn/T//ccsejOzi.s:331    .text.USBD_RunTestMode:0000000000000000 $t
/var/folders/xf/tcndk8390ml5xdpfw93qkhpm0000gn/T//ccsejOzi.s:337    .text.USBD_RunTestMode:0000000000000000 USBD_RunTestMode
/var/folders/xf/tcndk8390ml5xdpfw93qkhpm0000gn/T//ccsejOzi.s:375    .text.USBD_SetClassConfig:0000000000000000 $t
/var/folders/xf/tcndk8390ml5xdpfw93qkhpm0000gn/T//ccsejOzi.s:381    .text.USBD_SetClassConfig:0000000000000000 USBD_SetClassConfig
/var/folders/xf/tcndk8390ml5xdpfw93qkhpm0000gn/T//ccsejOzi.s:445    .text.USBD_ClrClassConfig:0000000000000000 $t
/var/folders/xf/tcndk8390ml5xdpfw93qkhpm0000gn/T//ccsejOzi.s:451    .text.USBD_ClrClassConfig:0000000000000000 USBD_ClrClassConfig
/var/folders/xf/tcndk8390ml5xdpfw93qkhpm0000gn/T//ccsejOzi.s:498    .text.USBD_LL_SetupStage:0000000000000000 $t
/var/folders/xf/tcndk8390ml5xdpfw93qkhpm0000gn/T//ccsejOzi.s:504    .text.USBD_LL_SetupStage:0000000000000000 USBD_LL_SetupStage
/var/folders/xf/tcndk8390ml5xdpfw93qkhpm0000gn/T//ccsejOzi.s:611    .text.USBD_LL_DataOutStage:0000000000000000 $t
/var/folders/xf/tcndk8390ml5xdpfw93qkhpm0000gn/T//ccsejOzi.s:617    .text.USBD_LL_DataOutStage:0000000000000000 USBD_LL_DataOutStage
/var/folders/xf/tcndk8390ml5xdpfw93qkhpm0000gn/T//ccsejOzi.s:792    .text.USBD_LL_DataInStage:0000000000000000 $t
/var/folders/xf/tcndk8390ml5xdpfw93qkhpm0000gn/T//ccsejOzi.s:798    .text.USBD_LL_DataInStage:0000000000000000 USBD_LL_DataInStage
/var/folders/xf/tcndk8390ml5xdpfw93qkhpm0000gn/T//ccsejOzi.s:1031   .text.USBD_LL_Reset:0000000000000000 $t
/var/folders/xf/tcndk8390ml5xdpfw93qkhpm0000gn/T//ccsejOzi.s:1037   .text.USBD_LL_Reset:0000000000000000 USBD_LL_Reset
/var/folders/xf/tcndk8390ml5xdpfw93qkhpm0000gn/T//ccsejOzi.s:1136   .text.USBD_LL_SetSpeed:0000000000000000 $t
/var/folders/xf/tcndk8390ml5xdpfw93qkhpm0000gn/T//ccsejOzi.s:1142   .text.USBD_LL_SetSpeed:0000000000000000 USBD_LL_SetSpeed
/var/folders/xf/tcndk8390ml5xdpfw93qkhpm0000gn/T//ccsejOzi.s:1186   .text.USBD_LL_Suspend:0000000000000000 $t
/var/folders/xf/tcndk8390ml5xdpfw93qkhpm0000gn/T//ccsejOzi.s:1192   .text.USBD_LL_Suspend:0000000000000000 USBD_LL_Suspend
/var/folders/xf/tcndk8390ml5xdpfw93qkhpm0000gn/T//ccsejOzi.s:1240   .text.USBD_LL_Resume:0000000000000000 $t
/var/folders/xf/tcndk8390ml5xdpfw93qkhpm0000gn/T//ccsejOzi.s:1246   .text.USBD_LL_Resume:0000000000000000 USBD_LL_Resume
/var/folders/xf/tcndk8390ml5xdpfw93qkhpm0000gn/T//ccsejOzi.s:1297   .text.USBD_LL_SOF:0000000000000000 $t
/var/folders/xf/tcndk8390ml5xdpfw93qkhpm0000gn/T//ccsejOzi.s:1303   .text.USBD_LL_SOF:0000000000000000 USBD_LL_SOF
/var/folders/xf/tcndk8390ml5xdpfw93qkhpm0000gn/T//ccsejOzi.s:1361   .text.USBD_LL_IsoINIncomplete:0000000000000000 $t
/var/folders/xf/tcndk8390ml5xdpfw93qkhpm0000gn/T//ccsejOzi.s:1367   .text.USBD_LL_IsoINIncomplete:0000000000000000 USBD_LL_IsoINIncomplete
/var/folders/xf/tcndk8390ml5xdpfw93qkhpm0000gn/T//ccsejOzi.s:1407   .text.USBD_LL_IsoOUTIncomplete:0000000000000000 $t
/var/folders/xf/tcndk8390ml5xdpfw93qkhpm0000gn/T//ccsejOzi.s:1413   .text.USBD_LL_IsoOUTIncomplete:0000000000000000 USBD_LL_IsoOUTIncomplete
/var/folders/xf/tcndk8390ml5xdpfw93qkhpm0000gn/T//ccsejOzi.s:1453   .text.USBD_LL_DevConnected:0000000000000000 $t
/var/folders/xf/tcndk8390ml5xdpfw93qkhpm0000gn/T//ccsejOzi.s:1459   .text.USBD_LL_DevConnected:0000000000000000 USBD_LL_DevConnected
/var/folders/xf/tcndk8390ml5xdpfw93qkhpm0000gn/T//ccsejOzi.s:1497   .text.USBD_LL_DevDisconnected:0000000000000000 $t
/var/folders/xf/tcndk8390ml5xdpfw93qkhpm0000gn/T//ccsejOzi.s:1503   .text.USBD_LL_DevDisconnected:0000000000000000 USBD_LL_DevDisconnected

UNDEFINED SYMBOLS
USBD_LL_Init
USBD_LL_Stop
USBD_LL_DeInit
USBD_LL_Start
USBD_ParseSetupRequest
USBD_StdDevReq
USBD_StdItfReq
USBD_StdEPReq
USBD_LL_StallEP
USBD_CtlContinueRx
USBD_CtlSendStatus
USBD_CtlContinueSendData
USBD_LL_PrepareReceive
ARM GAS  /var/folders/xf/tcndk8390ml5xdpfw93qkhpm0000gn/T//ccsejOzi.s 			page 40


USBD_CtlReceiveStatus
USBD_LL_OpenEP
