ARM GAS  /var/folders/xf/tcndk8390ml5xdpfw93qkhpm0000gn/T//ccCjASoL.s 			page 1


   1              		.cpu cortex-m3
   2              		.arch armv7-m
   3              		.fpu softvfp
   4              		.eabi_attribute 20, 1
   5              		.eabi_attribute 21, 1
   6              		.eabi_attribute 23, 3
   7              		.eabi_attribute 24, 1
   8              		.eabi_attribute 25, 1
   9              		.eabi_attribute 26, 1
  10              		.eabi_attribute 30, 6
  11              		.eabi_attribute 34, 1
  12              		.eabi_attribute 18, 4
  13              		.file	"usbd_cdc.c"
  14              		.text
  15              	.Ltext0:
  16              		.cfi_sections	.debug_frame
  17              		.section	.data.USBD_CDC_DeviceQualifierDesc,"aw"
  18              		.align	2
  21              	USBD_CDC_DeviceQualifierDesc:
  22 0000 0A060002 		.ascii	"\012\006\000\002\000\000\000@\001\000"
  22      00000040 
  22      0100
  23              		.global	USBD_CDC
  24              		.section	.data.USBD_CDC,"aw"
  25              		.align	2
  28              	USBD_CDC:
  29 0000 00000000 		.word	USBD_CDC_Init
  30 0004 00000000 		.word	USBD_CDC_DeInit
  31 0008 00000000 		.word	USBD_CDC_Setup
  32 000c 00000000 		.word	0
  33 0010 00000000 		.word	USBD_CDC_EP0_RxReady
  34 0014 00000000 		.word	USBD_CDC_DataIn
  35 0018 00000000 		.word	USBD_CDC_DataOut
  36 001c 00000000 		.word	0
  37 0020 00000000 		.word	0
  38 0024 00000000 		.word	0
  39 0028 00000000 		.word	USBD_CDC_GetHSCfgDesc
  40 002c 00000000 		.word	USBD_CDC_GetFSCfgDesc
  41 0030 00000000 		.word	USBD_CDC_GetOtherSpeedCfgDesc
  42 0034 00000000 		.word	USBD_CDC_GetDeviceQualifierDescriptor
  43              		.global	USBD_CDC_CfgHSDesc
  44              		.section	.data.USBD_CDC_CfgHSDesc,"aw"
  45              		.align	2
  48              	USBD_CDC_CfgHSDesc:
  49 0000 09024300 		.ascii	"\011\002C\000\002\001\000\3002\011\004\000\000\001\002"
  49      020100C0 
  49      32090400 
  49      000102
  50 000f 02010005 		.ascii	"\002\001\000\005$\000\020\001\005$\001\000\001\004$"
  50      24001001 
  50      05240100 
  50      010424
  51 001e 02020524 		.ascii	"\002\002\005$\006\000\001\007\005\202\003\010\000\020"
  51      06000107 
  51      05820308 
  51      0010
  52 002c 09040100 		.ascii	"\011\004\001\000\002\012\000\000\000\007\005\001\002"
ARM GAS  /var/folders/xf/tcndk8390ml5xdpfw93qkhpm0000gn/T//ccCjASoL.s 			page 2


  52      020A0000 
  52      00070501 
  52      02
  53 0039 00020007 		.ascii	"\000\002\000\007\005\201\002\000\002\000"
  53      05810200 
  53      0200
  54              		.global	USBD_CDC_CfgFSDesc
  55              		.section	.data.USBD_CDC_CfgFSDesc,"aw"
  56              		.align	2
  59              	USBD_CDC_CfgFSDesc:
  60 0000 09024300 		.ascii	"\011\002C\000\002\001\000\3002\011\004\000\000\001\002"
  60      020100C0 
  60      32090400 
  60      000102
  61 000f 02010005 		.ascii	"\002\001\000\005$\000\020\001\005$\001\000\001\004$"
  61      24001001 
  61      05240100 
  61      010424
  62 001e 02020524 		.ascii	"\002\002\005$\006\000\001\007\005\202\003\010\000\020"
  62      06000107 
  62      05820308 
  62      0010
  63 002c 09040100 		.ascii	"\011\004\001\000\002\012\000\000\000\007\005\001\002"
  63      020A0000 
  63      00070501 
  63      02
  64 0039 40000007 		.ascii	"@\000\000\007\005\201\002@\000\000"
  64      05810240 
  64      0000
  65              		.global	USBD_CDC_OtherSpeedCfgDesc
  66              		.section	.data.USBD_CDC_OtherSpeedCfgDesc,"aw"
  67              		.align	2
  70              	USBD_CDC_OtherSpeedCfgDesc:
  71 0000 09074300 		.ascii	"\011\007C\000\002\001\004\3002\011\004\000\000\001\002"
  71      020104C0 
  71      32090400 
  71      000102
  72 000f 02010005 		.ascii	"\002\001\000\005$\000\020\001\005$\001\000\001\004$"
  72      24001001 
  72      05240100 
  72      010424
  73 001e 02020524 		.ascii	"\002\002\005$\006\000\001\007\005\202\003\010\000\020"
  73      06000107 
  73      05820308 
  73      0010
  74 002c 09040100 		.ascii	"\011\004\001\000\002\012\000\000\000\007\005\001\002"
  74      020A0000 
  74      00070501 
  74      02
  75 0039 40000007 		.ascii	"@\000\000\007\005\201\002@\000\000"
  75      05810240 
  75      0000
  76              		.section	.text.USBD_CDC_Init,"ax",%progbits
  77              		.align	1
  78              		.syntax unified
  79              		.thumb
  80              		.thumb_func
ARM GAS  /var/folders/xf/tcndk8390ml5xdpfw93qkhpm0000gn/T//ccCjASoL.s 			page 3


  82              	USBD_CDC_Init:
  83              	.LFB68:
  84              		.file 1 "Middlewares/ST/STM32_USB_Device_Library/Class/CDC/Src/usbd_cdc.c"
   1:Middlewares/ST/STM32_USB_Device_Library/Class/CDC/Src/usbd_cdc.c **** /**
   2:Middlewares/ST/STM32_USB_Device_Library/Class/CDC/Src/usbd_cdc.c ****   ******************************************************************************
   3:Middlewares/ST/STM32_USB_Device_Library/Class/CDC/Src/usbd_cdc.c ****   * @file    usbd_cdc.c
   4:Middlewares/ST/STM32_USB_Device_Library/Class/CDC/Src/usbd_cdc.c ****   * @author  MCD Application Team
   5:Middlewares/ST/STM32_USB_Device_Library/Class/CDC/Src/usbd_cdc.c ****   * @brief   This file provides the high layer firmware functions to manage the
   6:Middlewares/ST/STM32_USB_Device_Library/Class/CDC/Src/usbd_cdc.c ****   *          following functionalities of the USB CDC Class:
   7:Middlewares/ST/STM32_USB_Device_Library/Class/CDC/Src/usbd_cdc.c ****   *           - Initialization and Configuration of high and low layer
   8:Middlewares/ST/STM32_USB_Device_Library/Class/CDC/Src/usbd_cdc.c ****   *           - Enumeration as CDC Device (and enumeration for each implemented memory interface)
   9:Middlewares/ST/STM32_USB_Device_Library/Class/CDC/Src/usbd_cdc.c ****   *           - OUT/IN data transfer
  10:Middlewares/ST/STM32_USB_Device_Library/Class/CDC/Src/usbd_cdc.c ****   *           - Command IN transfer (class requests management)
  11:Middlewares/ST/STM32_USB_Device_Library/Class/CDC/Src/usbd_cdc.c ****   *           - Error management
  12:Middlewares/ST/STM32_USB_Device_Library/Class/CDC/Src/usbd_cdc.c ****   *
  13:Middlewares/ST/STM32_USB_Device_Library/Class/CDC/Src/usbd_cdc.c ****   *  @verbatim
  14:Middlewares/ST/STM32_USB_Device_Library/Class/CDC/Src/usbd_cdc.c ****   *
  15:Middlewares/ST/STM32_USB_Device_Library/Class/CDC/Src/usbd_cdc.c ****   *          ===================================================================
  16:Middlewares/ST/STM32_USB_Device_Library/Class/CDC/Src/usbd_cdc.c ****   *                                CDC Class Driver Description
  17:Middlewares/ST/STM32_USB_Device_Library/Class/CDC/Src/usbd_cdc.c ****   *          ===================================================================
  18:Middlewares/ST/STM32_USB_Device_Library/Class/CDC/Src/usbd_cdc.c ****   *           This driver manages the "Universal Serial Bus Class Definitions for Communications De
  19:Middlewares/ST/STM32_USB_Device_Library/Class/CDC/Src/usbd_cdc.c ****   *           Revision 1.2 November 16, 2007" and the sub-protocol specification of "Universal Seri
  20:Middlewares/ST/STM32_USB_Device_Library/Class/CDC/Src/usbd_cdc.c ****   *           Communications Class Subclass Specification for PSTN Devices Revision 1.2 February 9,
  21:Middlewares/ST/STM32_USB_Device_Library/Class/CDC/Src/usbd_cdc.c ****   *           This driver implements the following aspects of the specification:
  22:Middlewares/ST/STM32_USB_Device_Library/Class/CDC/Src/usbd_cdc.c ****   *             - Device descriptor management
  23:Middlewares/ST/STM32_USB_Device_Library/Class/CDC/Src/usbd_cdc.c ****   *             - Configuration descriptor management
  24:Middlewares/ST/STM32_USB_Device_Library/Class/CDC/Src/usbd_cdc.c ****   *             - Enumeration as CDC device with 2 data endpoints (IN and OUT) and 1 command endpoi
  25:Middlewares/ST/STM32_USB_Device_Library/Class/CDC/Src/usbd_cdc.c ****   *             - Requests management (as described in section 6.2 in specification)
  26:Middlewares/ST/STM32_USB_Device_Library/Class/CDC/Src/usbd_cdc.c ****   *             - Abstract Control Model compliant
  27:Middlewares/ST/STM32_USB_Device_Library/Class/CDC/Src/usbd_cdc.c ****   *             - Union Functional collection (using 1 IN endpoint for control)
  28:Middlewares/ST/STM32_USB_Device_Library/Class/CDC/Src/usbd_cdc.c ****   *             - Data interface class
  29:Middlewares/ST/STM32_USB_Device_Library/Class/CDC/Src/usbd_cdc.c ****   *
  30:Middlewares/ST/STM32_USB_Device_Library/Class/CDC/Src/usbd_cdc.c ****   *           These aspects may be enriched or modified for a specific user application.
  31:Middlewares/ST/STM32_USB_Device_Library/Class/CDC/Src/usbd_cdc.c ****   *
  32:Middlewares/ST/STM32_USB_Device_Library/Class/CDC/Src/usbd_cdc.c ****   *            This driver doesn't implement the following aspects of the specification
  33:Middlewares/ST/STM32_USB_Device_Library/Class/CDC/Src/usbd_cdc.c ****   *            (but it is possible to manage these features with some modifications on this driver)
  34:Middlewares/ST/STM32_USB_Device_Library/Class/CDC/Src/usbd_cdc.c ****   *             - Any class-specific aspect relative to communication classes should be managed by 
  35:Middlewares/ST/STM32_USB_Device_Library/Class/CDC/Src/usbd_cdc.c ****   *             - All communication classes other than PSTN are not managed
  36:Middlewares/ST/STM32_USB_Device_Library/Class/CDC/Src/usbd_cdc.c ****   *
  37:Middlewares/ST/STM32_USB_Device_Library/Class/CDC/Src/usbd_cdc.c ****   *  @endverbatim
  38:Middlewares/ST/STM32_USB_Device_Library/Class/CDC/Src/usbd_cdc.c ****   *
  39:Middlewares/ST/STM32_USB_Device_Library/Class/CDC/Src/usbd_cdc.c ****   ******************************************************************************
  40:Middlewares/ST/STM32_USB_Device_Library/Class/CDC/Src/usbd_cdc.c ****   * @attention
  41:Middlewares/ST/STM32_USB_Device_Library/Class/CDC/Src/usbd_cdc.c ****   *
  42:Middlewares/ST/STM32_USB_Device_Library/Class/CDC/Src/usbd_cdc.c ****   * <h2><center>&copy; Copyright (c) 2015 STMicroelectronics.
  43:Middlewares/ST/STM32_USB_Device_Library/Class/CDC/Src/usbd_cdc.c ****   * All rights reserved.</center></h2>
  44:Middlewares/ST/STM32_USB_Device_Library/Class/CDC/Src/usbd_cdc.c ****   *
  45:Middlewares/ST/STM32_USB_Device_Library/Class/CDC/Src/usbd_cdc.c ****   * This software component is licensed by ST under Ultimate Liberty license
  46:Middlewares/ST/STM32_USB_Device_Library/Class/CDC/Src/usbd_cdc.c ****   * SLA0044, the "License"; You may not use this file except in compliance with
  47:Middlewares/ST/STM32_USB_Device_Library/Class/CDC/Src/usbd_cdc.c ****   * the License. You may obtain a copy of the License at:
  48:Middlewares/ST/STM32_USB_Device_Library/Class/CDC/Src/usbd_cdc.c ****   *                      www.st.com/SLA0044
  49:Middlewares/ST/STM32_USB_Device_Library/Class/CDC/Src/usbd_cdc.c ****   *
  50:Middlewares/ST/STM32_USB_Device_Library/Class/CDC/Src/usbd_cdc.c ****   ******************************************************************************
  51:Middlewares/ST/STM32_USB_Device_Library/Class/CDC/Src/usbd_cdc.c ****   */
  52:Middlewares/ST/STM32_USB_Device_Library/Class/CDC/Src/usbd_cdc.c **** 
  53:Middlewares/ST/STM32_USB_Device_Library/Class/CDC/Src/usbd_cdc.c **** /* BSPDependencies
  54:Middlewares/ST/STM32_USB_Device_Library/Class/CDC/Src/usbd_cdc.c **** - "stm32xxxxx_{eval}{discovery}{nucleo_144}.c"
ARM GAS  /var/folders/xf/tcndk8390ml5xdpfw93qkhpm0000gn/T//ccCjASoL.s 			page 4


  55:Middlewares/ST/STM32_USB_Device_Library/Class/CDC/Src/usbd_cdc.c **** - "stm32xxxxx_{eval}{discovery}_io.c"
  56:Middlewares/ST/STM32_USB_Device_Library/Class/CDC/Src/usbd_cdc.c **** EndBSPDependencies */
  57:Middlewares/ST/STM32_USB_Device_Library/Class/CDC/Src/usbd_cdc.c **** 
  58:Middlewares/ST/STM32_USB_Device_Library/Class/CDC/Src/usbd_cdc.c **** /* Includes ------------------------------------------------------------------*/
  59:Middlewares/ST/STM32_USB_Device_Library/Class/CDC/Src/usbd_cdc.c **** #include "usbd_cdc.h"
  60:Middlewares/ST/STM32_USB_Device_Library/Class/CDC/Src/usbd_cdc.c **** #include "usbd_ctlreq.h"
  61:Middlewares/ST/STM32_USB_Device_Library/Class/CDC/Src/usbd_cdc.c **** 
  62:Middlewares/ST/STM32_USB_Device_Library/Class/CDC/Src/usbd_cdc.c **** 
  63:Middlewares/ST/STM32_USB_Device_Library/Class/CDC/Src/usbd_cdc.c **** /** @addtogroup STM32_USB_DEVICE_LIBRARY
  64:Middlewares/ST/STM32_USB_Device_Library/Class/CDC/Src/usbd_cdc.c ****   * @{
  65:Middlewares/ST/STM32_USB_Device_Library/Class/CDC/Src/usbd_cdc.c ****   */
  66:Middlewares/ST/STM32_USB_Device_Library/Class/CDC/Src/usbd_cdc.c **** 
  67:Middlewares/ST/STM32_USB_Device_Library/Class/CDC/Src/usbd_cdc.c **** 
  68:Middlewares/ST/STM32_USB_Device_Library/Class/CDC/Src/usbd_cdc.c **** /** @defgroup USBD_CDC
  69:Middlewares/ST/STM32_USB_Device_Library/Class/CDC/Src/usbd_cdc.c ****   * @brief usbd core module
  70:Middlewares/ST/STM32_USB_Device_Library/Class/CDC/Src/usbd_cdc.c ****   * @{
  71:Middlewares/ST/STM32_USB_Device_Library/Class/CDC/Src/usbd_cdc.c ****   */
  72:Middlewares/ST/STM32_USB_Device_Library/Class/CDC/Src/usbd_cdc.c **** 
  73:Middlewares/ST/STM32_USB_Device_Library/Class/CDC/Src/usbd_cdc.c **** /** @defgroup USBD_CDC_Private_TypesDefinitions
  74:Middlewares/ST/STM32_USB_Device_Library/Class/CDC/Src/usbd_cdc.c ****   * @{
  75:Middlewares/ST/STM32_USB_Device_Library/Class/CDC/Src/usbd_cdc.c ****   */
  76:Middlewares/ST/STM32_USB_Device_Library/Class/CDC/Src/usbd_cdc.c **** /**
  77:Middlewares/ST/STM32_USB_Device_Library/Class/CDC/Src/usbd_cdc.c ****   * @}
  78:Middlewares/ST/STM32_USB_Device_Library/Class/CDC/Src/usbd_cdc.c ****   */
  79:Middlewares/ST/STM32_USB_Device_Library/Class/CDC/Src/usbd_cdc.c **** 
  80:Middlewares/ST/STM32_USB_Device_Library/Class/CDC/Src/usbd_cdc.c **** 
  81:Middlewares/ST/STM32_USB_Device_Library/Class/CDC/Src/usbd_cdc.c **** /** @defgroup USBD_CDC_Private_Defines
  82:Middlewares/ST/STM32_USB_Device_Library/Class/CDC/Src/usbd_cdc.c ****   * @{
  83:Middlewares/ST/STM32_USB_Device_Library/Class/CDC/Src/usbd_cdc.c ****   */
  84:Middlewares/ST/STM32_USB_Device_Library/Class/CDC/Src/usbd_cdc.c **** /**
  85:Middlewares/ST/STM32_USB_Device_Library/Class/CDC/Src/usbd_cdc.c ****   * @}
  86:Middlewares/ST/STM32_USB_Device_Library/Class/CDC/Src/usbd_cdc.c ****   */
  87:Middlewares/ST/STM32_USB_Device_Library/Class/CDC/Src/usbd_cdc.c **** 
  88:Middlewares/ST/STM32_USB_Device_Library/Class/CDC/Src/usbd_cdc.c **** 
  89:Middlewares/ST/STM32_USB_Device_Library/Class/CDC/Src/usbd_cdc.c **** /** @defgroup USBD_CDC_Private_Macros
  90:Middlewares/ST/STM32_USB_Device_Library/Class/CDC/Src/usbd_cdc.c ****   * @{
  91:Middlewares/ST/STM32_USB_Device_Library/Class/CDC/Src/usbd_cdc.c ****   */
  92:Middlewares/ST/STM32_USB_Device_Library/Class/CDC/Src/usbd_cdc.c **** 
  93:Middlewares/ST/STM32_USB_Device_Library/Class/CDC/Src/usbd_cdc.c **** /**
  94:Middlewares/ST/STM32_USB_Device_Library/Class/CDC/Src/usbd_cdc.c ****   * @}
  95:Middlewares/ST/STM32_USB_Device_Library/Class/CDC/Src/usbd_cdc.c ****   */
  96:Middlewares/ST/STM32_USB_Device_Library/Class/CDC/Src/usbd_cdc.c **** 
  97:Middlewares/ST/STM32_USB_Device_Library/Class/CDC/Src/usbd_cdc.c **** 
  98:Middlewares/ST/STM32_USB_Device_Library/Class/CDC/Src/usbd_cdc.c **** /** @defgroup USBD_CDC_Private_FunctionPrototypes
  99:Middlewares/ST/STM32_USB_Device_Library/Class/CDC/Src/usbd_cdc.c ****   * @{
 100:Middlewares/ST/STM32_USB_Device_Library/Class/CDC/Src/usbd_cdc.c ****   */
 101:Middlewares/ST/STM32_USB_Device_Library/Class/CDC/Src/usbd_cdc.c **** 
 102:Middlewares/ST/STM32_USB_Device_Library/Class/CDC/Src/usbd_cdc.c **** 
 103:Middlewares/ST/STM32_USB_Device_Library/Class/CDC/Src/usbd_cdc.c **** static uint8_t  USBD_CDC_Init(USBD_HandleTypeDef *pdev,
 104:Middlewares/ST/STM32_USB_Device_Library/Class/CDC/Src/usbd_cdc.c ****                               uint8_t cfgidx);
 105:Middlewares/ST/STM32_USB_Device_Library/Class/CDC/Src/usbd_cdc.c **** 
 106:Middlewares/ST/STM32_USB_Device_Library/Class/CDC/Src/usbd_cdc.c **** static uint8_t  USBD_CDC_DeInit(USBD_HandleTypeDef *pdev,
 107:Middlewares/ST/STM32_USB_Device_Library/Class/CDC/Src/usbd_cdc.c ****                                 uint8_t cfgidx);
 108:Middlewares/ST/STM32_USB_Device_Library/Class/CDC/Src/usbd_cdc.c **** 
 109:Middlewares/ST/STM32_USB_Device_Library/Class/CDC/Src/usbd_cdc.c **** static uint8_t  USBD_CDC_Setup(USBD_HandleTypeDef *pdev,
 110:Middlewares/ST/STM32_USB_Device_Library/Class/CDC/Src/usbd_cdc.c ****                                USBD_SetupReqTypedef *req);
 111:Middlewares/ST/STM32_USB_Device_Library/Class/CDC/Src/usbd_cdc.c **** 
ARM GAS  /var/folders/xf/tcndk8390ml5xdpfw93qkhpm0000gn/T//ccCjASoL.s 			page 5


 112:Middlewares/ST/STM32_USB_Device_Library/Class/CDC/Src/usbd_cdc.c **** static uint8_t  USBD_CDC_DataIn(USBD_HandleTypeDef *pdev,
 113:Middlewares/ST/STM32_USB_Device_Library/Class/CDC/Src/usbd_cdc.c ****                                 uint8_t epnum);
 114:Middlewares/ST/STM32_USB_Device_Library/Class/CDC/Src/usbd_cdc.c **** 
 115:Middlewares/ST/STM32_USB_Device_Library/Class/CDC/Src/usbd_cdc.c **** static uint8_t  USBD_CDC_DataOut(USBD_HandleTypeDef *pdev,
 116:Middlewares/ST/STM32_USB_Device_Library/Class/CDC/Src/usbd_cdc.c ****                                  uint8_t epnum);
 117:Middlewares/ST/STM32_USB_Device_Library/Class/CDC/Src/usbd_cdc.c **** 
 118:Middlewares/ST/STM32_USB_Device_Library/Class/CDC/Src/usbd_cdc.c **** static uint8_t  USBD_CDC_EP0_RxReady(USBD_HandleTypeDef *pdev);
 119:Middlewares/ST/STM32_USB_Device_Library/Class/CDC/Src/usbd_cdc.c **** 
 120:Middlewares/ST/STM32_USB_Device_Library/Class/CDC/Src/usbd_cdc.c **** static uint8_t  *USBD_CDC_GetFSCfgDesc(uint16_t *length);
 121:Middlewares/ST/STM32_USB_Device_Library/Class/CDC/Src/usbd_cdc.c **** 
 122:Middlewares/ST/STM32_USB_Device_Library/Class/CDC/Src/usbd_cdc.c **** static uint8_t  *USBD_CDC_GetHSCfgDesc(uint16_t *length);
 123:Middlewares/ST/STM32_USB_Device_Library/Class/CDC/Src/usbd_cdc.c **** 
 124:Middlewares/ST/STM32_USB_Device_Library/Class/CDC/Src/usbd_cdc.c **** static uint8_t  *USBD_CDC_GetOtherSpeedCfgDesc(uint16_t *length);
 125:Middlewares/ST/STM32_USB_Device_Library/Class/CDC/Src/usbd_cdc.c **** 
 126:Middlewares/ST/STM32_USB_Device_Library/Class/CDC/Src/usbd_cdc.c **** static uint8_t  *USBD_CDC_GetOtherSpeedCfgDesc(uint16_t *length);
 127:Middlewares/ST/STM32_USB_Device_Library/Class/CDC/Src/usbd_cdc.c **** 
 128:Middlewares/ST/STM32_USB_Device_Library/Class/CDC/Src/usbd_cdc.c **** uint8_t  *USBD_CDC_GetDeviceQualifierDescriptor(uint16_t *length);
 129:Middlewares/ST/STM32_USB_Device_Library/Class/CDC/Src/usbd_cdc.c **** 
 130:Middlewares/ST/STM32_USB_Device_Library/Class/CDC/Src/usbd_cdc.c **** /* USB Standard Device Descriptor */
 131:Middlewares/ST/STM32_USB_Device_Library/Class/CDC/Src/usbd_cdc.c **** __ALIGN_BEGIN static uint8_t USBD_CDC_DeviceQualifierDesc[USB_LEN_DEV_QUALIFIER_DESC] __ALIGN_END =
 132:Middlewares/ST/STM32_USB_Device_Library/Class/CDC/Src/usbd_cdc.c **** {
 133:Middlewares/ST/STM32_USB_Device_Library/Class/CDC/Src/usbd_cdc.c ****   USB_LEN_DEV_QUALIFIER_DESC,
 134:Middlewares/ST/STM32_USB_Device_Library/Class/CDC/Src/usbd_cdc.c ****   USB_DESC_TYPE_DEVICE_QUALIFIER,
 135:Middlewares/ST/STM32_USB_Device_Library/Class/CDC/Src/usbd_cdc.c ****   0x00,
 136:Middlewares/ST/STM32_USB_Device_Library/Class/CDC/Src/usbd_cdc.c ****   0x02,
 137:Middlewares/ST/STM32_USB_Device_Library/Class/CDC/Src/usbd_cdc.c ****   0x00,
 138:Middlewares/ST/STM32_USB_Device_Library/Class/CDC/Src/usbd_cdc.c ****   0x00,
 139:Middlewares/ST/STM32_USB_Device_Library/Class/CDC/Src/usbd_cdc.c ****   0x00,
 140:Middlewares/ST/STM32_USB_Device_Library/Class/CDC/Src/usbd_cdc.c ****   0x40,
 141:Middlewares/ST/STM32_USB_Device_Library/Class/CDC/Src/usbd_cdc.c ****   0x01,
 142:Middlewares/ST/STM32_USB_Device_Library/Class/CDC/Src/usbd_cdc.c ****   0x00,
 143:Middlewares/ST/STM32_USB_Device_Library/Class/CDC/Src/usbd_cdc.c **** };
 144:Middlewares/ST/STM32_USB_Device_Library/Class/CDC/Src/usbd_cdc.c **** 
 145:Middlewares/ST/STM32_USB_Device_Library/Class/CDC/Src/usbd_cdc.c **** /**
 146:Middlewares/ST/STM32_USB_Device_Library/Class/CDC/Src/usbd_cdc.c ****   * @}
 147:Middlewares/ST/STM32_USB_Device_Library/Class/CDC/Src/usbd_cdc.c ****   */
 148:Middlewares/ST/STM32_USB_Device_Library/Class/CDC/Src/usbd_cdc.c **** 
 149:Middlewares/ST/STM32_USB_Device_Library/Class/CDC/Src/usbd_cdc.c **** /** @defgroup USBD_CDC_Private_Variables
 150:Middlewares/ST/STM32_USB_Device_Library/Class/CDC/Src/usbd_cdc.c ****   * @{
 151:Middlewares/ST/STM32_USB_Device_Library/Class/CDC/Src/usbd_cdc.c ****   */
 152:Middlewares/ST/STM32_USB_Device_Library/Class/CDC/Src/usbd_cdc.c **** 
 153:Middlewares/ST/STM32_USB_Device_Library/Class/CDC/Src/usbd_cdc.c **** 
 154:Middlewares/ST/STM32_USB_Device_Library/Class/CDC/Src/usbd_cdc.c **** /* CDC interface class callbacks structure */
 155:Middlewares/ST/STM32_USB_Device_Library/Class/CDC/Src/usbd_cdc.c **** USBD_ClassTypeDef  USBD_CDC =
 156:Middlewares/ST/STM32_USB_Device_Library/Class/CDC/Src/usbd_cdc.c **** {
 157:Middlewares/ST/STM32_USB_Device_Library/Class/CDC/Src/usbd_cdc.c ****   USBD_CDC_Init,
 158:Middlewares/ST/STM32_USB_Device_Library/Class/CDC/Src/usbd_cdc.c ****   USBD_CDC_DeInit,
 159:Middlewares/ST/STM32_USB_Device_Library/Class/CDC/Src/usbd_cdc.c ****   USBD_CDC_Setup,
 160:Middlewares/ST/STM32_USB_Device_Library/Class/CDC/Src/usbd_cdc.c ****   NULL,                 /* EP0_TxSent, */
 161:Middlewares/ST/STM32_USB_Device_Library/Class/CDC/Src/usbd_cdc.c ****   USBD_CDC_EP0_RxReady,
 162:Middlewares/ST/STM32_USB_Device_Library/Class/CDC/Src/usbd_cdc.c ****   USBD_CDC_DataIn,
 163:Middlewares/ST/STM32_USB_Device_Library/Class/CDC/Src/usbd_cdc.c ****   USBD_CDC_DataOut,
 164:Middlewares/ST/STM32_USB_Device_Library/Class/CDC/Src/usbd_cdc.c ****   NULL,
 165:Middlewares/ST/STM32_USB_Device_Library/Class/CDC/Src/usbd_cdc.c ****   NULL,
 166:Middlewares/ST/STM32_USB_Device_Library/Class/CDC/Src/usbd_cdc.c ****   NULL,
 167:Middlewares/ST/STM32_USB_Device_Library/Class/CDC/Src/usbd_cdc.c ****   USBD_CDC_GetHSCfgDesc,
 168:Middlewares/ST/STM32_USB_Device_Library/Class/CDC/Src/usbd_cdc.c ****   USBD_CDC_GetFSCfgDesc,
ARM GAS  /var/folders/xf/tcndk8390ml5xdpfw93qkhpm0000gn/T//ccCjASoL.s 			page 6


 169:Middlewares/ST/STM32_USB_Device_Library/Class/CDC/Src/usbd_cdc.c ****   USBD_CDC_GetOtherSpeedCfgDesc,
 170:Middlewares/ST/STM32_USB_Device_Library/Class/CDC/Src/usbd_cdc.c ****   USBD_CDC_GetDeviceQualifierDescriptor,
 171:Middlewares/ST/STM32_USB_Device_Library/Class/CDC/Src/usbd_cdc.c **** };
 172:Middlewares/ST/STM32_USB_Device_Library/Class/CDC/Src/usbd_cdc.c **** 
 173:Middlewares/ST/STM32_USB_Device_Library/Class/CDC/Src/usbd_cdc.c **** /* USB CDC device Configuration Descriptor */
 174:Middlewares/ST/STM32_USB_Device_Library/Class/CDC/Src/usbd_cdc.c **** __ALIGN_BEGIN uint8_t USBD_CDC_CfgHSDesc[USB_CDC_CONFIG_DESC_SIZ] __ALIGN_END =
 175:Middlewares/ST/STM32_USB_Device_Library/Class/CDC/Src/usbd_cdc.c **** {
 176:Middlewares/ST/STM32_USB_Device_Library/Class/CDC/Src/usbd_cdc.c ****   /*Configuration Descriptor*/
 177:Middlewares/ST/STM32_USB_Device_Library/Class/CDC/Src/usbd_cdc.c ****   0x09,   /* bLength: Configuration Descriptor size */
 178:Middlewares/ST/STM32_USB_Device_Library/Class/CDC/Src/usbd_cdc.c ****   USB_DESC_TYPE_CONFIGURATION,      /* bDescriptorType: Configuration */
 179:Middlewares/ST/STM32_USB_Device_Library/Class/CDC/Src/usbd_cdc.c ****   USB_CDC_CONFIG_DESC_SIZ,                /* wTotalLength:no of returned bytes */
 180:Middlewares/ST/STM32_USB_Device_Library/Class/CDC/Src/usbd_cdc.c ****   0x00,
 181:Middlewares/ST/STM32_USB_Device_Library/Class/CDC/Src/usbd_cdc.c ****   0x02,   /* bNumInterfaces: 2 interface */
 182:Middlewares/ST/STM32_USB_Device_Library/Class/CDC/Src/usbd_cdc.c ****   0x01,   /* bConfigurationValue: Configuration value */
 183:Middlewares/ST/STM32_USB_Device_Library/Class/CDC/Src/usbd_cdc.c ****   0x00,   /* iConfiguration: Index of string descriptor describing the configuration */
 184:Middlewares/ST/STM32_USB_Device_Library/Class/CDC/Src/usbd_cdc.c ****   0xC0,   /* bmAttributes: self powered */
 185:Middlewares/ST/STM32_USB_Device_Library/Class/CDC/Src/usbd_cdc.c ****   0x32,   /* MaxPower 0 mA */
 186:Middlewares/ST/STM32_USB_Device_Library/Class/CDC/Src/usbd_cdc.c **** 
 187:Middlewares/ST/STM32_USB_Device_Library/Class/CDC/Src/usbd_cdc.c ****   /*---------------------------------------------------------------------------*/
 188:Middlewares/ST/STM32_USB_Device_Library/Class/CDC/Src/usbd_cdc.c **** 
 189:Middlewares/ST/STM32_USB_Device_Library/Class/CDC/Src/usbd_cdc.c ****   /*Interface Descriptor */
 190:Middlewares/ST/STM32_USB_Device_Library/Class/CDC/Src/usbd_cdc.c ****   0x09,   /* bLength: Interface Descriptor size */
 191:Middlewares/ST/STM32_USB_Device_Library/Class/CDC/Src/usbd_cdc.c ****   USB_DESC_TYPE_INTERFACE,  /* bDescriptorType: Interface */
 192:Middlewares/ST/STM32_USB_Device_Library/Class/CDC/Src/usbd_cdc.c ****   /* Interface descriptor type */
 193:Middlewares/ST/STM32_USB_Device_Library/Class/CDC/Src/usbd_cdc.c ****   0x00,   /* bInterfaceNumber: Number of Interface */
 194:Middlewares/ST/STM32_USB_Device_Library/Class/CDC/Src/usbd_cdc.c ****   0x00,   /* bAlternateSetting: Alternate setting */
 195:Middlewares/ST/STM32_USB_Device_Library/Class/CDC/Src/usbd_cdc.c ****   0x01,   /* bNumEndpoints: One endpoints used */
 196:Middlewares/ST/STM32_USB_Device_Library/Class/CDC/Src/usbd_cdc.c ****   0x02,   /* bInterfaceClass: Communication Interface Class */
 197:Middlewares/ST/STM32_USB_Device_Library/Class/CDC/Src/usbd_cdc.c ****   0x02,   /* bInterfaceSubClass: Abstract Control Model */
 198:Middlewares/ST/STM32_USB_Device_Library/Class/CDC/Src/usbd_cdc.c ****   0x01,   /* bInterfaceProtocol: Common AT commands */
 199:Middlewares/ST/STM32_USB_Device_Library/Class/CDC/Src/usbd_cdc.c ****   0x00,   /* iInterface: */
 200:Middlewares/ST/STM32_USB_Device_Library/Class/CDC/Src/usbd_cdc.c **** 
 201:Middlewares/ST/STM32_USB_Device_Library/Class/CDC/Src/usbd_cdc.c ****   /*Header Functional Descriptor*/
 202:Middlewares/ST/STM32_USB_Device_Library/Class/CDC/Src/usbd_cdc.c ****   0x05,   /* bLength: Endpoint Descriptor size */
 203:Middlewares/ST/STM32_USB_Device_Library/Class/CDC/Src/usbd_cdc.c ****   0x24,   /* bDescriptorType: CS_INTERFACE */
 204:Middlewares/ST/STM32_USB_Device_Library/Class/CDC/Src/usbd_cdc.c ****   0x00,   /* bDescriptorSubtype: Header Func Desc */
 205:Middlewares/ST/STM32_USB_Device_Library/Class/CDC/Src/usbd_cdc.c ****   0x10,   /* bcdCDC: spec release number */
 206:Middlewares/ST/STM32_USB_Device_Library/Class/CDC/Src/usbd_cdc.c ****   0x01,
 207:Middlewares/ST/STM32_USB_Device_Library/Class/CDC/Src/usbd_cdc.c **** 
 208:Middlewares/ST/STM32_USB_Device_Library/Class/CDC/Src/usbd_cdc.c ****   /*Call Management Functional Descriptor*/
 209:Middlewares/ST/STM32_USB_Device_Library/Class/CDC/Src/usbd_cdc.c ****   0x05,   /* bFunctionLength */
 210:Middlewares/ST/STM32_USB_Device_Library/Class/CDC/Src/usbd_cdc.c ****   0x24,   /* bDescriptorType: CS_INTERFACE */
 211:Middlewares/ST/STM32_USB_Device_Library/Class/CDC/Src/usbd_cdc.c ****   0x01,   /* bDescriptorSubtype: Call Management Func Desc */
 212:Middlewares/ST/STM32_USB_Device_Library/Class/CDC/Src/usbd_cdc.c ****   0x00,   /* bmCapabilities: D0+D1 */
 213:Middlewares/ST/STM32_USB_Device_Library/Class/CDC/Src/usbd_cdc.c ****   0x01,   /* bDataInterface: 1 */
 214:Middlewares/ST/STM32_USB_Device_Library/Class/CDC/Src/usbd_cdc.c **** 
 215:Middlewares/ST/STM32_USB_Device_Library/Class/CDC/Src/usbd_cdc.c ****   /*ACM Functional Descriptor*/
 216:Middlewares/ST/STM32_USB_Device_Library/Class/CDC/Src/usbd_cdc.c ****   0x04,   /* bFunctionLength */
 217:Middlewares/ST/STM32_USB_Device_Library/Class/CDC/Src/usbd_cdc.c ****   0x24,   /* bDescriptorType: CS_INTERFACE */
 218:Middlewares/ST/STM32_USB_Device_Library/Class/CDC/Src/usbd_cdc.c ****   0x02,   /* bDescriptorSubtype: Abstract Control Management desc */
 219:Middlewares/ST/STM32_USB_Device_Library/Class/CDC/Src/usbd_cdc.c ****   0x02,   /* bmCapabilities */
 220:Middlewares/ST/STM32_USB_Device_Library/Class/CDC/Src/usbd_cdc.c **** 
 221:Middlewares/ST/STM32_USB_Device_Library/Class/CDC/Src/usbd_cdc.c ****   /*Union Functional Descriptor*/
 222:Middlewares/ST/STM32_USB_Device_Library/Class/CDC/Src/usbd_cdc.c ****   0x05,   /* bFunctionLength */
 223:Middlewares/ST/STM32_USB_Device_Library/Class/CDC/Src/usbd_cdc.c ****   0x24,   /* bDescriptorType: CS_INTERFACE */
 224:Middlewares/ST/STM32_USB_Device_Library/Class/CDC/Src/usbd_cdc.c ****   0x06,   /* bDescriptorSubtype: Union func desc */
 225:Middlewares/ST/STM32_USB_Device_Library/Class/CDC/Src/usbd_cdc.c ****   0x00,   /* bMasterInterface: Communication class interface */
ARM GAS  /var/folders/xf/tcndk8390ml5xdpfw93qkhpm0000gn/T//ccCjASoL.s 			page 7


 226:Middlewares/ST/STM32_USB_Device_Library/Class/CDC/Src/usbd_cdc.c ****   0x01,   /* bSlaveInterface0: Data Class Interface */
 227:Middlewares/ST/STM32_USB_Device_Library/Class/CDC/Src/usbd_cdc.c **** 
 228:Middlewares/ST/STM32_USB_Device_Library/Class/CDC/Src/usbd_cdc.c ****   /*Endpoint 2 Descriptor*/
 229:Middlewares/ST/STM32_USB_Device_Library/Class/CDC/Src/usbd_cdc.c ****   0x07,                           /* bLength: Endpoint Descriptor size */
 230:Middlewares/ST/STM32_USB_Device_Library/Class/CDC/Src/usbd_cdc.c ****   USB_DESC_TYPE_ENDPOINT,   /* bDescriptorType: Endpoint */
 231:Middlewares/ST/STM32_USB_Device_Library/Class/CDC/Src/usbd_cdc.c ****   CDC_CMD_EP,                     /* bEndpointAddress */
 232:Middlewares/ST/STM32_USB_Device_Library/Class/CDC/Src/usbd_cdc.c ****   0x03,                           /* bmAttributes: Interrupt */
 233:Middlewares/ST/STM32_USB_Device_Library/Class/CDC/Src/usbd_cdc.c ****   LOBYTE(CDC_CMD_PACKET_SIZE),     /* wMaxPacketSize: */
 234:Middlewares/ST/STM32_USB_Device_Library/Class/CDC/Src/usbd_cdc.c ****   HIBYTE(CDC_CMD_PACKET_SIZE),
 235:Middlewares/ST/STM32_USB_Device_Library/Class/CDC/Src/usbd_cdc.c ****   CDC_HS_BINTERVAL,                           /* bInterval: */
 236:Middlewares/ST/STM32_USB_Device_Library/Class/CDC/Src/usbd_cdc.c ****   /*---------------------------------------------------------------------------*/
 237:Middlewares/ST/STM32_USB_Device_Library/Class/CDC/Src/usbd_cdc.c **** 
 238:Middlewares/ST/STM32_USB_Device_Library/Class/CDC/Src/usbd_cdc.c ****   /*Data class interface descriptor*/
 239:Middlewares/ST/STM32_USB_Device_Library/Class/CDC/Src/usbd_cdc.c ****   0x09,   /* bLength: Endpoint Descriptor size */
 240:Middlewares/ST/STM32_USB_Device_Library/Class/CDC/Src/usbd_cdc.c ****   USB_DESC_TYPE_INTERFACE,  /* bDescriptorType: */
 241:Middlewares/ST/STM32_USB_Device_Library/Class/CDC/Src/usbd_cdc.c ****   0x01,   /* bInterfaceNumber: Number of Interface */
 242:Middlewares/ST/STM32_USB_Device_Library/Class/CDC/Src/usbd_cdc.c ****   0x00,   /* bAlternateSetting: Alternate setting */
 243:Middlewares/ST/STM32_USB_Device_Library/Class/CDC/Src/usbd_cdc.c ****   0x02,   /* bNumEndpoints: Two endpoints used */
 244:Middlewares/ST/STM32_USB_Device_Library/Class/CDC/Src/usbd_cdc.c ****   0x0A,   /* bInterfaceClass: CDC */
 245:Middlewares/ST/STM32_USB_Device_Library/Class/CDC/Src/usbd_cdc.c ****   0x00,   /* bInterfaceSubClass: */
 246:Middlewares/ST/STM32_USB_Device_Library/Class/CDC/Src/usbd_cdc.c ****   0x00,   /* bInterfaceProtocol: */
 247:Middlewares/ST/STM32_USB_Device_Library/Class/CDC/Src/usbd_cdc.c ****   0x00,   /* iInterface: */
 248:Middlewares/ST/STM32_USB_Device_Library/Class/CDC/Src/usbd_cdc.c **** 
 249:Middlewares/ST/STM32_USB_Device_Library/Class/CDC/Src/usbd_cdc.c ****   /*Endpoint OUT Descriptor*/
 250:Middlewares/ST/STM32_USB_Device_Library/Class/CDC/Src/usbd_cdc.c ****   0x07,   /* bLength: Endpoint Descriptor size */
 251:Middlewares/ST/STM32_USB_Device_Library/Class/CDC/Src/usbd_cdc.c ****   USB_DESC_TYPE_ENDPOINT,      /* bDescriptorType: Endpoint */
 252:Middlewares/ST/STM32_USB_Device_Library/Class/CDC/Src/usbd_cdc.c ****   CDC_OUT_EP,                        /* bEndpointAddress */
 253:Middlewares/ST/STM32_USB_Device_Library/Class/CDC/Src/usbd_cdc.c ****   0x02,                              /* bmAttributes: Bulk */
 254:Middlewares/ST/STM32_USB_Device_Library/Class/CDC/Src/usbd_cdc.c ****   LOBYTE(CDC_DATA_HS_MAX_PACKET_SIZE),  /* wMaxPacketSize: */
 255:Middlewares/ST/STM32_USB_Device_Library/Class/CDC/Src/usbd_cdc.c ****   HIBYTE(CDC_DATA_HS_MAX_PACKET_SIZE),
 256:Middlewares/ST/STM32_USB_Device_Library/Class/CDC/Src/usbd_cdc.c ****   0x00,                              /* bInterval: ignore for Bulk transfer */
 257:Middlewares/ST/STM32_USB_Device_Library/Class/CDC/Src/usbd_cdc.c **** 
 258:Middlewares/ST/STM32_USB_Device_Library/Class/CDC/Src/usbd_cdc.c ****   /*Endpoint IN Descriptor*/
 259:Middlewares/ST/STM32_USB_Device_Library/Class/CDC/Src/usbd_cdc.c ****   0x07,   /* bLength: Endpoint Descriptor size */
 260:Middlewares/ST/STM32_USB_Device_Library/Class/CDC/Src/usbd_cdc.c ****   USB_DESC_TYPE_ENDPOINT,      /* bDescriptorType: Endpoint */
 261:Middlewares/ST/STM32_USB_Device_Library/Class/CDC/Src/usbd_cdc.c ****   CDC_IN_EP,                         /* bEndpointAddress */
 262:Middlewares/ST/STM32_USB_Device_Library/Class/CDC/Src/usbd_cdc.c ****   0x02,                              /* bmAttributes: Bulk */
 263:Middlewares/ST/STM32_USB_Device_Library/Class/CDC/Src/usbd_cdc.c ****   LOBYTE(CDC_DATA_HS_MAX_PACKET_SIZE),  /* wMaxPacketSize: */
 264:Middlewares/ST/STM32_USB_Device_Library/Class/CDC/Src/usbd_cdc.c ****   HIBYTE(CDC_DATA_HS_MAX_PACKET_SIZE),
 265:Middlewares/ST/STM32_USB_Device_Library/Class/CDC/Src/usbd_cdc.c ****   0x00                               /* bInterval: ignore for Bulk transfer */
 266:Middlewares/ST/STM32_USB_Device_Library/Class/CDC/Src/usbd_cdc.c **** } ;
 267:Middlewares/ST/STM32_USB_Device_Library/Class/CDC/Src/usbd_cdc.c **** 
 268:Middlewares/ST/STM32_USB_Device_Library/Class/CDC/Src/usbd_cdc.c **** 
 269:Middlewares/ST/STM32_USB_Device_Library/Class/CDC/Src/usbd_cdc.c **** /* USB CDC device Configuration Descriptor */
 270:Middlewares/ST/STM32_USB_Device_Library/Class/CDC/Src/usbd_cdc.c **** __ALIGN_BEGIN uint8_t USBD_CDC_CfgFSDesc[USB_CDC_CONFIG_DESC_SIZ] __ALIGN_END =
 271:Middlewares/ST/STM32_USB_Device_Library/Class/CDC/Src/usbd_cdc.c **** {
 272:Middlewares/ST/STM32_USB_Device_Library/Class/CDC/Src/usbd_cdc.c ****   /*Configuration Descriptor*/
 273:Middlewares/ST/STM32_USB_Device_Library/Class/CDC/Src/usbd_cdc.c ****   0x09,   /* bLength: Configuration Descriptor size */
 274:Middlewares/ST/STM32_USB_Device_Library/Class/CDC/Src/usbd_cdc.c ****   USB_DESC_TYPE_CONFIGURATION,      /* bDescriptorType: Configuration */
 275:Middlewares/ST/STM32_USB_Device_Library/Class/CDC/Src/usbd_cdc.c ****   USB_CDC_CONFIG_DESC_SIZ,                /* wTotalLength:no of returned bytes */
 276:Middlewares/ST/STM32_USB_Device_Library/Class/CDC/Src/usbd_cdc.c ****   0x00,
 277:Middlewares/ST/STM32_USB_Device_Library/Class/CDC/Src/usbd_cdc.c ****   0x02,   /* bNumInterfaces: 2 interface */
 278:Middlewares/ST/STM32_USB_Device_Library/Class/CDC/Src/usbd_cdc.c ****   0x01,   /* bConfigurationValue: Configuration value */
 279:Middlewares/ST/STM32_USB_Device_Library/Class/CDC/Src/usbd_cdc.c ****   0x00,   /* iConfiguration: Index of string descriptor describing the configuration */
 280:Middlewares/ST/STM32_USB_Device_Library/Class/CDC/Src/usbd_cdc.c ****   0xC0,   /* bmAttributes: self powered */
 281:Middlewares/ST/STM32_USB_Device_Library/Class/CDC/Src/usbd_cdc.c ****   0x32,   /* MaxPower 0 mA */
 282:Middlewares/ST/STM32_USB_Device_Library/Class/CDC/Src/usbd_cdc.c **** 
ARM GAS  /var/folders/xf/tcndk8390ml5xdpfw93qkhpm0000gn/T//ccCjASoL.s 			page 8


 283:Middlewares/ST/STM32_USB_Device_Library/Class/CDC/Src/usbd_cdc.c ****   /*---------------------------------------------------------------------------*/
 284:Middlewares/ST/STM32_USB_Device_Library/Class/CDC/Src/usbd_cdc.c **** 
 285:Middlewares/ST/STM32_USB_Device_Library/Class/CDC/Src/usbd_cdc.c ****   /*Interface Descriptor */
 286:Middlewares/ST/STM32_USB_Device_Library/Class/CDC/Src/usbd_cdc.c ****   0x09,   /* bLength: Interface Descriptor size */
 287:Middlewares/ST/STM32_USB_Device_Library/Class/CDC/Src/usbd_cdc.c ****   USB_DESC_TYPE_INTERFACE,  /* bDescriptorType: Interface */
 288:Middlewares/ST/STM32_USB_Device_Library/Class/CDC/Src/usbd_cdc.c ****   /* Interface descriptor type */
 289:Middlewares/ST/STM32_USB_Device_Library/Class/CDC/Src/usbd_cdc.c ****   0x00,   /* bInterfaceNumber: Number of Interface */
 290:Middlewares/ST/STM32_USB_Device_Library/Class/CDC/Src/usbd_cdc.c ****   0x00,   /* bAlternateSetting: Alternate setting */
 291:Middlewares/ST/STM32_USB_Device_Library/Class/CDC/Src/usbd_cdc.c ****   0x01,   /* bNumEndpoints: One endpoints used */
 292:Middlewares/ST/STM32_USB_Device_Library/Class/CDC/Src/usbd_cdc.c ****   0x02,   /* bInterfaceClass: Communication Interface Class */
 293:Middlewares/ST/STM32_USB_Device_Library/Class/CDC/Src/usbd_cdc.c ****   0x02,   /* bInterfaceSubClass: Abstract Control Model */
 294:Middlewares/ST/STM32_USB_Device_Library/Class/CDC/Src/usbd_cdc.c ****   0x01,   /* bInterfaceProtocol: Common AT commands */
 295:Middlewares/ST/STM32_USB_Device_Library/Class/CDC/Src/usbd_cdc.c ****   0x00,   /* iInterface: */
 296:Middlewares/ST/STM32_USB_Device_Library/Class/CDC/Src/usbd_cdc.c **** 
 297:Middlewares/ST/STM32_USB_Device_Library/Class/CDC/Src/usbd_cdc.c ****   /*Header Functional Descriptor*/
 298:Middlewares/ST/STM32_USB_Device_Library/Class/CDC/Src/usbd_cdc.c ****   0x05,   /* bLength: Endpoint Descriptor size */
 299:Middlewares/ST/STM32_USB_Device_Library/Class/CDC/Src/usbd_cdc.c ****   0x24,   /* bDescriptorType: CS_INTERFACE */
 300:Middlewares/ST/STM32_USB_Device_Library/Class/CDC/Src/usbd_cdc.c ****   0x00,   /* bDescriptorSubtype: Header Func Desc */
 301:Middlewares/ST/STM32_USB_Device_Library/Class/CDC/Src/usbd_cdc.c ****   0x10,   /* bcdCDC: spec release number */
 302:Middlewares/ST/STM32_USB_Device_Library/Class/CDC/Src/usbd_cdc.c ****   0x01,
 303:Middlewares/ST/STM32_USB_Device_Library/Class/CDC/Src/usbd_cdc.c **** 
 304:Middlewares/ST/STM32_USB_Device_Library/Class/CDC/Src/usbd_cdc.c ****   /*Call Management Functional Descriptor*/
 305:Middlewares/ST/STM32_USB_Device_Library/Class/CDC/Src/usbd_cdc.c ****   0x05,   /* bFunctionLength */
 306:Middlewares/ST/STM32_USB_Device_Library/Class/CDC/Src/usbd_cdc.c ****   0x24,   /* bDescriptorType: CS_INTERFACE */
 307:Middlewares/ST/STM32_USB_Device_Library/Class/CDC/Src/usbd_cdc.c ****   0x01,   /* bDescriptorSubtype: Call Management Func Desc */
 308:Middlewares/ST/STM32_USB_Device_Library/Class/CDC/Src/usbd_cdc.c ****   0x00,   /* bmCapabilities: D0+D1 */
 309:Middlewares/ST/STM32_USB_Device_Library/Class/CDC/Src/usbd_cdc.c ****   0x01,   /* bDataInterface: 1 */
 310:Middlewares/ST/STM32_USB_Device_Library/Class/CDC/Src/usbd_cdc.c **** 
 311:Middlewares/ST/STM32_USB_Device_Library/Class/CDC/Src/usbd_cdc.c ****   /*ACM Functional Descriptor*/
 312:Middlewares/ST/STM32_USB_Device_Library/Class/CDC/Src/usbd_cdc.c ****   0x04,   /* bFunctionLength */
 313:Middlewares/ST/STM32_USB_Device_Library/Class/CDC/Src/usbd_cdc.c ****   0x24,   /* bDescriptorType: CS_INTERFACE */
 314:Middlewares/ST/STM32_USB_Device_Library/Class/CDC/Src/usbd_cdc.c ****   0x02,   /* bDescriptorSubtype: Abstract Control Management desc */
 315:Middlewares/ST/STM32_USB_Device_Library/Class/CDC/Src/usbd_cdc.c ****   0x02,   /* bmCapabilities */
 316:Middlewares/ST/STM32_USB_Device_Library/Class/CDC/Src/usbd_cdc.c **** 
 317:Middlewares/ST/STM32_USB_Device_Library/Class/CDC/Src/usbd_cdc.c ****   /*Union Functional Descriptor*/
 318:Middlewares/ST/STM32_USB_Device_Library/Class/CDC/Src/usbd_cdc.c ****   0x05,   /* bFunctionLength */
 319:Middlewares/ST/STM32_USB_Device_Library/Class/CDC/Src/usbd_cdc.c ****   0x24,   /* bDescriptorType: CS_INTERFACE */
 320:Middlewares/ST/STM32_USB_Device_Library/Class/CDC/Src/usbd_cdc.c ****   0x06,   /* bDescriptorSubtype: Union func desc */
 321:Middlewares/ST/STM32_USB_Device_Library/Class/CDC/Src/usbd_cdc.c ****   0x00,   /* bMasterInterface: Communication class interface */
 322:Middlewares/ST/STM32_USB_Device_Library/Class/CDC/Src/usbd_cdc.c ****   0x01,   /* bSlaveInterface0: Data Class Interface */
 323:Middlewares/ST/STM32_USB_Device_Library/Class/CDC/Src/usbd_cdc.c **** 
 324:Middlewares/ST/STM32_USB_Device_Library/Class/CDC/Src/usbd_cdc.c ****   /*Endpoint 2 Descriptor*/
 325:Middlewares/ST/STM32_USB_Device_Library/Class/CDC/Src/usbd_cdc.c ****   0x07,                           /* bLength: Endpoint Descriptor size */
 326:Middlewares/ST/STM32_USB_Device_Library/Class/CDC/Src/usbd_cdc.c ****   USB_DESC_TYPE_ENDPOINT,   /* bDescriptorType: Endpoint */
 327:Middlewares/ST/STM32_USB_Device_Library/Class/CDC/Src/usbd_cdc.c ****   CDC_CMD_EP,                     /* bEndpointAddress */
 328:Middlewares/ST/STM32_USB_Device_Library/Class/CDC/Src/usbd_cdc.c ****   0x03,                           /* bmAttributes: Interrupt */
 329:Middlewares/ST/STM32_USB_Device_Library/Class/CDC/Src/usbd_cdc.c ****   LOBYTE(CDC_CMD_PACKET_SIZE),     /* wMaxPacketSize: */
 330:Middlewares/ST/STM32_USB_Device_Library/Class/CDC/Src/usbd_cdc.c ****   HIBYTE(CDC_CMD_PACKET_SIZE),
 331:Middlewares/ST/STM32_USB_Device_Library/Class/CDC/Src/usbd_cdc.c ****   CDC_FS_BINTERVAL,                           /* bInterval: */
 332:Middlewares/ST/STM32_USB_Device_Library/Class/CDC/Src/usbd_cdc.c ****   /*---------------------------------------------------------------------------*/
 333:Middlewares/ST/STM32_USB_Device_Library/Class/CDC/Src/usbd_cdc.c **** 
 334:Middlewares/ST/STM32_USB_Device_Library/Class/CDC/Src/usbd_cdc.c ****   /*Data class interface descriptor*/
 335:Middlewares/ST/STM32_USB_Device_Library/Class/CDC/Src/usbd_cdc.c ****   0x09,   /* bLength: Endpoint Descriptor size */
 336:Middlewares/ST/STM32_USB_Device_Library/Class/CDC/Src/usbd_cdc.c ****   USB_DESC_TYPE_INTERFACE,  /* bDescriptorType: */
 337:Middlewares/ST/STM32_USB_Device_Library/Class/CDC/Src/usbd_cdc.c ****   0x01,   /* bInterfaceNumber: Number of Interface */
 338:Middlewares/ST/STM32_USB_Device_Library/Class/CDC/Src/usbd_cdc.c ****   0x00,   /* bAlternateSetting: Alternate setting */
 339:Middlewares/ST/STM32_USB_Device_Library/Class/CDC/Src/usbd_cdc.c ****   0x02,   /* bNumEndpoints: Two endpoints used */
ARM GAS  /var/folders/xf/tcndk8390ml5xdpfw93qkhpm0000gn/T//ccCjASoL.s 			page 9


 340:Middlewares/ST/STM32_USB_Device_Library/Class/CDC/Src/usbd_cdc.c ****   0x0A,   /* bInterfaceClass: CDC */
 341:Middlewares/ST/STM32_USB_Device_Library/Class/CDC/Src/usbd_cdc.c ****   0x00,   /* bInterfaceSubClass: */
 342:Middlewares/ST/STM32_USB_Device_Library/Class/CDC/Src/usbd_cdc.c ****   0x00,   /* bInterfaceProtocol: */
 343:Middlewares/ST/STM32_USB_Device_Library/Class/CDC/Src/usbd_cdc.c ****   0x00,   /* iInterface: */
 344:Middlewares/ST/STM32_USB_Device_Library/Class/CDC/Src/usbd_cdc.c **** 
 345:Middlewares/ST/STM32_USB_Device_Library/Class/CDC/Src/usbd_cdc.c ****   /*Endpoint OUT Descriptor*/
 346:Middlewares/ST/STM32_USB_Device_Library/Class/CDC/Src/usbd_cdc.c ****   0x07,   /* bLength: Endpoint Descriptor size */
 347:Middlewares/ST/STM32_USB_Device_Library/Class/CDC/Src/usbd_cdc.c ****   USB_DESC_TYPE_ENDPOINT,      /* bDescriptorType: Endpoint */
 348:Middlewares/ST/STM32_USB_Device_Library/Class/CDC/Src/usbd_cdc.c ****   CDC_OUT_EP,                        /* bEndpointAddress */
 349:Middlewares/ST/STM32_USB_Device_Library/Class/CDC/Src/usbd_cdc.c ****   0x02,                              /* bmAttributes: Bulk */
 350:Middlewares/ST/STM32_USB_Device_Library/Class/CDC/Src/usbd_cdc.c ****   LOBYTE(CDC_DATA_FS_MAX_PACKET_SIZE),  /* wMaxPacketSize: */
 351:Middlewares/ST/STM32_USB_Device_Library/Class/CDC/Src/usbd_cdc.c ****   HIBYTE(CDC_DATA_FS_MAX_PACKET_SIZE),
 352:Middlewares/ST/STM32_USB_Device_Library/Class/CDC/Src/usbd_cdc.c ****   0x00,                              /* bInterval: ignore for Bulk transfer */
 353:Middlewares/ST/STM32_USB_Device_Library/Class/CDC/Src/usbd_cdc.c **** 
 354:Middlewares/ST/STM32_USB_Device_Library/Class/CDC/Src/usbd_cdc.c ****   /*Endpoint IN Descriptor*/
 355:Middlewares/ST/STM32_USB_Device_Library/Class/CDC/Src/usbd_cdc.c ****   0x07,   /* bLength: Endpoint Descriptor size */
 356:Middlewares/ST/STM32_USB_Device_Library/Class/CDC/Src/usbd_cdc.c ****   USB_DESC_TYPE_ENDPOINT,      /* bDescriptorType: Endpoint */
 357:Middlewares/ST/STM32_USB_Device_Library/Class/CDC/Src/usbd_cdc.c ****   CDC_IN_EP,                         /* bEndpointAddress */
 358:Middlewares/ST/STM32_USB_Device_Library/Class/CDC/Src/usbd_cdc.c ****   0x02,                              /* bmAttributes: Bulk */
 359:Middlewares/ST/STM32_USB_Device_Library/Class/CDC/Src/usbd_cdc.c ****   LOBYTE(CDC_DATA_FS_MAX_PACKET_SIZE),  /* wMaxPacketSize: */
 360:Middlewares/ST/STM32_USB_Device_Library/Class/CDC/Src/usbd_cdc.c ****   HIBYTE(CDC_DATA_FS_MAX_PACKET_SIZE),
 361:Middlewares/ST/STM32_USB_Device_Library/Class/CDC/Src/usbd_cdc.c ****   0x00                               /* bInterval: ignore for Bulk transfer */
 362:Middlewares/ST/STM32_USB_Device_Library/Class/CDC/Src/usbd_cdc.c **** } ;
 363:Middlewares/ST/STM32_USB_Device_Library/Class/CDC/Src/usbd_cdc.c **** 
 364:Middlewares/ST/STM32_USB_Device_Library/Class/CDC/Src/usbd_cdc.c **** __ALIGN_BEGIN uint8_t USBD_CDC_OtherSpeedCfgDesc[USB_CDC_CONFIG_DESC_SIZ] __ALIGN_END =
 365:Middlewares/ST/STM32_USB_Device_Library/Class/CDC/Src/usbd_cdc.c **** {
 366:Middlewares/ST/STM32_USB_Device_Library/Class/CDC/Src/usbd_cdc.c ****   0x09,   /* bLength: Configuation Descriptor size */
 367:Middlewares/ST/STM32_USB_Device_Library/Class/CDC/Src/usbd_cdc.c ****   USB_DESC_TYPE_OTHER_SPEED_CONFIGURATION,
 368:Middlewares/ST/STM32_USB_Device_Library/Class/CDC/Src/usbd_cdc.c ****   USB_CDC_CONFIG_DESC_SIZ,
 369:Middlewares/ST/STM32_USB_Device_Library/Class/CDC/Src/usbd_cdc.c ****   0x00,
 370:Middlewares/ST/STM32_USB_Device_Library/Class/CDC/Src/usbd_cdc.c ****   0x02,   /* bNumInterfaces: 2 interfaces */
 371:Middlewares/ST/STM32_USB_Device_Library/Class/CDC/Src/usbd_cdc.c ****   0x01,   /* bConfigurationValue: */
 372:Middlewares/ST/STM32_USB_Device_Library/Class/CDC/Src/usbd_cdc.c ****   0x04,   /* iConfiguration: */
 373:Middlewares/ST/STM32_USB_Device_Library/Class/CDC/Src/usbd_cdc.c ****   0xC0,   /* bmAttributes: */
 374:Middlewares/ST/STM32_USB_Device_Library/Class/CDC/Src/usbd_cdc.c ****   0x32,   /* MaxPower 100 mA */
 375:Middlewares/ST/STM32_USB_Device_Library/Class/CDC/Src/usbd_cdc.c **** 
 376:Middlewares/ST/STM32_USB_Device_Library/Class/CDC/Src/usbd_cdc.c ****   /*Interface Descriptor */
 377:Middlewares/ST/STM32_USB_Device_Library/Class/CDC/Src/usbd_cdc.c ****   0x09,   /* bLength: Interface Descriptor size */
 378:Middlewares/ST/STM32_USB_Device_Library/Class/CDC/Src/usbd_cdc.c ****   USB_DESC_TYPE_INTERFACE,  /* bDescriptorType: Interface */
 379:Middlewares/ST/STM32_USB_Device_Library/Class/CDC/Src/usbd_cdc.c ****   /* Interface descriptor type */
 380:Middlewares/ST/STM32_USB_Device_Library/Class/CDC/Src/usbd_cdc.c ****   0x00,   /* bInterfaceNumber: Number of Interface */
 381:Middlewares/ST/STM32_USB_Device_Library/Class/CDC/Src/usbd_cdc.c ****   0x00,   /* bAlternateSetting: Alternate setting */
 382:Middlewares/ST/STM32_USB_Device_Library/Class/CDC/Src/usbd_cdc.c ****   0x01,   /* bNumEndpoints: One endpoints used */
 383:Middlewares/ST/STM32_USB_Device_Library/Class/CDC/Src/usbd_cdc.c ****   0x02,   /* bInterfaceClass: Communication Interface Class */
 384:Middlewares/ST/STM32_USB_Device_Library/Class/CDC/Src/usbd_cdc.c ****   0x02,   /* bInterfaceSubClass: Abstract Control Model */
 385:Middlewares/ST/STM32_USB_Device_Library/Class/CDC/Src/usbd_cdc.c ****   0x01,   /* bInterfaceProtocol: Common AT commands */
 386:Middlewares/ST/STM32_USB_Device_Library/Class/CDC/Src/usbd_cdc.c ****   0x00,   /* iInterface: */
 387:Middlewares/ST/STM32_USB_Device_Library/Class/CDC/Src/usbd_cdc.c **** 
 388:Middlewares/ST/STM32_USB_Device_Library/Class/CDC/Src/usbd_cdc.c ****   /*Header Functional Descriptor*/
 389:Middlewares/ST/STM32_USB_Device_Library/Class/CDC/Src/usbd_cdc.c ****   0x05,   /* bLength: Endpoint Descriptor size */
 390:Middlewares/ST/STM32_USB_Device_Library/Class/CDC/Src/usbd_cdc.c ****   0x24,   /* bDescriptorType: CS_INTERFACE */
 391:Middlewares/ST/STM32_USB_Device_Library/Class/CDC/Src/usbd_cdc.c ****   0x00,   /* bDescriptorSubtype: Header Func Desc */
 392:Middlewares/ST/STM32_USB_Device_Library/Class/CDC/Src/usbd_cdc.c ****   0x10,   /* bcdCDC: spec release number */
 393:Middlewares/ST/STM32_USB_Device_Library/Class/CDC/Src/usbd_cdc.c ****   0x01,
 394:Middlewares/ST/STM32_USB_Device_Library/Class/CDC/Src/usbd_cdc.c **** 
 395:Middlewares/ST/STM32_USB_Device_Library/Class/CDC/Src/usbd_cdc.c ****   /*Call Management Functional Descriptor*/
 396:Middlewares/ST/STM32_USB_Device_Library/Class/CDC/Src/usbd_cdc.c ****   0x05,   /* bFunctionLength */
ARM GAS  /var/folders/xf/tcndk8390ml5xdpfw93qkhpm0000gn/T//ccCjASoL.s 			page 10


 397:Middlewares/ST/STM32_USB_Device_Library/Class/CDC/Src/usbd_cdc.c ****   0x24,   /* bDescriptorType: CS_INTERFACE */
 398:Middlewares/ST/STM32_USB_Device_Library/Class/CDC/Src/usbd_cdc.c ****   0x01,   /* bDescriptorSubtype: Call Management Func Desc */
 399:Middlewares/ST/STM32_USB_Device_Library/Class/CDC/Src/usbd_cdc.c ****   0x00,   /* bmCapabilities: D0+D1 */
 400:Middlewares/ST/STM32_USB_Device_Library/Class/CDC/Src/usbd_cdc.c ****   0x01,   /* bDataInterface: 1 */
 401:Middlewares/ST/STM32_USB_Device_Library/Class/CDC/Src/usbd_cdc.c **** 
 402:Middlewares/ST/STM32_USB_Device_Library/Class/CDC/Src/usbd_cdc.c ****   /*ACM Functional Descriptor*/
 403:Middlewares/ST/STM32_USB_Device_Library/Class/CDC/Src/usbd_cdc.c ****   0x04,   /* bFunctionLength */
 404:Middlewares/ST/STM32_USB_Device_Library/Class/CDC/Src/usbd_cdc.c ****   0x24,   /* bDescriptorType: CS_INTERFACE */
 405:Middlewares/ST/STM32_USB_Device_Library/Class/CDC/Src/usbd_cdc.c ****   0x02,   /* bDescriptorSubtype: Abstract Control Management desc */
 406:Middlewares/ST/STM32_USB_Device_Library/Class/CDC/Src/usbd_cdc.c ****   0x02,   /* bmCapabilities */
 407:Middlewares/ST/STM32_USB_Device_Library/Class/CDC/Src/usbd_cdc.c **** 
 408:Middlewares/ST/STM32_USB_Device_Library/Class/CDC/Src/usbd_cdc.c ****   /*Union Functional Descriptor*/
 409:Middlewares/ST/STM32_USB_Device_Library/Class/CDC/Src/usbd_cdc.c ****   0x05,   /* bFunctionLength */
 410:Middlewares/ST/STM32_USB_Device_Library/Class/CDC/Src/usbd_cdc.c ****   0x24,   /* bDescriptorType: CS_INTERFACE */
 411:Middlewares/ST/STM32_USB_Device_Library/Class/CDC/Src/usbd_cdc.c ****   0x06,   /* bDescriptorSubtype: Union func desc */
 412:Middlewares/ST/STM32_USB_Device_Library/Class/CDC/Src/usbd_cdc.c ****   0x00,   /* bMasterInterface: Communication class interface */
 413:Middlewares/ST/STM32_USB_Device_Library/Class/CDC/Src/usbd_cdc.c ****   0x01,   /* bSlaveInterface0: Data Class Interface */
 414:Middlewares/ST/STM32_USB_Device_Library/Class/CDC/Src/usbd_cdc.c **** 
 415:Middlewares/ST/STM32_USB_Device_Library/Class/CDC/Src/usbd_cdc.c ****   /*Endpoint 2 Descriptor*/
 416:Middlewares/ST/STM32_USB_Device_Library/Class/CDC/Src/usbd_cdc.c ****   0x07,                           /* bLength: Endpoint Descriptor size */
 417:Middlewares/ST/STM32_USB_Device_Library/Class/CDC/Src/usbd_cdc.c ****   USB_DESC_TYPE_ENDPOINT,         /* bDescriptorType: Endpoint */
 418:Middlewares/ST/STM32_USB_Device_Library/Class/CDC/Src/usbd_cdc.c ****   CDC_CMD_EP,                     /* bEndpointAddress */
 419:Middlewares/ST/STM32_USB_Device_Library/Class/CDC/Src/usbd_cdc.c ****   0x03,                           /* bmAttributes: Interrupt */
 420:Middlewares/ST/STM32_USB_Device_Library/Class/CDC/Src/usbd_cdc.c ****   LOBYTE(CDC_CMD_PACKET_SIZE),     /* wMaxPacketSize: */
 421:Middlewares/ST/STM32_USB_Device_Library/Class/CDC/Src/usbd_cdc.c ****   HIBYTE(CDC_CMD_PACKET_SIZE),
 422:Middlewares/ST/STM32_USB_Device_Library/Class/CDC/Src/usbd_cdc.c ****   CDC_FS_BINTERVAL,                           /* bInterval: */
 423:Middlewares/ST/STM32_USB_Device_Library/Class/CDC/Src/usbd_cdc.c **** 
 424:Middlewares/ST/STM32_USB_Device_Library/Class/CDC/Src/usbd_cdc.c ****   /*---------------------------------------------------------------------------*/
 425:Middlewares/ST/STM32_USB_Device_Library/Class/CDC/Src/usbd_cdc.c **** 
 426:Middlewares/ST/STM32_USB_Device_Library/Class/CDC/Src/usbd_cdc.c ****   /*Data class interface descriptor*/
 427:Middlewares/ST/STM32_USB_Device_Library/Class/CDC/Src/usbd_cdc.c ****   0x09,   /* bLength: Endpoint Descriptor size */
 428:Middlewares/ST/STM32_USB_Device_Library/Class/CDC/Src/usbd_cdc.c ****   USB_DESC_TYPE_INTERFACE,  /* bDescriptorType: */
 429:Middlewares/ST/STM32_USB_Device_Library/Class/CDC/Src/usbd_cdc.c ****   0x01,   /* bInterfaceNumber: Number of Interface */
 430:Middlewares/ST/STM32_USB_Device_Library/Class/CDC/Src/usbd_cdc.c ****   0x00,   /* bAlternateSetting: Alternate setting */
 431:Middlewares/ST/STM32_USB_Device_Library/Class/CDC/Src/usbd_cdc.c ****   0x02,   /* bNumEndpoints: Two endpoints used */
 432:Middlewares/ST/STM32_USB_Device_Library/Class/CDC/Src/usbd_cdc.c ****   0x0A,   /* bInterfaceClass: CDC */
 433:Middlewares/ST/STM32_USB_Device_Library/Class/CDC/Src/usbd_cdc.c ****   0x00,   /* bInterfaceSubClass: */
 434:Middlewares/ST/STM32_USB_Device_Library/Class/CDC/Src/usbd_cdc.c ****   0x00,   /* bInterfaceProtocol: */
 435:Middlewares/ST/STM32_USB_Device_Library/Class/CDC/Src/usbd_cdc.c ****   0x00,   /* iInterface: */
 436:Middlewares/ST/STM32_USB_Device_Library/Class/CDC/Src/usbd_cdc.c **** 
 437:Middlewares/ST/STM32_USB_Device_Library/Class/CDC/Src/usbd_cdc.c ****   /*Endpoint OUT Descriptor*/
 438:Middlewares/ST/STM32_USB_Device_Library/Class/CDC/Src/usbd_cdc.c ****   0x07,   /* bLength: Endpoint Descriptor size */
 439:Middlewares/ST/STM32_USB_Device_Library/Class/CDC/Src/usbd_cdc.c ****   USB_DESC_TYPE_ENDPOINT,      /* bDescriptorType: Endpoint */
 440:Middlewares/ST/STM32_USB_Device_Library/Class/CDC/Src/usbd_cdc.c ****   CDC_OUT_EP,                        /* bEndpointAddress */
 441:Middlewares/ST/STM32_USB_Device_Library/Class/CDC/Src/usbd_cdc.c ****   0x02,                              /* bmAttributes: Bulk */
 442:Middlewares/ST/STM32_USB_Device_Library/Class/CDC/Src/usbd_cdc.c ****   0x40,                              /* wMaxPacketSize: */
 443:Middlewares/ST/STM32_USB_Device_Library/Class/CDC/Src/usbd_cdc.c ****   0x00,
 444:Middlewares/ST/STM32_USB_Device_Library/Class/CDC/Src/usbd_cdc.c ****   0x00,                              /* bInterval: ignore for Bulk transfer */
 445:Middlewares/ST/STM32_USB_Device_Library/Class/CDC/Src/usbd_cdc.c **** 
 446:Middlewares/ST/STM32_USB_Device_Library/Class/CDC/Src/usbd_cdc.c ****   /*Endpoint IN Descriptor*/
 447:Middlewares/ST/STM32_USB_Device_Library/Class/CDC/Src/usbd_cdc.c ****   0x07,   /* bLength: Endpoint Descriptor size */
 448:Middlewares/ST/STM32_USB_Device_Library/Class/CDC/Src/usbd_cdc.c ****   USB_DESC_TYPE_ENDPOINT,     /* bDescriptorType: Endpoint */
 449:Middlewares/ST/STM32_USB_Device_Library/Class/CDC/Src/usbd_cdc.c ****   CDC_IN_EP,                        /* bEndpointAddress */
 450:Middlewares/ST/STM32_USB_Device_Library/Class/CDC/Src/usbd_cdc.c ****   0x02,                             /* bmAttributes: Bulk */
 451:Middlewares/ST/STM32_USB_Device_Library/Class/CDC/Src/usbd_cdc.c ****   0x40,                             /* wMaxPacketSize: */
 452:Middlewares/ST/STM32_USB_Device_Library/Class/CDC/Src/usbd_cdc.c ****   0x00,
 453:Middlewares/ST/STM32_USB_Device_Library/Class/CDC/Src/usbd_cdc.c ****   0x00                              /* bInterval */
ARM GAS  /var/folders/xf/tcndk8390ml5xdpfw93qkhpm0000gn/T//ccCjASoL.s 			page 11


 454:Middlewares/ST/STM32_USB_Device_Library/Class/CDC/Src/usbd_cdc.c **** };
 455:Middlewares/ST/STM32_USB_Device_Library/Class/CDC/Src/usbd_cdc.c **** 
 456:Middlewares/ST/STM32_USB_Device_Library/Class/CDC/Src/usbd_cdc.c **** /**
 457:Middlewares/ST/STM32_USB_Device_Library/Class/CDC/Src/usbd_cdc.c ****   * @}
 458:Middlewares/ST/STM32_USB_Device_Library/Class/CDC/Src/usbd_cdc.c ****   */
 459:Middlewares/ST/STM32_USB_Device_Library/Class/CDC/Src/usbd_cdc.c **** 
 460:Middlewares/ST/STM32_USB_Device_Library/Class/CDC/Src/usbd_cdc.c **** /** @defgroup USBD_CDC_Private_Functions
 461:Middlewares/ST/STM32_USB_Device_Library/Class/CDC/Src/usbd_cdc.c ****   * @{
 462:Middlewares/ST/STM32_USB_Device_Library/Class/CDC/Src/usbd_cdc.c ****   */
 463:Middlewares/ST/STM32_USB_Device_Library/Class/CDC/Src/usbd_cdc.c **** 
 464:Middlewares/ST/STM32_USB_Device_Library/Class/CDC/Src/usbd_cdc.c **** /**
 465:Middlewares/ST/STM32_USB_Device_Library/Class/CDC/Src/usbd_cdc.c ****   * @brief  USBD_CDC_Init
 466:Middlewares/ST/STM32_USB_Device_Library/Class/CDC/Src/usbd_cdc.c ****   *         Initialize the CDC interface
 467:Middlewares/ST/STM32_USB_Device_Library/Class/CDC/Src/usbd_cdc.c ****   * @param  pdev: device instance
 468:Middlewares/ST/STM32_USB_Device_Library/Class/CDC/Src/usbd_cdc.c ****   * @param  cfgidx: Configuration index
 469:Middlewares/ST/STM32_USB_Device_Library/Class/CDC/Src/usbd_cdc.c ****   * @retval status
 470:Middlewares/ST/STM32_USB_Device_Library/Class/CDC/Src/usbd_cdc.c ****   */
 471:Middlewares/ST/STM32_USB_Device_Library/Class/CDC/Src/usbd_cdc.c **** static uint8_t  USBD_CDC_Init(USBD_HandleTypeDef *pdev, uint8_t cfgidx)
 472:Middlewares/ST/STM32_USB_Device_Library/Class/CDC/Src/usbd_cdc.c **** {
  85              		.loc 1 472 1
  86              		.cfi_startproc
  87              		@ args = 0, pretend = 0, frame = 16
  88              		@ frame_needed = 1, uses_anonymous_args = 0
  89 0000 80B5     		push	{r7, lr}
  90              	.LCFI0:
  91              		.cfi_def_cfa_offset 8
  92              		.cfi_offset 7, -8
  93              		.cfi_offset 14, -4
  94 0002 84B0     		sub	sp, sp, #16
  95              	.LCFI1:
  96              		.cfi_def_cfa_offset 24
  97 0004 00AF     		add	r7, sp, #0
  98              	.LCFI2:
  99              		.cfi_def_cfa_register 7
 100 0006 7860     		str	r0, [r7, #4]
 101 0008 0B46     		mov	r3, r1
 102 000a FB70     		strb	r3, [r7, #3]
 473:Middlewares/ST/STM32_USB_Device_Library/Class/CDC/Src/usbd_cdc.c ****   uint8_t ret = 0U;
 103              		.loc 1 473 11
 104 000c 0023     		movs	r3, #0
 105 000e FB73     		strb	r3, [r7, #15]
 474:Middlewares/ST/STM32_USB_Device_Library/Class/CDC/Src/usbd_cdc.c ****   USBD_CDC_HandleTypeDef   *hcdc;
 475:Middlewares/ST/STM32_USB_Device_Library/Class/CDC/Src/usbd_cdc.c **** 
 476:Middlewares/ST/STM32_USB_Device_Library/Class/CDC/Src/usbd_cdc.c ****   if (pdev->dev_speed == USBD_SPEED_HIGH)
 106              		.loc 1 476 11
 107 0010 7B68     		ldr	r3, [r7, #4]
 108 0012 1B7C     		ldrb	r3, [r3, #16]	@ zero_extendqisi2
 109              		.loc 1 476 6
 110 0014 002B     		cmp	r3, #0
 111 0016 15D1     		bne	.L2
 477:Middlewares/ST/STM32_USB_Device_Library/Class/CDC/Src/usbd_cdc.c ****   {
 478:Middlewares/ST/STM32_USB_Device_Library/Class/CDC/Src/usbd_cdc.c ****     /* Open EP IN */
 479:Middlewares/ST/STM32_USB_Device_Library/Class/CDC/Src/usbd_cdc.c ****     USBD_LL_OpenEP(pdev, CDC_IN_EP, USBD_EP_TYPE_BULK,
 112              		.loc 1 479 5
 113 0018 4FF40073 		mov	r3, #512
 114 001c 0222     		movs	r2, #2
 115 001e 8121     		movs	r1, #129
ARM GAS  /var/folders/xf/tcndk8390ml5xdpfw93qkhpm0000gn/T//ccCjASoL.s 			page 12


 116 0020 7868     		ldr	r0, [r7, #4]
 117 0022 FFF7FEFF 		bl	USBD_LL_OpenEP
 480:Middlewares/ST/STM32_USB_Device_Library/Class/CDC/Src/usbd_cdc.c ****                    CDC_DATA_HS_IN_PACKET_SIZE);
 481:Middlewares/ST/STM32_USB_Device_Library/Class/CDC/Src/usbd_cdc.c **** 
 482:Middlewares/ST/STM32_USB_Device_Library/Class/CDC/Src/usbd_cdc.c ****     pdev->ep_in[CDC_IN_EP & 0xFU].is_used = 1U;
 118              		.loc 1 482 43
 119 0026 7B68     		ldr	r3, [r7, #4]
 120 0028 0122     		movs	r2, #1
 121 002a DA62     		str	r2, [r3, #44]
 483:Middlewares/ST/STM32_USB_Device_Library/Class/CDC/Src/usbd_cdc.c **** 
 484:Middlewares/ST/STM32_USB_Device_Library/Class/CDC/Src/usbd_cdc.c ****     /* Open EP OUT */
 485:Middlewares/ST/STM32_USB_Device_Library/Class/CDC/Src/usbd_cdc.c ****     USBD_LL_OpenEP(pdev, CDC_OUT_EP, USBD_EP_TYPE_BULK,
 122              		.loc 1 485 5
 123 002c 4FF40073 		mov	r3, #512
 124 0030 0222     		movs	r2, #2
 125 0032 0121     		movs	r1, #1
 126 0034 7868     		ldr	r0, [r7, #4]
 127 0036 FFF7FEFF 		bl	USBD_LL_OpenEP
 486:Middlewares/ST/STM32_USB_Device_Library/Class/CDC/Src/usbd_cdc.c ****                    CDC_DATA_HS_OUT_PACKET_SIZE);
 487:Middlewares/ST/STM32_USB_Device_Library/Class/CDC/Src/usbd_cdc.c **** 
 488:Middlewares/ST/STM32_USB_Device_Library/Class/CDC/Src/usbd_cdc.c ****     pdev->ep_out[CDC_OUT_EP & 0xFU].is_used = 1U;
 128              		.loc 1 488 45
 129 003a 7B68     		ldr	r3, [r7, #4]
 130 003c 0122     		movs	r2, #1
 131 003e C3F86C21 		str	r2, [r3, #364]
 132 0042 12E0     		b	.L3
 133              	.L2:
 489:Middlewares/ST/STM32_USB_Device_Library/Class/CDC/Src/usbd_cdc.c **** 
 490:Middlewares/ST/STM32_USB_Device_Library/Class/CDC/Src/usbd_cdc.c ****   }
 491:Middlewares/ST/STM32_USB_Device_Library/Class/CDC/Src/usbd_cdc.c ****   else
 492:Middlewares/ST/STM32_USB_Device_Library/Class/CDC/Src/usbd_cdc.c ****   {
 493:Middlewares/ST/STM32_USB_Device_Library/Class/CDC/Src/usbd_cdc.c ****     /* Open EP IN */
 494:Middlewares/ST/STM32_USB_Device_Library/Class/CDC/Src/usbd_cdc.c ****     USBD_LL_OpenEP(pdev, CDC_IN_EP, USBD_EP_TYPE_BULK,
 134              		.loc 1 494 5
 135 0044 4023     		movs	r3, #64
 136 0046 0222     		movs	r2, #2
 137 0048 8121     		movs	r1, #129
 138 004a 7868     		ldr	r0, [r7, #4]
 139 004c FFF7FEFF 		bl	USBD_LL_OpenEP
 495:Middlewares/ST/STM32_USB_Device_Library/Class/CDC/Src/usbd_cdc.c ****                    CDC_DATA_FS_IN_PACKET_SIZE);
 496:Middlewares/ST/STM32_USB_Device_Library/Class/CDC/Src/usbd_cdc.c **** 
 497:Middlewares/ST/STM32_USB_Device_Library/Class/CDC/Src/usbd_cdc.c ****     pdev->ep_in[CDC_IN_EP & 0xFU].is_used = 1U;
 140              		.loc 1 497 43
 141 0050 7B68     		ldr	r3, [r7, #4]
 142 0052 0122     		movs	r2, #1
 143 0054 DA62     		str	r2, [r3, #44]
 498:Middlewares/ST/STM32_USB_Device_Library/Class/CDC/Src/usbd_cdc.c **** 
 499:Middlewares/ST/STM32_USB_Device_Library/Class/CDC/Src/usbd_cdc.c ****     /* Open EP OUT */
 500:Middlewares/ST/STM32_USB_Device_Library/Class/CDC/Src/usbd_cdc.c ****     USBD_LL_OpenEP(pdev, CDC_OUT_EP, USBD_EP_TYPE_BULK,
 144              		.loc 1 500 5
 145 0056 4023     		movs	r3, #64
 146 0058 0222     		movs	r2, #2
 147 005a 0121     		movs	r1, #1
 148 005c 7868     		ldr	r0, [r7, #4]
 149 005e FFF7FEFF 		bl	USBD_LL_OpenEP
 501:Middlewares/ST/STM32_USB_Device_Library/Class/CDC/Src/usbd_cdc.c ****                    CDC_DATA_FS_OUT_PACKET_SIZE);
 502:Middlewares/ST/STM32_USB_Device_Library/Class/CDC/Src/usbd_cdc.c **** 
ARM GAS  /var/folders/xf/tcndk8390ml5xdpfw93qkhpm0000gn/T//ccCjASoL.s 			page 13


 503:Middlewares/ST/STM32_USB_Device_Library/Class/CDC/Src/usbd_cdc.c ****     pdev->ep_out[CDC_OUT_EP & 0xFU].is_used = 1U;
 150              		.loc 1 503 45
 151 0062 7B68     		ldr	r3, [r7, #4]
 152 0064 0122     		movs	r2, #1
 153 0066 C3F86C21 		str	r2, [r3, #364]
 154              	.L3:
 504:Middlewares/ST/STM32_USB_Device_Library/Class/CDC/Src/usbd_cdc.c ****   }
 505:Middlewares/ST/STM32_USB_Device_Library/Class/CDC/Src/usbd_cdc.c ****   /* Open Command IN EP */
 506:Middlewares/ST/STM32_USB_Device_Library/Class/CDC/Src/usbd_cdc.c ****   USBD_LL_OpenEP(pdev, CDC_CMD_EP, USBD_EP_TYPE_INTR, CDC_CMD_PACKET_SIZE);
 155              		.loc 1 506 3
 156 006a 0823     		movs	r3, #8
 157 006c 0322     		movs	r2, #3
 158 006e 8221     		movs	r1, #130
 159 0070 7868     		ldr	r0, [r7, #4]
 160 0072 FFF7FEFF 		bl	USBD_LL_OpenEP
 507:Middlewares/ST/STM32_USB_Device_Library/Class/CDC/Src/usbd_cdc.c ****   pdev->ep_in[CDC_CMD_EP & 0xFU].is_used = 1U;
 161              		.loc 1 507 42
 162 0076 7B68     		ldr	r3, [r7, #4]
 163 0078 0122     		movs	r2, #1
 164 007a 1A64     		str	r2, [r3, #64]
 508:Middlewares/ST/STM32_USB_Device_Library/Class/CDC/Src/usbd_cdc.c **** 
 509:Middlewares/ST/STM32_USB_Device_Library/Class/CDC/Src/usbd_cdc.c ****   pdev->pClassData = USBD_malloc(sizeof(USBD_CDC_HandleTypeDef));
 165              		.loc 1 509 22
 166 007c 4FF40770 		mov	r0, #540
 167 0080 FFF7FEFF 		bl	USBD_static_malloc
 168 0084 0246     		mov	r2, r0
 169              		.loc 1 509 20
 170 0086 7B68     		ldr	r3, [r7, #4]
 171 0088 C3F8B822 		str	r2, [r3, #696]
 510:Middlewares/ST/STM32_USB_Device_Library/Class/CDC/Src/usbd_cdc.c **** 
 511:Middlewares/ST/STM32_USB_Device_Library/Class/CDC/Src/usbd_cdc.c ****   if (pdev->pClassData == NULL)
 172              		.loc 1 511 11
 173 008c 7B68     		ldr	r3, [r7, #4]
 174 008e D3F8B832 		ldr	r3, [r3, #696]
 175              		.loc 1 511 6
 176 0092 002B     		cmp	r3, #0
 177 0094 02D1     		bne	.L4
 512:Middlewares/ST/STM32_USB_Device_Library/Class/CDC/Src/usbd_cdc.c ****   {
 513:Middlewares/ST/STM32_USB_Device_Library/Class/CDC/Src/usbd_cdc.c ****     ret = 1U;
 178              		.loc 1 513 9
 179 0096 0123     		movs	r3, #1
 180 0098 FB73     		strb	r3, [r7, #15]
 181 009a 26E0     		b	.L5
 182              	.L4:
 514:Middlewares/ST/STM32_USB_Device_Library/Class/CDC/Src/usbd_cdc.c ****   }
 515:Middlewares/ST/STM32_USB_Device_Library/Class/CDC/Src/usbd_cdc.c ****   else
 516:Middlewares/ST/STM32_USB_Device_Library/Class/CDC/Src/usbd_cdc.c ****   {
 517:Middlewares/ST/STM32_USB_Device_Library/Class/CDC/Src/usbd_cdc.c ****     hcdc = (USBD_CDC_HandleTypeDef *) pdev->pClassData;
 183              		.loc 1 517 10
 184 009c 7B68     		ldr	r3, [r7, #4]
 185 009e D3F8B832 		ldr	r3, [r3, #696]
 186 00a2 BB60     		str	r3, [r7, #8]
 518:Middlewares/ST/STM32_USB_Device_Library/Class/CDC/Src/usbd_cdc.c **** 
 519:Middlewares/ST/STM32_USB_Device_Library/Class/CDC/Src/usbd_cdc.c ****     /* Init  physical Interface components */
 520:Middlewares/ST/STM32_USB_Device_Library/Class/CDC/Src/usbd_cdc.c ****     ((USBD_CDC_ItfTypeDef *)pdev->pUserData)->Init();
 187              		.loc 1 520 33
 188 00a4 7B68     		ldr	r3, [r7, #4]
ARM GAS  /var/folders/xf/tcndk8390ml5xdpfw93qkhpm0000gn/T//ccCjASoL.s 			page 14


 189 00a6 D3F8BC32 		ldr	r3, [r3, #700]
 190              		.loc 1 520 45
 191 00aa 1B68     		ldr	r3, [r3]
 192              		.loc 1 520 6
 193 00ac 9847     		blx	r3
 194              	.LVL0:
 521:Middlewares/ST/STM32_USB_Device_Library/Class/CDC/Src/usbd_cdc.c **** 
 522:Middlewares/ST/STM32_USB_Device_Library/Class/CDC/Src/usbd_cdc.c ****     /* Init Xfer states */
 523:Middlewares/ST/STM32_USB_Device_Library/Class/CDC/Src/usbd_cdc.c ****     hcdc->TxState = 0U;
 195              		.loc 1 523 19
 196 00ae BB68     		ldr	r3, [r7, #8]
 197 00b0 0022     		movs	r2, #0
 198 00b2 C3F81422 		str	r2, [r3, #532]
 524:Middlewares/ST/STM32_USB_Device_Library/Class/CDC/Src/usbd_cdc.c ****     hcdc->RxState = 0U;
 199              		.loc 1 524 19
 200 00b6 BB68     		ldr	r3, [r7, #8]
 201 00b8 0022     		movs	r2, #0
 202 00ba C3F81822 		str	r2, [r3, #536]
 525:Middlewares/ST/STM32_USB_Device_Library/Class/CDC/Src/usbd_cdc.c **** 
 526:Middlewares/ST/STM32_USB_Device_Library/Class/CDC/Src/usbd_cdc.c ****     if (pdev->dev_speed == USBD_SPEED_HIGH)
 203              		.loc 1 526 13
 204 00be 7B68     		ldr	r3, [r7, #4]
 205 00c0 1B7C     		ldrb	r3, [r3, #16]	@ zero_extendqisi2
 206              		.loc 1 526 8
 207 00c2 002B     		cmp	r3, #0
 208 00c4 09D1     		bne	.L6
 527:Middlewares/ST/STM32_USB_Device_Library/Class/CDC/Src/usbd_cdc.c ****     {
 528:Middlewares/ST/STM32_USB_Device_Library/Class/CDC/Src/usbd_cdc.c ****       /* Prepare Out endpoint to receive next packet */
 529:Middlewares/ST/STM32_USB_Device_Library/Class/CDC/Src/usbd_cdc.c ****       USBD_LL_PrepareReceive(pdev, CDC_OUT_EP, hcdc->RxBuffer,
 209              		.loc 1 529 7
 210 00c6 BB68     		ldr	r3, [r7, #8]
 211 00c8 D3F80422 		ldr	r2, [r3, #516]
 212 00cc 4FF40073 		mov	r3, #512
 213 00d0 0121     		movs	r1, #1
 214 00d2 7868     		ldr	r0, [r7, #4]
 215 00d4 FFF7FEFF 		bl	USBD_LL_PrepareReceive
 216 00d8 07E0     		b	.L5
 217              	.L6:
 530:Middlewares/ST/STM32_USB_Device_Library/Class/CDC/Src/usbd_cdc.c ****                              CDC_DATA_HS_OUT_PACKET_SIZE);
 531:Middlewares/ST/STM32_USB_Device_Library/Class/CDC/Src/usbd_cdc.c ****     }
 532:Middlewares/ST/STM32_USB_Device_Library/Class/CDC/Src/usbd_cdc.c ****     else
 533:Middlewares/ST/STM32_USB_Device_Library/Class/CDC/Src/usbd_cdc.c ****     {
 534:Middlewares/ST/STM32_USB_Device_Library/Class/CDC/Src/usbd_cdc.c ****       /* Prepare Out endpoint to receive next packet */
 535:Middlewares/ST/STM32_USB_Device_Library/Class/CDC/Src/usbd_cdc.c ****       USBD_LL_PrepareReceive(pdev, CDC_OUT_EP, hcdc->RxBuffer,
 218              		.loc 1 535 7
 219 00da BB68     		ldr	r3, [r7, #8]
 220 00dc D3F80422 		ldr	r2, [r3, #516]
 221 00e0 4023     		movs	r3, #64
 222 00e2 0121     		movs	r1, #1
 223 00e4 7868     		ldr	r0, [r7, #4]
 224 00e6 FFF7FEFF 		bl	USBD_LL_PrepareReceive
 225              	.L5:
 536:Middlewares/ST/STM32_USB_Device_Library/Class/CDC/Src/usbd_cdc.c ****                              CDC_DATA_FS_OUT_PACKET_SIZE);
 537:Middlewares/ST/STM32_USB_Device_Library/Class/CDC/Src/usbd_cdc.c ****     }
 538:Middlewares/ST/STM32_USB_Device_Library/Class/CDC/Src/usbd_cdc.c ****   }
 539:Middlewares/ST/STM32_USB_Device_Library/Class/CDC/Src/usbd_cdc.c ****   return ret;
 226              		.loc 1 539 10
ARM GAS  /var/folders/xf/tcndk8390ml5xdpfw93qkhpm0000gn/T//ccCjASoL.s 			page 15


 227 00ea FB7B     		ldrb	r3, [r7, #15]	@ zero_extendqisi2
 540:Middlewares/ST/STM32_USB_Device_Library/Class/CDC/Src/usbd_cdc.c **** }
 228              		.loc 1 540 1
 229 00ec 1846     		mov	r0, r3
 230 00ee 1037     		adds	r7, r7, #16
 231              	.LCFI3:
 232              		.cfi_def_cfa_offset 8
 233 00f0 BD46     		mov	sp, r7
 234              	.LCFI4:
 235              		.cfi_def_cfa_register 13
 236              		@ sp needed
 237 00f2 80BD     		pop	{r7, pc}
 238              		.cfi_endproc
 239              	.LFE68:
 241              		.section	.text.USBD_CDC_DeInit,"ax",%progbits
 242              		.align	1
 243              		.syntax unified
 244              		.thumb
 245              		.thumb_func
 247              	USBD_CDC_DeInit:
 248              	.LFB69:
 541:Middlewares/ST/STM32_USB_Device_Library/Class/CDC/Src/usbd_cdc.c **** 
 542:Middlewares/ST/STM32_USB_Device_Library/Class/CDC/Src/usbd_cdc.c **** /**
 543:Middlewares/ST/STM32_USB_Device_Library/Class/CDC/Src/usbd_cdc.c ****   * @brief  USBD_CDC_Init
 544:Middlewares/ST/STM32_USB_Device_Library/Class/CDC/Src/usbd_cdc.c ****   *         DeInitialize the CDC layer
 545:Middlewares/ST/STM32_USB_Device_Library/Class/CDC/Src/usbd_cdc.c ****   * @param  pdev: device instance
 546:Middlewares/ST/STM32_USB_Device_Library/Class/CDC/Src/usbd_cdc.c ****   * @param  cfgidx: Configuration index
 547:Middlewares/ST/STM32_USB_Device_Library/Class/CDC/Src/usbd_cdc.c ****   * @retval status
 548:Middlewares/ST/STM32_USB_Device_Library/Class/CDC/Src/usbd_cdc.c ****   */
 549:Middlewares/ST/STM32_USB_Device_Library/Class/CDC/Src/usbd_cdc.c **** static uint8_t  USBD_CDC_DeInit(USBD_HandleTypeDef *pdev, uint8_t cfgidx)
 550:Middlewares/ST/STM32_USB_Device_Library/Class/CDC/Src/usbd_cdc.c **** {
 249              		.loc 1 550 1
 250              		.cfi_startproc
 251              		@ args = 0, pretend = 0, frame = 16
 252              		@ frame_needed = 1, uses_anonymous_args = 0
 253 0000 80B5     		push	{r7, lr}
 254              	.LCFI5:
 255              		.cfi_def_cfa_offset 8
 256              		.cfi_offset 7, -8
 257              		.cfi_offset 14, -4
 258 0002 84B0     		sub	sp, sp, #16
 259              	.LCFI6:
 260              		.cfi_def_cfa_offset 24
 261 0004 00AF     		add	r7, sp, #0
 262              	.LCFI7:
 263              		.cfi_def_cfa_register 7
 264 0006 7860     		str	r0, [r7, #4]
 265 0008 0B46     		mov	r3, r1
 266 000a FB70     		strb	r3, [r7, #3]
 551:Middlewares/ST/STM32_USB_Device_Library/Class/CDC/Src/usbd_cdc.c ****   uint8_t ret = 0U;
 267              		.loc 1 551 11
 268 000c 0023     		movs	r3, #0
 269 000e FB73     		strb	r3, [r7, #15]
 552:Middlewares/ST/STM32_USB_Device_Library/Class/CDC/Src/usbd_cdc.c **** 
 553:Middlewares/ST/STM32_USB_Device_Library/Class/CDC/Src/usbd_cdc.c ****   /* Close EP IN */
 554:Middlewares/ST/STM32_USB_Device_Library/Class/CDC/Src/usbd_cdc.c ****   USBD_LL_CloseEP(pdev, CDC_IN_EP);
 270              		.loc 1 554 3
ARM GAS  /var/folders/xf/tcndk8390ml5xdpfw93qkhpm0000gn/T//ccCjASoL.s 			page 16


 271 0010 8121     		movs	r1, #129
 272 0012 7868     		ldr	r0, [r7, #4]
 273 0014 FFF7FEFF 		bl	USBD_LL_CloseEP
 555:Middlewares/ST/STM32_USB_Device_Library/Class/CDC/Src/usbd_cdc.c ****   pdev->ep_in[CDC_IN_EP & 0xFU].is_used = 0U;
 274              		.loc 1 555 41
 275 0018 7B68     		ldr	r3, [r7, #4]
 276 001a 0022     		movs	r2, #0
 277 001c DA62     		str	r2, [r3, #44]
 556:Middlewares/ST/STM32_USB_Device_Library/Class/CDC/Src/usbd_cdc.c **** 
 557:Middlewares/ST/STM32_USB_Device_Library/Class/CDC/Src/usbd_cdc.c ****   /* Close EP OUT */
 558:Middlewares/ST/STM32_USB_Device_Library/Class/CDC/Src/usbd_cdc.c ****   USBD_LL_CloseEP(pdev, CDC_OUT_EP);
 278              		.loc 1 558 3
 279 001e 0121     		movs	r1, #1
 280 0020 7868     		ldr	r0, [r7, #4]
 281 0022 FFF7FEFF 		bl	USBD_LL_CloseEP
 559:Middlewares/ST/STM32_USB_Device_Library/Class/CDC/Src/usbd_cdc.c ****   pdev->ep_out[CDC_OUT_EP & 0xFU].is_used = 0U;
 282              		.loc 1 559 43
 283 0026 7B68     		ldr	r3, [r7, #4]
 284 0028 0022     		movs	r2, #0
 285 002a C3F86C21 		str	r2, [r3, #364]
 560:Middlewares/ST/STM32_USB_Device_Library/Class/CDC/Src/usbd_cdc.c **** 
 561:Middlewares/ST/STM32_USB_Device_Library/Class/CDC/Src/usbd_cdc.c ****   /* Close Command IN EP */
 562:Middlewares/ST/STM32_USB_Device_Library/Class/CDC/Src/usbd_cdc.c ****   USBD_LL_CloseEP(pdev, CDC_CMD_EP);
 286              		.loc 1 562 3
 287 002e 8221     		movs	r1, #130
 288 0030 7868     		ldr	r0, [r7, #4]
 289 0032 FFF7FEFF 		bl	USBD_LL_CloseEP
 563:Middlewares/ST/STM32_USB_Device_Library/Class/CDC/Src/usbd_cdc.c ****   pdev->ep_in[CDC_CMD_EP & 0xFU].is_used = 0U;
 290              		.loc 1 563 42
 291 0036 7B68     		ldr	r3, [r7, #4]
 292 0038 0022     		movs	r2, #0
 293 003a 1A64     		str	r2, [r3, #64]
 564:Middlewares/ST/STM32_USB_Device_Library/Class/CDC/Src/usbd_cdc.c **** 
 565:Middlewares/ST/STM32_USB_Device_Library/Class/CDC/Src/usbd_cdc.c ****   /* DeInit  physical Interface components */
 566:Middlewares/ST/STM32_USB_Device_Library/Class/CDC/Src/usbd_cdc.c ****   if (pdev->pClassData != NULL)
 294              		.loc 1 566 11
 295 003c 7B68     		ldr	r3, [r7, #4]
 296 003e D3F8B832 		ldr	r3, [r3, #696]
 297              		.loc 1 566 6
 298 0042 002B     		cmp	r3, #0
 299 0044 0ED0     		beq	.L9
 567:Middlewares/ST/STM32_USB_Device_Library/Class/CDC/Src/usbd_cdc.c ****   {
 568:Middlewares/ST/STM32_USB_Device_Library/Class/CDC/Src/usbd_cdc.c ****     ((USBD_CDC_ItfTypeDef *)pdev->pUserData)->DeInit();
 300              		.loc 1 568 33
 301 0046 7B68     		ldr	r3, [r7, #4]
 302 0048 D3F8BC32 		ldr	r3, [r3, #700]
 303              		.loc 1 568 45
 304 004c 5B68     		ldr	r3, [r3, #4]
 305              		.loc 1 568 6
 306 004e 9847     		blx	r3
 307              	.LVL1:
 569:Middlewares/ST/STM32_USB_Device_Library/Class/CDC/Src/usbd_cdc.c ****     USBD_free(pdev->pClassData);
 308              		.loc 1 569 5
 309 0050 7B68     		ldr	r3, [r7, #4]
 310 0052 D3F8B832 		ldr	r3, [r3, #696]
 311 0056 1846     		mov	r0, r3
 312 0058 FFF7FEFF 		bl	USBD_static_free
ARM GAS  /var/folders/xf/tcndk8390ml5xdpfw93qkhpm0000gn/T//ccCjASoL.s 			page 17


 570:Middlewares/ST/STM32_USB_Device_Library/Class/CDC/Src/usbd_cdc.c ****     pdev->pClassData = NULL;
 313              		.loc 1 570 22
 314 005c 7B68     		ldr	r3, [r7, #4]
 315 005e 0022     		movs	r2, #0
 316 0060 C3F8B822 		str	r2, [r3, #696]
 317              	.L9:
 571:Middlewares/ST/STM32_USB_Device_Library/Class/CDC/Src/usbd_cdc.c ****   }
 572:Middlewares/ST/STM32_USB_Device_Library/Class/CDC/Src/usbd_cdc.c **** 
 573:Middlewares/ST/STM32_USB_Device_Library/Class/CDC/Src/usbd_cdc.c ****   return ret;
 318              		.loc 1 573 10
 319 0064 FB7B     		ldrb	r3, [r7, #15]	@ zero_extendqisi2
 574:Middlewares/ST/STM32_USB_Device_Library/Class/CDC/Src/usbd_cdc.c **** }
 320              		.loc 1 574 1
 321 0066 1846     		mov	r0, r3
 322 0068 1037     		adds	r7, r7, #16
 323              	.LCFI8:
 324              		.cfi_def_cfa_offset 8
 325 006a BD46     		mov	sp, r7
 326              	.LCFI9:
 327              		.cfi_def_cfa_register 13
 328              		@ sp needed
 329 006c 80BD     		pop	{r7, pc}
 330              		.cfi_endproc
 331              	.LFE69:
 333              		.section	.text.USBD_CDC_Setup,"ax",%progbits
 334              		.align	1
 335              		.syntax unified
 336              		.thumb
 337              		.thumb_func
 339              	USBD_CDC_Setup:
 340              	.LFB70:
 575:Middlewares/ST/STM32_USB_Device_Library/Class/CDC/Src/usbd_cdc.c **** 
 576:Middlewares/ST/STM32_USB_Device_Library/Class/CDC/Src/usbd_cdc.c **** /**
 577:Middlewares/ST/STM32_USB_Device_Library/Class/CDC/Src/usbd_cdc.c ****   * @brief  USBD_CDC_Setup
 578:Middlewares/ST/STM32_USB_Device_Library/Class/CDC/Src/usbd_cdc.c ****   *         Handle the CDC specific requests
 579:Middlewares/ST/STM32_USB_Device_Library/Class/CDC/Src/usbd_cdc.c ****   * @param  pdev: instance
 580:Middlewares/ST/STM32_USB_Device_Library/Class/CDC/Src/usbd_cdc.c ****   * @param  req: usb requests
 581:Middlewares/ST/STM32_USB_Device_Library/Class/CDC/Src/usbd_cdc.c ****   * @retval status
 582:Middlewares/ST/STM32_USB_Device_Library/Class/CDC/Src/usbd_cdc.c ****   */
 583:Middlewares/ST/STM32_USB_Device_Library/Class/CDC/Src/usbd_cdc.c **** static uint8_t  USBD_CDC_Setup(USBD_HandleTypeDef *pdev,
 584:Middlewares/ST/STM32_USB_Device_Library/Class/CDC/Src/usbd_cdc.c ****                                USBD_SetupReqTypedef *req)
 585:Middlewares/ST/STM32_USB_Device_Library/Class/CDC/Src/usbd_cdc.c **** {
 341              		.loc 1 585 1
 342              		.cfi_startproc
 343              		@ args = 0, pretend = 0, frame = 24
 344              		@ frame_needed = 1, uses_anonymous_args = 0
 345 0000 80B5     		push	{r7, lr}
 346              	.LCFI10:
 347              		.cfi_def_cfa_offset 8
 348              		.cfi_offset 7, -8
 349              		.cfi_offset 14, -4
 350 0002 86B0     		sub	sp, sp, #24
 351              	.LCFI11:
 352              		.cfi_def_cfa_offset 32
 353 0004 00AF     		add	r7, sp, #0
 354              	.LCFI12:
 355              		.cfi_def_cfa_register 7
ARM GAS  /var/folders/xf/tcndk8390ml5xdpfw93qkhpm0000gn/T//ccCjASoL.s 			page 18


 356 0006 7860     		str	r0, [r7, #4]
 357 0008 3960     		str	r1, [r7]
 586:Middlewares/ST/STM32_USB_Device_Library/Class/CDC/Src/usbd_cdc.c ****   USBD_CDC_HandleTypeDef   *hcdc = (USBD_CDC_HandleTypeDef *) pdev->pClassData;
 358              		.loc 1 586 29
 359 000a 7B68     		ldr	r3, [r7, #4]
 360 000c D3F8B832 		ldr	r3, [r3, #696]
 361 0010 3B61     		str	r3, [r7, #16]
 587:Middlewares/ST/STM32_USB_Device_Library/Class/CDC/Src/usbd_cdc.c ****   uint8_t ifalt = 0U;
 362              		.loc 1 587 11
 363 0012 0023     		movs	r3, #0
 364 0014 FB73     		strb	r3, [r7, #15]
 588:Middlewares/ST/STM32_USB_Device_Library/Class/CDC/Src/usbd_cdc.c ****   uint16_t status_info = 0U;
 365              		.loc 1 588 12
 366 0016 0023     		movs	r3, #0
 367 0018 BB81     		strh	r3, [r7, #12]	@ movhi
 589:Middlewares/ST/STM32_USB_Device_Library/Class/CDC/Src/usbd_cdc.c ****   uint8_t ret = USBD_OK;
 368              		.loc 1 589 11
 369 001a 0023     		movs	r3, #0
 370 001c FB75     		strb	r3, [r7, #23]
 590:Middlewares/ST/STM32_USB_Device_Library/Class/CDC/Src/usbd_cdc.c **** 
 591:Middlewares/ST/STM32_USB_Device_Library/Class/CDC/Src/usbd_cdc.c ****   switch (req->bmRequest & USB_REQ_TYPE_MASK)
 371              		.loc 1 591 14
 372 001e 3B68     		ldr	r3, [r7]
 373 0020 1B78     		ldrb	r3, [r3]	@ zero_extendqisi2
 374              		.loc 1 591 26
 375 0022 03F06003 		and	r3, r3, #96
 376              		.loc 1 591 3
 377 0026 002B     		cmp	r3, #0
 378 0028 39D0     		beq	.L12
 379 002a 202B     		cmp	r3, #32
 380 002c 7FD1     		bne	.L13
 592:Middlewares/ST/STM32_USB_Device_Library/Class/CDC/Src/usbd_cdc.c ****   {
 593:Middlewares/ST/STM32_USB_Device_Library/Class/CDC/Src/usbd_cdc.c ****     case USB_REQ_TYPE_CLASS :
 594:Middlewares/ST/STM32_USB_Device_Library/Class/CDC/Src/usbd_cdc.c ****       if (req->wLength)
 381              		.loc 1 594 14
 382 002e 3B68     		ldr	r3, [r7]
 383 0030 DB88     		ldrh	r3, [r3, #6]
 384              		.loc 1 594 10
 385 0032 002B     		cmp	r3, #0
 386 0034 29D0     		beq	.L14
 595:Middlewares/ST/STM32_USB_Device_Library/Class/CDC/Src/usbd_cdc.c ****       {
 596:Middlewares/ST/STM32_USB_Device_Library/Class/CDC/Src/usbd_cdc.c ****         if (req->bmRequest & 0x80U)
 387              		.loc 1 596 16
 388 0036 3B68     		ldr	r3, [r7]
 389 0038 1B78     		ldrb	r3, [r3]	@ zero_extendqisi2
 390              		.loc 1 596 13
 391 003a 5BB2     		sxtb	r3, r3
 392              		.loc 1 596 12
 393 003c 002B     		cmp	r3, #0
 394 003e 11DA     		bge	.L15
 597:Middlewares/ST/STM32_USB_Device_Library/Class/CDC/Src/usbd_cdc.c ****         {
 598:Middlewares/ST/STM32_USB_Device_Library/Class/CDC/Src/usbd_cdc.c ****           ((USBD_CDC_ItfTypeDef *)pdev->pUserData)->Control(req->bRequest,
 395              		.loc 1 598 39
 396 0040 7B68     		ldr	r3, [r7, #4]
 397 0042 D3F8BC32 		ldr	r3, [r3, #700]
 398              		.loc 1 598 51
 399 0046 9B68     		ldr	r3, [r3, #8]
ARM GAS  /var/folders/xf/tcndk8390ml5xdpfw93qkhpm0000gn/T//ccCjASoL.s 			page 19


 400              		.loc 1 598 12
 401 0048 3A68     		ldr	r2, [r7]
 402 004a 5078     		ldrb	r0, [r2, #1]	@ zero_extendqisi2
 599:Middlewares/ST/STM32_USB_Device_Library/Class/CDC/Src/usbd_cdc.c ****                                                             (uint8_t *)(void *)hcdc->data,
 403              		.loc 1 599 80
 404 004c 3969     		ldr	r1, [r7, #16]
 598:Middlewares/ST/STM32_USB_Device_Library/Class/CDC/Src/usbd_cdc.c ****                                                             (uint8_t *)(void *)hcdc->data,
 405              		.loc 1 598 12
 406 004e 3A68     		ldr	r2, [r7]
 407 0050 D288     		ldrh	r2, [r2, #6]
 408 0052 9847     		blx	r3
 409              	.LVL2:
 600:Middlewares/ST/STM32_USB_Device_Library/Class/CDC/Src/usbd_cdc.c ****                                                             req->wLength);
 601:Middlewares/ST/STM32_USB_Device_Library/Class/CDC/Src/usbd_cdc.c **** 
 602:Middlewares/ST/STM32_USB_Device_Library/Class/CDC/Src/usbd_cdc.c ****           USBD_CtlSendData(pdev, (uint8_t *)(void *)hcdc->data, req->wLength);
 410              		.loc 1 602 53
 411 0054 3969     		ldr	r1, [r7, #16]
 412              		.loc 1 602 11
 413 0056 3B68     		ldr	r3, [r7]
 414 0058 DB88     		ldrh	r3, [r3, #6]
 415 005a 1A46     		mov	r2, r3
 416 005c 7868     		ldr	r0, [r7, #4]
 417 005e FFF7FEFF 		bl	USBD_CtlSendData
 603:Middlewares/ST/STM32_USB_Device_Library/Class/CDC/Src/usbd_cdc.c ****         }
 604:Middlewares/ST/STM32_USB_Device_Library/Class/CDC/Src/usbd_cdc.c ****         else
 605:Middlewares/ST/STM32_USB_Device_Library/Class/CDC/Src/usbd_cdc.c ****         {
 606:Middlewares/ST/STM32_USB_Device_Library/Class/CDC/Src/usbd_cdc.c ****           hcdc->CmdOpCode = req->bRequest;
 607:Middlewares/ST/STM32_USB_Device_Library/Class/CDC/Src/usbd_cdc.c ****           hcdc->CmdLength = (uint8_t)req->wLength;
 608:Middlewares/ST/STM32_USB_Device_Library/Class/CDC/Src/usbd_cdc.c **** 
 609:Middlewares/ST/STM32_USB_Device_Library/Class/CDC/Src/usbd_cdc.c ****           USBD_CtlPrepareRx(pdev, (uint8_t *)(void *)hcdc->data, req->wLength);
 610:Middlewares/ST/STM32_USB_Device_Library/Class/CDC/Src/usbd_cdc.c ****         }
 611:Middlewares/ST/STM32_USB_Device_Library/Class/CDC/Src/usbd_cdc.c ****       }
 612:Middlewares/ST/STM32_USB_Device_Library/Class/CDC/Src/usbd_cdc.c ****       else
 613:Middlewares/ST/STM32_USB_Device_Library/Class/CDC/Src/usbd_cdc.c ****       {
 614:Middlewares/ST/STM32_USB_Device_Library/Class/CDC/Src/usbd_cdc.c ****         ((USBD_CDC_ItfTypeDef *)pdev->pUserData)->Control(req->bRequest,
 615:Middlewares/ST/STM32_USB_Device_Library/Class/CDC/Src/usbd_cdc.c ****                                                           (uint8_t *)(void *)req, 0U);
 616:Middlewares/ST/STM32_USB_Device_Library/Class/CDC/Src/usbd_cdc.c ****       }
 617:Middlewares/ST/STM32_USB_Device_Library/Class/CDC/Src/usbd_cdc.c ****       break;
 418              		.loc 1 617 7
 419 0062 6BE0     		b	.L17
 420              	.L15:
 606:Middlewares/ST/STM32_USB_Device_Library/Class/CDC/Src/usbd_cdc.c ****           hcdc->CmdLength = (uint8_t)req->wLength;
 421              		.loc 1 606 32
 422 0064 3B68     		ldr	r3, [r7]
 423 0066 5A78     		ldrb	r2, [r3, #1]	@ zero_extendqisi2
 606:Middlewares/ST/STM32_USB_Device_Library/Class/CDC/Src/usbd_cdc.c ****           hcdc->CmdLength = (uint8_t)req->wLength;
 424              		.loc 1 606 27
 425 0068 3B69     		ldr	r3, [r7, #16]
 426 006a 83F80022 		strb	r2, [r3, #512]
 607:Middlewares/ST/STM32_USB_Device_Library/Class/CDC/Src/usbd_cdc.c **** 
 427              		.loc 1 607 41
 428 006e 3B68     		ldr	r3, [r7]
 429 0070 DB88     		ldrh	r3, [r3, #6]
 607:Middlewares/ST/STM32_USB_Device_Library/Class/CDC/Src/usbd_cdc.c **** 
 430              		.loc 1 607 29
 431 0072 DAB2     		uxtb	r2, r3
 607:Middlewares/ST/STM32_USB_Device_Library/Class/CDC/Src/usbd_cdc.c **** 
ARM GAS  /var/folders/xf/tcndk8390ml5xdpfw93qkhpm0000gn/T//ccCjASoL.s 			page 20


 432              		.loc 1 607 27
 433 0074 3B69     		ldr	r3, [r7, #16]
 434 0076 83F80122 		strb	r2, [r3, #513]
 609:Middlewares/ST/STM32_USB_Device_Library/Class/CDC/Src/usbd_cdc.c ****         }
 435              		.loc 1 609 54
 436 007a 3969     		ldr	r1, [r7, #16]
 609:Middlewares/ST/STM32_USB_Device_Library/Class/CDC/Src/usbd_cdc.c ****         }
 437              		.loc 1 609 11
 438 007c 3B68     		ldr	r3, [r7]
 439 007e DB88     		ldrh	r3, [r3, #6]
 440 0080 1A46     		mov	r2, r3
 441 0082 7868     		ldr	r0, [r7, #4]
 442 0084 FFF7FEFF 		bl	USBD_CtlPrepareRx
 443              		.loc 1 617 7
 444 0088 58E0     		b	.L17
 445              	.L14:
 614:Middlewares/ST/STM32_USB_Device_Library/Class/CDC/Src/usbd_cdc.c ****                                                           (uint8_t *)(void *)req, 0U);
 446              		.loc 1 614 37
 447 008a 7B68     		ldr	r3, [r7, #4]
 448 008c D3F8BC32 		ldr	r3, [r3, #700]
 614:Middlewares/ST/STM32_USB_Device_Library/Class/CDC/Src/usbd_cdc.c ****                                                           (uint8_t *)(void *)req, 0U);
 449              		.loc 1 614 49
 450 0090 9B68     		ldr	r3, [r3, #8]
 614:Middlewares/ST/STM32_USB_Device_Library/Class/CDC/Src/usbd_cdc.c ****                                                           (uint8_t *)(void *)req, 0U);
 451              		.loc 1 614 10
 452 0092 3A68     		ldr	r2, [r7]
 453 0094 5078     		ldrb	r0, [r2, #1]	@ zero_extendqisi2
 454 0096 0022     		movs	r2, #0
 455 0098 3968     		ldr	r1, [r7]
 456 009a 9847     		blx	r3
 457              	.LVL3:
 458              		.loc 1 617 7
 459 009c 4EE0     		b	.L17
 460              	.L12:
 618:Middlewares/ST/STM32_USB_Device_Library/Class/CDC/Src/usbd_cdc.c **** 
 619:Middlewares/ST/STM32_USB_Device_Library/Class/CDC/Src/usbd_cdc.c ****     case USB_REQ_TYPE_STANDARD:
 620:Middlewares/ST/STM32_USB_Device_Library/Class/CDC/Src/usbd_cdc.c ****       switch (req->bRequest)
 461              		.loc 1 620 18
 462 009e 3B68     		ldr	r3, [r7]
 463 00a0 5B78     		ldrb	r3, [r3, #1]	@ zero_extendqisi2
 464 00a2 0B2B     		cmp	r3, #11
 465 00a4 2ED0     		beq	.L18
 466 00a6 0B2B     		cmp	r3, #11
 467 00a8 38DC     		bgt	.L19
 468 00aa 002B     		cmp	r3, #0
 469 00ac 02D0     		beq	.L20
 470 00ae 0A2B     		cmp	r3, #10
 471 00b0 14D0     		beq	.L21
 472 00b2 33E0     		b	.L19
 473              	.L20:
 621:Middlewares/ST/STM32_USB_Device_Library/Class/CDC/Src/usbd_cdc.c ****       {
 622:Middlewares/ST/STM32_USB_Device_Library/Class/CDC/Src/usbd_cdc.c ****         case USB_REQ_GET_STATUS:
 623:Middlewares/ST/STM32_USB_Device_Library/Class/CDC/Src/usbd_cdc.c ****           if (pdev->dev_state == USBD_STATE_CONFIGURED)
 474              		.loc 1 623 19
 475 00b4 7B68     		ldr	r3, [r7, #4]
 476 00b6 93F89C32 		ldrb	r3, [r3, #668]	@ zero_extendqisi2
 477              		.loc 1 623 14
ARM GAS  /var/folders/xf/tcndk8390ml5xdpfw93qkhpm0000gn/T//ccCjASoL.s 			page 21


 478 00ba 032B     		cmp	r3, #3
 479 00bc 07D1     		bne	.L22
 624:Middlewares/ST/STM32_USB_Device_Library/Class/CDC/Src/usbd_cdc.c ****           {
 625:Middlewares/ST/STM32_USB_Device_Library/Class/CDC/Src/usbd_cdc.c ****             USBD_CtlSendData(pdev, (uint8_t *)(void *)&status_info, 2U);
 480              		.loc 1 625 13
 481 00be 07F10C03 		add	r3, r7, #12
 482 00c2 0222     		movs	r2, #2
 483 00c4 1946     		mov	r1, r3
 484 00c6 7868     		ldr	r0, [r7, #4]
 485 00c8 FFF7FEFF 		bl	USBD_CtlSendData
 626:Middlewares/ST/STM32_USB_Device_Library/Class/CDC/Src/usbd_cdc.c ****           }
 627:Middlewares/ST/STM32_USB_Device_Library/Class/CDC/Src/usbd_cdc.c ****           else
 628:Middlewares/ST/STM32_USB_Device_Library/Class/CDC/Src/usbd_cdc.c ****           {
 629:Middlewares/ST/STM32_USB_Device_Library/Class/CDC/Src/usbd_cdc.c ****             USBD_CtlError(pdev, req);
 630:Middlewares/ST/STM32_USB_Device_Library/Class/CDC/Src/usbd_cdc.c ****             ret = USBD_FAIL;
 631:Middlewares/ST/STM32_USB_Device_Library/Class/CDC/Src/usbd_cdc.c ****           }
 632:Middlewares/ST/STM32_USB_Device_Library/Class/CDC/Src/usbd_cdc.c ****           break;
 486              		.loc 1 632 11
 487 00cc 2EE0     		b	.L24
 488              	.L22:
 629:Middlewares/ST/STM32_USB_Device_Library/Class/CDC/Src/usbd_cdc.c ****             ret = USBD_FAIL;
 489              		.loc 1 629 13
 490 00ce 3968     		ldr	r1, [r7]
 491 00d0 7868     		ldr	r0, [r7, #4]
 492 00d2 FFF7FEFF 		bl	USBD_CtlError
 630:Middlewares/ST/STM32_USB_Device_Library/Class/CDC/Src/usbd_cdc.c ****           }
 493              		.loc 1 630 17
 494 00d6 0223     		movs	r3, #2
 495 00d8 FB75     		strb	r3, [r7, #23]
 496              		.loc 1 632 11
 497 00da 27E0     		b	.L24
 498              	.L21:
 633:Middlewares/ST/STM32_USB_Device_Library/Class/CDC/Src/usbd_cdc.c **** 
 634:Middlewares/ST/STM32_USB_Device_Library/Class/CDC/Src/usbd_cdc.c ****         case USB_REQ_GET_INTERFACE:
 635:Middlewares/ST/STM32_USB_Device_Library/Class/CDC/Src/usbd_cdc.c ****           if (pdev->dev_state == USBD_STATE_CONFIGURED)
 499              		.loc 1 635 19
 500 00dc 7B68     		ldr	r3, [r7, #4]
 501 00de 93F89C32 		ldrb	r3, [r3, #668]	@ zero_extendqisi2
 502              		.loc 1 635 14
 503 00e2 032B     		cmp	r3, #3
 504 00e4 07D1     		bne	.L25
 636:Middlewares/ST/STM32_USB_Device_Library/Class/CDC/Src/usbd_cdc.c ****           {
 637:Middlewares/ST/STM32_USB_Device_Library/Class/CDC/Src/usbd_cdc.c ****             USBD_CtlSendData(pdev, &ifalt, 1U);
 505              		.loc 1 637 13
 506 00e6 07F10F03 		add	r3, r7, #15
 507 00ea 0122     		movs	r2, #1
 508 00ec 1946     		mov	r1, r3
 509 00ee 7868     		ldr	r0, [r7, #4]
 510 00f0 FFF7FEFF 		bl	USBD_CtlSendData
 638:Middlewares/ST/STM32_USB_Device_Library/Class/CDC/Src/usbd_cdc.c ****           }
 639:Middlewares/ST/STM32_USB_Device_Library/Class/CDC/Src/usbd_cdc.c ****           else
 640:Middlewares/ST/STM32_USB_Device_Library/Class/CDC/Src/usbd_cdc.c ****           {
 641:Middlewares/ST/STM32_USB_Device_Library/Class/CDC/Src/usbd_cdc.c ****             USBD_CtlError(pdev, req);
 642:Middlewares/ST/STM32_USB_Device_Library/Class/CDC/Src/usbd_cdc.c ****             ret = USBD_FAIL;
 643:Middlewares/ST/STM32_USB_Device_Library/Class/CDC/Src/usbd_cdc.c ****           }
 644:Middlewares/ST/STM32_USB_Device_Library/Class/CDC/Src/usbd_cdc.c ****           break;
 511              		.loc 1 644 11
ARM GAS  /var/folders/xf/tcndk8390ml5xdpfw93qkhpm0000gn/T//ccCjASoL.s 			page 22


 512 00f4 1AE0     		b	.L24
 513              	.L25:
 641:Middlewares/ST/STM32_USB_Device_Library/Class/CDC/Src/usbd_cdc.c ****             ret = USBD_FAIL;
 514              		.loc 1 641 13
 515 00f6 3968     		ldr	r1, [r7]
 516 00f8 7868     		ldr	r0, [r7, #4]
 517 00fa FFF7FEFF 		bl	USBD_CtlError
 642:Middlewares/ST/STM32_USB_Device_Library/Class/CDC/Src/usbd_cdc.c ****           }
 518              		.loc 1 642 17
 519 00fe 0223     		movs	r3, #2
 520 0100 FB75     		strb	r3, [r7, #23]
 521              		.loc 1 644 11
 522 0102 13E0     		b	.L24
 523              	.L18:
 645:Middlewares/ST/STM32_USB_Device_Library/Class/CDC/Src/usbd_cdc.c **** 
 646:Middlewares/ST/STM32_USB_Device_Library/Class/CDC/Src/usbd_cdc.c ****         case USB_REQ_SET_INTERFACE:
 647:Middlewares/ST/STM32_USB_Device_Library/Class/CDC/Src/usbd_cdc.c ****           if (pdev->dev_state != USBD_STATE_CONFIGURED)
 524              		.loc 1 647 19
 525 0104 7B68     		ldr	r3, [r7, #4]
 526 0106 93F89C32 		ldrb	r3, [r3, #668]	@ zero_extendqisi2
 527              		.loc 1 647 14
 528 010a 032B     		cmp	r3, #3
 529 010c 0DD0     		beq	.L29
 648:Middlewares/ST/STM32_USB_Device_Library/Class/CDC/Src/usbd_cdc.c ****           {
 649:Middlewares/ST/STM32_USB_Device_Library/Class/CDC/Src/usbd_cdc.c ****             USBD_CtlError(pdev, req);
 530              		.loc 1 649 13
 531 010e 3968     		ldr	r1, [r7]
 532 0110 7868     		ldr	r0, [r7, #4]
 533 0112 FFF7FEFF 		bl	USBD_CtlError
 650:Middlewares/ST/STM32_USB_Device_Library/Class/CDC/Src/usbd_cdc.c ****             ret = USBD_FAIL;
 534              		.loc 1 650 17
 535 0116 0223     		movs	r3, #2
 536 0118 FB75     		strb	r3, [r7, #23]
 651:Middlewares/ST/STM32_USB_Device_Library/Class/CDC/Src/usbd_cdc.c ****           }
 652:Middlewares/ST/STM32_USB_Device_Library/Class/CDC/Src/usbd_cdc.c ****           break;
 537              		.loc 1 652 11
 538 011a 06E0     		b	.L29
 539              	.L19:
 653:Middlewares/ST/STM32_USB_Device_Library/Class/CDC/Src/usbd_cdc.c **** 
 654:Middlewares/ST/STM32_USB_Device_Library/Class/CDC/Src/usbd_cdc.c ****         default:
 655:Middlewares/ST/STM32_USB_Device_Library/Class/CDC/Src/usbd_cdc.c ****           USBD_CtlError(pdev, req);
 540              		.loc 1 655 11
 541 011c 3968     		ldr	r1, [r7]
 542 011e 7868     		ldr	r0, [r7, #4]
 543 0120 FFF7FEFF 		bl	USBD_CtlError
 656:Middlewares/ST/STM32_USB_Device_Library/Class/CDC/Src/usbd_cdc.c ****           ret = USBD_FAIL;
 544              		.loc 1 656 15
 545 0124 0223     		movs	r3, #2
 546 0126 FB75     		strb	r3, [r7, #23]
 657:Middlewares/ST/STM32_USB_Device_Library/Class/CDC/Src/usbd_cdc.c ****           break;
 547              		.loc 1 657 11
 548 0128 00E0     		b	.L24
 549              	.L29:
 652:Middlewares/ST/STM32_USB_Device_Library/Class/CDC/Src/usbd_cdc.c **** 
 550              		.loc 1 652 11
 551 012a 00BF     		nop
 552              	.L24:
ARM GAS  /var/folders/xf/tcndk8390ml5xdpfw93qkhpm0000gn/T//ccCjASoL.s 			page 23


 658:Middlewares/ST/STM32_USB_Device_Library/Class/CDC/Src/usbd_cdc.c ****       }
 659:Middlewares/ST/STM32_USB_Device_Library/Class/CDC/Src/usbd_cdc.c ****       break;
 553              		.loc 1 659 7
 554 012c 06E0     		b	.L17
 555              	.L13:
 660:Middlewares/ST/STM32_USB_Device_Library/Class/CDC/Src/usbd_cdc.c **** 
 661:Middlewares/ST/STM32_USB_Device_Library/Class/CDC/Src/usbd_cdc.c ****     default:
 662:Middlewares/ST/STM32_USB_Device_Library/Class/CDC/Src/usbd_cdc.c ****       USBD_CtlError(pdev, req);
 556              		.loc 1 662 7
 557 012e 3968     		ldr	r1, [r7]
 558 0130 7868     		ldr	r0, [r7, #4]
 559 0132 FFF7FEFF 		bl	USBD_CtlError
 663:Middlewares/ST/STM32_USB_Device_Library/Class/CDC/Src/usbd_cdc.c ****       ret = USBD_FAIL;
 560              		.loc 1 663 11
 561 0136 0223     		movs	r3, #2
 562 0138 FB75     		strb	r3, [r7, #23]
 664:Middlewares/ST/STM32_USB_Device_Library/Class/CDC/Src/usbd_cdc.c ****       break;
 563              		.loc 1 664 7
 564 013a 00BF     		nop
 565              	.L17:
 665:Middlewares/ST/STM32_USB_Device_Library/Class/CDC/Src/usbd_cdc.c ****   }
 666:Middlewares/ST/STM32_USB_Device_Library/Class/CDC/Src/usbd_cdc.c **** 
 667:Middlewares/ST/STM32_USB_Device_Library/Class/CDC/Src/usbd_cdc.c ****   return ret;
 566              		.loc 1 667 10
 567 013c FB7D     		ldrb	r3, [r7, #23]	@ zero_extendqisi2
 668:Middlewares/ST/STM32_USB_Device_Library/Class/CDC/Src/usbd_cdc.c **** }
 568              		.loc 1 668 1
 569 013e 1846     		mov	r0, r3
 570 0140 1837     		adds	r7, r7, #24
 571              	.LCFI13:
 572              		.cfi_def_cfa_offset 8
 573 0142 BD46     		mov	sp, r7
 574              	.LCFI14:
 575              		.cfi_def_cfa_register 13
 576              		@ sp needed
 577 0144 80BD     		pop	{r7, pc}
 578              		.cfi_endproc
 579              	.LFE70:
 581              		.section	.text.USBD_CDC_DataIn,"ax",%progbits
 582              		.align	1
 583              		.syntax unified
 584              		.thumb
 585              		.thumb_func
 587              	USBD_CDC_DataIn:
 588              	.LFB71:
 669:Middlewares/ST/STM32_USB_Device_Library/Class/CDC/Src/usbd_cdc.c **** 
 670:Middlewares/ST/STM32_USB_Device_Library/Class/CDC/Src/usbd_cdc.c **** /**
 671:Middlewares/ST/STM32_USB_Device_Library/Class/CDC/Src/usbd_cdc.c ****   * @brief  USBD_CDC_DataIn
 672:Middlewares/ST/STM32_USB_Device_Library/Class/CDC/Src/usbd_cdc.c ****   *         Data sent on non-control IN endpoint
 673:Middlewares/ST/STM32_USB_Device_Library/Class/CDC/Src/usbd_cdc.c ****   * @param  pdev: device instance
 674:Middlewares/ST/STM32_USB_Device_Library/Class/CDC/Src/usbd_cdc.c ****   * @param  epnum: endpoint number
 675:Middlewares/ST/STM32_USB_Device_Library/Class/CDC/Src/usbd_cdc.c ****   * @retval status
 676:Middlewares/ST/STM32_USB_Device_Library/Class/CDC/Src/usbd_cdc.c ****   */
 677:Middlewares/ST/STM32_USB_Device_Library/Class/CDC/Src/usbd_cdc.c **** static uint8_t  USBD_CDC_DataIn(USBD_HandleTypeDef *pdev, uint8_t epnum)
 678:Middlewares/ST/STM32_USB_Device_Library/Class/CDC/Src/usbd_cdc.c **** {
 589              		.loc 1 678 1
 590              		.cfi_startproc
ARM GAS  /var/folders/xf/tcndk8390ml5xdpfw93qkhpm0000gn/T//ccCjASoL.s 			page 24


 591              		@ args = 0, pretend = 0, frame = 16
 592              		@ frame_needed = 1, uses_anonymous_args = 0
 593 0000 80B5     		push	{r7, lr}
 594              	.LCFI15:
 595              		.cfi_def_cfa_offset 8
 596              		.cfi_offset 7, -8
 597              		.cfi_offset 14, -4
 598 0002 84B0     		sub	sp, sp, #16
 599              	.LCFI16:
 600              		.cfi_def_cfa_offset 24
 601 0004 00AF     		add	r7, sp, #0
 602              	.LCFI17:
 603              		.cfi_def_cfa_register 7
 604 0006 7860     		str	r0, [r7, #4]
 605 0008 0B46     		mov	r3, r1
 606 000a FB70     		strb	r3, [r7, #3]
 679:Middlewares/ST/STM32_USB_Device_Library/Class/CDC/Src/usbd_cdc.c ****   USBD_CDC_HandleTypeDef *hcdc = (USBD_CDC_HandleTypeDef *)pdev->pClassData;
 607              		.loc 1 679 27
 608 000c 7B68     		ldr	r3, [r7, #4]
 609 000e D3F8B832 		ldr	r3, [r3, #696]
 610 0012 FB60     		str	r3, [r7, #12]
 680:Middlewares/ST/STM32_USB_Device_Library/Class/CDC/Src/usbd_cdc.c ****   PCD_HandleTypeDef *hpcd = pdev->pData;
 611              		.loc 1 680 22
 612 0014 7B68     		ldr	r3, [r7, #4]
 613 0016 D3F8C032 		ldr	r3, [r3, #704]
 614 001a BB60     		str	r3, [r7, #8]
 681:Middlewares/ST/STM32_USB_Device_Library/Class/CDC/Src/usbd_cdc.c **** 
 682:Middlewares/ST/STM32_USB_Device_Library/Class/CDC/Src/usbd_cdc.c ****   if (pdev->pClassData != NULL)
 615              		.loc 1 682 11
 616 001c 7B68     		ldr	r3, [r7, #4]
 617 001e D3F8B832 		ldr	r3, [r3, #696]
 618              		.loc 1 682 6
 619 0022 002B     		cmp	r3, #0
 620 0024 3AD0     		beq	.L31
 683:Middlewares/ST/STM32_USB_Device_Library/Class/CDC/Src/usbd_cdc.c ****   {
 684:Middlewares/ST/STM32_USB_Device_Library/Class/CDC/Src/usbd_cdc.c ****     if ((pdev->ep_in[epnum].total_length > 0U) && ((pdev->ep_in[epnum].total_length % hpcd->IN_ep[e
 621              		.loc 1 684 28
 622 0026 FA78     		ldrb	r2, [r7, #3]	@ zero_extendqisi2
 623 0028 7968     		ldr	r1, [r7, #4]
 624 002a 1346     		mov	r3, r2
 625 002c 9B00     		lsls	r3, r3, #2
 626 002e 1344     		add	r3, r3, r2
 627 0030 9B00     		lsls	r3, r3, #2
 628 0032 0B44     		add	r3, r3, r1
 629 0034 1C33     		adds	r3, r3, #28
 630 0036 1B68     		ldr	r3, [r3]
 631              		.loc 1 684 8
 632 0038 002B     		cmp	r3, #0
 633 003a 29D0     		beq	.L32
 634              		.loc 1 684 71 discriminator 1
 635 003c FA78     		ldrb	r2, [r7, #3]	@ zero_extendqisi2
 636 003e 7968     		ldr	r1, [r7, #4]
 637 0040 1346     		mov	r3, r2
 638 0042 9B00     		lsls	r3, r3, #2
 639 0044 1344     		add	r3, r3, r2
 640 0046 9B00     		lsls	r3, r3, #2
 641 0048 0B44     		add	r3, r3, r1
ARM GAS  /var/folders/xf/tcndk8390ml5xdpfw93qkhpm0000gn/T//ccCjASoL.s 			page 25


 642 004a 1C33     		adds	r3, r3, #28
 643 004c 1A68     		ldr	r2, [r3]
 644              		.loc 1 684 105 discriminator 1
 645 004e F978     		ldrb	r1, [r7, #3]	@ zero_extendqisi2
 646 0050 B868     		ldr	r0, [r7, #8]
 647 0052 0B46     		mov	r3, r1
 648 0054 9B00     		lsls	r3, r3, #2
 649 0056 0B44     		add	r3, r3, r1
 650 0058 DB00     		lsls	r3, r3, #3
 651 005a 0344     		add	r3, r3, r0
 652 005c 2033     		adds	r3, r3, #32
 653 005e 1B68     		ldr	r3, [r3]
 654              		.loc 1 684 85 discriminator 1
 655 0060 B2FBF3F1 		udiv	r1, r2, r3
 656 0064 01FB03F3 		mul	r3, r1, r3
 657 0068 D31A     		subs	r3, r2, r3
 658              		.loc 1 684 48 discriminator 1
 659 006a 002B     		cmp	r3, #0
 660 006c 10D1     		bne	.L32
 685:Middlewares/ST/STM32_USB_Device_Library/Class/CDC/Src/usbd_cdc.c ****     {
 686:Middlewares/ST/STM32_USB_Device_Library/Class/CDC/Src/usbd_cdc.c ****       /* Update the packet total length */
 687:Middlewares/ST/STM32_USB_Device_Library/Class/CDC/Src/usbd_cdc.c ****       pdev->ep_in[epnum].total_length = 0U;
 661              		.loc 1 687 25
 662 006e FA78     		ldrb	r2, [r7, #3]	@ zero_extendqisi2
 663              		.loc 1 687 39
 664 0070 7968     		ldr	r1, [r7, #4]
 665 0072 1346     		mov	r3, r2
 666 0074 9B00     		lsls	r3, r3, #2
 667 0076 1344     		add	r3, r3, r2
 668 0078 9B00     		lsls	r3, r3, #2
 669 007a 0B44     		add	r3, r3, r1
 670 007c 1C33     		adds	r3, r3, #28
 671 007e 0022     		movs	r2, #0
 672 0080 1A60     		str	r2, [r3]
 688:Middlewares/ST/STM32_USB_Device_Library/Class/CDC/Src/usbd_cdc.c **** 
 689:Middlewares/ST/STM32_USB_Device_Library/Class/CDC/Src/usbd_cdc.c ****       /* Send ZLP */
 690:Middlewares/ST/STM32_USB_Device_Library/Class/CDC/Src/usbd_cdc.c ****       USBD_LL_Transmit(pdev, epnum, NULL, 0U);
 673              		.loc 1 690 7
 674 0082 F978     		ldrb	r1, [r7, #3]	@ zero_extendqisi2
 675 0084 0023     		movs	r3, #0
 676 0086 0022     		movs	r2, #0
 677 0088 7868     		ldr	r0, [r7, #4]
 678 008a FFF7FEFF 		bl	USBD_LL_Transmit
 679 008e 03E0     		b	.L33
 680              	.L32:
 691:Middlewares/ST/STM32_USB_Device_Library/Class/CDC/Src/usbd_cdc.c ****     }
 692:Middlewares/ST/STM32_USB_Device_Library/Class/CDC/Src/usbd_cdc.c ****     else
 693:Middlewares/ST/STM32_USB_Device_Library/Class/CDC/Src/usbd_cdc.c ****     {
 694:Middlewares/ST/STM32_USB_Device_Library/Class/CDC/Src/usbd_cdc.c ****       hcdc->TxState = 0U;
 681              		.loc 1 694 21
 682 0090 FB68     		ldr	r3, [r7, #12]
 683 0092 0022     		movs	r2, #0
 684 0094 C3F81422 		str	r2, [r3, #532]
 685              	.L33:
 695:Middlewares/ST/STM32_USB_Device_Library/Class/CDC/Src/usbd_cdc.c ****     }
 696:Middlewares/ST/STM32_USB_Device_Library/Class/CDC/Src/usbd_cdc.c ****     return USBD_OK;
 686              		.loc 1 696 12
ARM GAS  /var/folders/xf/tcndk8390ml5xdpfw93qkhpm0000gn/T//ccCjASoL.s 			page 26


 687 0098 0023     		movs	r3, #0
 688 009a 00E0     		b	.L34
 689              	.L31:
 697:Middlewares/ST/STM32_USB_Device_Library/Class/CDC/Src/usbd_cdc.c ****   }
 698:Middlewares/ST/STM32_USB_Device_Library/Class/CDC/Src/usbd_cdc.c ****   else
 699:Middlewares/ST/STM32_USB_Device_Library/Class/CDC/Src/usbd_cdc.c ****   {
 700:Middlewares/ST/STM32_USB_Device_Library/Class/CDC/Src/usbd_cdc.c ****     return USBD_FAIL;
 690              		.loc 1 700 12
 691 009c 0223     		movs	r3, #2
 692              	.L34:
 701:Middlewares/ST/STM32_USB_Device_Library/Class/CDC/Src/usbd_cdc.c ****   }
 702:Middlewares/ST/STM32_USB_Device_Library/Class/CDC/Src/usbd_cdc.c **** }
 693              		.loc 1 702 1
 694 009e 1846     		mov	r0, r3
 695 00a0 1037     		adds	r7, r7, #16
 696              	.LCFI18:
 697              		.cfi_def_cfa_offset 8
 698 00a2 BD46     		mov	sp, r7
 699              	.LCFI19:
 700              		.cfi_def_cfa_register 13
 701              		@ sp needed
 702 00a4 80BD     		pop	{r7, pc}
 703              		.cfi_endproc
 704              	.LFE71:
 706              		.section	.text.USBD_CDC_DataOut,"ax",%progbits
 707              		.align	1
 708              		.syntax unified
 709              		.thumb
 710              		.thumb_func
 712              	USBD_CDC_DataOut:
 713              	.LFB72:
 703:Middlewares/ST/STM32_USB_Device_Library/Class/CDC/Src/usbd_cdc.c **** 
 704:Middlewares/ST/STM32_USB_Device_Library/Class/CDC/Src/usbd_cdc.c **** /**
 705:Middlewares/ST/STM32_USB_Device_Library/Class/CDC/Src/usbd_cdc.c ****   * @brief  USBD_CDC_DataOut
 706:Middlewares/ST/STM32_USB_Device_Library/Class/CDC/Src/usbd_cdc.c ****   *         Data received on non-control Out endpoint
 707:Middlewares/ST/STM32_USB_Device_Library/Class/CDC/Src/usbd_cdc.c ****   * @param  pdev: device instance
 708:Middlewares/ST/STM32_USB_Device_Library/Class/CDC/Src/usbd_cdc.c ****   * @param  epnum: endpoint number
 709:Middlewares/ST/STM32_USB_Device_Library/Class/CDC/Src/usbd_cdc.c ****   * @retval status
 710:Middlewares/ST/STM32_USB_Device_Library/Class/CDC/Src/usbd_cdc.c ****   */
 711:Middlewares/ST/STM32_USB_Device_Library/Class/CDC/Src/usbd_cdc.c **** static uint8_t  USBD_CDC_DataOut(USBD_HandleTypeDef *pdev, uint8_t epnum)
 712:Middlewares/ST/STM32_USB_Device_Library/Class/CDC/Src/usbd_cdc.c **** {
 714              		.loc 1 712 1
 715              		.cfi_startproc
 716              		@ args = 0, pretend = 0, frame = 16
 717              		@ frame_needed = 1, uses_anonymous_args = 0
 718 0000 80B5     		push	{r7, lr}
 719              	.LCFI20:
 720              		.cfi_def_cfa_offset 8
 721              		.cfi_offset 7, -8
 722              		.cfi_offset 14, -4
 723 0002 84B0     		sub	sp, sp, #16
 724              	.LCFI21:
 725              		.cfi_def_cfa_offset 24
 726 0004 00AF     		add	r7, sp, #0
 727              	.LCFI22:
 728              		.cfi_def_cfa_register 7
 729 0006 7860     		str	r0, [r7, #4]
ARM GAS  /var/folders/xf/tcndk8390ml5xdpfw93qkhpm0000gn/T//ccCjASoL.s 			page 27


 730 0008 0B46     		mov	r3, r1
 731 000a FB70     		strb	r3, [r7, #3]
 713:Middlewares/ST/STM32_USB_Device_Library/Class/CDC/Src/usbd_cdc.c ****   USBD_CDC_HandleTypeDef   *hcdc = (USBD_CDC_HandleTypeDef *) pdev->pClassData;
 732              		.loc 1 713 29
 733 000c 7B68     		ldr	r3, [r7, #4]
 734 000e D3F8B832 		ldr	r3, [r3, #696]
 735 0012 FB60     		str	r3, [r7, #12]
 714:Middlewares/ST/STM32_USB_Device_Library/Class/CDC/Src/usbd_cdc.c **** 
 715:Middlewares/ST/STM32_USB_Device_Library/Class/CDC/Src/usbd_cdc.c ****   /* Get the received data length */
 716:Middlewares/ST/STM32_USB_Device_Library/Class/CDC/Src/usbd_cdc.c ****   hcdc->RxLength = USBD_LL_GetRxDataSize(pdev, epnum);
 736              		.loc 1 716 20
 737 0014 FB78     		ldrb	r3, [r7, #3]	@ zero_extendqisi2
 738 0016 1946     		mov	r1, r3
 739 0018 7868     		ldr	r0, [r7, #4]
 740 001a FFF7FEFF 		bl	USBD_LL_GetRxDataSize
 741 001e 0246     		mov	r2, r0
 742              		.loc 1 716 18
 743 0020 FB68     		ldr	r3, [r7, #12]
 744 0022 C3F80C22 		str	r2, [r3, #524]
 717:Middlewares/ST/STM32_USB_Device_Library/Class/CDC/Src/usbd_cdc.c **** 
 718:Middlewares/ST/STM32_USB_Device_Library/Class/CDC/Src/usbd_cdc.c ****   /* USB data will be immediately processed, this allow next USB traffic being
 719:Middlewares/ST/STM32_USB_Device_Library/Class/CDC/Src/usbd_cdc.c ****   NAKed till the end of the application Xfer */
 720:Middlewares/ST/STM32_USB_Device_Library/Class/CDC/Src/usbd_cdc.c ****   if (pdev->pClassData != NULL)
 745              		.loc 1 720 11
 746 0026 7B68     		ldr	r3, [r7, #4]
 747 0028 D3F8B832 		ldr	r3, [r3, #696]
 748              		.loc 1 720 6
 749 002c 002B     		cmp	r3, #0
 750 002e 0DD0     		beq	.L36
 721:Middlewares/ST/STM32_USB_Device_Library/Class/CDC/Src/usbd_cdc.c ****   {
 722:Middlewares/ST/STM32_USB_Device_Library/Class/CDC/Src/usbd_cdc.c ****     ((USBD_CDC_ItfTypeDef *)pdev->pUserData)->Receive(hcdc->RxBuffer, &hcdc->RxLength);
 751              		.loc 1 722 33
 752 0030 7B68     		ldr	r3, [r7, #4]
 753 0032 D3F8BC32 		ldr	r3, [r3, #700]
 754              		.loc 1 722 45
 755 0036 DB68     		ldr	r3, [r3, #12]
 756              		.loc 1 722 6
 757 0038 FA68     		ldr	r2, [r7, #12]
 758 003a D2F80402 		ldr	r0, [r2, #516]
 759 003e FA68     		ldr	r2, [r7, #12]
 760 0040 02F50372 		add	r2, r2, #524
 761 0044 1146     		mov	r1, r2
 762 0046 9847     		blx	r3
 763              	.LVL4:
 723:Middlewares/ST/STM32_USB_Device_Library/Class/CDC/Src/usbd_cdc.c **** 
 724:Middlewares/ST/STM32_USB_Device_Library/Class/CDC/Src/usbd_cdc.c ****     return USBD_OK;
 764              		.loc 1 724 12
 765 0048 0023     		movs	r3, #0
 766 004a 00E0     		b	.L37
 767              	.L36:
 725:Middlewares/ST/STM32_USB_Device_Library/Class/CDC/Src/usbd_cdc.c ****   }
 726:Middlewares/ST/STM32_USB_Device_Library/Class/CDC/Src/usbd_cdc.c ****   else
 727:Middlewares/ST/STM32_USB_Device_Library/Class/CDC/Src/usbd_cdc.c ****   {
 728:Middlewares/ST/STM32_USB_Device_Library/Class/CDC/Src/usbd_cdc.c ****     return USBD_FAIL;
 768              		.loc 1 728 12
 769 004c 0223     		movs	r3, #2
 770              	.L37:
ARM GAS  /var/folders/xf/tcndk8390ml5xdpfw93qkhpm0000gn/T//ccCjASoL.s 			page 28


 729:Middlewares/ST/STM32_USB_Device_Library/Class/CDC/Src/usbd_cdc.c ****   }
 730:Middlewares/ST/STM32_USB_Device_Library/Class/CDC/Src/usbd_cdc.c **** }
 771              		.loc 1 730 1
 772 004e 1846     		mov	r0, r3
 773 0050 1037     		adds	r7, r7, #16
 774              	.LCFI23:
 775              		.cfi_def_cfa_offset 8
 776 0052 BD46     		mov	sp, r7
 777              	.LCFI24:
 778              		.cfi_def_cfa_register 13
 779              		@ sp needed
 780 0054 80BD     		pop	{r7, pc}
 781              		.cfi_endproc
 782              	.LFE72:
 784              		.section	.text.USBD_CDC_EP0_RxReady,"ax",%progbits
 785              		.align	1
 786              		.syntax unified
 787              		.thumb
 788              		.thumb_func
 790              	USBD_CDC_EP0_RxReady:
 791              	.LFB73:
 731:Middlewares/ST/STM32_USB_Device_Library/Class/CDC/Src/usbd_cdc.c **** 
 732:Middlewares/ST/STM32_USB_Device_Library/Class/CDC/Src/usbd_cdc.c **** /**
 733:Middlewares/ST/STM32_USB_Device_Library/Class/CDC/Src/usbd_cdc.c ****   * @brief  USBD_CDC_EP0_RxReady
 734:Middlewares/ST/STM32_USB_Device_Library/Class/CDC/Src/usbd_cdc.c ****   *         Handle EP0 Rx Ready event
 735:Middlewares/ST/STM32_USB_Device_Library/Class/CDC/Src/usbd_cdc.c ****   * @param  pdev: device instance
 736:Middlewares/ST/STM32_USB_Device_Library/Class/CDC/Src/usbd_cdc.c ****   * @retval status
 737:Middlewares/ST/STM32_USB_Device_Library/Class/CDC/Src/usbd_cdc.c ****   */
 738:Middlewares/ST/STM32_USB_Device_Library/Class/CDC/Src/usbd_cdc.c **** static uint8_t  USBD_CDC_EP0_RxReady(USBD_HandleTypeDef *pdev)
 739:Middlewares/ST/STM32_USB_Device_Library/Class/CDC/Src/usbd_cdc.c **** {
 792              		.loc 1 739 1
 793              		.cfi_startproc
 794              		@ args = 0, pretend = 0, frame = 16
 795              		@ frame_needed = 1, uses_anonymous_args = 0
 796 0000 80B5     		push	{r7, lr}
 797              	.LCFI25:
 798              		.cfi_def_cfa_offset 8
 799              		.cfi_offset 7, -8
 800              		.cfi_offset 14, -4
 801 0002 84B0     		sub	sp, sp, #16
 802              	.LCFI26:
 803              		.cfi_def_cfa_offset 24
 804 0004 00AF     		add	r7, sp, #0
 805              	.LCFI27:
 806              		.cfi_def_cfa_register 7
 807 0006 7860     		str	r0, [r7, #4]
 740:Middlewares/ST/STM32_USB_Device_Library/Class/CDC/Src/usbd_cdc.c ****   USBD_CDC_HandleTypeDef   *hcdc = (USBD_CDC_HandleTypeDef *) pdev->pClassData;
 808              		.loc 1 740 29
 809 0008 7B68     		ldr	r3, [r7, #4]
 810 000a D3F8B832 		ldr	r3, [r3, #696]
 811 000e FB60     		str	r3, [r7, #12]
 741:Middlewares/ST/STM32_USB_Device_Library/Class/CDC/Src/usbd_cdc.c **** 
 742:Middlewares/ST/STM32_USB_Device_Library/Class/CDC/Src/usbd_cdc.c ****   if ((pdev->pUserData != NULL) && (hcdc->CmdOpCode != 0xFFU))
 812              		.loc 1 742 12
 813 0010 7B68     		ldr	r3, [r7, #4]
 814 0012 D3F8BC32 		ldr	r3, [r3, #700]
 815              		.loc 1 742 6
ARM GAS  /var/folders/xf/tcndk8390ml5xdpfw93qkhpm0000gn/T//ccCjASoL.s 			page 29


 816 0016 002B     		cmp	r3, #0
 817 0018 15D0     		beq	.L39
 818              		.loc 1 742 41 discriminator 1
 819 001a FB68     		ldr	r3, [r7, #12]
 820 001c 93F80032 		ldrb	r3, [r3, #512]	@ zero_extendqisi2
 821              		.loc 1 742 33 discriminator 1
 822 0020 FF2B     		cmp	r3, #255
 823 0022 10D0     		beq	.L39
 743:Middlewares/ST/STM32_USB_Device_Library/Class/CDC/Src/usbd_cdc.c ****   {
 744:Middlewares/ST/STM32_USB_Device_Library/Class/CDC/Src/usbd_cdc.c ****     ((USBD_CDC_ItfTypeDef *)pdev->pUserData)->Control(hcdc->CmdOpCode,
 824              		.loc 1 744 33
 825 0024 7B68     		ldr	r3, [r7, #4]
 826 0026 D3F8BC32 		ldr	r3, [r3, #700]
 827              		.loc 1 744 45
 828 002a 9B68     		ldr	r3, [r3, #8]
 829              		.loc 1 744 6
 830 002c FA68     		ldr	r2, [r7, #12]
 831 002e 92F80002 		ldrb	r0, [r2, #512]	@ zero_extendqisi2
 745:Middlewares/ST/STM32_USB_Device_Library/Class/CDC/Src/usbd_cdc.c ****                                                       (uint8_t *)(void *)hcdc->data,
 832              		.loc 1 745 74
 833 0032 F968     		ldr	r1, [r7, #12]
 746:Middlewares/ST/STM32_USB_Device_Library/Class/CDC/Src/usbd_cdc.c ****                                                       (uint16_t)hcdc->CmdLength);
 834              		.loc 1 746 69
 835 0034 FA68     		ldr	r2, [r7, #12]
 836 0036 92F80122 		ldrb	r2, [r2, #513]	@ zero_extendqisi2
 744:Middlewares/ST/STM32_USB_Device_Library/Class/CDC/Src/usbd_cdc.c ****                                                       (uint8_t *)(void *)hcdc->data,
 837              		.loc 1 744 6
 838 003a 92B2     		uxth	r2, r2
 839 003c 9847     		blx	r3
 840              	.LVL5:
 747:Middlewares/ST/STM32_USB_Device_Library/Class/CDC/Src/usbd_cdc.c ****     hcdc->CmdOpCode = 0xFFU;
 841              		.loc 1 747 21
 842 003e FB68     		ldr	r3, [r7, #12]
 843 0040 FF22     		movs	r2, #255
 844 0042 83F80022 		strb	r2, [r3, #512]
 845              	.L39:
 748:Middlewares/ST/STM32_USB_Device_Library/Class/CDC/Src/usbd_cdc.c **** 
 749:Middlewares/ST/STM32_USB_Device_Library/Class/CDC/Src/usbd_cdc.c ****   }
 750:Middlewares/ST/STM32_USB_Device_Library/Class/CDC/Src/usbd_cdc.c ****   return USBD_OK;
 846              		.loc 1 750 10
 847 0046 0023     		movs	r3, #0
 751:Middlewares/ST/STM32_USB_Device_Library/Class/CDC/Src/usbd_cdc.c **** }
 848              		.loc 1 751 1
 849 0048 1846     		mov	r0, r3
 850 004a 1037     		adds	r7, r7, #16
 851              	.LCFI28:
 852              		.cfi_def_cfa_offset 8
 853 004c BD46     		mov	sp, r7
 854              	.LCFI29:
 855              		.cfi_def_cfa_register 13
 856              		@ sp needed
 857 004e 80BD     		pop	{r7, pc}
 858              		.cfi_endproc
 859              	.LFE73:
 861              		.section	.text.USBD_CDC_GetFSCfgDesc,"ax",%progbits
 862              		.align	1
 863              		.syntax unified
ARM GAS  /var/folders/xf/tcndk8390ml5xdpfw93qkhpm0000gn/T//ccCjASoL.s 			page 30


 864              		.thumb
 865              		.thumb_func
 867              	USBD_CDC_GetFSCfgDesc:
 868              	.LFB74:
 752:Middlewares/ST/STM32_USB_Device_Library/Class/CDC/Src/usbd_cdc.c **** 
 753:Middlewares/ST/STM32_USB_Device_Library/Class/CDC/Src/usbd_cdc.c **** /**
 754:Middlewares/ST/STM32_USB_Device_Library/Class/CDC/Src/usbd_cdc.c ****   * @brief  USBD_CDC_GetFSCfgDesc
 755:Middlewares/ST/STM32_USB_Device_Library/Class/CDC/Src/usbd_cdc.c ****   *         Return configuration descriptor
 756:Middlewares/ST/STM32_USB_Device_Library/Class/CDC/Src/usbd_cdc.c ****   * @param  speed : current device speed
 757:Middlewares/ST/STM32_USB_Device_Library/Class/CDC/Src/usbd_cdc.c ****   * @param  length : pointer data length
 758:Middlewares/ST/STM32_USB_Device_Library/Class/CDC/Src/usbd_cdc.c ****   * @retval pointer to descriptor buffer
 759:Middlewares/ST/STM32_USB_Device_Library/Class/CDC/Src/usbd_cdc.c ****   */
 760:Middlewares/ST/STM32_USB_Device_Library/Class/CDC/Src/usbd_cdc.c **** static uint8_t  *USBD_CDC_GetFSCfgDesc(uint16_t *length)
 761:Middlewares/ST/STM32_USB_Device_Library/Class/CDC/Src/usbd_cdc.c **** {
 869              		.loc 1 761 1
 870              		.cfi_startproc
 871              		@ args = 0, pretend = 0, frame = 8
 872              		@ frame_needed = 1, uses_anonymous_args = 0
 873              		@ link register save eliminated.
 874 0000 80B4     		push	{r7}
 875              	.LCFI30:
 876              		.cfi_def_cfa_offset 4
 877              		.cfi_offset 7, -4
 878 0002 83B0     		sub	sp, sp, #12
 879              	.LCFI31:
 880              		.cfi_def_cfa_offset 16
 881 0004 00AF     		add	r7, sp, #0
 882              	.LCFI32:
 883              		.cfi_def_cfa_register 7
 884 0006 7860     		str	r0, [r7, #4]
 762:Middlewares/ST/STM32_USB_Device_Library/Class/CDC/Src/usbd_cdc.c ****   *length = sizeof(USBD_CDC_CfgFSDesc);
 885              		.loc 1 762 11
 886 0008 7B68     		ldr	r3, [r7, #4]
 887 000a 4322     		movs	r2, #67
 888 000c 1A80     		strh	r2, [r3]	@ movhi
 763:Middlewares/ST/STM32_USB_Device_Library/Class/CDC/Src/usbd_cdc.c ****   return USBD_CDC_CfgFSDesc;
 889              		.loc 1 763 10
 890 000e 034B     		ldr	r3, .L43
 764:Middlewares/ST/STM32_USB_Device_Library/Class/CDC/Src/usbd_cdc.c **** }
 891              		.loc 1 764 1
 892 0010 1846     		mov	r0, r3
 893 0012 0C37     		adds	r7, r7, #12
 894              	.LCFI33:
 895              		.cfi_def_cfa_offset 4
 896 0014 BD46     		mov	sp, r7
 897              	.LCFI34:
 898              		.cfi_def_cfa_register 13
 899              		@ sp needed
 900 0016 80BC     		pop	{r7}
 901              	.LCFI35:
 902              		.cfi_restore 7
 903              		.cfi_def_cfa_offset 0
 904 0018 7047     		bx	lr
 905              	.L44:
 906 001a 00BF     		.align	2
 907              	.L43:
 908 001c 00000000 		.word	USBD_CDC_CfgFSDesc
ARM GAS  /var/folders/xf/tcndk8390ml5xdpfw93qkhpm0000gn/T//ccCjASoL.s 			page 31


 909              		.cfi_endproc
 910              	.LFE74:
 912              		.section	.text.USBD_CDC_GetHSCfgDesc,"ax",%progbits
 913              		.align	1
 914              		.syntax unified
 915              		.thumb
 916              		.thumb_func
 918              	USBD_CDC_GetHSCfgDesc:
 919              	.LFB75:
 765:Middlewares/ST/STM32_USB_Device_Library/Class/CDC/Src/usbd_cdc.c **** 
 766:Middlewares/ST/STM32_USB_Device_Library/Class/CDC/Src/usbd_cdc.c **** /**
 767:Middlewares/ST/STM32_USB_Device_Library/Class/CDC/Src/usbd_cdc.c ****   * @brief  USBD_CDC_GetHSCfgDesc
 768:Middlewares/ST/STM32_USB_Device_Library/Class/CDC/Src/usbd_cdc.c ****   *         Return configuration descriptor
 769:Middlewares/ST/STM32_USB_Device_Library/Class/CDC/Src/usbd_cdc.c ****   * @param  speed : current device speed
 770:Middlewares/ST/STM32_USB_Device_Library/Class/CDC/Src/usbd_cdc.c ****   * @param  length : pointer data length
 771:Middlewares/ST/STM32_USB_Device_Library/Class/CDC/Src/usbd_cdc.c ****   * @retval pointer to descriptor buffer
 772:Middlewares/ST/STM32_USB_Device_Library/Class/CDC/Src/usbd_cdc.c ****   */
 773:Middlewares/ST/STM32_USB_Device_Library/Class/CDC/Src/usbd_cdc.c **** static uint8_t  *USBD_CDC_GetHSCfgDesc(uint16_t *length)
 774:Middlewares/ST/STM32_USB_Device_Library/Class/CDC/Src/usbd_cdc.c **** {
 920              		.loc 1 774 1
 921              		.cfi_startproc
 922              		@ args = 0, pretend = 0, frame = 8
 923              		@ frame_needed = 1, uses_anonymous_args = 0
 924              		@ link register save eliminated.
 925 0000 80B4     		push	{r7}
 926              	.LCFI36:
 927              		.cfi_def_cfa_offset 4
 928              		.cfi_offset 7, -4
 929 0002 83B0     		sub	sp, sp, #12
 930              	.LCFI37:
 931              		.cfi_def_cfa_offset 16
 932 0004 00AF     		add	r7, sp, #0
 933              	.LCFI38:
 934              		.cfi_def_cfa_register 7
 935 0006 7860     		str	r0, [r7, #4]
 775:Middlewares/ST/STM32_USB_Device_Library/Class/CDC/Src/usbd_cdc.c ****   *length = sizeof(USBD_CDC_CfgHSDesc);
 936              		.loc 1 775 11
 937 0008 7B68     		ldr	r3, [r7, #4]
 938 000a 4322     		movs	r2, #67
 939 000c 1A80     		strh	r2, [r3]	@ movhi
 776:Middlewares/ST/STM32_USB_Device_Library/Class/CDC/Src/usbd_cdc.c ****   return USBD_CDC_CfgHSDesc;
 940              		.loc 1 776 10
 941 000e 034B     		ldr	r3, .L47
 777:Middlewares/ST/STM32_USB_Device_Library/Class/CDC/Src/usbd_cdc.c **** }
 942              		.loc 1 777 1
 943 0010 1846     		mov	r0, r3
 944 0012 0C37     		adds	r7, r7, #12
 945              	.LCFI39:
 946              		.cfi_def_cfa_offset 4
 947 0014 BD46     		mov	sp, r7
 948              	.LCFI40:
 949              		.cfi_def_cfa_register 13
 950              		@ sp needed
 951 0016 80BC     		pop	{r7}
 952              	.LCFI41:
 953              		.cfi_restore 7
 954              		.cfi_def_cfa_offset 0
ARM GAS  /var/folders/xf/tcndk8390ml5xdpfw93qkhpm0000gn/T//ccCjASoL.s 			page 32


 955 0018 7047     		bx	lr
 956              	.L48:
 957 001a 00BF     		.align	2
 958              	.L47:
 959 001c 00000000 		.word	USBD_CDC_CfgHSDesc
 960              		.cfi_endproc
 961              	.LFE75:
 963              		.section	.text.USBD_CDC_GetOtherSpeedCfgDesc,"ax",%progbits
 964              		.align	1
 965              		.syntax unified
 966              		.thumb
 967              		.thumb_func
 969              	USBD_CDC_GetOtherSpeedCfgDesc:
 970              	.LFB76:
 778:Middlewares/ST/STM32_USB_Device_Library/Class/CDC/Src/usbd_cdc.c **** 
 779:Middlewares/ST/STM32_USB_Device_Library/Class/CDC/Src/usbd_cdc.c **** /**
 780:Middlewares/ST/STM32_USB_Device_Library/Class/CDC/Src/usbd_cdc.c ****   * @brief  USBD_CDC_GetCfgDesc
 781:Middlewares/ST/STM32_USB_Device_Library/Class/CDC/Src/usbd_cdc.c ****   *         Return configuration descriptor
 782:Middlewares/ST/STM32_USB_Device_Library/Class/CDC/Src/usbd_cdc.c ****   * @param  speed : current device speed
 783:Middlewares/ST/STM32_USB_Device_Library/Class/CDC/Src/usbd_cdc.c ****   * @param  length : pointer data length
 784:Middlewares/ST/STM32_USB_Device_Library/Class/CDC/Src/usbd_cdc.c ****   * @retval pointer to descriptor buffer
 785:Middlewares/ST/STM32_USB_Device_Library/Class/CDC/Src/usbd_cdc.c ****   */
 786:Middlewares/ST/STM32_USB_Device_Library/Class/CDC/Src/usbd_cdc.c **** static uint8_t  *USBD_CDC_GetOtherSpeedCfgDesc(uint16_t *length)
 787:Middlewares/ST/STM32_USB_Device_Library/Class/CDC/Src/usbd_cdc.c **** {
 971              		.loc 1 787 1
 972              		.cfi_startproc
 973              		@ args = 0, pretend = 0, frame = 8
 974              		@ frame_needed = 1, uses_anonymous_args = 0
 975              		@ link register save eliminated.
 976 0000 80B4     		push	{r7}
 977              	.LCFI42:
 978              		.cfi_def_cfa_offset 4
 979              		.cfi_offset 7, -4
 980 0002 83B0     		sub	sp, sp, #12
 981              	.LCFI43:
 982              		.cfi_def_cfa_offset 16
 983 0004 00AF     		add	r7, sp, #0
 984              	.LCFI44:
 985              		.cfi_def_cfa_register 7
 986 0006 7860     		str	r0, [r7, #4]
 788:Middlewares/ST/STM32_USB_Device_Library/Class/CDC/Src/usbd_cdc.c ****   *length = sizeof(USBD_CDC_OtherSpeedCfgDesc);
 987              		.loc 1 788 11
 988 0008 7B68     		ldr	r3, [r7, #4]
 989 000a 4322     		movs	r2, #67
 990 000c 1A80     		strh	r2, [r3]	@ movhi
 789:Middlewares/ST/STM32_USB_Device_Library/Class/CDC/Src/usbd_cdc.c ****   return USBD_CDC_OtherSpeedCfgDesc;
 991              		.loc 1 789 10
 992 000e 034B     		ldr	r3, .L51
 790:Middlewares/ST/STM32_USB_Device_Library/Class/CDC/Src/usbd_cdc.c **** }
 993              		.loc 1 790 1
 994 0010 1846     		mov	r0, r3
 995 0012 0C37     		adds	r7, r7, #12
 996              	.LCFI45:
 997              		.cfi_def_cfa_offset 4
 998 0014 BD46     		mov	sp, r7
 999              	.LCFI46:
 1000              		.cfi_def_cfa_register 13
ARM GAS  /var/folders/xf/tcndk8390ml5xdpfw93qkhpm0000gn/T//ccCjASoL.s 			page 33


 1001              		@ sp needed
 1002 0016 80BC     		pop	{r7}
 1003              	.LCFI47:
 1004              		.cfi_restore 7
 1005              		.cfi_def_cfa_offset 0
 1006 0018 7047     		bx	lr
 1007              	.L52:
 1008 001a 00BF     		.align	2
 1009              	.L51:
 1010 001c 00000000 		.word	USBD_CDC_OtherSpeedCfgDesc
 1011              		.cfi_endproc
 1012              	.LFE76:
 1014              		.section	.text.USBD_CDC_GetDeviceQualifierDescriptor,"ax",%progbits
 1015              		.align	1
 1016              		.global	USBD_CDC_GetDeviceQualifierDescriptor
 1017              		.syntax unified
 1018              		.thumb
 1019              		.thumb_func
 1021              	USBD_CDC_GetDeviceQualifierDescriptor:
 1022              	.LFB77:
 791:Middlewares/ST/STM32_USB_Device_Library/Class/CDC/Src/usbd_cdc.c **** 
 792:Middlewares/ST/STM32_USB_Device_Library/Class/CDC/Src/usbd_cdc.c **** /**
 793:Middlewares/ST/STM32_USB_Device_Library/Class/CDC/Src/usbd_cdc.c **** * @brief  DeviceQualifierDescriptor
 794:Middlewares/ST/STM32_USB_Device_Library/Class/CDC/Src/usbd_cdc.c **** *         return Device Qualifier descriptor
 795:Middlewares/ST/STM32_USB_Device_Library/Class/CDC/Src/usbd_cdc.c **** * @param  length : pointer data length
 796:Middlewares/ST/STM32_USB_Device_Library/Class/CDC/Src/usbd_cdc.c **** * @retval pointer to descriptor buffer
 797:Middlewares/ST/STM32_USB_Device_Library/Class/CDC/Src/usbd_cdc.c **** */
 798:Middlewares/ST/STM32_USB_Device_Library/Class/CDC/Src/usbd_cdc.c **** uint8_t  *USBD_CDC_GetDeviceQualifierDescriptor(uint16_t *length)
 799:Middlewares/ST/STM32_USB_Device_Library/Class/CDC/Src/usbd_cdc.c **** {
 1023              		.loc 1 799 1
 1024              		.cfi_startproc
 1025              		@ args = 0, pretend = 0, frame = 8
 1026              		@ frame_needed = 1, uses_anonymous_args = 0
 1027              		@ link register save eliminated.
 1028 0000 80B4     		push	{r7}
 1029              	.LCFI48:
 1030              		.cfi_def_cfa_offset 4
 1031              		.cfi_offset 7, -4
 1032 0002 83B0     		sub	sp, sp, #12
 1033              	.LCFI49:
 1034              		.cfi_def_cfa_offset 16
 1035 0004 00AF     		add	r7, sp, #0
 1036              	.LCFI50:
 1037              		.cfi_def_cfa_register 7
 1038 0006 7860     		str	r0, [r7, #4]
 800:Middlewares/ST/STM32_USB_Device_Library/Class/CDC/Src/usbd_cdc.c ****   *length = sizeof(USBD_CDC_DeviceQualifierDesc);
 1039              		.loc 1 800 11
 1040 0008 7B68     		ldr	r3, [r7, #4]
 1041 000a 0A22     		movs	r2, #10
 1042 000c 1A80     		strh	r2, [r3]	@ movhi
 801:Middlewares/ST/STM32_USB_Device_Library/Class/CDC/Src/usbd_cdc.c ****   return USBD_CDC_DeviceQualifierDesc;
 1043              		.loc 1 801 10
 1044 000e 034B     		ldr	r3, .L55
 802:Middlewares/ST/STM32_USB_Device_Library/Class/CDC/Src/usbd_cdc.c **** }
 1045              		.loc 1 802 1
 1046 0010 1846     		mov	r0, r3
 1047 0012 0C37     		adds	r7, r7, #12
ARM GAS  /var/folders/xf/tcndk8390ml5xdpfw93qkhpm0000gn/T//ccCjASoL.s 			page 34


 1048              	.LCFI51:
 1049              		.cfi_def_cfa_offset 4
 1050 0014 BD46     		mov	sp, r7
 1051              	.LCFI52:
 1052              		.cfi_def_cfa_register 13
 1053              		@ sp needed
 1054 0016 80BC     		pop	{r7}
 1055              	.LCFI53:
 1056              		.cfi_restore 7
 1057              		.cfi_def_cfa_offset 0
 1058 0018 7047     		bx	lr
 1059              	.L56:
 1060 001a 00BF     		.align	2
 1061              	.L55:
 1062 001c 00000000 		.word	USBD_CDC_DeviceQualifierDesc
 1063              		.cfi_endproc
 1064              	.LFE77:
 1066              		.section	.text.USBD_CDC_RegisterInterface,"ax",%progbits
 1067              		.align	1
 1068              		.global	USBD_CDC_RegisterInterface
 1069              		.syntax unified
 1070              		.thumb
 1071              		.thumb_func
 1073              	USBD_CDC_RegisterInterface:
 1074              	.LFB78:
 803:Middlewares/ST/STM32_USB_Device_Library/Class/CDC/Src/usbd_cdc.c **** 
 804:Middlewares/ST/STM32_USB_Device_Library/Class/CDC/Src/usbd_cdc.c **** /**
 805:Middlewares/ST/STM32_USB_Device_Library/Class/CDC/Src/usbd_cdc.c **** * @brief  USBD_CDC_RegisterInterface
 806:Middlewares/ST/STM32_USB_Device_Library/Class/CDC/Src/usbd_cdc.c ****   * @param  pdev: device instance
 807:Middlewares/ST/STM32_USB_Device_Library/Class/CDC/Src/usbd_cdc.c ****   * @param  fops: CD  Interface callback
 808:Middlewares/ST/STM32_USB_Device_Library/Class/CDC/Src/usbd_cdc.c ****   * @retval status
 809:Middlewares/ST/STM32_USB_Device_Library/Class/CDC/Src/usbd_cdc.c ****   */
 810:Middlewares/ST/STM32_USB_Device_Library/Class/CDC/Src/usbd_cdc.c **** uint8_t  USBD_CDC_RegisterInterface(USBD_HandleTypeDef   *pdev,
 811:Middlewares/ST/STM32_USB_Device_Library/Class/CDC/Src/usbd_cdc.c ****                                     USBD_CDC_ItfTypeDef *fops)
 812:Middlewares/ST/STM32_USB_Device_Library/Class/CDC/Src/usbd_cdc.c **** {
 1075              		.loc 1 812 1
 1076              		.cfi_startproc
 1077              		@ args = 0, pretend = 0, frame = 16
 1078              		@ frame_needed = 1, uses_anonymous_args = 0
 1079              		@ link register save eliminated.
 1080 0000 80B4     		push	{r7}
 1081              	.LCFI54:
 1082              		.cfi_def_cfa_offset 4
 1083              		.cfi_offset 7, -4
 1084 0002 85B0     		sub	sp, sp, #20
 1085              	.LCFI55:
 1086              		.cfi_def_cfa_offset 24
 1087 0004 00AF     		add	r7, sp, #0
 1088              	.LCFI56:
 1089              		.cfi_def_cfa_register 7
 1090 0006 7860     		str	r0, [r7, #4]
 1091 0008 3960     		str	r1, [r7]
 813:Middlewares/ST/STM32_USB_Device_Library/Class/CDC/Src/usbd_cdc.c ****   uint8_t  ret = USBD_FAIL;
 1092              		.loc 1 813 12
 1093 000a 0223     		movs	r3, #2
 1094 000c FB73     		strb	r3, [r7, #15]
 814:Middlewares/ST/STM32_USB_Device_Library/Class/CDC/Src/usbd_cdc.c **** 
ARM GAS  /var/folders/xf/tcndk8390ml5xdpfw93qkhpm0000gn/T//ccCjASoL.s 			page 35


 815:Middlewares/ST/STM32_USB_Device_Library/Class/CDC/Src/usbd_cdc.c ****   if (fops != NULL)
 1095              		.loc 1 815 6
 1096 000e 3B68     		ldr	r3, [r7]
 1097 0010 002B     		cmp	r3, #0
 1098 0012 05D0     		beq	.L58
 816:Middlewares/ST/STM32_USB_Device_Library/Class/CDC/Src/usbd_cdc.c ****   {
 817:Middlewares/ST/STM32_USB_Device_Library/Class/CDC/Src/usbd_cdc.c ****     pdev->pUserData = fops;
 1099              		.loc 1 817 21
 1100 0014 7B68     		ldr	r3, [r7, #4]
 1101 0016 3A68     		ldr	r2, [r7]
 1102 0018 C3F8BC22 		str	r2, [r3, #700]
 818:Middlewares/ST/STM32_USB_Device_Library/Class/CDC/Src/usbd_cdc.c ****     ret = USBD_OK;
 1103              		.loc 1 818 9
 1104 001c 0023     		movs	r3, #0
 1105 001e FB73     		strb	r3, [r7, #15]
 1106              	.L58:
 819:Middlewares/ST/STM32_USB_Device_Library/Class/CDC/Src/usbd_cdc.c ****   }
 820:Middlewares/ST/STM32_USB_Device_Library/Class/CDC/Src/usbd_cdc.c **** 
 821:Middlewares/ST/STM32_USB_Device_Library/Class/CDC/Src/usbd_cdc.c ****   return ret;
 1107              		.loc 1 821 10
 1108 0020 FB7B     		ldrb	r3, [r7, #15]	@ zero_extendqisi2
 822:Middlewares/ST/STM32_USB_Device_Library/Class/CDC/Src/usbd_cdc.c **** }
 1109              		.loc 1 822 1
 1110 0022 1846     		mov	r0, r3
 1111 0024 1437     		adds	r7, r7, #20
 1112              	.LCFI57:
 1113              		.cfi_def_cfa_offset 4
 1114 0026 BD46     		mov	sp, r7
 1115              	.LCFI58:
 1116              		.cfi_def_cfa_register 13
 1117              		@ sp needed
 1118 0028 80BC     		pop	{r7}
 1119              	.LCFI59:
 1120              		.cfi_restore 7
 1121              		.cfi_def_cfa_offset 0
 1122 002a 7047     		bx	lr
 1123              		.cfi_endproc
 1124              	.LFE78:
 1126              		.section	.text.USBD_CDC_SetTxBuffer,"ax",%progbits
 1127              		.align	1
 1128              		.global	USBD_CDC_SetTxBuffer
 1129              		.syntax unified
 1130              		.thumb
 1131              		.thumb_func
 1133              	USBD_CDC_SetTxBuffer:
 1134              	.LFB79:
 823:Middlewares/ST/STM32_USB_Device_Library/Class/CDC/Src/usbd_cdc.c **** 
 824:Middlewares/ST/STM32_USB_Device_Library/Class/CDC/Src/usbd_cdc.c **** /**
 825:Middlewares/ST/STM32_USB_Device_Library/Class/CDC/Src/usbd_cdc.c ****   * @brief  USBD_CDC_SetTxBuffer
 826:Middlewares/ST/STM32_USB_Device_Library/Class/CDC/Src/usbd_cdc.c ****   * @param  pdev: device instance
 827:Middlewares/ST/STM32_USB_Device_Library/Class/CDC/Src/usbd_cdc.c ****   * @param  pbuff: Tx Buffer
 828:Middlewares/ST/STM32_USB_Device_Library/Class/CDC/Src/usbd_cdc.c ****   * @retval status
 829:Middlewares/ST/STM32_USB_Device_Library/Class/CDC/Src/usbd_cdc.c ****   */
 830:Middlewares/ST/STM32_USB_Device_Library/Class/CDC/Src/usbd_cdc.c **** uint8_t  USBD_CDC_SetTxBuffer(USBD_HandleTypeDef   *pdev,
 831:Middlewares/ST/STM32_USB_Device_Library/Class/CDC/Src/usbd_cdc.c ****                               uint8_t  *pbuff,
 832:Middlewares/ST/STM32_USB_Device_Library/Class/CDC/Src/usbd_cdc.c ****                               uint16_t length)
 833:Middlewares/ST/STM32_USB_Device_Library/Class/CDC/Src/usbd_cdc.c **** {
ARM GAS  /var/folders/xf/tcndk8390ml5xdpfw93qkhpm0000gn/T//ccCjASoL.s 			page 36


 1135              		.loc 1 833 1
 1136              		.cfi_startproc
 1137              		@ args = 0, pretend = 0, frame = 24
 1138              		@ frame_needed = 1, uses_anonymous_args = 0
 1139              		@ link register save eliminated.
 1140 0000 80B4     		push	{r7}
 1141              	.LCFI60:
 1142              		.cfi_def_cfa_offset 4
 1143              		.cfi_offset 7, -4
 1144 0002 87B0     		sub	sp, sp, #28
 1145              	.LCFI61:
 1146              		.cfi_def_cfa_offset 32
 1147 0004 00AF     		add	r7, sp, #0
 1148              	.LCFI62:
 1149              		.cfi_def_cfa_register 7
 1150 0006 F860     		str	r0, [r7, #12]
 1151 0008 B960     		str	r1, [r7, #8]
 1152 000a 1346     		mov	r3, r2
 1153 000c FB80     		strh	r3, [r7, #6]	@ movhi
 834:Middlewares/ST/STM32_USB_Device_Library/Class/CDC/Src/usbd_cdc.c ****   USBD_CDC_HandleTypeDef   *hcdc = (USBD_CDC_HandleTypeDef *) pdev->pClassData;
 1154              		.loc 1 834 29
 1155 000e FB68     		ldr	r3, [r7, #12]
 1156 0010 D3F8B832 		ldr	r3, [r3, #696]
 1157 0014 7B61     		str	r3, [r7, #20]
 835:Middlewares/ST/STM32_USB_Device_Library/Class/CDC/Src/usbd_cdc.c **** 
 836:Middlewares/ST/STM32_USB_Device_Library/Class/CDC/Src/usbd_cdc.c ****   hcdc->TxBuffer = pbuff;
 1158              		.loc 1 836 18
 1159 0016 7B69     		ldr	r3, [r7, #20]
 1160 0018 BA68     		ldr	r2, [r7, #8]
 1161 001a C3F80822 		str	r2, [r3, #520]
 837:Middlewares/ST/STM32_USB_Device_Library/Class/CDC/Src/usbd_cdc.c ****   hcdc->TxLength = length;
 1162              		.loc 1 837 18
 1163 001e FA88     		ldrh	r2, [r7, #6]
 1164 0020 7B69     		ldr	r3, [r7, #20]
 1165 0022 C3F81022 		str	r2, [r3, #528]
 838:Middlewares/ST/STM32_USB_Device_Library/Class/CDC/Src/usbd_cdc.c **** 
 839:Middlewares/ST/STM32_USB_Device_Library/Class/CDC/Src/usbd_cdc.c ****   return USBD_OK;
 1166              		.loc 1 839 10
 1167 0026 0023     		movs	r3, #0
 840:Middlewares/ST/STM32_USB_Device_Library/Class/CDC/Src/usbd_cdc.c **** }
 1168              		.loc 1 840 1
 1169 0028 1846     		mov	r0, r3
 1170 002a 1C37     		adds	r7, r7, #28
 1171              	.LCFI63:
 1172              		.cfi_def_cfa_offset 4
 1173 002c BD46     		mov	sp, r7
 1174              	.LCFI64:
 1175              		.cfi_def_cfa_register 13
 1176              		@ sp needed
 1177 002e 80BC     		pop	{r7}
 1178              	.LCFI65:
 1179              		.cfi_restore 7
 1180              		.cfi_def_cfa_offset 0
 1181 0030 7047     		bx	lr
 1182              		.cfi_endproc
 1183              	.LFE79:
 1185              		.section	.text.USBD_CDC_SetRxBuffer,"ax",%progbits
ARM GAS  /var/folders/xf/tcndk8390ml5xdpfw93qkhpm0000gn/T//ccCjASoL.s 			page 37


 1186              		.align	1
 1187              		.global	USBD_CDC_SetRxBuffer
 1188              		.syntax unified
 1189              		.thumb
 1190              		.thumb_func
 1192              	USBD_CDC_SetRxBuffer:
 1193              	.LFB80:
 841:Middlewares/ST/STM32_USB_Device_Library/Class/CDC/Src/usbd_cdc.c **** 
 842:Middlewares/ST/STM32_USB_Device_Library/Class/CDC/Src/usbd_cdc.c **** 
 843:Middlewares/ST/STM32_USB_Device_Library/Class/CDC/Src/usbd_cdc.c **** /**
 844:Middlewares/ST/STM32_USB_Device_Library/Class/CDC/Src/usbd_cdc.c ****   * @brief  USBD_CDC_SetRxBuffer
 845:Middlewares/ST/STM32_USB_Device_Library/Class/CDC/Src/usbd_cdc.c ****   * @param  pdev: device instance
 846:Middlewares/ST/STM32_USB_Device_Library/Class/CDC/Src/usbd_cdc.c ****   * @param  pbuff: Rx Buffer
 847:Middlewares/ST/STM32_USB_Device_Library/Class/CDC/Src/usbd_cdc.c ****   * @retval status
 848:Middlewares/ST/STM32_USB_Device_Library/Class/CDC/Src/usbd_cdc.c ****   */
 849:Middlewares/ST/STM32_USB_Device_Library/Class/CDC/Src/usbd_cdc.c **** uint8_t  USBD_CDC_SetRxBuffer(USBD_HandleTypeDef   *pdev,
 850:Middlewares/ST/STM32_USB_Device_Library/Class/CDC/Src/usbd_cdc.c ****                               uint8_t  *pbuff)
 851:Middlewares/ST/STM32_USB_Device_Library/Class/CDC/Src/usbd_cdc.c **** {
 1194              		.loc 1 851 1
 1195              		.cfi_startproc
 1196              		@ args = 0, pretend = 0, frame = 16
 1197              		@ frame_needed = 1, uses_anonymous_args = 0
 1198              		@ link register save eliminated.
 1199 0000 80B4     		push	{r7}
 1200              	.LCFI66:
 1201              		.cfi_def_cfa_offset 4
 1202              		.cfi_offset 7, -4
 1203 0002 85B0     		sub	sp, sp, #20
 1204              	.LCFI67:
 1205              		.cfi_def_cfa_offset 24
 1206 0004 00AF     		add	r7, sp, #0
 1207              	.LCFI68:
 1208              		.cfi_def_cfa_register 7
 1209 0006 7860     		str	r0, [r7, #4]
 1210 0008 3960     		str	r1, [r7]
 852:Middlewares/ST/STM32_USB_Device_Library/Class/CDC/Src/usbd_cdc.c ****   USBD_CDC_HandleTypeDef   *hcdc = (USBD_CDC_HandleTypeDef *) pdev->pClassData;
 1211              		.loc 1 852 29
 1212 000a 7B68     		ldr	r3, [r7, #4]
 1213 000c D3F8B832 		ldr	r3, [r3, #696]
 1214 0010 FB60     		str	r3, [r7, #12]
 853:Middlewares/ST/STM32_USB_Device_Library/Class/CDC/Src/usbd_cdc.c **** 
 854:Middlewares/ST/STM32_USB_Device_Library/Class/CDC/Src/usbd_cdc.c ****   hcdc->RxBuffer = pbuff;
 1215              		.loc 1 854 18
 1216 0012 FB68     		ldr	r3, [r7, #12]
 1217 0014 3A68     		ldr	r2, [r7]
 1218 0016 C3F80422 		str	r2, [r3, #516]
 855:Middlewares/ST/STM32_USB_Device_Library/Class/CDC/Src/usbd_cdc.c **** 
 856:Middlewares/ST/STM32_USB_Device_Library/Class/CDC/Src/usbd_cdc.c ****   return USBD_OK;
 1219              		.loc 1 856 10
 1220 001a 0023     		movs	r3, #0
 857:Middlewares/ST/STM32_USB_Device_Library/Class/CDC/Src/usbd_cdc.c **** }
 1221              		.loc 1 857 1
 1222 001c 1846     		mov	r0, r3
 1223 001e 1437     		adds	r7, r7, #20
 1224              	.LCFI69:
 1225              		.cfi_def_cfa_offset 4
 1226 0020 BD46     		mov	sp, r7
ARM GAS  /var/folders/xf/tcndk8390ml5xdpfw93qkhpm0000gn/T//ccCjASoL.s 			page 38


 1227              	.LCFI70:
 1228              		.cfi_def_cfa_register 13
 1229              		@ sp needed
 1230 0022 80BC     		pop	{r7}
 1231              	.LCFI71:
 1232              		.cfi_restore 7
 1233              		.cfi_def_cfa_offset 0
 1234 0024 7047     		bx	lr
 1235              		.cfi_endproc
 1236              	.LFE80:
 1238              		.section	.text.USBD_CDC_TransmitPacket,"ax",%progbits
 1239              		.align	1
 1240              		.global	USBD_CDC_TransmitPacket
 1241              		.syntax unified
 1242              		.thumb
 1243              		.thumb_func
 1245              	USBD_CDC_TransmitPacket:
 1246              	.LFB81:
 858:Middlewares/ST/STM32_USB_Device_Library/Class/CDC/Src/usbd_cdc.c **** 
 859:Middlewares/ST/STM32_USB_Device_Library/Class/CDC/Src/usbd_cdc.c **** /**
 860:Middlewares/ST/STM32_USB_Device_Library/Class/CDC/Src/usbd_cdc.c ****   * @brief  USBD_CDC_TransmitPacket
 861:Middlewares/ST/STM32_USB_Device_Library/Class/CDC/Src/usbd_cdc.c ****   *         Transmit packet on IN endpoint
 862:Middlewares/ST/STM32_USB_Device_Library/Class/CDC/Src/usbd_cdc.c ****   * @param  pdev: device instance
 863:Middlewares/ST/STM32_USB_Device_Library/Class/CDC/Src/usbd_cdc.c ****   * @retval status
 864:Middlewares/ST/STM32_USB_Device_Library/Class/CDC/Src/usbd_cdc.c ****   */
 865:Middlewares/ST/STM32_USB_Device_Library/Class/CDC/Src/usbd_cdc.c **** uint8_t  USBD_CDC_TransmitPacket(USBD_HandleTypeDef *pdev)
 866:Middlewares/ST/STM32_USB_Device_Library/Class/CDC/Src/usbd_cdc.c **** {
 1247              		.loc 1 866 1
 1248              		.cfi_startproc
 1249              		@ args = 0, pretend = 0, frame = 16
 1250              		@ frame_needed = 1, uses_anonymous_args = 0
 1251 0000 80B5     		push	{r7, lr}
 1252              	.LCFI72:
 1253              		.cfi_def_cfa_offset 8
 1254              		.cfi_offset 7, -8
 1255              		.cfi_offset 14, -4
 1256 0002 84B0     		sub	sp, sp, #16
 1257              	.LCFI73:
 1258              		.cfi_def_cfa_offset 24
 1259 0004 00AF     		add	r7, sp, #0
 1260              	.LCFI74:
 1261              		.cfi_def_cfa_register 7
 1262 0006 7860     		str	r0, [r7, #4]
 867:Middlewares/ST/STM32_USB_Device_Library/Class/CDC/Src/usbd_cdc.c ****   USBD_CDC_HandleTypeDef   *hcdc = (USBD_CDC_HandleTypeDef *) pdev->pClassData;
 1263              		.loc 1 867 29
 1264 0008 7B68     		ldr	r3, [r7, #4]
 1265 000a D3F8B832 		ldr	r3, [r3, #696]
 1266 000e FB60     		str	r3, [r7, #12]
 868:Middlewares/ST/STM32_USB_Device_Library/Class/CDC/Src/usbd_cdc.c **** 
 869:Middlewares/ST/STM32_USB_Device_Library/Class/CDC/Src/usbd_cdc.c ****   if (pdev->pClassData != NULL)
 1267              		.loc 1 869 11
 1268 0010 7B68     		ldr	r3, [r7, #4]
 1269 0012 D3F8B832 		ldr	r3, [r3, #696]
 1270              		.loc 1 869 6
 1271 0016 002B     		cmp	r3, #0
 1272 0018 1CD0     		beq	.L65
 870:Middlewares/ST/STM32_USB_Device_Library/Class/CDC/Src/usbd_cdc.c ****   {
ARM GAS  /var/folders/xf/tcndk8390ml5xdpfw93qkhpm0000gn/T//ccCjASoL.s 			page 39


 871:Middlewares/ST/STM32_USB_Device_Library/Class/CDC/Src/usbd_cdc.c ****     if (hcdc->TxState == 0U)
 1273              		.loc 1 871 13
 1274 001a FB68     		ldr	r3, [r7, #12]
 1275 001c D3F81432 		ldr	r3, [r3, #532]
 1276              		.loc 1 871 8
 1277 0020 002B     		cmp	r3, #0
 1278 0022 15D1     		bne	.L66
 872:Middlewares/ST/STM32_USB_Device_Library/Class/CDC/Src/usbd_cdc.c ****     {
 873:Middlewares/ST/STM32_USB_Device_Library/Class/CDC/Src/usbd_cdc.c ****       /* Tx Transfer in progress */
 874:Middlewares/ST/STM32_USB_Device_Library/Class/CDC/Src/usbd_cdc.c ****       hcdc->TxState = 1U;
 1279              		.loc 1 874 21
 1280 0024 FB68     		ldr	r3, [r7, #12]
 1281 0026 0122     		movs	r2, #1
 1282 0028 C3F81422 		str	r2, [r3, #532]
 875:Middlewares/ST/STM32_USB_Device_Library/Class/CDC/Src/usbd_cdc.c **** 
 876:Middlewares/ST/STM32_USB_Device_Library/Class/CDC/Src/usbd_cdc.c ****       /* Update the packet total length */
 877:Middlewares/ST/STM32_USB_Device_Library/Class/CDC/Src/usbd_cdc.c ****       pdev->ep_in[CDC_IN_EP & 0xFU].total_length = hcdc->TxLength;
 1283              		.loc 1 877 56
 1284 002c FB68     		ldr	r3, [r7, #12]
 1285 002e D3F81022 		ldr	r2, [r3, #528]
 1286              		.loc 1 877 50
 1287 0032 7B68     		ldr	r3, [r7, #4]
 1288 0034 1A63     		str	r2, [r3, #48]
 878:Middlewares/ST/STM32_USB_Device_Library/Class/CDC/Src/usbd_cdc.c **** 
 879:Middlewares/ST/STM32_USB_Device_Library/Class/CDC/Src/usbd_cdc.c ****       /* Transmit next packet */
 880:Middlewares/ST/STM32_USB_Device_Library/Class/CDC/Src/usbd_cdc.c ****       USBD_LL_Transmit(pdev, CDC_IN_EP, hcdc->TxBuffer,
 1289              		.loc 1 880 7
 1290 0036 FB68     		ldr	r3, [r7, #12]
 1291 0038 D3F80822 		ldr	r2, [r3, #520]
 881:Middlewares/ST/STM32_USB_Device_Library/Class/CDC/Src/usbd_cdc.c ****                        (uint16_t)hcdc->TxLength);
 1292              		.loc 1 881 38
 1293 003c FB68     		ldr	r3, [r7, #12]
 1294 003e D3F81032 		ldr	r3, [r3, #528]
 880:Middlewares/ST/STM32_USB_Device_Library/Class/CDC/Src/usbd_cdc.c ****                        (uint16_t)hcdc->TxLength);
 1295              		.loc 1 880 7
 1296 0042 9BB2     		uxth	r3, r3
 1297 0044 8121     		movs	r1, #129
 1298 0046 7868     		ldr	r0, [r7, #4]
 1299 0048 FFF7FEFF 		bl	USBD_LL_Transmit
 882:Middlewares/ST/STM32_USB_Device_Library/Class/CDC/Src/usbd_cdc.c **** 
 883:Middlewares/ST/STM32_USB_Device_Library/Class/CDC/Src/usbd_cdc.c ****       return USBD_OK;
 1300              		.loc 1 883 14
 1301 004c 0023     		movs	r3, #0
 1302 004e 02E0     		b	.L67
 1303              	.L66:
 884:Middlewares/ST/STM32_USB_Device_Library/Class/CDC/Src/usbd_cdc.c ****     }
 885:Middlewares/ST/STM32_USB_Device_Library/Class/CDC/Src/usbd_cdc.c ****     else
 886:Middlewares/ST/STM32_USB_Device_Library/Class/CDC/Src/usbd_cdc.c ****     {
 887:Middlewares/ST/STM32_USB_Device_Library/Class/CDC/Src/usbd_cdc.c ****       return USBD_BUSY;
 1304              		.loc 1 887 14
 1305 0050 0123     		movs	r3, #1
 1306 0052 00E0     		b	.L67
 1307              	.L65:
 888:Middlewares/ST/STM32_USB_Device_Library/Class/CDC/Src/usbd_cdc.c ****     }
 889:Middlewares/ST/STM32_USB_Device_Library/Class/CDC/Src/usbd_cdc.c ****   }
 890:Middlewares/ST/STM32_USB_Device_Library/Class/CDC/Src/usbd_cdc.c ****   else
 891:Middlewares/ST/STM32_USB_Device_Library/Class/CDC/Src/usbd_cdc.c ****   {
ARM GAS  /var/folders/xf/tcndk8390ml5xdpfw93qkhpm0000gn/T//ccCjASoL.s 			page 40


 892:Middlewares/ST/STM32_USB_Device_Library/Class/CDC/Src/usbd_cdc.c ****     return USBD_FAIL;
 1308              		.loc 1 892 12
 1309 0054 0223     		movs	r3, #2
 1310              	.L67:
 893:Middlewares/ST/STM32_USB_Device_Library/Class/CDC/Src/usbd_cdc.c ****   }
 894:Middlewares/ST/STM32_USB_Device_Library/Class/CDC/Src/usbd_cdc.c **** }
 1311              		.loc 1 894 1
 1312 0056 1846     		mov	r0, r3
 1313 0058 1037     		adds	r7, r7, #16
 1314              	.LCFI75:
 1315              		.cfi_def_cfa_offset 8
 1316 005a BD46     		mov	sp, r7
 1317              	.LCFI76:
 1318              		.cfi_def_cfa_register 13
 1319              		@ sp needed
 1320 005c 80BD     		pop	{r7, pc}
 1321              		.cfi_endproc
 1322              	.LFE81:
 1324              		.section	.text.USBD_CDC_ReceivePacket,"ax",%progbits
 1325              		.align	1
 1326              		.global	USBD_CDC_ReceivePacket
 1327              		.syntax unified
 1328              		.thumb
 1329              		.thumb_func
 1331              	USBD_CDC_ReceivePacket:
 1332              	.LFB82:
 895:Middlewares/ST/STM32_USB_Device_Library/Class/CDC/Src/usbd_cdc.c **** 
 896:Middlewares/ST/STM32_USB_Device_Library/Class/CDC/Src/usbd_cdc.c **** 
 897:Middlewares/ST/STM32_USB_Device_Library/Class/CDC/Src/usbd_cdc.c **** /**
 898:Middlewares/ST/STM32_USB_Device_Library/Class/CDC/Src/usbd_cdc.c ****   * @brief  USBD_CDC_ReceivePacket
 899:Middlewares/ST/STM32_USB_Device_Library/Class/CDC/Src/usbd_cdc.c ****   *         prepare OUT Endpoint for reception
 900:Middlewares/ST/STM32_USB_Device_Library/Class/CDC/Src/usbd_cdc.c ****   * @param  pdev: device instance
 901:Middlewares/ST/STM32_USB_Device_Library/Class/CDC/Src/usbd_cdc.c ****   * @retval status
 902:Middlewares/ST/STM32_USB_Device_Library/Class/CDC/Src/usbd_cdc.c ****   */
 903:Middlewares/ST/STM32_USB_Device_Library/Class/CDC/Src/usbd_cdc.c **** uint8_t  USBD_CDC_ReceivePacket(USBD_HandleTypeDef *pdev)
 904:Middlewares/ST/STM32_USB_Device_Library/Class/CDC/Src/usbd_cdc.c **** {
 1333              		.loc 1 904 1
 1334              		.cfi_startproc
 1335              		@ args = 0, pretend = 0, frame = 16
 1336              		@ frame_needed = 1, uses_anonymous_args = 0
 1337 0000 80B5     		push	{r7, lr}
 1338              	.LCFI77:
 1339              		.cfi_def_cfa_offset 8
 1340              		.cfi_offset 7, -8
 1341              		.cfi_offset 14, -4
 1342 0002 84B0     		sub	sp, sp, #16
 1343              	.LCFI78:
 1344              		.cfi_def_cfa_offset 24
 1345 0004 00AF     		add	r7, sp, #0
 1346              	.LCFI79:
 1347              		.cfi_def_cfa_register 7
 1348 0006 7860     		str	r0, [r7, #4]
 905:Middlewares/ST/STM32_USB_Device_Library/Class/CDC/Src/usbd_cdc.c ****   USBD_CDC_HandleTypeDef   *hcdc = (USBD_CDC_HandleTypeDef *) pdev->pClassData;
 1349              		.loc 1 905 29
 1350 0008 7B68     		ldr	r3, [r7, #4]
 1351 000a D3F8B832 		ldr	r3, [r3, #696]
 1352 000e FB60     		str	r3, [r7, #12]
ARM GAS  /var/folders/xf/tcndk8390ml5xdpfw93qkhpm0000gn/T//ccCjASoL.s 			page 41


 906:Middlewares/ST/STM32_USB_Device_Library/Class/CDC/Src/usbd_cdc.c **** 
 907:Middlewares/ST/STM32_USB_Device_Library/Class/CDC/Src/usbd_cdc.c ****   /* Suspend or Resume USB Out process */
 908:Middlewares/ST/STM32_USB_Device_Library/Class/CDC/Src/usbd_cdc.c ****   if (pdev->pClassData != NULL)
 1353              		.loc 1 908 11
 1354 0010 7B68     		ldr	r3, [r7, #4]
 1355 0012 D3F8B832 		ldr	r3, [r3, #696]
 1356              		.loc 1 908 6
 1357 0016 002B     		cmp	r3, #0
 1358 0018 17D0     		beq	.L69
 909:Middlewares/ST/STM32_USB_Device_Library/Class/CDC/Src/usbd_cdc.c ****   {
 910:Middlewares/ST/STM32_USB_Device_Library/Class/CDC/Src/usbd_cdc.c ****     if (pdev->dev_speed == USBD_SPEED_HIGH)
 1359              		.loc 1 910 13
 1360 001a 7B68     		ldr	r3, [r7, #4]
 1361 001c 1B7C     		ldrb	r3, [r3, #16]	@ zero_extendqisi2
 1362              		.loc 1 910 8
 1363 001e 002B     		cmp	r3, #0
 1364 0020 09D1     		bne	.L70
 911:Middlewares/ST/STM32_USB_Device_Library/Class/CDC/Src/usbd_cdc.c ****     {
 912:Middlewares/ST/STM32_USB_Device_Library/Class/CDC/Src/usbd_cdc.c ****       /* Prepare Out endpoint to receive next packet */
 913:Middlewares/ST/STM32_USB_Device_Library/Class/CDC/Src/usbd_cdc.c ****       USBD_LL_PrepareReceive(pdev,
 1365              		.loc 1 913 7
 1366 0022 FB68     		ldr	r3, [r7, #12]
 1367 0024 D3F80422 		ldr	r2, [r3, #516]
 1368 0028 4FF40073 		mov	r3, #512
 1369 002c 0121     		movs	r1, #1
 1370 002e 7868     		ldr	r0, [r7, #4]
 1371 0030 FFF7FEFF 		bl	USBD_LL_PrepareReceive
 1372 0034 07E0     		b	.L71
 1373              	.L70:
 914:Middlewares/ST/STM32_USB_Device_Library/Class/CDC/Src/usbd_cdc.c ****                              CDC_OUT_EP,
 915:Middlewares/ST/STM32_USB_Device_Library/Class/CDC/Src/usbd_cdc.c ****                              hcdc->RxBuffer,
 916:Middlewares/ST/STM32_USB_Device_Library/Class/CDC/Src/usbd_cdc.c ****                              CDC_DATA_HS_OUT_PACKET_SIZE);
 917:Middlewares/ST/STM32_USB_Device_Library/Class/CDC/Src/usbd_cdc.c ****     }
 918:Middlewares/ST/STM32_USB_Device_Library/Class/CDC/Src/usbd_cdc.c ****     else
 919:Middlewares/ST/STM32_USB_Device_Library/Class/CDC/Src/usbd_cdc.c ****     {
 920:Middlewares/ST/STM32_USB_Device_Library/Class/CDC/Src/usbd_cdc.c ****       /* Prepare Out endpoint to receive next packet */
 921:Middlewares/ST/STM32_USB_Device_Library/Class/CDC/Src/usbd_cdc.c ****       USBD_LL_PrepareReceive(pdev,
 1374              		.loc 1 921 7
 1375 0036 FB68     		ldr	r3, [r7, #12]
 1376 0038 D3F80422 		ldr	r2, [r3, #516]
 1377 003c 4023     		movs	r3, #64
 1378 003e 0121     		movs	r1, #1
 1379 0040 7868     		ldr	r0, [r7, #4]
 1380 0042 FFF7FEFF 		bl	USBD_LL_PrepareReceive
 1381              	.L71:
 922:Middlewares/ST/STM32_USB_Device_Library/Class/CDC/Src/usbd_cdc.c ****                              CDC_OUT_EP,
 923:Middlewares/ST/STM32_USB_Device_Library/Class/CDC/Src/usbd_cdc.c ****                              hcdc->RxBuffer,
 924:Middlewares/ST/STM32_USB_Device_Library/Class/CDC/Src/usbd_cdc.c ****                              CDC_DATA_FS_OUT_PACKET_SIZE);
 925:Middlewares/ST/STM32_USB_Device_Library/Class/CDC/Src/usbd_cdc.c ****     }
 926:Middlewares/ST/STM32_USB_Device_Library/Class/CDC/Src/usbd_cdc.c ****     return USBD_OK;
 1382              		.loc 1 926 12
 1383 0046 0023     		movs	r3, #0
 1384 0048 00E0     		b	.L72
 1385              	.L69:
 927:Middlewares/ST/STM32_USB_Device_Library/Class/CDC/Src/usbd_cdc.c ****   }
 928:Middlewares/ST/STM32_USB_Device_Library/Class/CDC/Src/usbd_cdc.c ****   else
 929:Middlewares/ST/STM32_USB_Device_Library/Class/CDC/Src/usbd_cdc.c ****   {
ARM GAS  /var/folders/xf/tcndk8390ml5xdpfw93qkhpm0000gn/T//ccCjASoL.s 			page 42


 930:Middlewares/ST/STM32_USB_Device_Library/Class/CDC/Src/usbd_cdc.c ****     return USBD_FAIL;
 1386              		.loc 1 930 12
 1387 004a 0223     		movs	r3, #2
 1388              	.L72:
 931:Middlewares/ST/STM32_USB_Device_Library/Class/CDC/Src/usbd_cdc.c ****   }
 932:Middlewares/ST/STM32_USB_Device_Library/Class/CDC/Src/usbd_cdc.c **** }
 1389              		.loc 1 932 1
 1390 004c 1846     		mov	r0, r3
 1391 004e 1037     		adds	r7, r7, #16
 1392              	.LCFI80:
 1393              		.cfi_def_cfa_offset 8
 1394 0050 BD46     		mov	sp, r7
 1395              	.LCFI81:
 1396              		.cfi_def_cfa_register 13
 1397              		@ sp needed
 1398 0052 80BD     		pop	{r7, pc}
 1399              		.cfi_endproc
 1400              	.LFE82:
 1402              		.text
 1403              	.Letext0:
 1404              		.file 2 "/Applications/ARM/arm-none-eabi/include/machine/_default_types.h"
 1405              		.file 3 "/Applications/ARM/arm-none-eabi/include/sys/_stdint.h"
 1406              		.file 4 "Drivers/CMSIS/Device/ST/STM32F1xx/Include/stm32f103xb.h"
 1407              		.file 5 "Drivers/STM32F1xx_HAL_Driver/Inc/stm32f1xx_hal_def.h"
 1408              		.file 6 "Drivers/STM32F1xx_HAL_Driver/Inc/stm32f1xx_ll_usb.h"
 1409              		.file 7 "Drivers/STM32F1xx_HAL_Driver/Inc/stm32f1xx_hal_pcd.h"
 1410              		.file 8 "Middlewares/ST/STM32_USB_Device_Library/Core/Inc/usbd_def.h"
 1411              		.file 9 "Middlewares/ST/STM32_USB_Device_Library/Class/CDC/Inc/usbd_cdc.h"
ARM GAS  /var/folders/xf/tcndk8390ml5xdpfw93qkhpm0000gn/T//ccCjASoL.s 			page 43


DEFINED SYMBOLS
                            *ABS*:0000000000000000 usbd_cdc.c
/var/folders/xf/tcndk8390ml5xdpfw93qkhpm0000gn/T//ccCjASoL.s:18     .data.USBD_CDC_DeviceQualifierDesc:0000000000000000 $d
/var/folders/xf/tcndk8390ml5xdpfw93qkhpm0000gn/T//ccCjASoL.s:21     .data.USBD_CDC_DeviceQualifierDesc:0000000000000000 USBD_CDC_DeviceQualifierDesc
/var/folders/xf/tcndk8390ml5xdpfw93qkhpm0000gn/T//ccCjASoL.s:28     .data.USBD_CDC:0000000000000000 USBD_CDC
/var/folders/xf/tcndk8390ml5xdpfw93qkhpm0000gn/T//ccCjASoL.s:25     .data.USBD_CDC:0000000000000000 $d
/var/folders/xf/tcndk8390ml5xdpfw93qkhpm0000gn/T//ccCjASoL.s:82     .text.USBD_CDC_Init:0000000000000000 USBD_CDC_Init
/var/folders/xf/tcndk8390ml5xdpfw93qkhpm0000gn/T//ccCjASoL.s:247    .text.USBD_CDC_DeInit:0000000000000000 USBD_CDC_DeInit
/var/folders/xf/tcndk8390ml5xdpfw93qkhpm0000gn/T//ccCjASoL.s:339    .text.USBD_CDC_Setup:0000000000000000 USBD_CDC_Setup
/var/folders/xf/tcndk8390ml5xdpfw93qkhpm0000gn/T//ccCjASoL.s:790    .text.USBD_CDC_EP0_RxReady:0000000000000000 USBD_CDC_EP0_RxReady
/var/folders/xf/tcndk8390ml5xdpfw93qkhpm0000gn/T//ccCjASoL.s:587    .text.USBD_CDC_DataIn:0000000000000000 USBD_CDC_DataIn
/var/folders/xf/tcndk8390ml5xdpfw93qkhpm0000gn/T//ccCjASoL.s:712    .text.USBD_CDC_DataOut:0000000000000000 USBD_CDC_DataOut
/var/folders/xf/tcndk8390ml5xdpfw93qkhpm0000gn/T//ccCjASoL.s:918    .text.USBD_CDC_GetHSCfgDesc:0000000000000000 USBD_CDC_GetHSCfgDesc
/var/folders/xf/tcndk8390ml5xdpfw93qkhpm0000gn/T//ccCjASoL.s:867    .text.USBD_CDC_GetFSCfgDesc:0000000000000000 USBD_CDC_GetFSCfgDesc
/var/folders/xf/tcndk8390ml5xdpfw93qkhpm0000gn/T//ccCjASoL.s:969    .text.USBD_CDC_GetOtherSpeedCfgDesc:0000000000000000 USBD_CDC_GetOtherSpeedCfgDesc
/var/folders/xf/tcndk8390ml5xdpfw93qkhpm0000gn/T//ccCjASoL.s:1021   .text.USBD_CDC_GetDeviceQualifierDescriptor:0000000000000000 USBD_CDC_GetDeviceQualifierDescriptor
/var/folders/xf/tcndk8390ml5xdpfw93qkhpm0000gn/T//ccCjASoL.s:48     .data.USBD_CDC_CfgHSDesc:0000000000000000 USBD_CDC_CfgHSDesc
/var/folders/xf/tcndk8390ml5xdpfw93qkhpm0000gn/T//ccCjASoL.s:45     .data.USBD_CDC_CfgHSDesc:0000000000000000 $d
/var/folders/xf/tcndk8390ml5xdpfw93qkhpm0000gn/T//ccCjASoL.s:59     .data.USBD_CDC_CfgFSDesc:0000000000000000 USBD_CDC_CfgFSDesc
/var/folders/xf/tcndk8390ml5xdpfw93qkhpm0000gn/T//ccCjASoL.s:56     .data.USBD_CDC_CfgFSDesc:0000000000000000 $d
/var/folders/xf/tcndk8390ml5xdpfw93qkhpm0000gn/T//ccCjASoL.s:70     .data.USBD_CDC_OtherSpeedCfgDesc:0000000000000000 USBD_CDC_OtherSpeedCfgDesc
/var/folders/xf/tcndk8390ml5xdpfw93qkhpm0000gn/T//ccCjASoL.s:67     .data.USBD_CDC_OtherSpeedCfgDesc:0000000000000000 $d
/var/folders/xf/tcndk8390ml5xdpfw93qkhpm0000gn/T//ccCjASoL.s:77     .text.USBD_CDC_Init:0000000000000000 $t
/var/folders/xf/tcndk8390ml5xdpfw93qkhpm0000gn/T//ccCjASoL.s:242    .text.USBD_CDC_DeInit:0000000000000000 $t
/var/folders/xf/tcndk8390ml5xdpfw93qkhpm0000gn/T//ccCjASoL.s:334    .text.USBD_CDC_Setup:0000000000000000 $t
/var/folders/xf/tcndk8390ml5xdpfw93qkhpm0000gn/T//ccCjASoL.s:582    .text.USBD_CDC_DataIn:0000000000000000 $t
/var/folders/xf/tcndk8390ml5xdpfw93qkhpm0000gn/T//ccCjASoL.s:707    .text.USBD_CDC_DataOut:0000000000000000 $t
/var/folders/xf/tcndk8390ml5xdpfw93qkhpm0000gn/T//ccCjASoL.s:785    .text.USBD_CDC_EP0_RxReady:0000000000000000 $t
/var/folders/xf/tcndk8390ml5xdpfw93qkhpm0000gn/T//ccCjASoL.s:862    .text.USBD_CDC_GetFSCfgDesc:0000000000000000 $t
/var/folders/xf/tcndk8390ml5xdpfw93qkhpm0000gn/T//ccCjASoL.s:908    .text.USBD_CDC_GetFSCfgDesc:000000000000001c $d
/var/folders/xf/tcndk8390ml5xdpfw93qkhpm0000gn/T//ccCjASoL.s:913    .text.USBD_CDC_GetHSCfgDesc:0000000000000000 $t
/var/folders/xf/tcndk8390ml5xdpfw93qkhpm0000gn/T//ccCjASoL.s:959    .text.USBD_CDC_GetHSCfgDesc:000000000000001c $d
/var/folders/xf/tcndk8390ml5xdpfw93qkhpm0000gn/T//ccCjASoL.s:964    .text.USBD_CDC_GetOtherSpeedCfgDesc:0000000000000000 $t
/var/folders/xf/tcndk8390ml5xdpfw93qkhpm0000gn/T//ccCjASoL.s:1010   .text.USBD_CDC_GetOtherSpeedCfgDesc:000000000000001c $d
/var/folders/xf/tcndk8390ml5xdpfw93qkhpm0000gn/T//ccCjASoL.s:1015   .text.USBD_CDC_GetDeviceQualifierDescriptor:0000000000000000 $t
/var/folders/xf/tcndk8390ml5xdpfw93qkhpm0000gn/T//ccCjASoL.s:1062   .text.USBD_CDC_GetDeviceQualifierDescriptor:000000000000001c $d
/var/folders/xf/tcndk8390ml5xdpfw93qkhpm0000gn/T//ccCjASoL.s:1067   .text.USBD_CDC_RegisterInterface:0000000000000000 $t
/var/folders/xf/tcndk8390ml5xdpfw93qkhpm0000gn/T//ccCjASoL.s:1073   .text.USBD_CDC_RegisterInterface:0000000000000000 USBD_CDC_RegisterInterface
/var/folders/xf/tcndk8390ml5xdpfw93qkhpm0000gn/T//ccCjASoL.s:1127   .text.USBD_CDC_SetTxBuffer:0000000000000000 $t
/var/folders/xf/tcndk8390ml5xdpfw93qkhpm0000gn/T//ccCjASoL.s:1133   .text.USBD_CDC_SetTxBuffer:0000000000000000 USBD_CDC_SetTxBuffer
/var/folders/xf/tcndk8390ml5xdpfw93qkhpm0000gn/T//ccCjASoL.s:1186   .text.USBD_CDC_SetRxBuffer:0000000000000000 $t
/var/folders/xf/tcndk8390ml5xdpfw93qkhpm0000gn/T//ccCjASoL.s:1192   .text.USBD_CDC_SetRxBuffer:0000000000000000 USBD_CDC_SetRxBuffer
/var/folders/xf/tcndk8390ml5xdpfw93qkhpm0000gn/T//ccCjASoL.s:1239   .text.USBD_CDC_TransmitPacket:0000000000000000 $t
/var/folders/xf/tcndk8390ml5xdpfw93qkhpm0000gn/T//ccCjASoL.s:1245   .text.USBD_CDC_TransmitPacket:0000000000000000 USBD_CDC_TransmitPacket
/var/folders/xf/tcndk8390ml5xdpfw93qkhpm0000gn/T//ccCjASoL.s:1325   .text.USBD_CDC_ReceivePacket:0000000000000000 $t
/var/folders/xf/tcndk8390ml5xdpfw93qkhpm0000gn/T//ccCjASoL.s:1331   .text.USBD_CDC_ReceivePacket:0000000000000000 USBD_CDC_ReceivePacket

UNDEFINED SYMBOLS
USBD_LL_OpenEP
USBD_static_malloc
USBD_LL_PrepareReceive
USBD_LL_CloseEP
USBD_static_free
USBD_CtlSendData
USBD_CtlPrepareRx
USBD_CtlError
USBD_LL_Transmit
ARM GAS  /var/folders/xf/tcndk8390ml5xdpfw93qkhpm0000gn/T//ccCjASoL.s 			page 44


USBD_LL_GetRxDataSize
