ARM GAS  /var/folders/xf/tcndk8390ml5xdpfw93qkhpm0000gn/T//cczv04jT.s 			page 1


   1              		.cpu cortex-m3
   2              		.arch armv7-m
   3              		.fpu softvfp
   4              		.eabi_attribute 20, 1
   5              		.eabi_attribute 21, 1
   6              		.eabi_attribute 23, 3
   7              		.eabi_attribute 24, 1
   8              		.eabi_attribute 25, 1
   9              		.eabi_attribute 26, 1
  10              		.eabi_attribute 30, 6
  11              		.eabi_attribute 34, 1
  12              		.eabi_attribute 18, 4
  13              		.file	"usbd_ctlreq.c"
  14              		.text
  15              	.Ltext0:
  16              		.cfi_sections	.debug_frame
  17              		.section	.text.USBD_StdDevReq,"ax",%progbits
  18              		.align	1
  19              		.global	USBD_StdDevReq
  20              		.syntax unified
  21              		.thumb
  22              		.thumb_func
  24              	USBD_StdDevReq:
  25              	.LFB68:
  26              		.file 1 "Middlewares/ST/STM32_USB_Device_Library/Core/Src/usbd_ctlreq.c"
   1:Middlewares/ST/STM32_USB_Device_Library/Core/Src/usbd_ctlreq.c **** /**
   2:Middlewares/ST/STM32_USB_Device_Library/Core/Src/usbd_ctlreq.c ****   ******************************************************************************
   3:Middlewares/ST/STM32_USB_Device_Library/Core/Src/usbd_ctlreq.c ****   * @file    usbd_req.c
   4:Middlewares/ST/STM32_USB_Device_Library/Core/Src/usbd_ctlreq.c ****   * @author  MCD Application Team
   5:Middlewares/ST/STM32_USB_Device_Library/Core/Src/usbd_ctlreq.c ****   * @brief   This file provides the standard USB requests following chapter 9.
   6:Middlewares/ST/STM32_USB_Device_Library/Core/Src/usbd_ctlreq.c ****   ******************************************************************************
   7:Middlewares/ST/STM32_USB_Device_Library/Core/Src/usbd_ctlreq.c ****   * @attention
   8:Middlewares/ST/STM32_USB_Device_Library/Core/Src/usbd_ctlreq.c ****   *
   9:Middlewares/ST/STM32_USB_Device_Library/Core/Src/usbd_ctlreq.c ****   * <h2><center>&copy; Copyright (c) 2015 STMicroelectronics.
  10:Middlewares/ST/STM32_USB_Device_Library/Core/Src/usbd_ctlreq.c ****   * All rights reserved.</center></h2>
  11:Middlewares/ST/STM32_USB_Device_Library/Core/Src/usbd_ctlreq.c ****   *
  12:Middlewares/ST/STM32_USB_Device_Library/Core/Src/usbd_ctlreq.c ****   * This software component is licensed by ST under Ultimate Liberty license
  13:Middlewares/ST/STM32_USB_Device_Library/Core/Src/usbd_ctlreq.c ****   * SLA0044, the "License"; You may not use this file except in compliance with
  14:Middlewares/ST/STM32_USB_Device_Library/Core/Src/usbd_ctlreq.c ****   * the License. You may obtain a copy of the License at:
  15:Middlewares/ST/STM32_USB_Device_Library/Core/Src/usbd_ctlreq.c ****   *                      www.st.com/SLA0044
  16:Middlewares/ST/STM32_USB_Device_Library/Core/Src/usbd_ctlreq.c ****   *
  17:Middlewares/ST/STM32_USB_Device_Library/Core/Src/usbd_ctlreq.c ****   ******************************************************************************
  18:Middlewares/ST/STM32_USB_Device_Library/Core/Src/usbd_ctlreq.c ****   */
  19:Middlewares/ST/STM32_USB_Device_Library/Core/Src/usbd_ctlreq.c **** 
  20:Middlewares/ST/STM32_USB_Device_Library/Core/Src/usbd_ctlreq.c **** /* Includes ------------------------------------------------------------------*/
  21:Middlewares/ST/STM32_USB_Device_Library/Core/Src/usbd_ctlreq.c **** #include "usbd_ctlreq.h"
  22:Middlewares/ST/STM32_USB_Device_Library/Core/Src/usbd_ctlreq.c **** #include "usbd_ioreq.h"
  23:Middlewares/ST/STM32_USB_Device_Library/Core/Src/usbd_ctlreq.c **** 
  24:Middlewares/ST/STM32_USB_Device_Library/Core/Src/usbd_ctlreq.c **** 
  25:Middlewares/ST/STM32_USB_Device_Library/Core/Src/usbd_ctlreq.c **** /** @addtogroup STM32_USBD_STATE_DEVICE_LIBRARY
  26:Middlewares/ST/STM32_USB_Device_Library/Core/Src/usbd_ctlreq.c ****   * @{
  27:Middlewares/ST/STM32_USB_Device_Library/Core/Src/usbd_ctlreq.c ****   */
  28:Middlewares/ST/STM32_USB_Device_Library/Core/Src/usbd_ctlreq.c **** 
  29:Middlewares/ST/STM32_USB_Device_Library/Core/Src/usbd_ctlreq.c **** 
  30:Middlewares/ST/STM32_USB_Device_Library/Core/Src/usbd_ctlreq.c **** /** @defgroup USBD_REQ
  31:Middlewares/ST/STM32_USB_Device_Library/Core/Src/usbd_ctlreq.c ****   * @brief USB standard requests module
  32:Middlewares/ST/STM32_USB_Device_Library/Core/Src/usbd_ctlreq.c ****   * @{
ARM GAS  /var/folders/xf/tcndk8390ml5xdpfw93qkhpm0000gn/T//cczv04jT.s 			page 2


  33:Middlewares/ST/STM32_USB_Device_Library/Core/Src/usbd_ctlreq.c ****   */
  34:Middlewares/ST/STM32_USB_Device_Library/Core/Src/usbd_ctlreq.c **** 
  35:Middlewares/ST/STM32_USB_Device_Library/Core/Src/usbd_ctlreq.c **** /** @defgroup USBD_REQ_Private_TypesDefinitions
  36:Middlewares/ST/STM32_USB_Device_Library/Core/Src/usbd_ctlreq.c ****   * @{
  37:Middlewares/ST/STM32_USB_Device_Library/Core/Src/usbd_ctlreq.c ****   */
  38:Middlewares/ST/STM32_USB_Device_Library/Core/Src/usbd_ctlreq.c **** 
  39:Middlewares/ST/STM32_USB_Device_Library/Core/Src/usbd_ctlreq.c **** /**
  40:Middlewares/ST/STM32_USB_Device_Library/Core/Src/usbd_ctlreq.c ****   * @}
  41:Middlewares/ST/STM32_USB_Device_Library/Core/Src/usbd_ctlreq.c ****   */
  42:Middlewares/ST/STM32_USB_Device_Library/Core/Src/usbd_ctlreq.c **** 
  43:Middlewares/ST/STM32_USB_Device_Library/Core/Src/usbd_ctlreq.c **** 
  44:Middlewares/ST/STM32_USB_Device_Library/Core/Src/usbd_ctlreq.c **** /** @defgroup USBD_REQ_Private_Defines
  45:Middlewares/ST/STM32_USB_Device_Library/Core/Src/usbd_ctlreq.c ****   * @{
  46:Middlewares/ST/STM32_USB_Device_Library/Core/Src/usbd_ctlreq.c ****   */
  47:Middlewares/ST/STM32_USB_Device_Library/Core/Src/usbd_ctlreq.c **** 
  48:Middlewares/ST/STM32_USB_Device_Library/Core/Src/usbd_ctlreq.c **** /**
  49:Middlewares/ST/STM32_USB_Device_Library/Core/Src/usbd_ctlreq.c ****   * @}
  50:Middlewares/ST/STM32_USB_Device_Library/Core/Src/usbd_ctlreq.c ****   */
  51:Middlewares/ST/STM32_USB_Device_Library/Core/Src/usbd_ctlreq.c **** 
  52:Middlewares/ST/STM32_USB_Device_Library/Core/Src/usbd_ctlreq.c **** 
  53:Middlewares/ST/STM32_USB_Device_Library/Core/Src/usbd_ctlreq.c **** /** @defgroup USBD_REQ_Private_Macros
  54:Middlewares/ST/STM32_USB_Device_Library/Core/Src/usbd_ctlreq.c ****   * @{
  55:Middlewares/ST/STM32_USB_Device_Library/Core/Src/usbd_ctlreq.c ****   */
  56:Middlewares/ST/STM32_USB_Device_Library/Core/Src/usbd_ctlreq.c **** 
  57:Middlewares/ST/STM32_USB_Device_Library/Core/Src/usbd_ctlreq.c **** /**
  58:Middlewares/ST/STM32_USB_Device_Library/Core/Src/usbd_ctlreq.c ****   * @}
  59:Middlewares/ST/STM32_USB_Device_Library/Core/Src/usbd_ctlreq.c ****   */
  60:Middlewares/ST/STM32_USB_Device_Library/Core/Src/usbd_ctlreq.c **** 
  61:Middlewares/ST/STM32_USB_Device_Library/Core/Src/usbd_ctlreq.c **** 
  62:Middlewares/ST/STM32_USB_Device_Library/Core/Src/usbd_ctlreq.c **** /** @defgroup USBD_REQ_Private_Variables
  63:Middlewares/ST/STM32_USB_Device_Library/Core/Src/usbd_ctlreq.c ****   * @{
  64:Middlewares/ST/STM32_USB_Device_Library/Core/Src/usbd_ctlreq.c ****   */
  65:Middlewares/ST/STM32_USB_Device_Library/Core/Src/usbd_ctlreq.c **** 
  66:Middlewares/ST/STM32_USB_Device_Library/Core/Src/usbd_ctlreq.c **** /**
  67:Middlewares/ST/STM32_USB_Device_Library/Core/Src/usbd_ctlreq.c ****   * @}
  68:Middlewares/ST/STM32_USB_Device_Library/Core/Src/usbd_ctlreq.c ****   */
  69:Middlewares/ST/STM32_USB_Device_Library/Core/Src/usbd_ctlreq.c **** 
  70:Middlewares/ST/STM32_USB_Device_Library/Core/Src/usbd_ctlreq.c **** 
  71:Middlewares/ST/STM32_USB_Device_Library/Core/Src/usbd_ctlreq.c **** /** @defgroup USBD_REQ_Private_FunctionPrototypes
  72:Middlewares/ST/STM32_USB_Device_Library/Core/Src/usbd_ctlreq.c ****   * @{
  73:Middlewares/ST/STM32_USB_Device_Library/Core/Src/usbd_ctlreq.c ****   */
  74:Middlewares/ST/STM32_USB_Device_Library/Core/Src/usbd_ctlreq.c **** static void USBD_GetDescriptor(USBD_HandleTypeDef *pdev,
  75:Middlewares/ST/STM32_USB_Device_Library/Core/Src/usbd_ctlreq.c ****                                USBD_SetupReqTypedef *req);
  76:Middlewares/ST/STM32_USB_Device_Library/Core/Src/usbd_ctlreq.c **** 
  77:Middlewares/ST/STM32_USB_Device_Library/Core/Src/usbd_ctlreq.c **** static void USBD_SetAddress(USBD_HandleTypeDef *pdev,
  78:Middlewares/ST/STM32_USB_Device_Library/Core/Src/usbd_ctlreq.c ****                             USBD_SetupReqTypedef *req);
  79:Middlewares/ST/STM32_USB_Device_Library/Core/Src/usbd_ctlreq.c **** 
  80:Middlewares/ST/STM32_USB_Device_Library/Core/Src/usbd_ctlreq.c **** static void USBD_SetConfig(USBD_HandleTypeDef *pdev,
  81:Middlewares/ST/STM32_USB_Device_Library/Core/Src/usbd_ctlreq.c ****                            USBD_SetupReqTypedef *req);
  82:Middlewares/ST/STM32_USB_Device_Library/Core/Src/usbd_ctlreq.c **** 
  83:Middlewares/ST/STM32_USB_Device_Library/Core/Src/usbd_ctlreq.c **** static void USBD_GetConfig(USBD_HandleTypeDef *pdev,
  84:Middlewares/ST/STM32_USB_Device_Library/Core/Src/usbd_ctlreq.c ****                            USBD_SetupReqTypedef *req);
  85:Middlewares/ST/STM32_USB_Device_Library/Core/Src/usbd_ctlreq.c **** 
  86:Middlewares/ST/STM32_USB_Device_Library/Core/Src/usbd_ctlreq.c **** static void USBD_GetStatus(USBD_HandleTypeDef *pdev,
  87:Middlewares/ST/STM32_USB_Device_Library/Core/Src/usbd_ctlreq.c ****                            USBD_SetupReqTypedef *req);
  88:Middlewares/ST/STM32_USB_Device_Library/Core/Src/usbd_ctlreq.c **** 
  89:Middlewares/ST/STM32_USB_Device_Library/Core/Src/usbd_ctlreq.c **** static void USBD_SetFeature(USBD_HandleTypeDef *pdev,
ARM GAS  /var/folders/xf/tcndk8390ml5xdpfw93qkhpm0000gn/T//cczv04jT.s 			page 3


  90:Middlewares/ST/STM32_USB_Device_Library/Core/Src/usbd_ctlreq.c ****                             USBD_SetupReqTypedef *req);
  91:Middlewares/ST/STM32_USB_Device_Library/Core/Src/usbd_ctlreq.c **** 
  92:Middlewares/ST/STM32_USB_Device_Library/Core/Src/usbd_ctlreq.c **** static void USBD_ClrFeature(USBD_HandleTypeDef *pdev,
  93:Middlewares/ST/STM32_USB_Device_Library/Core/Src/usbd_ctlreq.c ****                             USBD_SetupReqTypedef *req);
  94:Middlewares/ST/STM32_USB_Device_Library/Core/Src/usbd_ctlreq.c **** 
  95:Middlewares/ST/STM32_USB_Device_Library/Core/Src/usbd_ctlreq.c **** static uint8_t USBD_GetLen(uint8_t *buf);
  96:Middlewares/ST/STM32_USB_Device_Library/Core/Src/usbd_ctlreq.c **** 
  97:Middlewares/ST/STM32_USB_Device_Library/Core/Src/usbd_ctlreq.c **** /**
  98:Middlewares/ST/STM32_USB_Device_Library/Core/Src/usbd_ctlreq.c ****   * @}
  99:Middlewares/ST/STM32_USB_Device_Library/Core/Src/usbd_ctlreq.c ****   */
 100:Middlewares/ST/STM32_USB_Device_Library/Core/Src/usbd_ctlreq.c **** 
 101:Middlewares/ST/STM32_USB_Device_Library/Core/Src/usbd_ctlreq.c **** 
 102:Middlewares/ST/STM32_USB_Device_Library/Core/Src/usbd_ctlreq.c **** /** @defgroup USBD_REQ_Private_Functions
 103:Middlewares/ST/STM32_USB_Device_Library/Core/Src/usbd_ctlreq.c ****   * @{
 104:Middlewares/ST/STM32_USB_Device_Library/Core/Src/usbd_ctlreq.c ****   */
 105:Middlewares/ST/STM32_USB_Device_Library/Core/Src/usbd_ctlreq.c **** 
 106:Middlewares/ST/STM32_USB_Device_Library/Core/Src/usbd_ctlreq.c **** 
 107:Middlewares/ST/STM32_USB_Device_Library/Core/Src/usbd_ctlreq.c **** /**
 108:Middlewares/ST/STM32_USB_Device_Library/Core/Src/usbd_ctlreq.c **** * @brief  USBD_StdDevReq
 109:Middlewares/ST/STM32_USB_Device_Library/Core/Src/usbd_ctlreq.c **** *         Handle standard usb device requests
 110:Middlewares/ST/STM32_USB_Device_Library/Core/Src/usbd_ctlreq.c **** * @param  pdev: device instance
 111:Middlewares/ST/STM32_USB_Device_Library/Core/Src/usbd_ctlreq.c **** * @param  req: usb request
 112:Middlewares/ST/STM32_USB_Device_Library/Core/Src/usbd_ctlreq.c **** * @retval status
 113:Middlewares/ST/STM32_USB_Device_Library/Core/Src/usbd_ctlreq.c **** */
 114:Middlewares/ST/STM32_USB_Device_Library/Core/Src/usbd_ctlreq.c **** USBD_StatusTypeDef  USBD_StdDevReq(USBD_HandleTypeDef *pdev,
 115:Middlewares/ST/STM32_USB_Device_Library/Core/Src/usbd_ctlreq.c ****                                    USBD_SetupReqTypedef *req)
 116:Middlewares/ST/STM32_USB_Device_Library/Core/Src/usbd_ctlreq.c **** {
  27              		.loc 1 116 1
  28              		.cfi_startproc
  29              		@ args = 0, pretend = 0, frame = 16
  30              		@ frame_needed = 1, uses_anonymous_args = 0
  31 0000 80B5     		push	{r7, lr}
  32              	.LCFI0:
  33              		.cfi_def_cfa_offset 8
  34              		.cfi_offset 7, -8
  35              		.cfi_offset 14, -4
  36 0002 84B0     		sub	sp, sp, #16
  37              	.LCFI1:
  38              		.cfi_def_cfa_offset 24
  39 0004 00AF     		add	r7, sp, #0
  40              	.LCFI2:
  41              		.cfi_def_cfa_register 7
  42 0006 7860     		str	r0, [r7, #4]
  43 0008 3960     		str	r1, [r7]
 117:Middlewares/ST/STM32_USB_Device_Library/Core/Src/usbd_ctlreq.c ****   USBD_StatusTypeDef ret = USBD_OK;
  44              		.loc 1 117 22
  45 000a 0023     		movs	r3, #0
  46 000c FB73     		strb	r3, [r7, #15]
 118:Middlewares/ST/STM32_USB_Device_Library/Core/Src/usbd_ctlreq.c **** 
 119:Middlewares/ST/STM32_USB_Device_Library/Core/Src/usbd_ctlreq.c ****   switch (req->bmRequest & USB_REQ_TYPE_MASK)
  47              		.loc 1 119 14
  48 000e 3B68     		ldr	r3, [r7]
  49 0010 1B78     		ldrb	r3, [r3]	@ zero_extendqisi2
  50              		.loc 1 119 26
  51 0012 03F06003 		and	r3, r3, #96
  52              		.loc 1 119 3
  53 0016 402B     		cmp	r3, #64
ARM GAS  /var/folders/xf/tcndk8390ml5xdpfw93qkhpm0000gn/T//cczv04jT.s 			page 4


  54 0018 05D0     		beq	.L2
  55 001a 402B     		cmp	r3, #64
  56 001c 4FD8     		bhi	.L3
  57 001e 002B     		cmp	r3, #0
  58 0020 09D0     		beq	.L4
  59 0022 202B     		cmp	r3, #32
  60 0024 4BD1     		bne	.L3
  61              	.L2:
 120:Middlewares/ST/STM32_USB_Device_Library/Core/Src/usbd_ctlreq.c ****   {
 121:Middlewares/ST/STM32_USB_Device_Library/Core/Src/usbd_ctlreq.c ****     case USB_REQ_TYPE_CLASS:
 122:Middlewares/ST/STM32_USB_Device_Library/Core/Src/usbd_ctlreq.c ****     case USB_REQ_TYPE_VENDOR:
 123:Middlewares/ST/STM32_USB_Device_Library/Core/Src/usbd_ctlreq.c ****       pdev->pClass->Setup(pdev, req);
  62              		.loc 1 123 11
  63 0026 7B68     		ldr	r3, [r7, #4]
  64 0028 D3F8B432 		ldr	r3, [r3, #692]
  65              		.loc 1 123 19
  66 002c 9B68     		ldr	r3, [r3, #8]
  67              		.loc 1 123 7
  68 002e 3968     		ldr	r1, [r7]
  69 0030 7868     		ldr	r0, [r7, #4]
  70 0032 9847     		blx	r3
  71              	.LVL0:
 124:Middlewares/ST/STM32_USB_Device_Library/Core/Src/usbd_ctlreq.c ****       break;
  72              		.loc 1 124 7
  73 0034 48E0     		b	.L5
  74              	.L4:
 125:Middlewares/ST/STM32_USB_Device_Library/Core/Src/usbd_ctlreq.c **** 
 126:Middlewares/ST/STM32_USB_Device_Library/Core/Src/usbd_ctlreq.c ****     case USB_REQ_TYPE_STANDARD:
 127:Middlewares/ST/STM32_USB_Device_Library/Core/Src/usbd_ctlreq.c ****       switch (req->bRequest)
  75              		.loc 1 127 18
  76 0036 3B68     		ldr	r3, [r7]
  77 0038 5B78     		ldrb	r3, [r3, #1]	@ zero_extendqisi2
  78 003a 092B     		cmp	r3, #9
  79 003c 39D8     		bhi	.L6
  80 003e 01A2     		adr	r2, .L8
  81 0040 52F823F0 		ldr	pc, [r2, r3, lsl #2]
  82              		.p2align 2
  83              	.L8:
  84 0044 95000000 		.word	.L14+1
  85 0048 A9000000 		.word	.L13+1
  86 004c B3000000 		.word	.L6+1
  87 0050 9F000000 		.word	.L12+1
  88 0054 B3000000 		.word	.L6+1
  89 0058 77000000 		.word	.L11+1
  90 005c 6D000000 		.word	.L10+1
  91 0060 B3000000 		.word	.L6+1
  92 0064 8B000000 		.word	.L9+1
  93 0068 81000000 		.word	.L7+1
  94              		.p2align 1
  95              	.L10:
 128:Middlewares/ST/STM32_USB_Device_Library/Core/Src/usbd_ctlreq.c ****       {
 129:Middlewares/ST/STM32_USB_Device_Library/Core/Src/usbd_ctlreq.c ****         case USB_REQ_GET_DESCRIPTOR:
 130:Middlewares/ST/STM32_USB_Device_Library/Core/Src/usbd_ctlreq.c ****           USBD_GetDescriptor(pdev, req);
  96              		.loc 1 130 11
  97 006c 3968     		ldr	r1, [r7]
  98 006e 7868     		ldr	r0, [r7, #4]
  99 0070 FFF7FEFF 		bl	USBD_GetDescriptor
ARM GAS  /var/folders/xf/tcndk8390ml5xdpfw93qkhpm0000gn/T//cczv04jT.s 			page 5


 131:Middlewares/ST/STM32_USB_Device_Library/Core/Src/usbd_ctlreq.c ****           break;
 100              		.loc 1 131 11
 101 0074 22E0     		b	.L15
 102              	.L11:
 132:Middlewares/ST/STM32_USB_Device_Library/Core/Src/usbd_ctlreq.c **** 
 133:Middlewares/ST/STM32_USB_Device_Library/Core/Src/usbd_ctlreq.c ****         case USB_REQ_SET_ADDRESS:
 134:Middlewares/ST/STM32_USB_Device_Library/Core/Src/usbd_ctlreq.c ****           USBD_SetAddress(pdev, req);
 103              		.loc 1 134 11
 104 0076 3968     		ldr	r1, [r7]
 105 0078 7868     		ldr	r0, [r7, #4]
 106 007a FFF7FEFF 		bl	USBD_SetAddress
 135:Middlewares/ST/STM32_USB_Device_Library/Core/Src/usbd_ctlreq.c ****           break;
 107              		.loc 1 135 11
 108 007e 1DE0     		b	.L15
 109              	.L7:
 136:Middlewares/ST/STM32_USB_Device_Library/Core/Src/usbd_ctlreq.c **** 
 137:Middlewares/ST/STM32_USB_Device_Library/Core/Src/usbd_ctlreq.c ****         case USB_REQ_SET_CONFIGURATION:
 138:Middlewares/ST/STM32_USB_Device_Library/Core/Src/usbd_ctlreq.c ****           USBD_SetConfig(pdev, req);
 110              		.loc 1 138 11
 111 0080 3968     		ldr	r1, [r7]
 112 0082 7868     		ldr	r0, [r7, #4]
 113 0084 FFF7FEFF 		bl	USBD_SetConfig
 139:Middlewares/ST/STM32_USB_Device_Library/Core/Src/usbd_ctlreq.c ****           break;
 114              		.loc 1 139 11
 115 0088 18E0     		b	.L15
 116              	.L9:
 140:Middlewares/ST/STM32_USB_Device_Library/Core/Src/usbd_ctlreq.c **** 
 141:Middlewares/ST/STM32_USB_Device_Library/Core/Src/usbd_ctlreq.c ****         case USB_REQ_GET_CONFIGURATION:
 142:Middlewares/ST/STM32_USB_Device_Library/Core/Src/usbd_ctlreq.c ****           USBD_GetConfig(pdev, req);
 117              		.loc 1 142 11
 118 008a 3968     		ldr	r1, [r7]
 119 008c 7868     		ldr	r0, [r7, #4]
 120 008e FFF7FEFF 		bl	USBD_GetConfig
 143:Middlewares/ST/STM32_USB_Device_Library/Core/Src/usbd_ctlreq.c ****           break;
 121              		.loc 1 143 11
 122 0092 13E0     		b	.L15
 123              	.L14:
 144:Middlewares/ST/STM32_USB_Device_Library/Core/Src/usbd_ctlreq.c **** 
 145:Middlewares/ST/STM32_USB_Device_Library/Core/Src/usbd_ctlreq.c ****         case USB_REQ_GET_STATUS:
 146:Middlewares/ST/STM32_USB_Device_Library/Core/Src/usbd_ctlreq.c ****           USBD_GetStatus(pdev, req);
 124              		.loc 1 146 11
 125 0094 3968     		ldr	r1, [r7]
 126 0096 7868     		ldr	r0, [r7, #4]
 127 0098 FFF7FEFF 		bl	USBD_GetStatus
 147:Middlewares/ST/STM32_USB_Device_Library/Core/Src/usbd_ctlreq.c ****           break;
 128              		.loc 1 147 11
 129 009c 0EE0     		b	.L15
 130              	.L12:
 148:Middlewares/ST/STM32_USB_Device_Library/Core/Src/usbd_ctlreq.c **** 
 149:Middlewares/ST/STM32_USB_Device_Library/Core/Src/usbd_ctlreq.c ****         case USB_REQ_SET_FEATURE:
 150:Middlewares/ST/STM32_USB_Device_Library/Core/Src/usbd_ctlreq.c ****           USBD_SetFeature(pdev, req);
 131              		.loc 1 150 11
 132 009e 3968     		ldr	r1, [r7]
 133 00a0 7868     		ldr	r0, [r7, #4]
 134 00a2 FFF7FEFF 		bl	USBD_SetFeature
 151:Middlewares/ST/STM32_USB_Device_Library/Core/Src/usbd_ctlreq.c ****           break;
 135              		.loc 1 151 11
ARM GAS  /var/folders/xf/tcndk8390ml5xdpfw93qkhpm0000gn/T//cczv04jT.s 			page 6


 136 00a6 09E0     		b	.L15
 137              	.L13:
 152:Middlewares/ST/STM32_USB_Device_Library/Core/Src/usbd_ctlreq.c **** 
 153:Middlewares/ST/STM32_USB_Device_Library/Core/Src/usbd_ctlreq.c ****         case USB_REQ_CLEAR_FEATURE:
 154:Middlewares/ST/STM32_USB_Device_Library/Core/Src/usbd_ctlreq.c ****           USBD_ClrFeature(pdev, req);
 138              		.loc 1 154 11
 139 00a8 3968     		ldr	r1, [r7]
 140 00aa 7868     		ldr	r0, [r7, #4]
 141 00ac FFF7FEFF 		bl	USBD_ClrFeature
 155:Middlewares/ST/STM32_USB_Device_Library/Core/Src/usbd_ctlreq.c ****           break;
 142              		.loc 1 155 11
 143 00b0 04E0     		b	.L15
 144              	.L6:
 156:Middlewares/ST/STM32_USB_Device_Library/Core/Src/usbd_ctlreq.c **** 
 157:Middlewares/ST/STM32_USB_Device_Library/Core/Src/usbd_ctlreq.c ****         default:
 158:Middlewares/ST/STM32_USB_Device_Library/Core/Src/usbd_ctlreq.c ****           USBD_CtlError(pdev, req);
 145              		.loc 1 158 11
 146 00b2 3968     		ldr	r1, [r7]
 147 00b4 7868     		ldr	r0, [r7, #4]
 148 00b6 FFF7FEFF 		bl	USBD_CtlError
 159:Middlewares/ST/STM32_USB_Device_Library/Core/Src/usbd_ctlreq.c ****           break;
 149              		.loc 1 159 11
 150 00ba 00BF     		nop
 151              	.L15:
 160:Middlewares/ST/STM32_USB_Device_Library/Core/Src/usbd_ctlreq.c ****       }
 161:Middlewares/ST/STM32_USB_Device_Library/Core/Src/usbd_ctlreq.c ****       break;
 152              		.loc 1 161 7
 153 00bc 04E0     		b	.L5
 154              	.L3:
 162:Middlewares/ST/STM32_USB_Device_Library/Core/Src/usbd_ctlreq.c **** 
 163:Middlewares/ST/STM32_USB_Device_Library/Core/Src/usbd_ctlreq.c ****     default:
 164:Middlewares/ST/STM32_USB_Device_Library/Core/Src/usbd_ctlreq.c ****       USBD_CtlError(pdev, req);
 155              		.loc 1 164 7
 156 00be 3968     		ldr	r1, [r7]
 157 00c0 7868     		ldr	r0, [r7, #4]
 158 00c2 FFF7FEFF 		bl	USBD_CtlError
 165:Middlewares/ST/STM32_USB_Device_Library/Core/Src/usbd_ctlreq.c ****       break;
 159              		.loc 1 165 7
 160 00c6 00BF     		nop
 161              	.L5:
 166:Middlewares/ST/STM32_USB_Device_Library/Core/Src/usbd_ctlreq.c ****   }
 167:Middlewares/ST/STM32_USB_Device_Library/Core/Src/usbd_ctlreq.c **** 
 168:Middlewares/ST/STM32_USB_Device_Library/Core/Src/usbd_ctlreq.c ****   return ret;
 162              		.loc 1 168 10
 163 00c8 FB7B     		ldrb	r3, [r7, #15]	@ zero_extendqisi2
 169:Middlewares/ST/STM32_USB_Device_Library/Core/Src/usbd_ctlreq.c **** }
 164              		.loc 1 169 1
 165 00ca 1846     		mov	r0, r3
 166 00cc 1037     		adds	r7, r7, #16
 167              	.LCFI3:
 168              		.cfi_def_cfa_offset 8
 169 00ce BD46     		mov	sp, r7
 170              	.LCFI4:
 171              		.cfi_def_cfa_register 13
 172              		@ sp needed
 173 00d0 80BD     		pop	{r7, pc}
 174              		.cfi_endproc
ARM GAS  /var/folders/xf/tcndk8390ml5xdpfw93qkhpm0000gn/T//cczv04jT.s 			page 7


 175              	.LFE68:
 177 00d2 00BF     		.section	.text.USBD_StdItfReq,"ax",%progbits
 178              		.align	1
 179              		.global	USBD_StdItfReq
 180              		.syntax unified
 181              		.thumb
 182              		.thumb_func
 184              	USBD_StdItfReq:
 185              	.LFB69:
 170:Middlewares/ST/STM32_USB_Device_Library/Core/Src/usbd_ctlreq.c **** 
 171:Middlewares/ST/STM32_USB_Device_Library/Core/Src/usbd_ctlreq.c **** /**
 172:Middlewares/ST/STM32_USB_Device_Library/Core/Src/usbd_ctlreq.c **** * @brief  USBD_StdItfReq
 173:Middlewares/ST/STM32_USB_Device_Library/Core/Src/usbd_ctlreq.c **** *         Handle standard usb interface requests
 174:Middlewares/ST/STM32_USB_Device_Library/Core/Src/usbd_ctlreq.c **** * @param  pdev: device instance
 175:Middlewares/ST/STM32_USB_Device_Library/Core/Src/usbd_ctlreq.c **** * @param  req: usb request
 176:Middlewares/ST/STM32_USB_Device_Library/Core/Src/usbd_ctlreq.c **** * @retval status
 177:Middlewares/ST/STM32_USB_Device_Library/Core/Src/usbd_ctlreq.c **** */
 178:Middlewares/ST/STM32_USB_Device_Library/Core/Src/usbd_ctlreq.c **** USBD_StatusTypeDef  USBD_StdItfReq(USBD_HandleTypeDef *pdev,
 179:Middlewares/ST/STM32_USB_Device_Library/Core/Src/usbd_ctlreq.c ****                                    USBD_SetupReqTypedef  *req)
 180:Middlewares/ST/STM32_USB_Device_Library/Core/Src/usbd_ctlreq.c **** {
 186              		.loc 1 180 1
 187              		.cfi_startproc
 188              		@ args = 0, pretend = 0, frame = 16
 189              		@ frame_needed = 1, uses_anonymous_args = 0
 190 0000 80B5     		push	{r7, lr}
 191              	.LCFI5:
 192              		.cfi_def_cfa_offset 8
 193              		.cfi_offset 7, -8
 194              		.cfi_offset 14, -4
 195 0002 84B0     		sub	sp, sp, #16
 196              	.LCFI6:
 197              		.cfi_def_cfa_offset 24
 198 0004 00AF     		add	r7, sp, #0
 199              	.LCFI7:
 200              		.cfi_def_cfa_register 7
 201 0006 7860     		str	r0, [r7, #4]
 202 0008 3960     		str	r1, [r7]
 181:Middlewares/ST/STM32_USB_Device_Library/Core/Src/usbd_ctlreq.c ****   USBD_StatusTypeDef ret = USBD_OK;
 203              		.loc 1 181 22
 204 000a 0023     		movs	r3, #0
 205 000c FB73     		strb	r3, [r7, #15]
 182:Middlewares/ST/STM32_USB_Device_Library/Core/Src/usbd_ctlreq.c **** 
 183:Middlewares/ST/STM32_USB_Device_Library/Core/Src/usbd_ctlreq.c ****   switch (req->bmRequest & USB_REQ_TYPE_MASK)
 206              		.loc 1 183 14
 207 000e 3B68     		ldr	r3, [r7]
 208 0010 1B78     		ldrb	r3, [r3]	@ zero_extendqisi2
 209              		.loc 1 183 26
 210 0012 03F06003 		and	r3, r3, #96
 211              		.loc 1 183 3
 212 0016 402B     		cmp	r3, #64
 213 0018 05D0     		beq	.L18
 214 001a 402B     		cmp	r3, #64
 215 001c 2ED8     		bhi	.L19
 216 001e 002B     		cmp	r3, #0
 217 0020 01D0     		beq	.L18
 218 0022 202B     		cmp	r3, #32
 219 0024 2AD1     		bne	.L19
ARM GAS  /var/folders/xf/tcndk8390ml5xdpfw93qkhpm0000gn/T//cczv04jT.s 			page 8


 220              	.L18:
 184:Middlewares/ST/STM32_USB_Device_Library/Core/Src/usbd_ctlreq.c ****   {
 185:Middlewares/ST/STM32_USB_Device_Library/Core/Src/usbd_ctlreq.c ****     case USB_REQ_TYPE_CLASS:
 186:Middlewares/ST/STM32_USB_Device_Library/Core/Src/usbd_ctlreq.c ****     case USB_REQ_TYPE_VENDOR:
 187:Middlewares/ST/STM32_USB_Device_Library/Core/Src/usbd_ctlreq.c ****     case USB_REQ_TYPE_STANDARD:
 188:Middlewares/ST/STM32_USB_Device_Library/Core/Src/usbd_ctlreq.c ****       switch (pdev->dev_state)
 221              		.loc 1 188 19
 222 0026 7B68     		ldr	r3, [r7, #4]
 223 0028 93F89C32 		ldrb	r3, [r3, #668]	@ zero_extendqisi2
 224 002c 013B     		subs	r3, r3, #1
 225 002e 022B     		cmp	r3, #2
 226 0030 1DD8     		bhi	.L20
 189:Middlewares/ST/STM32_USB_Device_Library/Core/Src/usbd_ctlreq.c ****       {
 190:Middlewares/ST/STM32_USB_Device_Library/Core/Src/usbd_ctlreq.c ****         case USBD_STATE_DEFAULT:
 191:Middlewares/ST/STM32_USB_Device_Library/Core/Src/usbd_ctlreq.c ****         case USBD_STATE_ADDRESSED:
 192:Middlewares/ST/STM32_USB_Device_Library/Core/Src/usbd_ctlreq.c ****         case USBD_STATE_CONFIGURED:
 193:Middlewares/ST/STM32_USB_Device_Library/Core/Src/usbd_ctlreq.c **** 
 194:Middlewares/ST/STM32_USB_Device_Library/Core/Src/usbd_ctlreq.c ****           if (LOBYTE(req->wIndex) <= USBD_MAX_NUM_INTERFACES)
 227              		.loc 1 194 15
 228 0032 3B68     		ldr	r3, [r7]
 229 0034 9B88     		ldrh	r3, [r3, #4]
 230 0036 DBB2     		uxtb	r3, r3
 231              		.loc 1 194 14
 232 0038 012B     		cmp	r3, #1
 233 003a 13D8     		bhi	.L21
 195:Middlewares/ST/STM32_USB_Device_Library/Core/Src/usbd_ctlreq.c ****           {
 196:Middlewares/ST/STM32_USB_Device_Library/Core/Src/usbd_ctlreq.c ****             ret = (USBD_StatusTypeDef)pdev->pClass->Setup(pdev, req);
 234              		.loc 1 196 43
 235 003c 7B68     		ldr	r3, [r7, #4]
 236 003e D3F8B432 		ldr	r3, [r3, #692]
 237              		.loc 1 196 51
 238 0042 9B68     		ldr	r3, [r3, #8]
 239              		.loc 1 196 39
 240 0044 3968     		ldr	r1, [r7]
 241 0046 7868     		ldr	r0, [r7, #4]
 242 0048 9847     		blx	r3
 243              	.LVL1:
 244 004a 0346     		mov	r3, r0
 245 004c FB73     		strb	r3, [r7, #15]
 197:Middlewares/ST/STM32_USB_Device_Library/Core/Src/usbd_ctlreq.c **** 
 198:Middlewares/ST/STM32_USB_Device_Library/Core/Src/usbd_ctlreq.c ****             if ((req->wLength == 0U) && (ret == USBD_OK))
 246              		.loc 1 198 21
 247 004e 3B68     		ldr	r3, [r7]
 248 0050 DB88     		ldrh	r3, [r3, #6]
 249              		.loc 1 198 16
 250 0052 002B     		cmp	r3, #0
 251 0054 10D1     		bne	.L26
 252              		.loc 1 198 38 discriminator 1
 253 0056 FB7B     		ldrb	r3, [r7, #15]	@ zero_extendqisi2
 254 0058 002B     		cmp	r3, #0
 255 005a 0DD1     		bne	.L26
 199:Middlewares/ST/STM32_USB_Device_Library/Core/Src/usbd_ctlreq.c ****             {
 200:Middlewares/ST/STM32_USB_Device_Library/Core/Src/usbd_ctlreq.c ****               USBD_CtlSendStatus(pdev);
 256              		.loc 1 200 15
 257 005c 7868     		ldr	r0, [r7, #4]
 258 005e FFF7FEFF 		bl	USBD_CtlSendStatus
 201:Middlewares/ST/STM32_USB_Device_Library/Core/Src/usbd_ctlreq.c ****             }
ARM GAS  /var/folders/xf/tcndk8390ml5xdpfw93qkhpm0000gn/T//cczv04jT.s 			page 9


 202:Middlewares/ST/STM32_USB_Device_Library/Core/Src/usbd_ctlreq.c ****           }
 203:Middlewares/ST/STM32_USB_Device_Library/Core/Src/usbd_ctlreq.c ****           else
 204:Middlewares/ST/STM32_USB_Device_Library/Core/Src/usbd_ctlreq.c ****           {
 205:Middlewares/ST/STM32_USB_Device_Library/Core/Src/usbd_ctlreq.c ****             USBD_CtlError(pdev, req);
 206:Middlewares/ST/STM32_USB_Device_Library/Core/Src/usbd_ctlreq.c ****           }
 207:Middlewares/ST/STM32_USB_Device_Library/Core/Src/usbd_ctlreq.c ****           break;
 259              		.loc 1 207 11
 260 0062 09E0     		b	.L26
 261              	.L21:
 205:Middlewares/ST/STM32_USB_Device_Library/Core/Src/usbd_ctlreq.c ****           }
 262              		.loc 1 205 13
 263 0064 3968     		ldr	r1, [r7]
 264 0066 7868     		ldr	r0, [r7, #4]
 265 0068 FFF7FEFF 		bl	USBD_CtlError
 266              		.loc 1 207 11
 267 006c 04E0     		b	.L26
 268              	.L20:
 208:Middlewares/ST/STM32_USB_Device_Library/Core/Src/usbd_ctlreq.c **** 
 209:Middlewares/ST/STM32_USB_Device_Library/Core/Src/usbd_ctlreq.c ****         default:
 210:Middlewares/ST/STM32_USB_Device_Library/Core/Src/usbd_ctlreq.c ****           USBD_CtlError(pdev, req);
 269              		.loc 1 210 11
 270 006e 3968     		ldr	r1, [r7]
 271 0070 7868     		ldr	r0, [r7, #4]
 272 0072 FFF7FEFF 		bl	USBD_CtlError
 211:Middlewares/ST/STM32_USB_Device_Library/Core/Src/usbd_ctlreq.c ****           break;
 273              		.loc 1 211 11
 274 0076 00E0     		b	.L23
 275              	.L26:
 207:Middlewares/ST/STM32_USB_Device_Library/Core/Src/usbd_ctlreq.c **** 
 276              		.loc 1 207 11
 277 0078 00BF     		nop
 278              	.L23:
 212:Middlewares/ST/STM32_USB_Device_Library/Core/Src/usbd_ctlreq.c ****       }
 213:Middlewares/ST/STM32_USB_Device_Library/Core/Src/usbd_ctlreq.c ****       break;
 279              		.loc 1 213 7
 280 007a 04E0     		b	.L24
 281              	.L19:
 214:Middlewares/ST/STM32_USB_Device_Library/Core/Src/usbd_ctlreq.c **** 
 215:Middlewares/ST/STM32_USB_Device_Library/Core/Src/usbd_ctlreq.c ****     default:
 216:Middlewares/ST/STM32_USB_Device_Library/Core/Src/usbd_ctlreq.c ****       USBD_CtlError(pdev, req);
 282              		.loc 1 216 7
 283 007c 3968     		ldr	r1, [r7]
 284 007e 7868     		ldr	r0, [r7, #4]
 285 0080 FFF7FEFF 		bl	USBD_CtlError
 217:Middlewares/ST/STM32_USB_Device_Library/Core/Src/usbd_ctlreq.c ****       break;
 286              		.loc 1 217 7
 287 0084 00BF     		nop
 288              	.L24:
 218:Middlewares/ST/STM32_USB_Device_Library/Core/Src/usbd_ctlreq.c ****   }
 219:Middlewares/ST/STM32_USB_Device_Library/Core/Src/usbd_ctlreq.c **** 
 220:Middlewares/ST/STM32_USB_Device_Library/Core/Src/usbd_ctlreq.c ****   return USBD_OK;
 289              		.loc 1 220 10
 290 0086 0023     		movs	r3, #0
 221:Middlewares/ST/STM32_USB_Device_Library/Core/Src/usbd_ctlreq.c **** }
 291              		.loc 1 221 1
 292 0088 1846     		mov	r0, r3
 293 008a 1037     		adds	r7, r7, #16
ARM GAS  /var/folders/xf/tcndk8390ml5xdpfw93qkhpm0000gn/T//cczv04jT.s 			page 10


 294              	.LCFI8:
 295              		.cfi_def_cfa_offset 8
 296 008c BD46     		mov	sp, r7
 297              	.LCFI9:
 298              		.cfi_def_cfa_register 13
 299              		@ sp needed
 300 008e 80BD     		pop	{r7, pc}
 301              		.cfi_endproc
 302              	.LFE69:
 304              		.section	.text.USBD_StdEPReq,"ax",%progbits
 305              		.align	1
 306              		.global	USBD_StdEPReq
 307              		.syntax unified
 308              		.thumb
 309              		.thumb_func
 311              	USBD_StdEPReq:
 312              	.LFB70:
 222:Middlewares/ST/STM32_USB_Device_Library/Core/Src/usbd_ctlreq.c **** 
 223:Middlewares/ST/STM32_USB_Device_Library/Core/Src/usbd_ctlreq.c **** /**
 224:Middlewares/ST/STM32_USB_Device_Library/Core/Src/usbd_ctlreq.c **** * @brief  USBD_StdEPReq
 225:Middlewares/ST/STM32_USB_Device_Library/Core/Src/usbd_ctlreq.c **** *         Handle standard usb endpoint requests
 226:Middlewares/ST/STM32_USB_Device_Library/Core/Src/usbd_ctlreq.c **** * @param  pdev: device instance
 227:Middlewares/ST/STM32_USB_Device_Library/Core/Src/usbd_ctlreq.c **** * @param  req: usb request
 228:Middlewares/ST/STM32_USB_Device_Library/Core/Src/usbd_ctlreq.c **** * @retval status
 229:Middlewares/ST/STM32_USB_Device_Library/Core/Src/usbd_ctlreq.c **** */
 230:Middlewares/ST/STM32_USB_Device_Library/Core/Src/usbd_ctlreq.c **** USBD_StatusTypeDef  USBD_StdEPReq(USBD_HandleTypeDef *pdev,
 231:Middlewares/ST/STM32_USB_Device_Library/Core/Src/usbd_ctlreq.c ****                                   USBD_SetupReqTypedef  *req)
 232:Middlewares/ST/STM32_USB_Device_Library/Core/Src/usbd_ctlreq.c **** {
 313              		.loc 1 232 1
 314              		.cfi_startproc
 315              		@ args = 0, pretend = 0, frame = 16
 316              		@ frame_needed = 1, uses_anonymous_args = 0
 317 0000 80B5     		push	{r7, lr}
 318              	.LCFI10:
 319              		.cfi_def_cfa_offset 8
 320              		.cfi_offset 7, -8
 321              		.cfi_offset 14, -4
 322 0002 84B0     		sub	sp, sp, #16
 323              	.LCFI11:
 324              		.cfi_def_cfa_offset 24
 325 0004 00AF     		add	r7, sp, #0
 326              	.LCFI12:
 327              		.cfi_def_cfa_register 7
 328 0006 7860     		str	r0, [r7, #4]
 329 0008 3960     		str	r1, [r7]
 233:Middlewares/ST/STM32_USB_Device_Library/Core/Src/usbd_ctlreq.c ****   USBD_EndpointTypeDef *pep;
 234:Middlewares/ST/STM32_USB_Device_Library/Core/Src/usbd_ctlreq.c ****   uint8_t   ep_addr;
 235:Middlewares/ST/STM32_USB_Device_Library/Core/Src/usbd_ctlreq.c ****   USBD_StatusTypeDef ret = USBD_OK;
 330              		.loc 1 235 22
 331 000a 0023     		movs	r3, #0
 332 000c FB73     		strb	r3, [r7, #15]
 236:Middlewares/ST/STM32_USB_Device_Library/Core/Src/usbd_ctlreq.c ****   ep_addr  = LOBYTE(req->wIndex);
 333              		.loc 1 236 14
 334 000e 3B68     		ldr	r3, [r7]
 335 0010 9B88     		ldrh	r3, [r3, #4]
 336              		.loc 1 236 12
 337 0012 BB73     		strb	r3, [r7, #14]
ARM GAS  /var/folders/xf/tcndk8390ml5xdpfw93qkhpm0000gn/T//cczv04jT.s 			page 11


 237:Middlewares/ST/STM32_USB_Device_Library/Core/Src/usbd_ctlreq.c **** 
 238:Middlewares/ST/STM32_USB_Device_Library/Core/Src/usbd_ctlreq.c ****   switch (req->bmRequest & USB_REQ_TYPE_MASK)
 338              		.loc 1 238 14
 339 0014 3B68     		ldr	r3, [r7]
 340 0016 1B78     		ldrb	r3, [r3]	@ zero_extendqisi2
 341              		.loc 1 238 26
 342 0018 03F06003 		and	r3, r3, #96
 343              		.loc 1 238 3
 344 001c 402B     		cmp	r3, #64
 345 001e 07D0     		beq	.L28
 346 0020 402B     		cmp	r3, #64
 347 0022 00F24681 		bhi	.L29
 348 0026 002B     		cmp	r3, #0
 349 0028 0AD0     		beq	.L30
 350 002a 202B     		cmp	r3, #32
 351 002c 40F04181 		bne	.L29
 352              	.L28:
 239:Middlewares/ST/STM32_USB_Device_Library/Core/Src/usbd_ctlreq.c ****   {
 240:Middlewares/ST/STM32_USB_Device_Library/Core/Src/usbd_ctlreq.c ****     case USB_REQ_TYPE_CLASS:
 241:Middlewares/ST/STM32_USB_Device_Library/Core/Src/usbd_ctlreq.c ****     case USB_REQ_TYPE_VENDOR:
 242:Middlewares/ST/STM32_USB_Device_Library/Core/Src/usbd_ctlreq.c ****       pdev->pClass->Setup(pdev, req);
 353              		.loc 1 242 11
 354 0030 7B68     		ldr	r3, [r7, #4]
 355 0032 D3F8B432 		ldr	r3, [r3, #692]
 356              		.loc 1 242 19
 357 0036 9B68     		ldr	r3, [r3, #8]
 358              		.loc 1 242 7
 359 0038 3968     		ldr	r1, [r7]
 360 003a 7868     		ldr	r0, [r7, #4]
 361 003c 9847     		blx	r3
 362              	.LVL2:
 243:Middlewares/ST/STM32_USB_Device_Library/Core/Src/usbd_ctlreq.c ****       break;
 363              		.loc 1 243 7
 364 003e 3DE1     		b	.L31
 365              	.L30:
 244:Middlewares/ST/STM32_USB_Device_Library/Core/Src/usbd_ctlreq.c **** 
 245:Middlewares/ST/STM32_USB_Device_Library/Core/Src/usbd_ctlreq.c ****     case USB_REQ_TYPE_STANDARD:
 246:Middlewares/ST/STM32_USB_Device_Library/Core/Src/usbd_ctlreq.c ****       /* Check if it is a class request */
 247:Middlewares/ST/STM32_USB_Device_Library/Core/Src/usbd_ctlreq.c ****       if ((req->bmRequest & 0x60U) == 0x20U)
 366              		.loc 1 247 15
 367 0040 3B68     		ldr	r3, [r7]
 368 0042 1B78     		ldrb	r3, [r3]	@ zero_extendqisi2
 369              		.loc 1 247 27
 370 0044 03F06003 		and	r3, r3, #96
 371              		.loc 1 247 10
 372 0048 202B     		cmp	r3, #32
 373 004a 0AD1     		bne	.L32
 248:Middlewares/ST/STM32_USB_Device_Library/Core/Src/usbd_ctlreq.c ****       {
 249:Middlewares/ST/STM32_USB_Device_Library/Core/Src/usbd_ctlreq.c ****         ret = (USBD_StatusTypeDef)pdev->pClass->Setup(pdev, req);
 374              		.loc 1 249 39
 375 004c 7B68     		ldr	r3, [r7, #4]
 376 004e D3F8B432 		ldr	r3, [r3, #692]
 377              		.loc 1 249 47
 378 0052 9B68     		ldr	r3, [r3, #8]
 379              		.loc 1 249 35
 380 0054 3968     		ldr	r1, [r7]
 381 0056 7868     		ldr	r0, [r7, #4]
ARM GAS  /var/folders/xf/tcndk8390ml5xdpfw93qkhpm0000gn/T//cczv04jT.s 			page 12


 382 0058 9847     		blx	r3
 383              	.LVL3:
 384 005a 0346     		mov	r3, r0
 385 005c FB73     		strb	r3, [r7, #15]
 250:Middlewares/ST/STM32_USB_Device_Library/Core/Src/usbd_ctlreq.c **** 
 251:Middlewares/ST/STM32_USB_Device_Library/Core/Src/usbd_ctlreq.c ****         return ret;
 386              		.loc 1 251 16
 387 005e FB7B     		ldrb	r3, [r7, #15]	@ zero_extendqisi2
 388 0060 2DE1     		b	.L33
 389              	.L32:
 252:Middlewares/ST/STM32_USB_Device_Library/Core/Src/usbd_ctlreq.c ****       }
 253:Middlewares/ST/STM32_USB_Device_Library/Core/Src/usbd_ctlreq.c **** 
 254:Middlewares/ST/STM32_USB_Device_Library/Core/Src/usbd_ctlreq.c ****       switch (req->bRequest)
 390              		.loc 1 254 18
 391 0062 3B68     		ldr	r3, [r7]
 392 0064 5B78     		ldrb	r3, [r3, #1]	@ zero_extendqisi2
 393 0066 032B     		cmp	r3, #3
 394 0068 07D0     		beq	.L34
 395 006a 032B     		cmp	r3, #3
 396 006c 00F31B81 		bgt	.L35
 397 0070 002B     		cmp	r3, #0
 398 0072 72D0     		beq	.L36
 399 0074 012B     		cmp	r3, #1
 400 0076 3AD0     		beq	.L37
 401 0078 15E1     		b	.L35
 402              	.L34:
 255:Middlewares/ST/STM32_USB_Device_Library/Core/Src/usbd_ctlreq.c ****       {
 256:Middlewares/ST/STM32_USB_Device_Library/Core/Src/usbd_ctlreq.c ****         case USB_REQ_SET_FEATURE:
 257:Middlewares/ST/STM32_USB_Device_Library/Core/Src/usbd_ctlreq.c ****           switch (pdev->dev_state)
 403              		.loc 1 257 23 discriminator 3
 404 007a 7B68     		ldr	r3, [r7, #4]
 405 007c 93F89C32 		ldrb	r3, [r3, #668]	@ zero_extendqisi2
 406 0080 022B     		cmp	r3, #2
 407 0082 02D0     		beq	.L38
 408 0084 032B     		cmp	r3, #3
 409 0086 15D0     		beq	.L39
 410 0088 2BE0     		b	.L69
 411              	.L38:
 258:Middlewares/ST/STM32_USB_Device_Library/Core/Src/usbd_ctlreq.c ****           {
 259:Middlewares/ST/STM32_USB_Device_Library/Core/Src/usbd_ctlreq.c ****             case USBD_STATE_ADDRESSED:
 260:Middlewares/ST/STM32_USB_Device_Library/Core/Src/usbd_ctlreq.c ****               if ((ep_addr != 0x00U) && (ep_addr != 0x80U))
 412              		.loc 1 260 18
 413 008a BB7B     		ldrb	r3, [r7, #14]	@ zero_extendqisi2
 414 008c 002B     		cmp	r3, #0
 415 008e 0CD0     		beq	.L41
 416              		.loc 1 260 38 discriminator 1
 417 0090 BB7B     		ldrb	r3, [r7, #14]	@ zero_extendqisi2
 418 0092 802B     		cmp	r3, #128
 419 0094 09D0     		beq	.L41
 261:Middlewares/ST/STM32_USB_Device_Library/Core/Src/usbd_ctlreq.c ****               {
 262:Middlewares/ST/STM32_USB_Device_Library/Core/Src/usbd_ctlreq.c ****                 USBD_LL_StallEP(pdev, ep_addr);
 420              		.loc 1 262 17
 421 0096 BB7B     		ldrb	r3, [r7, #14]	@ zero_extendqisi2
 422 0098 1946     		mov	r1, r3
 423 009a 7868     		ldr	r0, [r7, #4]
 424 009c FFF7FEFF 		bl	USBD_LL_StallEP
 263:Middlewares/ST/STM32_USB_Device_Library/Core/Src/usbd_ctlreq.c ****                 USBD_LL_StallEP(pdev, 0x80U);
ARM GAS  /var/folders/xf/tcndk8390ml5xdpfw93qkhpm0000gn/T//cczv04jT.s 			page 13


 425              		.loc 1 263 17
 426 00a0 8021     		movs	r1, #128
 427 00a2 7868     		ldr	r0, [r7, #4]
 428 00a4 FFF7FEFF 		bl	USBD_LL_StallEP
 264:Middlewares/ST/STM32_USB_Device_Library/Core/Src/usbd_ctlreq.c ****               }
 265:Middlewares/ST/STM32_USB_Device_Library/Core/Src/usbd_ctlreq.c ****               else
 266:Middlewares/ST/STM32_USB_Device_Library/Core/Src/usbd_ctlreq.c ****               {
 267:Middlewares/ST/STM32_USB_Device_Library/Core/Src/usbd_ctlreq.c ****                 USBD_CtlError(pdev, req);
 268:Middlewares/ST/STM32_USB_Device_Library/Core/Src/usbd_ctlreq.c ****               }
 269:Middlewares/ST/STM32_USB_Device_Library/Core/Src/usbd_ctlreq.c ****               break;
 429              		.loc 1 269 15
 430 00a8 20E0     		b	.L43
 431              	.L41:
 267:Middlewares/ST/STM32_USB_Device_Library/Core/Src/usbd_ctlreq.c ****               }
 432              		.loc 1 267 17
 433 00aa 3968     		ldr	r1, [r7]
 434 00ac 7868     		ldr	r0, [r7, #4]
 435 00ae FFF7FEFF 		bl	USBD_CtlError
 436              		.loc 1 269 15
 437 00b2 1BE0     		b	.L43
 438              	.L39:
 270:Middlewares/ST/STM32_USB_Device_Library/Core/Src/usbd_ctlreq.c **** 
 271:Middlewares/ST/STM32_USB_Device_Library/Core/Src/usbd_ctlreq.c ****             case USBD_STATE_CONFIGURED:
 272:Middlewares/ST/STM32_USB_Device_Library/Core/Src/usbd_ctlreq.c ****               if (req->wValue == USB_FEATURE_EP_HALT)
 439              		.loc 1 272 22
 440 00b4 3B68     		ldr	r3, [r7]
 441 00b6 5B88     		ldrh	r3, [r3, #2]
 442              		.loc 1 272 18
 443 00b8 002B     		cmp	r3, #0
 444 00ba 0ED1     		bne	.L44
 273:Middlewares/ST/STM32_USB_Device_Library/Core/Src/usbd_ctlreq.c ****               {
 274:Middlewares/ST/STM32_USB_Device_Library/Core/Src/usbd_ctlreq.c ****                 if ((ep_addr != 0x00U) &&
 445              		.loc 1 274 20
 446 00bc BB7B     		ldrb	r3, [r7, #14]	@ zero_extendqisi2
 447 00be 002B     		cmp	r3, #0
 448 00c0 0BD0     		beq	.L44
 449              		.loc 1 274 40 discriminator 1
 450 00c2 BB7B     		ldrb	r3, [r7, #14]	@ zero_extendqisi2
 451 00c4 802B     		cmp	r3, #128
 452 00c6 08D0     		beq	.L44
 275:Middlewares/ST/STM32_USB_Device_Library/Core/Src/usbd_ctlreq.c ****                     (ep_addr != 0x80U) && (req->wLength == 0x00U))
 453              		.loc 1 275 47
 454 00c8 3B68     		ldr	r3, [r7]
 455 00ca DB88     		ldrh	r3, [r3, #6]
 456              		.loc 1 275 40
 457 00cc 002B     		cmp	r3, #0
 458 00ce 04D1     		bne	.L44
 276:Middlewares/ST/STM32_USB_Device_Library/Core/Src/usbd_ctlreq.c ****                 {
 277:Middlewares/ST/STM32_USB_Device_Library/Core/Src/usbd_ctlreq.c ****                   USBD_LL_StallEP(pdev, ep_addr);
 459              		.loc 1 277 19
 460 00d0 BB7B     		ldrb	r3, [r7, #14]	@ zero_extendqisi2
 461 00d2 1946     		mov	r1, r3
 462 00d4 7868     		ldr	r0, [r7, #4]
 463 00d6 FFF7FEFF 		bl	USBD_LL_StallEP
 464              	.L44:
 278:Middlewares/ST/STM32_USB_Device_Library/Core/Src/usbd_ctlreq.c ****                 }
 279:Middlewares/ST/STM32_USB_Device_Library/Core/Src/usbd_ctlreq.c ****               }
ARM GAS  /var/folders/xf/tcndk8390ml5xdpfw93qkhpm0000gn/T//cczv04jT.s 			page 14


 280:Middlewares/ST/STM32_USB_Device_Library/Core/Src/usbd_ctlreq.c ****               USBD_CtlSendStatus(pdev);
 465              		.loc 1 280 15
 466 00da 7868     		ldr	r0, [r7, #4]
 467 00dc FFF7FEFF 		bl	USBD_CtlSendStatus
 281:Middlewares/ST/STM32_USB_Device_Library/Core/Src/usbd_ctlreq.c **** 
 282:Middlewares/ST/STM32_USB_Device_Library/Core/Src/usbd_ctlreq.c ****               break;
 468              		.loc 1 282 15
 469 00e0 04E0     		b	.L43
 470              	.L69:
 283:Middlewares/ST/STM32_USB_Device_Library/Core/Src/usbd_ctlreq.c **** 
 284:Middlewares/ST/STM32_USB_Device_Library/Core/Src/usbd_ctlreq.c ****             default:
 285:Middlewares/ST/STM32_USB_Device_Library/Core/Src/usbd_ctlreq.c ****               USBD_CtlError(pdev, req);
 471              		.loc 1 285 15
 472 00e2 3968     		ldr	r1, [r7]
 473 00e4 7868     		ldr	r0, [r7, #4]
 474 00e6 FFF7FEFF 		bl	USBD_CtlError
 286:Middlewares/ST/STM32_USB_Device_Library/Core/Src/usbd_ctlreq.c ****               break;
 475              		.loc 1 286 15
 476 00ea 00BF     		nop
 477              	.L43:
 287:Middlewares/ST/STM32_USB_Device_Library/Core/Src/usbd_ctlreq.c ****           }
 288:Middlewares/ST/STM32_USB_Device_Library/Core/Src/usbd_ctlreq.c ****           break;
 478              		.loc 1 288 11
 479 00ec E0E0     		b	.L45
 480              	.L37:
 289:Middlewares/ST/STM32_USB_Device_Library/Core/Src/usbd_ctlreq.c **** 
 290:Middlewares/ST/STM32_USB_Device_Library/Core/Src/usbd_ctlreq.c ****         case USB_REQ_CLEAR_FEATURE:
 291:Middlewares/ST/STM32_USB_Device_Library/Core/Src/usbd_ctlreq.c **** 
 292:Middlewares/ST/STM32_USB_Device_Library/Core/Src/usbd_ctlreq.c ****           switch (pdev->dev_state)
 481              		.loc 1 292 23 discriminator 2
 482 00ee 7B68     		ldr	r3, [r7, #4]
 483 00f0 93F89C32 		ldrb	r3, [r3, #668]	@ zero_extendqisi2
 484 00f4 022B     		cmp	r3, #2
 485 00f6 02D0     		beq	.L46
 486 00f8 032B     		cmp	r3, #3
 487 00fa 15D0     		beq	.L47
 488 00fc 26E0     		b	.L70
 489              	.L46:
 293:Middlewares/ST/STM32_USB_Device_Library/Core/Src/usbd_ctlreq.c ****           {
 294:Middlewares/ST/STM32_USB_Device_Library/Core/Src/usbd_ctlreq.c ****             case USBD_STATE_ADDRESSED:
 295:Middlewares/ST/STM32_USB_Device_Library/Core/Src/usbd_ctlreq.c ****               if ((ep_addr != 0x00U) && (ep_addr != 0x80U))
 490              		.loc 1 295 18
 491 00fe BB7B     		ldrb	r3, [r7, #14]	@ zero_extendqisi2
 492 0100 002B     		cmp	r3, #0
 493 0102 0CD0     		beq	.L49
 494              		.loc 1 295 38 discriminator 1
 495 0104 BB7B     		ldrb	r3, [r7, #14]	@ zero_extendqisi2
 496 0106 802B     		cmp	r3, #128
 497 0108 09D0     		beq	.L49
 296:Middlewares/ST/STM32_USB_Device_Library/Core/Src/usbd_ctlreq.c ****               {
 297:Middlewares/ST/STM32_USB_Device_Library/Core/Src/usbd_ctlreq.c ****                 USBD_LL_StallEP(pdev, ep_addr);
 498              		.loc 1 297 17
 499 010a BB7B     		ldrb	r3, [r7, #14]	@ zero_extendqisi2
 500 010c 1946     		mov	r1, r3
 501 010e 7868     		ldr	r0, [r7, #4]
 502 0110 FFF7FEFF 		bl	USBD_LL_StallEP
 298:Middlewares/ST/STM32_USB_Device_Library/Core/Src/usbd_ctlreq.c ****                 USBD_LL_StallEP(pdev, 0x80U);
ARM GAS  /var/folders/xf/tcndk8390ml5xdpfw93qkhpm0000gn/T//cczv04jT.s 			page 15


 503              		.loc 1 298 17
 504 0114 8021     		movs	r1, #128
 505 0116 7868     		ldr	r0, [r7, #4]
 506 0118 FFF7FEFF 		bl	USBD_LL_StallEP
 299:Middlewares/ST/STM32_USB_Device_Library/Core/Src/usbd_ctlreq.c ****               }
 300:Middlewares/ST/STM32_USB_Device_Library/Core/Src/usbd_ctlreq.c ****               else
 301:Middlewares/ST/STM32_USB_Device_Library/Core/Src/usbd_ctlreq.c ****               {
 302:Middlewares/ST/STM32_USB_Device_Library/Core/Src/usbd_ctlreq.c ****                 USBD_CtlError(pdev, req);
 303:Middlewares/ST/STM32_USB_Device_Library/Core/Src/usbd_ctlreq.c ****               }
 304:Middlewares/ST/STM32_USB_Device_Library/Core/Src/usbd_ctlreq.c ****               break;
 507              		.loc 1 304 15
 508 011c 1CE0     		b	.L51
 509              	.L49:
 302:Middlewares/ST/STM32_USB_Device_Library/Core/Src/usbd_ctlreq.c ****               }
 510              		.loc 1 302 17
 511 011e 3968     		ldr	r1, [r7]
 512 0120 7868     		ldr	r0, [r7, #4]
 513 0122 FFF7FEFF 		bl	USBD_CtlError
 514              		.loc 1 304 15
 515 0126 17E0     		b	.L51
 516              	.L47:
 305:Middlewares/ST/STM32_USB_Device_Library/Core/Src/usbd_ctlreq.c **** 
 306:Middlewares/ST/STM32_USB_Device_Library/Core/Src/usbd_ctlreq.c ****             case USBD_STATE_CONFIGURED:
 307:Middlewares/ST/STM32_USB_Device_Library/Core/Src/usbd_ctlreq.c ****               if (req->wValue == USB_FEATURE_EP_HALT)
 517              		.loc 1 307 22
 518 0128 3B68     		ldr	r3, [r7]
 519 012a 5B88     		ldrh	r3, [r3, #2]
 520              		.loc 1 307 18
 521 012c 002B     		cmp	r3, #0
 522 012e 12D1     		bne	.L72
 308:Middlewares/ST/STM32_USB_Device_Library/Core/Src/usbd_ctlreq.c ****               {
 309:Middlewares/ST/STM32_USB_Device_Library/Core/Src/usbd_ctlreq.c ****                 if ((ep_addr & 0x7FU) != 0x00U)
 523              		.loc 1 309 30
 524 0130 BB7B     		ldrb	r3, [r7, #14]	@ zero_extendqisi2
 525 0132 03F07F03 		and	r3, r3, #127
 526              		.loc 1 309 20
 527 0136 002B     		cmp	r3, #0
 528 0138 04D0     		beq	.L53
 310:Middlewares/ST/STM32_USB_Device_Library/Core/Src/usbd_ctlreq.c ****                 {
 311:Middlewares/ST/STM32_USB_Device_Library/Core/Src/usbd_ctlreq.c ****                   USBD_LL_ClearStallEP(pdev, ep_addr);
 529              		.loc 1 311 19
 530 013a BB7B     		ldrb	r3, [r7, #14]	@ zero_extendqisi2
 531 013c 1946     		mov	r1, r3
 532 013e 7868     		ldr	r0, [r7, #4]
 533 0140 FFF7FEFF 		bl	USBD_LL_ClearStallEP
 534              	.L53:
 312:Middlewares/ST/STM32_USB_Device_Library/Core/Src/usbd_ctlreq.c ****                 }
 313:Middlewares/ST/STM32_USB_Device_Library/Core/Src/usbd_ctlreq.c ****                 USBD_CtlSendStatus(pdev);
 535              		.loc 1 313 17
 536 0144 7868     		ldr	r0, [r7, #4]
 537 0146 FFF7FEFF 		bl	USBD_CtlSendStatus
 314:Middlewares/ST/STM32_USB_Device_Library/Core/Src/usbd_ctlreq.c ****               }
 315:Middlewares/ST/STM32_USB_Device_Library/Core/Src/usbd_ctlreq.c ****               break;
 538              		.loc 1 315 15
 539 014a 04E0     		b	.L72
 540              	.L70:
 316:Middlewares/ST/STM32_USB_Device_Library/Core/Src/usbd_ctlreq.c **** 
ARM GAS  /var/folders/xf/tcndk8390ml5xdpfw93qkhpm0000gn/T//cczv04jT.s 			page 16


 317:Middlewares/ST/STM32_USB_Device_Library/Core/Src/usbd_ctlreq.c ****             default:
 318:Middlewares/ST/STM32_USB_Device_Library/Core/Src/usbd_ctlreq.c ****               USBD_CtlError(pdev, req);
 541              		.loc 1 318 15
 542 014c 3968     		ldr	r1, [r7]
 543 014e 7868     		ldr	r0, [r7, #4]
 544 0150 FFF7FEFF 		bl	USBD_CtlError
 319:Middlewares/ST/STM32_USB_Device_Library/Core/Src/usbd_ctlreq.c ****               break;
 545              		.loc 1 319 15
 546 0154 00E0     		b	.L51
 547              	.L72:
 315:Middlewares/ST/STM32_USB_Device_Library/Core/Src/usbd_ctlreq.c **** 
 548              		.loc 1 315 15
 549 0156 00BF     		nop
 550              	.L51:
 320:Middlewares/ST/STM32_USB_Device_Library/Core/Src/usbd_ctlreq.c ****           }
 321:Middlewares/ST/STM32_USB_Device_Library/Core/Src/usbd_ctlreq.c ****           break;
 551              		.loc 1 321 11
 552 0158 AAE0     		b	.L45
 553              	.L36:
 322:Middlewares/ST/STM32_USB_Device_Library/Core/Src/usbd_ctlreq.c **** 
 323:Middlewares/ST/STM32_USB_Device_Library/Core/Src/usbd_ctlreq.c ****         case USB_REQ_GET_STATUS:
 324:Middlewares/ST/STM32_USB_Device_Library/Core/Src/usbd_ctlreq.c ****           switch (pdev->dev_state)
 554              		.loc 1 324 23 discriminator 1
 555 015a 7B68     		ldr	r3, [r7, #4]
 556 015c 93F89C32 		ldrb	r3, [r3, #668]	@ zero_extendqisi2
 557 0160 022B     		cmp	r3, #2
 558 0162 02D0     		beq	.L54
 559 0164 032B     		cmp	r3, #3
 560 0166 32D0     		beq	.L55
 561 0168 97E0     		b	.L71
 562              	.L54:
 325:Middlewares/ST/STM32_USB_Device_Library/Core/Src/usbd_ctlreq.c ****           {
 326:Middlewares/ST/STM32_USB_Device_Library/Core/Src/usbd_ctlreq.c ****             case USBD_STATE_ADDRESSED:
 327:Middlewares/ST/STM32_USB_Device_Library/Core/Src/usbd_ctlreq.c ****               if ((ep_addr != 0x00U) && (ep_addr != 0x80U))
 563              		.loc 1 327 18
 564 016a BB7B     		ldrb	r3, [r7, #14]	@ zero_extendqisi2
 565 016c 002B     		cmp	r3, #0
 566 016e 07D0     		beq	.L57
 567              		.loc 1 327 38 discriminator 1
 568 0170 BB7B     		ldrb	r3, [r7, #14]	@ zero_extendqisi2
 569 0172 802B     		cmp	r3, #128
 570 0174 04D0     		beq	.L57
 328:Middlewares/ST/STM32_USB_Device_Library/Core/Src/usbd_ctlreq.c ****               {
 329:Middlewares/ST/STM32_USB_Device_Library/Core/Src/usbd_ctlreq.c ****                 USBD_CtlError(pdev, req);
 571              		.loc 1 329 17
 572 0176 3968     		ldr	r1, [r7]
 573 0178 7868     		ldr	r0, [r7, #4]
 574 017a FFF7FEFF 		bl	USBD_CtlError
 330:Middlewares/ST/STM32_USB_Device_Library/Core/Src/usbd_ctlreq.c ****                 break;
 575              		.loc 1 330 17
 576 017e 91E0     		b	.L58
 577              	.L57:
 331:Middlewares/ST/STM32_USB_Device_Library/Core/Src/usbd_ctlreq.c ****               }
 332:Middlewares/ST/STM32_USB_Device_Library/Core/Src/usbd_ctlreq.c ****               pep = ((ep_addr & 0x80U) == 0x80U) ? &pdev->ep_in[ep_addr & 0x7FU] : \
 578              		.loc 1 332 40
 579 0180 97F90E30 		ldrsb	r3, [r7, #14]
 580              		.loc 1 332 82
ARM GAS  /var/folders/xf/tcndk8390ml5xdpfw93qkhpm0000gn/T//cczv04jT.s 			page 17


 581 0184 002B     		cmp	r3, #0
 582 0186 0BDA     		bge	.L59
 583              		.loc 1 332 73 discriminator 1
 584 0188 BB7B     		ldrb	r3, [r7, #14]	@ zero_extendqisi2
 585 018a 03F07F02 		and	r2, r3, #127
 586              		.loc 1 332 82 discriminator 1
 587 018e 1346     		mov	r3, r2
 588 0190 9B00     		lsls	r3, r3, #2
 589 0192 1344     		add	r3, r3, r2
 590 0194 9B00     		lsls	r3, r3, #2
 591 0196 1033     		adds	r3, r3, #16
 592 0198 7A68     		ldr	r2, [r7, #4]
 593 019a 1344     		add	r3, r3, r2
 594 019c 0433     		adds	r3, r3, #4
 595 019e 0BE0     		b	.L60
 596              	.L59:
 333:Middlewares/ST/STM32_USB_Device_Library/Core/Src/usbd_ctlreq.c ****                     &pdev->ep_out[ep_addr & 0x7FU];
 597              		.loc 1 333 43 discriminator 2
 598 01a0 BB7B     		ldrb	r3, [r7, #14]	@ zero_extendqisi2
 599 01a2 03F07F02 		and	r2, r3, #127
 332:Middlewares/ST/STM32_USB_Device_Library/Core/Src/usbd_ctlreq.c ****                     &pdev->ep_out[ep_addr & 0x7FU];
 600              		.loc 1 332 82 discriminator 2
 601 01a6 1346     		mov	r3, r2
 602 01a8 9B00     		lsls	r3, r3, #2
 603 01aa 1344     		add	r3, r3, r2
 604 01ac 9B00     		lsls	r3, r3, #2
 605 01ae 03F5A873 		add	r3, r3, #336
 606 01b2 7A68     		ldr	r2, [r7, #4]
 607 01b4 1344     		add	r3, r3, r2
 608 01b6 0433     		adds	r3, r3, #4
 609              	.L60:
 332:Middlewares/ST/STM32_USB_Device_Library/Core/Src/usbd_ctlreq.c ****                     &pdev->ep_out[ep_addr & 0x7FU];
 610              		.loc 1 332 19 discriminator 4
 611 01b8 BB60     		str	r3, [r7, #8]
 334:Middlewares/ST/STM32_USB_Device_Library/Core/Src/usbd_ctlreq.c **** 
 335:Middlewares/ST/STM32_USB_Device_Library/Core/Src/usbd_ctlreq.c ****               pep->status = 0x0000U;
 612              		.loc 1 335 27 discriminator 4
 613 01ba BB68     		ldr	r3, [r7, #8]
 614 01bc 0022     		movs	r2, #0
 615 01be 1A60     		str	r2, [r3]
 336:Middlewares/ST/STM32_USB_Device_Library/Core/Src/usbd_ctlreq.c **** 
 337:Middlewares/ST/STM32_USB_Device_Library/Core/Src/usbd_ctlreq.c ****               USBD_CtlSendData(pdev, (uint8_t *)(void *)&pep->status, 2U);
 616              		.loc 1 337 57 discriminator 4
 617 01c0 BB68     		ldr	r3, [r7, #8]
 618              		.loc 1 337 15 discriminator 4
 619 01c2 0222     		movs	r2, #2
 620 01c4 1946     		mov	r1, r3
 621 01c6 7868     		ldr	r0, [r7, #4]
 622 01c8 FFF7FEFF 		bl	USBD_CtlSendData
 338:Middlewares/ST/STM32_USB_Device_Library/Core/Src/usbd_ctlreq.c ****               break;
 623              		.loc 1 338 15 discriminator 4
 624 01cc 6AE0     		b	.L58
 625              	.L55:
 339:Middlewares/ST/STM32_USB_Device_Library/Core/Src/usbd_ctlreq.c **** 
 340:Middlewares/ST/STM32_USB_Device_Library/Core/Src/usbd_ctlreq.c ****             case USBD_STATE_CONFIGURED:
 341:Middlewares/ST/STM32_USB_Device_Library/Core/Src/usbd_ctlreq.c ****               if ((ep_addr & 0x80U) == 0x80U)
 626              		.loc 1 341 37
ARM GAS  /var/folders/xf/tcndk8390ml5xdpfw93qkhpm0000gn/T//cczv04jT.s 			page 18


 627 01ce 97F90E30 		ldrsb	r3, [r7, #14]
 628              		.loc 1 341 18
 629 01d2 002B     		cmp	r3, #0
 630 01d4 11DA     		bge	.L61
 342:Middlewares/ST/STM32_USB_Device_Library/Core/Src/usbd_ctlreq.c ****               {
 343:Middlewares/ST/STM32_USB_Device_Library/Core/Src/usbd_ctlreq.c ****                 if (pdev->ep_in[ep_addr & 0xFU].is_used == 0U)
 631              		.loc 1 343 41
 632 01d6 BB7B     		ldrb	r3, [r7, #14]	@ zero_extendqisi2
 633 01d8 03F00F02 		and	r2, r3, #15
 634              		.loc 1 343 48
 635 01dc 7968     		ldr	r1, [r7, #4]
 636 01de 1346     		mov	r3, r2
 637 01e0 9B00     		lsls	r3, r3, #2
 638 01e2 1344     		add	r3, r3, r2
 639 01e4 9B00     		lsls	r3, r3, #2
 640 01e6 0B44     		add	r3, r3, r1
 641 01e8 1833     		adds	r3, r3, #24
 642 01ea 1B68     		ldr	r3, [r3]
 643              		.loc 1 343 20
 644 01ec 002B     		cmp	r3, #0
 645 01ee 17D1     		bne	.L62
 344:Middlewares/ST/STM32_USB_Device_Library/Core/Src/usbd_ctlreq.c ****                 {
 345:Middlewares/ST/STM32_USB_Device_Library/Core/Src/usbd_ctlreq.c ****                   USBD_CtlError(pdev, req);
 646              		.loc 1 345 19
 647 01f0 3968     		ldr	r1, [r7]
 648 01f2 7868     		ldr	r0, [r7, #4]
 649 01f4 FFF7FEFF 		bl	USBD_CtlError
 346:Middlewares/ST/STM32_USB_Device_Library/Core/Src/usbd_ctlreq.c ****                   break;
 650              		.loc 1 346 19
 651 01f8 54E0     		b	.L58
 652              	.L61:
 347:Middlewares/ST/STM32_USB_Device_Library/Core/Src/usbd_ctlreq.c ****                 }
 348:Middlewares/ST/STM32_USB_Device_Library/Core/Src/usbd_ctlreq.c ****               }
 349:Middlewares/ST/STM32_USB_Device_Library/Core/Src/usbd_ctlreq.c ****               else
 350:Middlewares/ST/STM32_USB_Device_Library/Core/Src/usbd_ctlreq.c ****               {
 351:Middlewares/ST/STM32_USB_Device_Library/Core/Src/usbd_ctlreq.c ****                 if (pdev->ep_out[ep_addr & 0xFU].is_used == 0U)
 653              		.loc 1 351 42
 654 01fa BB7B     		ldrb	r3, [r7, #14]	@ zero_extendqisi2
 655 01fc 03F00F02 		and	r2, r3, #15
 656              		.loc 1 351 49
 657 0200 7968     		ldr	r1, [r7, #4]
 658 0202 1346     		mov	r3, r2
 659 0204 9B00     		lsls	r3, r3, #2
 660 0206 1344     		add	r3, r3, r2
 661 0208 9B00     		lsls	r3, r3, #2
 662 020a 0B44     		add	r3, r3, r1
 663 020c 03F5AC73 		add	r3, r3, #344
 664 0210 1B68     		ldr	r3, [r3]
 665              		.loc 1 351 20
 666 0212 002B     		cmp	r3, #0
 667 0214 04D1     		bne	.L62
 352:Middlewares/ST/STM32_USB_Device_Library/Core/Src/usbd_ctlreq.c ****                 {
 353:Middlewares/ST/STM32_USB_Device_Library/Core/Src/usbd_ctlreq.c ****                   USBD_CtlError(pdev, req);
 668              		.loc 1 353 19
 669 0216 3968     		ldr	r1, [r7]
 670 0218 7868     		ldr	r0, [r7, #4]
 671 021a FFF7FEFF 		bl	USBD_CtlError
ARM GAS  /var/folders/xf/tcndk8390ml5xdpfw93qkhpm0000gn/T//cczv04jT.s 			page 19


 354:Middlewares/ST/STM32_USB_Device_Library/Core/Src/usbd_ctlreq.c ****                   break;
 672              		.loc 1 354 19
 673 021e 41E0     		b	.L58
 674              	.L62:
 355:Middlewares/ST/STM32_USB_Device_Library/Core/Src/usbd_ctlreq.c ****                 }
 356:Middlewares/ST/STM32_USB_Device_Library/Core/Src/usbd_ctlreq.c ****               }
 357:Middlewares/ST/STM32_USB_Device_Library/Core/Src/usbd_ctlreq.c **** 
 358:Middlewares/ST/STM32_USB_Device_Library/Core/Src/usbd_ctlreq.c ****               pep = ((ep_addr & 0x80U) == 0x80U) ? &pdev->ep_in[ep_addr & 0x7FU] : \
 675              		.loc 1 358 40
 676 0220 97F90E30 		ldrsb	r3, [r7, #14]
 677              		.loc 1 358 82
 678 0224 002B     		cmp	r3, #0
 679 0226 0BDA     		bge	.L63
 680              		.loc 1 358 73 discriminator 1
 681 0228 BB7B     		ldrb	r3, [r7, #14]	@ zero_extendqisi2
 682 022a 03F07F02 		and	r2, r3, #127
 683              		.loc 1 358 82 discriminator 1
 684 022e 1346     		mov	r3, r2
 685 0230 9B00     		lsls	r3, r3, #2
 686 0232 1344     		add	r3, r3, r2
 687 0234 9B00     		lsls	r3, r3, #2
 688 0236 1033     		adds	r3, r3, #16
 689 0238 7A68     		ldr	r2, [r7, #4]
 690 023a 1344     		add	r3, r3, r2
 691 023c 0433     		adds	r3, r3, #4
 692 023e 0BE0     		b	.L64
 693              	.L63:
 359:Middlewares/ST/STM32_USB_Device_Library/Core/Src/usbd_ctlreq.c ****                     &pdev->ep_out[ep_addr & 0x7FU];
 694              		.loc 1 359 43 discriminator 2
 695 0240 BB7B     		ldrb	r3, [r7, #14]	@ zero_extendqisi2
 696 0242 03F07F02 		and	r2, r3, #127
 358:Middlewares/ST/STM32_USB_Device_Library/Core/Src/usbd_ctlreq.c ****                     &pdev->ep_out[ep_addr & 0x7FU];
 697              		.loc 1 358 82 discriminator 2
 698 0246 1346     		mov	r3, r2
 699 0248 9B00     		lsls	r3, r3, #2
 700 024a 1344     		add	r3, r3, r2
 701 024c 9B00     		lsls	r3, r3, #2
 702 024e 03F5A873 		add	r3, r3, #336
 703 0252 7A68     		ldr	r2, [r7, #4]
 704 0254 1344     		add	r3, r3, r2
 705 0256 0433     		adds	r3, r3, #4
 706              	.L64:
 358:Middlewares/ST/STM32_USB_Device_Library/Core/Src/usbd_ctlreq.c ****                     &pdev->ep_out[ep_addr & 0x7FU];
 707              		.loc 1 358 19 discriminator 4
 708 0258 BB60     		str	r3, [r7, #8]
 360:Middlewares/ST/STM32_USB_Device_Library/Core/Src/usbd_ctlreq.c **** 
 361:Middlewares/ST/STM32_USB_Device_Library/Core/Src/usbd_ctlreq.c ****               if ((ep_addr == 0x00U) || (ep_addr == 0x80U))
 709              		.loc 1 361 18 discriminator 4
 710 025a BB7B     		ldrb	r3, [r7, #14]	@ zero_extendqisi2
 711 025c 002B     		cmp	r3, #0
 712 025e 02D0     		beq	.L65
 713              		.loc 1 361 38 discriminator 1
 714 0260 BB7B     		ldrb	r3, [r7, #14]	@ zero_extendqisi2
 715 0262 802B     		cmp	r3, #128
 716 0264 03D1     		bne	.L66
 717              	.L65:
 362:Middlewares/ST/STM32_USB_Device_Library/Core/Src/usbd_ctlreq.c ****               {
ARM GAS  /var/folders/xf/tcndk8390ml5xdpfw93qkhpm0000gn/T//cczv04jT.s 			page 20


 363:Middlewares/ST/STM32_USB_Device_Library/Core/Src/usbd_ctlreq.c ****                 pep->status = 0x0000U;
 718              		.loc 1 363 29
 719 0266 BB68     		ldr	r3, [r7, #8]
 720 0268 0022     		movs	r2, #0
 721 026a 1A60     		str	r2, [r3]
 722 026c 0EE0     		b	.L67
 723              	.L66:
 364:Middlewares/ST/STM32_USB_Device_Library/Core/Src/usbd_ctlreq.c ****               }
 365:Middlewares/ST/STM32_USB_Device_Library/Core/Src/usbd_ctlreq.c ****               else if (USBD_LL_IsStallEP(pdev, ep_addr))
 724              		.loc 1 365 24
 725 026e BB7B     		ldrb	r3, [r7, #14]	@ zero_extendqisi2
 726 0270 1946     		mov	r1, r3
 727 0272 7868     		ldr	r0, [r7, #4]
 728 0274 FFF7FEFF 		bl	USBD_LL_IsStallEP
 729 0278 0346     		mov	r3, r0
 730              		.loc 1 365 23
 731 027a 002B     		cmp	r3, #0
 732 027c 03D0     		beq	.L68
 366:Middlewares/ST/STM32_USB_Device_Library/Core/Src/usbd_ctlreq.c ****               {
 367:Middlewares/ST/STM32_USB_Device_Library/Core/Src/usbd_ctlreq.c ****                 pep->status = 0x0001U;
 733              		.loc 1 367 29
 734 027e BB68     		ldr	r3, [r7, #8]
 735 0280 0122     		movs	r2, #1
 736 0282 1A60     		str	r2, [r3]
 737 0284 02E0     		b	.L67
 738              	.L68:
 368:Middlewares/ST/STM32_USB_Device_Library/Core/Src/usbd_ctlreq.c ****               }
 369:Middlewares/ST/STM32_USB_Device_Library/Core/Src/usbd_ctlreq.c ****               else
 370:Middlewares/ST/STM32_USB_Device_Library/Core/Src/usbd_ctlreq.c ****               {
 371:Middlewares/ST/STM32_USB_Device_Library/Core/Src/usbd_ctlreq.c ****                 pep->status = 0x0000U;
 739              		.loc 1 371 29
 740 0286 BB68     		ldr	r3, [r7, #8]
 741 0288 0022     		movs	r2, #0
 742 028a 1A60     		str	r2, [r3]
 743              	.L67:
 372:Middlewares/ST/STM32_USB_Device_Library/Core/Src/usbd_ctlreq.c ****               }
 373:Middlewares/ST/STM32_USB_Device_Library/Core/Src/usbd_ctlreq.c **** 
 374:Middlewares/ST/STM32_USB_Device_Library/Core/Src/usbd_ctlreq.c ****               USBD_CtlSendData(pdev, (uint8_t *)(void *)&pep->status, 2U);
 744              		.loc 1 374 57
 745 028c BB68     		ldr	r3, [r7, #8]
 746              		.loc 1 374 15
 747 028e 0222     		movs	r2, #2
 748 0290 1946     		mov	r1, r3
 749 0292 7868     		ldr	r0, [r7, #4]
 750 0294 FFF7FEFF 		bl	USBD_CtlSendData
 375:Middlewares/ST/STM32_USB_Device_Library/Core/Src/usbd_ctlreq.c ****               break;
 751              		.loc 1 375 15
 752 0298 04E0     		b	.L58
 753              	.L71:
 376:Middlewares/ST/STM32_USB_Device_Library/Core/Src/usbd_ctlreq.c **** 
 377:Middlewares/ST/STM32_USB_Device_Library/Core/Src/usbd_ctlreq.c ****             default:
 378:Middlewares/ST/STM32_USB_Device_Library/Core/Src/usbd_ctlreq.c ****               USBD_CtlError(pdev, req);
 754              		.loc 1 378 15
 755 029a 3968     		ldr	r1, [r7]
 756 029c 7868     		ldr	r0, [r7, #4]
 757 029e FFF7FEFF 		bl	USBD_CtlError
 379:Middlewares/ST/STM32_USB_Device_Library/Core/Src/usbd_ctlreq.c ****               break;
ARM GAS  /var/folders/xf/tcndk8390ml5xdpfw93qkhpm0000gn/T//cczv04jT.s 			page 21


 758              		.loc 1 379 15
 759 02a2 00BF     		nop
 760              	.L58:
 380:Middlewares/ST/STM32_USB_Device_Library/Core/Src/usbd_ctlreq.c ****           }
 381:Middlewares/ST/STM32_USB_Device_Library/Core/Src/usbd_ctlreq.c ****           break;
 761              		.loc 1 381 11
 762 02a4 04E0     		b	.L45
 763              	.L35:
 382:Middlewares/ST/STM32_USB_Device_Library/Core/Src/usbd_ctlreq.c **** 
 383:Middlewares/ST/STM32_USB_Device_Library/Core/Src/usbd_ctlreq.c ****         default:
 384:Middlewares/ST/STM32_USB_Device_Library/Core/Src/usbd_ctlreq.c ****           USBD_CtlError(pdev, req);
 764              		.loc 1 384 11
 765 02a6 3968     		ldr	r1, [r7]
 766 02a8 7868     		ldr	r0, [r7, #4]
 767 02aa FFF7FEFF 		bl	USBD_CtlError
 385:Middlewares/ST/STM32_USB_Device_Library/Core/Src/usbd_ctlreq.c ****           break;
 768              		.loc 1 385 11
 769 02ae 00BF     		nop
 770              	.L45:
 386:Middlewares/ST/STM32_USB_Device_Library/Core/Src/usbd_ctlreq.c ****       }
 387:Middlewares/ST/STM32_USB_Device_Library/Core/Src/usbd_ctlreq.c ****       break;
 771              		.loc 1 387 7
 772 02b0 04E0     		b	.L31
 773              	.L29:
 388:Middlewares/ST/STM32_USB_Device_Library/Core/Src/usbd_ctlreq.c **** 
 389:Middlewares/ST/STM32_USB_Device_Library/Core/Src/usbd_ctlreq.c ****     default:
 390:Middlewares/ST/STM32_USB_Device_Library/Core/Src/usbd_ctlreq.c ****       USBD_CtlError(pdev, req);
 774              		.loc 1 390 7
 775 02b2 3968     		ldr	r1, [r7]
 776 02b4 7868     		ldr	r0, [r7, #4]
 777 02b6 FFF7FEFF 		bl	USBD_CtlError
 391:Middlewares/ST/STM32_USB_Device_Library/Core/Src/usbd_ctlreq.c ****       break;
 778              		.loc 1 391 7
 779 02ba 00BF     		nop
 780              	.L31:
 392:Middlewares/ST/STM32_USB_Device_Library/Core/Src/usbd_ctlreq.c ****   }
 393:Middlewares/ST/STM32_USB_Device_Library/Core/Src/usbd_ctlreq.c **** 
 394:Middlewares/ST/STM32_USB_Device_Library/Core/Src/usbd_ctlreq.c ****   return ret;
 781              		.loc 1 394 10
 782 02bc FB7B     		ldrb	r3, [r7, #15]	@ zero_extendqisi2
 783              	.L33:
 395:Middlewares/ST/STM32_USB_Device_Library/Core/Src/usbd_ctlreq.c **** }
 784              		.loc 1 395 1
 785 02be 1846     		mov	r0, r3
 786 02c0 1037     		adds	r7, r7, #16
 787              	.LCFI13:
 788              		.cfi_def_cfa_offset 8
 789 02c2 BD46     		mov	sp, r7
 790              	.LCFI14:
 791              		.cfi_def_cfa_register 13
 792              		@ sp needed
 793 02c4 80BD     		pop	{r7, pc}
 794              		.cfi_endproc
 795              	.LFE70:
 797              		.section	.text.USBD_GetDescriptor,"ax",%progbits
 798              		.align	1
 799              		.syntax unified
ARM GAS  /var/folders/xf/tcndk8390ml5xdpfw93qkhpm0000gn/T//cczv04jT.s 			page 22


 800              		.thumb
 801              		.thumb_func
 803              	USBD_GetDescriptor:
 804              	.LFB71:
 396:Middlewares/ST/STM32_USB_Device_Library/Core/Src/usbd_ctlreq.c **** 
 397:Middlewares/ST/STM32_USB_Device_Library/Core/Src/usbd_ctlreq.c **** 
 398:Middlewares/ST/STM32_USB_Device_Library/Core/Src/usbd_ctlreq.c **** /**
 399:Middlewares/ST/STM32_USB_Device_Library/Core/Src/usbd_ctlreq.c **** * @brief  USBD_GetDescriptor
 400:Middlewares/ST/STM32_USB_Device_Library/Core/Src/usbd_ctlreq.c **** *         Handle Get Descriptor requests
 401:Middlewares/ST/STM32_USB_Device_Library/Core/Src/usbd_ctlreq.c **** * @param  pdev: device instance
 402:Middlewares/ST/STM32_USB_Device_Library/Core/Src/usbd_ctlreq.c **** * @param  req: usb request
 403:Middlewares/ST/STM32_USB_Device_Library/Core/Src/usbd_ctlreq.c **** * @retval status
 404:Middlewares/ST/STM32_USB_Device_Library/Core/Src/usbd_ctlreq.c **** */
 405:Middlewares/ST/STM32_USB_Device_Library/Core/Src/usbd_ctlreq.c **** static void USBD_GetDescriptor(USBD_HandleTypeDef *pdev,
 406:Middlewares/ST/STM32_USB_Device_Library/Core/Src/usbd_ctlreq.c ****                                USBD_SetupReqTypedef *req)
 407:Middlewares/ST/STM32_USB_Device_Library/Core/Src/usbd_ctlreq.c **** {
 805              		.loc 1 407 1
 806              		.cfi_startproc
 807              		@ args = 0, pretend = 0, frame = 16
 808              		@ frame_needed = 1, uses_anonymous_args = 0
 809 0000 80B5     		push	{r7, lr}
 810              	.LCFI15:
 811              		.cfi_def_cfa_offset 8
 812              		.cfi_offset 7, -8
 813              		.cfi_offset 14, -4
 814 0002 84B0     		sub	sp, sp, #16
 815              	.LCFI16:
 816              		.cfi_def_cfa_offset 24
 817 0004 00AF     		add	r7, sp, #0
 818              	.LCFI17:
 819              		.cfi_def_cfa_register 7
 820 0006 7860     		str	r0, [r7, #4]
 821 0008 3960     		str	r1, [r7]
 408:Middlewares/ST/STM32_USB_Device_Library/Core/Src/usbd_ctlreq.c ****   uint16_t len = 0U;
 822              		.loc 1 408 12
 823 000a 0023     		movs	r3, #0
 824 000c 3B81     		strh	r3, [r7, #8]	@ movhi
 409:Middlewares/ST/STM32_USB_Device_Library/Core/Src/usbd_ctlreq.c ****   uint8_t *pbuf = NULL;
 825              		.loc 1 409 12
 826 000e 0023     		movs	r3, #0
 827 0010 FB60     		str	r3, [r7, #12]
 410:Middlewares/ST/STM32_USB_Device_Library/Core/Src/usbd_ctlreq.c ****   uint8_t err = 0U;
 828              		.loc 1 410 11
 829 0012 0023     		movs	r3, #0
 830 0014 FB72     		strb	r3, [r7, #11]
 411:Middlewares/ST/STM32_USB_Device_Library/Core/Src/usbd_ctlreq.c **** 
 412:Middlewares/ST/STM32_USB_Device_Library/Core/Src/usbd_ctlreq.c ****   switch (req->wValue >> 8)
 831              		.loc 1 412 14
 832 0016 3B68     		ldr	r3, [r7]
 833 0018 5B88     		ldrh	r3, [r3, #2]
 834              		.loc 1 412 23
 835 001a 1B0A     		lsrs	r3, r3, #8
 836 001c 9BB2     		uxth	r3, r3
 837              		.loc 1 412 3
 838 001e 013B     		subs	r3, r3, #1
 839 0020 062B     		cmp	r3, #6
 840 0022 00F22881 		bhi	.L74
ARM GAS  /var/folders/xf/tcndk8390ml5xdpfw93qkhpm0000gn/T//cczv04jT.s 			page 23


 841 0026 01A2     		adr	r2, .L76
 842 0028 52F823F0 		ldr	pc, [r2, r3, lsl #2]
 843              		.p2align 2
 844              	.L76:
 845 002c 49000000 		.word	.L80+1
 846 0030 61000000 		.word	.L79+1
 847 0034 A1000000 		.word	.L78+1
 848 0038 77020000 		.word	.L74+1
 849 003c 77020000 		.word	.L74+1
 850 0040 17020000 		.word	.L77+1
 851 0044 43020000 		.word	.L75+1
 852              		.p2align 1
 853              	.L80:
 413:Middlewares/ST/STM32_USB_Device_Library/Core/Src/usbd_ctlreq.c ****   {
 414:Middlewares/ST/STM32_USB_Device_Library/Core/Src/usbd_ctlreq.c **** #if (USBD_LPM_ENABLED == 1U)
 415:Middlewares/ST/STM32_USB_Device_Library/Core/Src/usbd_ctlreq.c ****     case USB_DESC_TYPE_BOS:
 416:Middlewares/ST/STM32_USB_Device_Library/Core/Src/usbd_ctlreq.c ****       if (pdev->pDesc->GetBOSDescriptor != NULL)
 417:Middlewares/ST/STM32_USB_Device_Library/Core/Src/usbd_ctlreq.c ****       {
 418:Middlewares/ST/STM32_USB_Device_Library/Core/Src/usbd_ctlreq.c ****         pbuf = pdev->pDesc->GetBOSDescriptor(pdev->dev_speed, &len);
 419:Middlewares/ST/STM32_USB_Device_Library/Core/Src/usbd_ctlreq.c ****       }
 420:Middlewares/ST/STM32_USB_Device_Library/Core/Src/usbd_ctlreq.c ****       else
 421:Middlewares/ST/STM32_USB_Device_Library/Core/Src/usbd_ctlreq.c ****       {
 422:Middlewares/ST/STM32_USB_Device_Library/Core/Src/usbd_ctlreq.c ****         USBD_CtlError(pdev, req);
 423:Middlewares/ST/STM32_USB_Device_Library/Core/Src/usbd_ctlreq.c ****         err++;
 424:Middlewares/ST/STM32_USB_Device_Library/Core/Src/usbd_ctlreq.c ****       }
 425:Middlewares/ST/STM32_USB_Device_Library/Core/Src/usbd_ctlreq.c ****       break;
 426:Middlewares/ST/STM32_USB_Device_Library/Core/Src/usbd_ctlreq.c **** #endif
 427:Middlewares/ST/STM32_USB_Device_Library/Core/Src/usbd_ctlreq.c ****     case USB_DESC_TYPE_DEVICE:
 428:Middlewares/ST/STM32_USB_Device_Library/Core/Src/usbd_ctlreq.c ****       pbuf = pdev->pDesc->GetDeviceDescriptor(pdev->dev_speed, &len);
 854              		.loc 1 428 18
 855 0048 7B68     		ldr	r3, [r7, #4]
 856 004a D3F8B032 		ldr	r3, [r3, #688]
 857              		.loc 1 428 25
 858 004e 1B68     		ldr	r3, [r3]
 859              		.loc 1 428 14
 860 0050 7A68     		ldr	r2, [r7, #4]
 861 0052 127C     		ldrb	r2, [r2, #16]	@ zero_extendqisi2
 862 0054 07F10801 		add	r1, r7, #8
 863 0058 1046     		mov	r0, r2
 864 005a 9847     		blx	r3
 865              	.LVL4:
 866 005c F860     		str	r0, [r7, #12]
 429:Middlewares/ST/STM32_USB_Device_Library/Core/Src/usbd_ctlreq.c ****       break;
 867              		.loc 1 429 7
 868 005e 12E1     		b	.L81
 869              	.L79:
 430:Middlewares/ST/STM32_USB_Device_Library/Core/Src/usbd_ctlreq.c **** 
 431:Middlewares/ST/STM32_USB_Device_Library/Core/Src/usbd_ctlreq.c ****     case USB_DESC_TYPE_CONFIGURATION:
 432:Middlewares/ST/STM32_USB_Device_Library/Core/Src/usbd_ctlreq.c ****       if (pdev->dev_speed == USBD_SPEED_HIGH)
 870              		.loc 1 432 15
 871 0060 7B68     		ldr	r3, [r7, #4]
 872 0062 1B7C     		ldrb	r3, [r3, #16]	@ zero_extendqisi2
 873              		.loc 1 432 10
 874 0064 002B     		cmp	r3, #0
 875 0066 0DD1     		bne	.L82
 433:Middlewares/ST/STM32_USB_Device_Library/Core/Src/usbd_ctlreq.c ****       {
 434:Middlewares/ST/STM32_USB_Device_Library/Core/Src/usbd_ctlreq.c ****         pbuf = pdev->pClass->GetHSConfigDescriptor(&len);
ARM GAS  /var/folders/xf/tcndk8390ml5xdpfw93qkhpm0000gn/T//cczv04jT.s 			page 24


 876              		.loc 1 434 20
 877 0068 7B68     		ldr	r3, [r7, #4]
 878 006a D3F8B432 		ldr	r3, [r3, #692]
 879              		.loc 1 434 28
 880 006e 9B6A     		ldr	r3, [r3, #40]
 881              		.loc 1 434 16
 882 0070 07F10802 		add	r2, r7, #8
 883 0074 1046     		mov	r0, r2
 884 0076 9847     		blx	r3
 885              	.LVL5:
 886 0078 F860     		str	r0, [r7, #12]
 435:Middlewares/ST/STM32_USB_Device_Library/Core/Src/usbd_ctlreq.c ****         pbuf[1] = USB_DESC_TYPE_CONFIGURATION;
 887              		.loc 1 435 13
 888 007a FB68     		ldr	r3, [r7, #12]
 889 007c 0133     		adds	r3, r3, #1
 890              		.loc 1 435 17
 891 007e 0222     		movs	r2, #2
 892 0080 1A70     		strb	r2, [r3]
 436:Middlewares/ST/STM32_USB_Device_Library/Core/Src/usbd_ctlreq.c ****       }
 437:Middlewares/ST/STM32_USB_Device_Library/Core/Src/usbd_ctlreq.c ****       else
 438:Middlewares/ST/STM32_USB_Device_Library/Core/Src/usbd_ctlreq.c ****       {
 439:Middlewares/ST/STM32_USB_Device_Library/Core/Src/usbd_ctlreq.c ****         pbuf = pdev->pClass->GetFSConfigDescriptor(&len);
 440:Middlewares/ST/STM32_USB_Device_Library/Core/Src/usbd_ctlreq.c ****         pbuf[1] = USB_DESC_TYPE_CONFIGURATION;
 441:Middlewares/ST/STM32_USB_Device_Library/Core/Src/usbd_ctlreq.c ****       }
 442:Middlewares/ST/STM32_USB_Device_Library/Core/Src/usbd_ctlreq.c ****       break;
 893              		.loc 1 442 7
 894 0082 00E1     		b	.L81
 895              	.L82:
 439:Middlewares/ST/STM32_USB_Device_Library/Core/Src/usbd_ctlreq.c ****         pbuf[1] = USB_DESC_TYPE_CONFIGURATION;
 896              		.loc 1 439 20
 897 0084 7B68     		ldr	r3, [r7, #4]
 898 0086 D3F8B432 		ldr	r3, [r3, #692]
 439:Middlewares/ST/STM32_USB_Device_Library/Core/Src/usbd_ctlreq.c ****         pbuf[1] = USB_DESC_TYPE_CONFIGURATION;
 899              		.loc 1 439 28
 900 008a DB6A     		ldr	r3, [r3, #44]
 439:Middlewares/ST/STM32_USB_Device_Library/Core/Src/usbd_ctlreq.c ****         pbuf[1] = USB_DESC_TYPE_CONFIGURATION;
 901              		.loc 1 439 16
 902 008c 07F10802 		add	r2, r7, #8
 903 0090 1046     		mov	r0, r2
 904 0092 9847     		blx	r3
 905              	.LVL6:
 906 0094 F860     		str	r0, [r7, #12]
 440:Middlewares/ST/STM32_USB_Device_Library/Core/Src/usbd_ctlreq.c ****       }
 907              		.loc 1 440 13
 908 0096 FB68     		ldr	r3, [r7, #12]
 909 0098 0133     		adds	r3, r3, #1
 440:Middlewares/ST/STM32_USB_Device_Library/Core/Src/usbd_ctlreq.c ****       }
 910              		.loc 1 440 17
 911 009a 0222     		movs	r2, #2
 912 009c 1A70     		strb	r2, [r3]
 913              		.loc 1 442 7
 914 009e F2E0     		b	.L81
 915              	.L78:
 443:Middlewares/ST/STM32_USB_Device_Library/Core/Src/usbd_ctlreq.c **** 
 444:Middlewares/ST/STM32_USB_Device_Library/Core/Src/usbd_ctlreq.c ****     case USB_DESC_TYPE_STRING:
 445:Middlewares/ST/STM32_USB_Device_Library/Core/Src/usbd_ctlreq.c ****       switch ((uint8_t)(req->wValue))
 916              		.loc 1 445 28
ARM GAS  /var/folders/xf/tcndk8390ml5xdpfw93qkhpm0000gn/T//cczv04jT.s 			page 25


 917 00a0 3B68     		ldr	r3, [r7]
 918 00a2 5B88     		ldrh	r3, [r3, #2]
 919              		.loc 1 445 15
 920 00a4 DBB2     		uxtb	r3, r3
 921 00a6 052B     		cmp	r3, #5
 922 00a8 00F2AC80 		bhi	.L84
 923 00ac 01A2     		adr	r2, .L86
 924 00ae 52F823F0 		ldr	pc, [r2, r3, lsl #2]
 925 00b2 00BF     		.p2align 2
 926              	.L86:
 927 00b4 CD000000 		.word	.L91+1
 928 00b8 01010000 		.word	.L90+1
 929 00bc 35010000 		.word	.L89+1
 930 00c0 69010000 		.word	.L88+1
 931 00c4 9D010000 		.word	.L87+1
 932 00c8 D1010000 		.word	.L85+1
 933              		.p2align 1
 934              	.L91:
 446:Middlewares/ST/STM32_USB_Device_Library/Core/Src/usbd_ctlreq.c ****       {
 447:Middlewares/ST/STM32_USB_Device_Library/Core/Src/usbd_ctlreq.c ****         case USBD_IDX_LANGID_STR:
 448:Middlewares/ST/STM32_USB_Device_Library/Core/Src/usbd_ctlreq.c ****           if (pdev->pDesc->GetLangIDStrDescriptor != NULL)
 935              		.loc 1 448 19
 936 00cc 7B68     		ldr	r3, [r7, #4]
 937 00ce D3F8B032 		ldr	r3, [r3, #688]
 938              		.loc 1 448 26
 939 00d2 5B68     		ldr	r3, [r3, #4]
 940              		.loc 1 448 14
 941 00d4 002B     		cmp	r3, #0
 942 00d6 0BD0     		beq	.L92
 449:Middlewares/ST/STM32_USB_Device_Library/Core/Src/usbd_ctlreq.c ****           {
 450:Middlewares/ST/STM32_USB_Device_Library/Core/Src/usbd_ctlreq.c ****             pbuf = pdev->pDesc->GetLangIDStrDescriptor(pdev->dev_speed, &len);
 943              		.loc 1 450 24
 944 00d8 7B68     		ldr	r3, [r7, #4]
 945 00da D3F8B032 		ldr	r3, [r3, #688]
 946              		.loc 1 450 31
 947 00de 5B68     		ldr	r3, [r3, #4]
 948              		.loc 1 450 20
 949 00e0 7A68     		ldr	r2, [r7, #4]
 950 00e2 127C     		ldrb	r2, [r2, #16]	@ zero_extendqisi2
 951 00e4 07F10801 		add	r1, r7, #8
 952 00e8 1046     		mov	r0, r2
 953 00ea 9847     		blx	r3
 954              	.LVL7:
 955 00ec F860     		str	r0, [r7, #12]
 451:Middlewares/ST/STM32_USB_Device_Library/Core/Src/usbd_ctlreq.c ****           }
 452:Middlewares/ST/STM32_USB_Device_Library/Core/Src/usbd_ctlreq.c ****           else
 453:Middlewares/ST/STM32_USB_Device_Library/Core/Src/usbd_ctlreq.c ****           {
 454:Middlewares/ST/STM32_USB_Device_Library/Core/Src/usbd_ctlreq.c ****             USBD_CtlError(pdev, req);
 455:Middlewares/ST/STM32_USB_Device_Library/Core/Src/usbd_ctlreq.c ****             err++;
 456:Middlewares/ST/STM32_USB_Device_Library/Core/Src/usbd_ctlreq.c ****           }
 457:Middlewares/ST/STM32_USB_Device_Library/Core/Src/usbd_ctlreq.c ****           break;
 956              		.loc 1 457 11
 957 00ee 91E0     		b	.L94
 958              	.L92:
 454:Middlewares/ST/STM32_USB_Device_Library/Core/Src/usbd_ctlreq.c ****             err++;
 959              		.loc 1 454 13
 960 00f0 3968     		ldr	r1, [r7]
ARM GAS  /var/folders/xf/tcndk8390ml5xdpfw93qkhpm0000gn/T//cczv04jT.s 			page 26


 961 00f2 7868     		ldr	r0, [r7, #4]
 962 00f4 FFF7FEFF 		bl	USBD_CtlError
 455:Middlewares/ST/STM32_USB_Device_Library/Core/Src/usbd_ctlreq.c ****           }
 963              		.loc 1 455 16
 964 00f8 FB7A     		ldrb	r3, [r7, #11]	@ zero_extendqisi2
 965 00fa 0133     		adds	r3, r3, #1
 966 00fc FB72     		strb	r3, [r7, #11]
 967              		.loc 1 457 11
 968 00fe 89E0     		b	.L94
 969              	.L90:
 458:Middlewares/ST/STM32_USB_Device_Library/Core/Src/usbd_ctlreq.c **** 
 459:Middlewares/ST/STM32_USB_Device_Library/Core/Src/usbd_ctlreq.c ****         case USBD_IDX_MFC_STR:
 460:Middlewares/ST/STM32_USB_Device_Library/Core/Src/usbd_ctlreq.c ****           if (pdev->pDesc->GetManufacturerStrDescriptor != NULL)
 970              		.loc 1 460 19
 971 0100 7B68     		ldr	r3, [r7, #4]
 972 0102 D3F8B032 		ldr	r3, [r3, #688]
 973              		.loc 1 460 26
 974 0106 9B68     		ldr	r3, [r3, #8]
 975              		.loc 1 460 14
 976 0108 002B     		cmp	r3, #0
 977 010a 0BD0     		beq	.L95
 461:Middlewares/ST/STM32_USB_Device_Library/Core/Src/usbd_ctlreq.c ****           {
 462:Middlewares/ST/STM32_USB_Device_Library/Core/Src/usbd_ctlreq.c ****             pbuf = pdev->pDesc->GetManufacturerStrDescriptor(pdev->dev_speed, &len);
 978              		.loc 1 462 24
 979 010c 7B68     		ldr	r3, [r7, #4]
 980 010e D3F8B032 		ldr	r3, [r3, #688]
 981              		.loc 1 462 31
 982 0112 9B68     		ldr	r3, [r3, #8]
 983              		.loc 1 462 20
 984 0114 7A68     		ldr	r2, [r7, #4]
 985 0116 127C     		ldrb	r2, [r2, #16]	@ zero_extendqisi2
 986 0118 07F10801 		add	r1, r7, #8
 987 011c 1046     		mov	r0, r2
 988 011e 9847     		blx	r3
 989              	.LVL8:
 990 0120 F860     		str	r0, [r7, #12]
 463:Middlewares/ST/STM32_USB_Device_Library/Core/Src/usbd_ctlreq.c ****           }
 464:Middlewares/ST/STM32_USB_Device_Library/Core/Src/usbd_ctlreq.c ****           else
 465:Middlewares/ST/STM32_USB_Device_Library/Core/Src/usbd_ctlreq.c ****           {
 466:Middlewares/ST/STM32_USB_Device_Library/Core/Src/usbd_ctlreq.c ****             USBD_CtlError(pdev, req);
 467:Middlewares/ST/STM32_USB_Device_Library/Core/Src/usbd_ctlreq.c ****             err++;
 468:Middlewares/ST/STM32_USB_Device_Library/Core/Src/usbd_ctlreq.c ****           }
 469:Middlewares/ST/STM32_USB_Device_Library/Core/Src/usbd_ctlreq.c ****           break;
 991              		.loc 1 469 11
 992 0122 77E0     		b	.L94
 993              	.L95:
 466:Middlewares/ST/STM32_USB_Device_Library/Core/Src/usbd_ctlreq.c ****             err++;
 994              		.loc 1 466 13
 995 0124 3968     		ldr	r1, [r7]
 996 0126 7868     		ldr	r0, [r7, #4]
 997 0128 FFF7FEFF 		bl	USBD_CtlError
 467:Middlewares/ST/STM32_USB_Device_Library/Core/Src/usbd_ctlreq.c ****           }
 998              		.loc 1 467 16
 999 012c FB7A     		ldrb	r3, [r7, #11]	@ zero_extendqisi2
 1000 012e 0133     		adds	r3, r3, #1
 1001 0130 FB72     		strb	r3, [r7, #11]
 1002              		.loc 1 469 11
ARM GAS  /var/folders/xf/tcndk8390ml5xdpfw93qkhpm0000gn/T//cczv04jT.s 			page 27


 1003 0132 6FE0     		b	.L94
 1004              	.L89:
 470:Middlewares/ST/STM32_USB_Device_Library/Core/Src/usbd_ctlreq.c **** 
 471:Middlewares/ST/STM32_USB_Device_Library/Core/Src/usbd_ctlreq.c ****         case USBD_IDX_PRODUCT_STR:
 472:Middlewares/ST/STM32_USB_Device_Library/Core/Src/usbd_ctlreq.c ****           if (pdev->pDesc->GetProductStrDescriptor != NULL)
 1005              		.loc 1 472 19
 1006 0134 7B68     		ldr	r3, [r7, #4]
 1007 0136 D3F8B032 		ldr	r3, [r3, #688]
 1008              		.loc 1 472 26
 1009 013a DB68     		ldr	r3, [r3, #12]
 1010              		.loc 1 472 14
 1011 013c 002B     		cmp	r3, #0
 1012 013e 0BD0     		beq	.L97
 473:Middlewares/ST/STM32_USB_Device_Library/Core/Src/usbd_ctlreq.c ****           {
 474:Middlewares/ST/STM32_USB_Device_Library/Core/Src/usbd_ctlreq.c ****             pbuf = pdev->pDesc->GetProductStrDescriptor(pdev->dev_speed, &len);
 1013              		.loc 1 474 24
 1014 0140 7B68     		ldr	r3, [r7, #4]
 1015 0142 D3F8B032 		ldr	r3, [r3, #688]
 1016              		.loc 1 474 31
 1017 0146 DB68     		ldr	r3, [r3, #12]
 1018              		.loc 1 474 20
 1019 0148 7A68     		ldr	r2, [r7, #4]
 1020 014a 127C     		ldrb	r2, [r2, #16]	@ zero_extendqisi2
 1021 014c 07F10801 		add	r1, r7, #8
 1022 0150 1046     		mov	r0, r2
 1023 0152 9847     		blx	r3
 1024              	.LVL9:
 1025 0154 F860     		str	r0, [r7, #12]
 475:Middlewares/ST/STM32_USB_Device_Library/Core/Src/usbd_ctlreq.c ****           }
 476:Middlewares/ST/STM32_USB_Device_Library/Core/Src/usbd_ctlreq.c ****           else
 477:Middlewares/ST/STM32_USB_Device_Library/Core/Src/usbd_ctlreq.c ****           {
 478:Middlewares/ST/STM32_USB_Device_Library/Core/Src/usbd_ctlreq.c ****             USBD_CtlError(pdev, req);
 479:Middlewares/ST/STM32_USB_Device_Library/Core/Src/usbd_ctlreq.c ****             err++;
 480:Middlewares/ST/STM32_USB_Device_Library/Core/Src/usbd_ctlreq.c ****           }
 481:Middlewares/ST/STM32_USB_Device_Library/Core/Src/usbd_ctlreq.c ****           break;
 1026              		.loc 1 481 11
 1027 0156 5DE0     		b	.L94
 1028              	.L97:
 478:Middlewares/ST/STM32_USB_Device_Library/Core/Src/usbd_ctlreq.c ****             err++;
 1029              		.loc 1 478 13
 1030 0158 3968     		ldr	r1, [r7]
 1031 015a 7868     		ldr	r0, [r7, #4]
 1032 015c FFF7FEFF 		bl	USBD_CtlError
 479:Middlewares/ST/STM32_USB_Device_Library/Core/Src/usbd_ctlreq.c ****           }
 1033              		.loc 1 479 16
 1034 0160 FB7A     		ldrb	r3, [r7, #11]	@ zero_extendqisi2
 1035 0162 0133     		adds	r3, r3, #1
 1036 0164 FB72     		strb	r3, [r7, #11]
 1037              		.loc 1 481 11
 1038 0166 55E0     		b	.L94
 1039              	.L88:
 482:Middlewares/ST/STM32_USB_Device_Library/Core/Src/usbd_ctlreq.c **** 
 483:Middlewares/ST/STM32_USB_Device_Library/Core/Src/usbd_ctlreq.c ****         case USBD_IDX_SERIAL_STR:
 484:Middlewares/ST/STM32_USB_Device_Library/Core/Src/usbd_ctlreq.c ****           if (pdev->pDesc->GetSerialStrDescriptor != NULL)
 1040              		.loc 1 484 19
 1041 0168 7B68     		ldr	r3, [r7, #4]
 1042 016a D3F8B032 		ldr	r3, [r3, #688]
ARM GAS  /var/folders/xf/tcndk8390ml5xdpfw93qkhpm0000gn/T//cczv04jT.s 			page 28


 1043              		.loc 1 484 26
 1044 016e 1B69     		ldr	r3, [r3, #16]
 1045              		.loc 1 484 14
 1046 0170 002B     		cmp	r3, #0
 1047 0172 0BD0     		beq	.L99
 485:Middlewares/ST/STM32_USB_Device_Library/Core/Src/usbd_ctlreq.c ****           {
 486:Middlewares/ST/STM32_USB_Device_Library/Core/Src/usbd_ctlreq.c ****             pbuf = pdev->pDesc->GetSerialStrDescriptor(pdev->dev_speed, &len);
 1048              		.loc 1 486 24
 1049 0174 7B68     		ldr	r3, [r7, #4]
 1050 0176 D3F8B032 		ldr	r3, [r3, #688]
 1051              		.loc 1 486 31
 1052 017a 1B69     		ldr	r3, [r3, #16]
 1053              		.loc 1 486 20
 1054 017c 7A68     		ldr	r2, [r7, #4]
 1055 017e 127C     		ldrb	r2, [r2, #16]	@ zero_extendqisi2
 1056 0180 07F10801 		add	r1, r7, #8
 1057 0184 1046     		mov	r0, r2
 1058 0186 9847     		blx	r3
 1059              	.LVL10:
 1060 0188 F860     		str	r0, [r7, #12]
 487:Middlewares/ST/STM32_USB_Device_Library/Core/Src/usbd_ctlreq.c ****           }
 488:Middlewares/ST/STM32_USB_Device_Library/Core/Src/usbd_ctlreq.c ****           else
 489:Middlewares/ST/STM32_USB_Device_Library/Core/Src/usbd_ctlreq.c ****           {
 490:Middlewares/ST/STM32_USB_Device_Library/Core/Src/usbd_ctlreq.c ****             USBD_CtlError(pdev, req);
 491:Middlewares/ST/STM32_USB_Device_Library/Core/Src/usbd_ctlreq.c ****             err++;
 492:Middlewares/ST/STM32_USB_Device_Library/Core/Src/usbd_ctlreq.c ****           }
 493:Middlewares/ST/STM32_USB_Device_Library/Core/Src/usbd_ctlreq.c ****           break;
 1061              		.loc 1 493 11
 1062 018a 43E0     		b	.L94
 1063              	.L99:
 490:Middlewares/ST/STM32_USB_Device_Library/Core/Src/usbd_ctlreq.c ****             err++;
 1064              		.loc 1 490 13
 1065 018c 3968     		ldr	r1, [r7]
 1066 018e 7868     		ldr	r0, [r7, #4]
 1067 0190 FFF7FEFF 		bl	USBD_CtlError
 491:Middlewares/ST/STM32_USB_Device_Library/Core/Src/usbd_ctlreq.c ****           }
 1068              		.loc 1 491 16
 1069 0194 FB7A     		ldrb	r3, [r7, #11]	@ zero_extendqisi2
 1070 0196 0133     		adds	r3, r3, #1
 1071 0198 FB72     		strb	r3, [r7, #11]
 1072              		.loc 1 493 11
 1073 019a 3BE0     		b	.L94
 1074              	.L87:
 494:Middlewares/ST/STM32_USB_Device_Library/Core/Src/usbd_ctlreq.c **** 
 495:Middlewares/ST/STM32_USB_Device_Library/Core/Src/usbd_ctlreq.c ****         case USBD_IDX_CONFIG_STR:
 496:Middlewares/ST/STM32_USB_Device_Library/Core/Src/usbd_ctlreq.c ****           if (pdev->pDesc->GetConfigurationStrDescriptor != NULL)
 1075              		.loc 1 496 19
 1076 019c 7B68     		ldr	r3, [r7, #4]
 1077 019e D3F8B032 		ldr	r3, [r3, #688]
 1078              		.loc 1 496 26
 1079 01a2 5B69     		ldr	r3, [r3, #20]
 1080              		.loc 1 496 14
 1081 01a4 002B     		cmp	r3, #0
 1082 01a6 0BD0     		beq	.L101
 497:Middlewares/ST/STM32_USB_Device_Library/Core/Src/usbd_ctlreq.c ****           {
 498:Middlewares/ST/STM32_USB_Device_Library/Core/Src/usbd_ctlreq.c ****             pbuf = pdev->pDesc->GetConfigurationStrDescriptor(pdev->dev_speed, &len);
 1083              		.loc 1 498 24
ARM GAS  /var/folders/xf/tcndk8390ml5xdpfw93qkhpm0000gn/T//cczv04jT.s 			page 29


 1084 01a8 7B68     		ldr	r3, [r7, #4]
 1085 01aa D3F8B032 		ldr	r3, [r3, #688]
 1086              		.loc 1 498 31
 1087 01ae 5B69     		ldr	r3, [r3, #20]
 1088              		.loc 1 498 20
 1089 01b0 7A68     		ldr	r2, [r7, #4]
 1090 01b2 127C     		ldrb	r2, [r2, #16]	@ zero_extendqisi2
 1091 01b4 07F10801 		add	r1, r7, #8
 1092 01b8 1046     		mov	r0, r2
 1093 01ba 9847     		blx	r3
 1094              	.LVL11:
 1095 01bc F860     		str	r0, [r7, #12]
 499:Middlewares/ST/STM32_USB_Device_Library/Core/Src/usbd_ctlreq.c ****           }
 500:Middlewares/ST/STM32_USB_Device_Library/Core/Src/usbd_ctlreq.c ****           else
 501:Middlewares/ST/STM32_USB_Device_Library/Core/Src/usbd_ctlreq.c ****           {
 502:Middlewares/ST/STM32_USB_Device_Library/Core/Src/usbd_ctlreq.c ****             USBD_CtlError(pdev, req);
 503:Middlewares/ST/STM32_USB_Device_Library/Core/Src/usbd_ctlreq.c ****             err++;
 504:Middlewares/ST/STM32_USB_Device_Library/Core/Src/usbd_ctlreq.c ****           }
 505:Middlewares/ST/STM32_USB_Device_Library/Core/Src/usbd_ctlreq.c ****           break;
 1096              		.loc 1 505 11
 1097 01be 29E0     		b	.L94
 1098              	.L101:
 502:Middlewares/ST/STM32_USB_Device_Library/Core/Src/usbd_ctlreq.c ****             err++;
 1099              		.loc 1 502 13
 1100 01c0 3968     		ldr	r1, [r7]
 1101 01c2 7868     		ldr	r0, [r7, #4]
 1102 01c4 FFF7FEFF 		bl	USBD_CtlError
 503:Middlewares/ST/STM32_USB_Device_Library/Core/Src/usbd_ctlreq.c ****           }
 1103              		.loc 1 503 16
 1104 01c8 FB7A     		ldrb	r3, [r7, #11]	@ zero_extendqisi2
 1105 01ca 0133     		adds	r3, r3, #1
 1106 01cc FB72     		strb	r3, [r7, #11]
 1107              		.loc 1 505 11
 1108 01ce 21E0     		b	.L94
 1109              	.L85:
 506:Middlewares/ST/STM32_USB_Device_Library/Core/Src/usbd_ctlreq.c **** 
 507:Middlewares/ST/STM32_USB_Device_Library/Core/Src/usbd_ctlreq.c ****         case USBD_IDX_INTERFACE_STR:
 508:Middlewares/ST/STM32_USB_Device_Library/Core/Src/usbd_ctlreq.c ****           if (pdev->pDesc->GetInterfaceStrDescriptor != NULL)
 1110              		.loc 1 508 19
 1111 01d0 7B68     		ldr	r3, [r7, #4]
 1112 01d2 D3F8B032 		ldr	r3, [r3, #688]
 1113              		.loc 1 508 26
 1114 01d6 9B69     		ldr	r3, [r3, #24]
 1115              		.loc 1 508 14
 1116 01d8 002B     		cmp	r3, #0
 1117 01da 0BD0     		beq	.L103
 509:Middlewares/ST/STM32_USB_Device_Library/Core/Src/usbd_ctlreq.c ****           {
 510:Middlewares/ST/STM32_USB_Device_Library/Core/Src/usbd_ctlreq.c ****             pbuf = pdev->pDesc->GetInterfaceStrDescriptor(pdev->dev_speed, &len);
 1118              		.loc 1 510 24
 1119 01dc 7B68     		ldr	r3, [r7, #4]
 1120 01de D3F8B032 		ldr	r3, [r3, #688]
 1121              		.loc 1 510 31
 1122 01e2 9B69     		ldr	r3, [r3, #24]
 1123              		.loc 1 510 20
 1124 01e4 7A68     		ldr	r2, [r7, #4]
 1125 01e6 127C     		ldrb	r2, [r2, #16]	@ zero_extendqisi2
 1126 01e8 07F10801 		add	r1, r7, #8
ARM GAS  /var/folders/xf/tcndk8390ml5xdpfw93qkhpm0000gn/T//cczv04jT.s 			page 30


 1127 01ec 1046     		mov	r0, r2
 1128 01ee 9847     		blx	r3
 1129              	.LVL12:
 1130 01f0 F860     		str	r0, [r7, #12]
 511:Middlewares/ST/STM32_USB_Device_Library/Core/Src/usbd_ctlreq.c ****           }
 512:Middlewares/ST/STM32_USB_Device_Library/Core/Src/usbd_ctlreq.c ****           else
 513:Middlewares/ST/STM32_USB_Device_Library/Core/Src/usbd_ctlreq.c ****           {
 514:Middlewares/ST/STM32_USB_Device_Library/Core/Src/usbd_ctlreq.c ****             USBD_CtlError(pdev, req);
 515:Middlewares/ST/STM32_USB_Device_Library/Core/Src/usbd_ctlreq.c ****             err++;
 516:Middlewares/ST/STM32_USB_Device_Library/Core/Src/usbd_ctlreq.c ****           }
 517:Middlewares/ST/STM32_USB_Device_Library/Core/Src/usbd_ctlreq.c ****           break;
 1131              		.loc 1 517 11
 1132 01f2 0FE0     		b	.L94
 1133              	.L103:
 514:Middlewares/ST/STM32_USB_Device_Library/Core/Src/usbd_ctlreq.c ****             err++;
 1134              		.loc 1 514 13
 1135 01f4 3968     		ldr	r1, [r7]
 1136 01f6 7868     		ldr	r0, [r7, #4]
 1137 01f8 FFF7FEFF 		bl	USBD_CtlError
 515:Middlewares/ST/STM32_USB_Device_Library/Core/Src/usbd_ctlreq.c ****           }
 1138              		.loc 1 515 16
 1139 01fc FB7A     		ldrb	r3, [r7, #11]	@ zero_extendqisi2
 1140 01fe 0133     		adds	r3, r3, #1
 1141 0200 FB72     		strb	r3, [r7, #11]
 1142              		.loc 1 517 11
 1143 0202 07E0     		b	.L94
 1144              	.L84:
 518:Middlewares/ST/STM32_USB_Device_Library/Core/Src/usbd_ctlreq.c **** 
 519:Middlewares/ST/STM32_USB_Device_Library/Core/Src/usbd_ctlreq.c ****         default:
 520:Middlewares/ST/STM32_USB_Device_Library/Core/Src/usbd_ctlreq.c **** #if (USBD_SUPPORT_USER_STRING_DESC == 1U)
 521:Middlewares/ST/STM32_USB_Device_Library/Core/Src/usbd_ctlreq.c ****           if (pdev->pClass->GetUsrStrDescriptor != NULL)
 522:Middlewares/ST/STM32_USB_Device_Library/Core/Src/usbd_ctlreq.c ****           {
 523:Middlewares/ST/STM32_USB_Device_Library/Core/Src/usbd_ctlreq.c ****             pbuf = pdev->pClass->GetUsrStrDescriptor(pdev, (req->wValue), &len);
 524:Middlewares/ST/STM32_USB_Device_Library/Core/Src/usbd_ctlreq.c ****           }
 525:Middlewares/ST/STM32_USB_Device_Library/Core/Src/usbd_ctlreq.c ****           else
 526:Middlewares/ST/STM32_USB_Device_Library/Core/Src/usbd_ctlreq.c ****           {
 527:Middlewares/ST/STM32_USB_Device_Library/Core/Src/usbd_ctlreq.c ****             USBD_CtlError(pdev, req);
 528:Middlewares/ST/STM32_USB_Device_Library/Core/Src/usbd_ctlreq.c ****             err++;
 529:Middlewares/ST/STM32_USB_Device_Library/Core/Src/usbd_ctlreq.c ****           }
 530:Middlewares/ST/STM32_USB_Device_Library/Core/Src/usbd_ctlreq.c ****           break;
 531:Middlewares/ST/STM32_USB_Device_Library/Core/Src/usbd_ctlreq.c **** #else
 532:Middlewares/ST/STM32_USB_Device_Library/Core/Src/usbd_ctlreq.c ****           USBD_CtlError(pdev, req);
 1145              		.loc 1 532 11
 1146 0204 3968     		ldr	r1, [r7]
 1147 0206 7868     		ldr	r0, [r7, #4]
 1148 0208 FFF7FEFF 		bl	USBD_CtlError
 533:Middlewares/ST/STM32_USB_Device_Library/Core/Src/usbd_ctlreq.c ****           err++;
 1149              		.loc 1 533 14
 1150 020c FB7A     		ldrb	r3, [r7, #11]	@ zero_extendqisi2
 1151 020e 0133     		adds	r3, r3, #1
 1152 0210 FB72     		strb	r3, [r7, #11]
 534:Middlewares/ST/STM32_USB_Device_Library/Core/Src/usbd_ctlreq.c **** #endif
 535:Middlewares/ST/STM32_USB_Device_Library/Core/Src/usbd_ctlreq.c ****       }
 536:Middlewares/ST/STM32_USB_Device_Library/Core/Src/usbd_ctlreq.c ****       break;
 1153              		.loc 1 536 7
 1154 0212 38E0     		b	.L81
 1155              	.L94:
ARM GAS  /var/folders/xf/tcndk8390ml5xdpfw93qkhpm0000gn/T//cczv04jT.s 			page 31


 1156 0214 37E0     		b	.L81
 1157              	.L77:
 537:Middlewares/ST/STM32_USB_Device_Library/Core/Src/usbd_ctlreq.c **** 
 538:Middlewares/ST/STM32_USB_Device_Library/Core/Src/usbd_ctlreq.c ****     case USB_DESC_TYPE_DEVICE_QUALIFIER:
 539:Middlewares/ST/STM32_USB_Device_Library/Core/Src/usbd_ctlreq.c ****       if (pdev->dev_speed == USBD_SPEED_HIGH)
 1158              		.loc 1 539 15
 1159 0216 7B68     		ldr	r3, [r7, #4]
 1160 0218 1B7C     		ldrb	r3, [r3, #16]	@ zero_extendqisi2
 1161              		.loc 1 539 10
 1162 021a 002B     		cmp	r3, #0
 1163 021c 09D1     		bne	.L105
 540:Middlewares/ST/STM32_USB_Device_Library/Core/Src/usbd_ctlreq.c ****       {
 541:Middlewares/ST/STM32_USB_Device_Library/Core/Src/usbd_ctlreq.c ****         pbuf = pdev->pClass->GetDeviceQualifierDescriptor(&len);
 1164              		.loc 1 541 20
 1165 021e 7B68     		ldr	r3, [r7, #4]
 1166 0220 D3F8B432 		ldr	r3, [r3, #692]
 1167              		.loc 1 541 28
 1168 0224 5B6B     		ldr	r3, [r3, #52]
 1169              		.loc 1 541 16
 1170 0226 07F10802 		add	r2, r7, #8
 1171 022a 1046     		mov	r0, r2
 1172 022c 9847     		blx	r3
 1173              	.LVL13:
 1174 022e F860     		str	r0, [r7, #12]
 542:Middlewares/ST/STM32_USB_Device_Library/Core/Src/usbd_ctlreq.c ****       }
 543:Middlewares/ST/STM32_USB_Device_Library/Core/Src/usbd_ctlreq.c ****       else
 544:Middlewares/ST/STM32_USB_Device_Library/Core/Src/usbd_ctlreq.c ****       {
 545:Middlewares/ST/STM32_USB_Device_Library/Core/Src/usbd_ctlreq.c ****         USBD_CtlError(pdev, req);
 546:Middlewares/ST/STM32_USB_Device_Library/Core/Src/usbd_ctlreq.c ****         err++;
 547:Middlewares/ST/STM32_USB_Device_Library/Core/Src/usbd_ctlreq.c ****       }
 548:Middlewares/ST/STM32_USB_Device_Library/Core/Src/usbd_ctlreq.c ****       break;
 1175              		.loc 1 548 7
 1176 0230 29E0     		b	.L81
 1177              	.L105:
 545:Middlewares/ST/STM32_USB_Device_Library/Core/Src/usbd_ctlreq.c ****         err++;
 1178              		.loc 1 545 9
 1179 0232 3968     		ldr	r1, [r7]
 1180 0234 7868     		ldr	r0, [r7, #4]
 1181 0236 FFF7FEFF 		bl	USBD_CtlError
 546:Middlewares/ST/STM32_USB_Device_Library/Core/Src/usbd_ctlreq.c ****       }
 1182              		.loc 1 546 12
 1183 023a FB7A     		ldrb	r3, [r7, #11]	@ zero_extendqisi2
 1184 023c 0133     		adds	r3, r3, #1
 1185 023e FB72     		strb	r3, [r7, #11]
 1186              		.loc 1 548 7
 1187 0240 21E0     		b	.L81
 1188              	.L75:
 549:Middlewares/ST/STM32_USB_Device_Library/Core/Src/usbd_ctlreq.c **** 
 550:Middlewares/ST/STM32_USB_Device_Library/Core/Src/usbd_ctlreq.c ****     case USB_DESC_TYPE_OTHER_SPEED_CONFIGURATION:
 551:Middlewares/ST/STM32_USB_Device_Library/Core/Src/usbd_ctlreq.c ****       if (pdev->dev_speed == USBD_SPEED_HIGH)
 1189              		.loc 1 551 15
 1190 0242 7B68     		ldr	r3, [r7, #4]
 1191 0244 1B7C     		ldrb	r3, [r3, #16]	@ zero_extendqisi2
 1192              		.loc 1 551 10
 1193 0246 002B     		cmp	r3, #0
 1194 0248 0DD1     		bne	.L107
 552:Middlewares/ST/STM32_USB_Device_Library/Core/Src/usbd_ctlreq.c ****       {
ARM GAS  /var/folders/xf/tcndk8390ml5xdpfw93qkhpm0000gn/T//cczv04jT.s 			page 32


 553:Middlewares/ST/STM32_USB_Device_Library/Core/Src/usbd_ctlreq.c ****         pbuf = pdev->pClass->GetOtherSpeedConfigDescriptor(&len);
 1195              		.loc 1 553 20
 1196 024a 7B68     		ldr	r3, [r7, #4]
 1197 024c D3F8B432 		ldr	r3, [r3, #692]
 1198              		.loc 1 553 28
 1199 0250 1B6B     		ldr	r3, [r3, #48]
 1200              		.loc 1 553 16
 1201 0252 07F10802 		add	r2, r7, #8
 1202 0256 1046     		mov	r0, r2
 1203 0258 9847     		blx	r3
 1204              	.LVL14:
 1205 025a F860     		str	r0, [r7, #12]
 554:Middlewares/ST/STM32_USB_Device_Library/Core/Src/usbd_ctlreq.c ****         pbuf[1] = USB_DESC_TYPE_OTHER_SPEED_CONFIGURATION;
 1206              		.loc 1 554 13
 1207 025c FB68     		ldr	r3, [r7, #12]
 1208 025e 0133     		adds	r3, r3, #1
 1209              		.loc 1 554 17
 1210 0260 0722     		movs	r2, #7
 1211 0262 1A70     		strb	r2, [r3]
 555:Middlewares/ST/STM32_USB_Device_Library/Core/Src/usbd_ctlreq.c ****       }
 556:Middlewares/ST/STM32_USB_Device_Library/Core/Src/usbd_ctlreq.c ****       else
 557:Middlewares/ST/STM32_USB_Device_Library/Core/Src/usbd_ctlreq.c ****       {
 558:Middlewares/ST/STM32_USB_Device_Library/Core/Src/usbd_ctlreq.c ****         USBD_CtlError(pdev, req);
 559:Middlewares/ST/STM32_USB_Device_Library/Core/Src/usbd_ctlreq.c ****         err++;
 560:Middlewares/ST/STM32_USB_Device_Library/Core/Src/usbd_ctlreq.c ****       }
 561:Middlewares/ST/STM32_USB_Device_Library/Core/Src/usbd_ctlreq.c ****       break;
 1212              		.loc 1 561 7
 1213 0264 0FE0     		b	.L81
 1214              	.L107:
 558:Middlewares/ST/STM32_USB_Device_Library/Core/Src/usbd_ctlreq.c ****         err++;
 1215              		.loc 1 558 9
 1216 0266 3968     		ldr	r1, [r7]
 1217 0268 7868     		ldr	r0, [r7, #4]
 1218 026a FFF7FEFF 		bl	USBD_CtlError
 559:Middlewares/ST/STM32_USB_Device_Library/Core/Src/usbd_ctlreq.c ****       }
 1219              		.loc 1 559 12
 1220 026e FB7A     		ldrb	r3, [r7, #11]	@ zero_extendqisi2
 1221 0270 0133     		adds	r3, r3, #1
 1222 0272 FB72     		strb	r3, [r7, #11]
 1223              		.loc 1 561 7
 1224 0274 07E0     		b	.L81
 1225              	.L74:
 562:Middlewares/ST/STM32_USB_Device_Library/Core/Src/usbd_ctlreq.c **** 
 563:Middlewares/ST/STM32_USB_Device_Library/Core/Src/usbd_ctlreq.c ****     default:
 564:Middlewares/ST/STM32_USB_Device_Library/Core/Src/usbd_ctlreq.c ****       USBD_CtlError(pdev, req);
 1226              		.loc 1 564 7
 1227 0276 3968     		ldr	r1, [r7]
 1228 0278 7868     		ldr	r0, [r7, #4]
 1229 027a FFF7FEFF 		bl	USBD_CtlError
 565:Middlewares/ST/STM32_USB_Device_Library/Core/Src/usbd_ctlreq.c ****       err++;
 1230              		.loc 1 565 10
 1231 027e FB7A     		ldrb	r3, [r7, #11]	@ zero_extendqisi2
 1232 0280 0133     		adds	r3, r3, #1
 1233 0282 FB72     		strb	r3, [r7, #11]
 566:Middlewares/ST/STM32_USB_Device_Library/Core/Src/usbd_ctlreq.c ****       break;
 1234              		.loc 1 566 7
 1235 0284 00BF     		nop
ARM GAS  /var/folders/xf/tcndk8390ml5xdpfw93qkhpm0000gn/T//cczv04jT.s 			page 33


 1236              	.L81:
 567:Middlewares/ST/STM32_USB_Device_Library/Core/Src/usbd_ctlreq.c ****   }
 568:Middlewares/ST/STM32_USB_Device_Library/Core/Src/usbd_ctlreq.c **** 
 569:Middlewares/ST/STM32_USB_Device_Library/Core/Src/usbd_ctlreq.c ****   if (err != 0U)
 1237              		.loc 1 569 6
 1238 0286 FB7A     		ldrb	r3, [r7, #11]	@ zero_extendqisi2
 1239 0288 002B     		cmp	r3, #0
 1240 028a 1CD1     		bne	.L113
 570:Middlewares/ST/STM32_USB_Device_Library/Core/Src/usbd_ctlreq.c ****   {
 571:Middlewares/ST/STM32_USB_Device_Library/Core/Src/usbd_ctlreq.c ****     return;
 572:Middlewares/ST/STM32_USB_Device_Library/Core/Src/usbd_ctlreq.c ****   }
 573:Middlewares/ST/STM32_USB_Device_Library/Core/Src/usbd_ctlreq.c ****   else
 574:Middlewares/ST/STM32_USB_Device_Library/Core/Src/usbd_ctlreq.c ****   {
 575:Middlewares/ST/STM32_USB_Device_Library/Core/Src/usbd_ctlreq.c ****     if ((len != 0U) && (req->wLength != 0U))
 1241              		.loc 1 575 14
 1242 028c 3B89     		ldrh	r3, [r7, #8]
 1243              		.loc 1 575 8
 1244 028e 002B     		cmp	r3, #0
 1245 0290 11D0     		beq	.L111
 1246              		.loc 1 575 28 discriminator 1
 1247 0292 3B68     		ldr	r3, [r7]
 1248 0294 DB88     		ldrh	r3, [r3, #6]
 1249              		.loc 1 575 21 discriminator 1
 1250 0296 002B     		cmp	r3, #0
 1251 0298 0DD0     		beq	.L111
 576:Middlewares/ST/STM32_USB_Device_Library/Core/Src/usbd_ctlreq.c ****     {
 577:Middlewares/ST/STM32_USB_Device_Library/Core/Src/usbd_ctlreq.c ****       len = MIN(len, req->wLength);
 1252              		.loc 1 577 13
 1253 029a 3B68     		ldr	r3, [r7]
 1254 029c DA88     		ldrh	r2, [r3, #6]
 1255 029e 3B89     		ldrh	r3, [r7, #8]
 1256 02a0 9342     		cmp	r3, r2
 1257 02a2 28BF     		it	cs
 1258 02a4 1346     		movcs	r3, r2
 1259 02a6 9BB2     		uxth	r3, r3
 1260              		.loc 1 577 11
 1261 02a8 3B81     		strh	r3, [r7, #8]	@ movhi
 578:Middlewares/ST/STM32_USB_Device_Library/Core/Src/usbd_ctlreq.c ****       (void)USBD_CtlSendData(pdev, pbuf, len);
 1262              		.loc 1 578 7
 1263 02aa 3B89     		ldrh	r3, [r7, #8]
 1264              		.loc 1 578 13
 1265 02ac 1A46     		mov	r2, r3
 1266 02ae F968     		ldr	r1, [r7, #12]
 1267 02b0 7868     		ldr	r0, [r7, #4]
 1268 02b2 FFF7FEFF 		bl	USBD_CtlSendData
 1269              	.L111:
 579:Middlewares/ST/STM32_USB_Device_Library/Core/Src/usbd_ctlreq.c ****     }
 580:Middlewares/ST/STM32_USB_Device_Library/Core/Src/usbd_ctlreq.c **** 
 581:Middlewares/ST/STM32_USB_Device_Library/Core/Src/usbd_ctlreq.c ****     if (req->wLength == 0U)
 1270              		.loc 1 581 12
 1271 02b6 3B68     		ldr	r3, [r7]
 1272 02b8 DB88     		ldrh	r3, [r3, #6]
 1273              		.loc 1 581 8
 1274 02ba 002B     		cmp	r3, #0
 1275 02bc 04D1     		bne	.L73
 582:Middlewares/ST/STM32_USB_Device_Library/Core/Src/usbd_ctlreq.c ****     {
 583:Middlewares/ST/STM32_USB_Device_Library/Core/Src/usbd_ctlreq.c ****       (void)USBD_CtlSendStatus(pdev);
ARM GAS  /var/folders/xf/tcndk8390ml5xdpfw93qkhpm0000gn/T//cczv04jT.s 			page 34


 1276              		.loc 1 583 13
 1277 02be 7868     		ldr	r0, [r7, #4]
 1278 02c0 FFF7FEFF 		bl	USBD_CtlSendStatus
 1279 02c4 00E0     		b	.L73
 1280              	.L113:
 571:Middlewares/ST/STM32_USB_Device_Library/Core/Src/usbd_ctlreq.c ****   }
 1281              		.loc 1 571 5
 1282 02c6 00BF     		nop
 1283              	.L73:
 584:Middlewares/ST/STM32_USB_Device_Library/Core/Src/usbd_ctlreq.c ****     }
 585:Middlewares/ST/STM32_USB_Device_Library/Core/Src/usbd_ctlreq.c ****   }
 586:Middlewares/ST/STM32_USB_Device_Library/Core/Src/usbd_ctlreq.c **** }
 1284              		.loc 1 586 1
 1285 02c8 1037     		adds	r7, r7, #16
 1286              	.LCFI18:
 1287              		.cfi_def_cfa_offset 8
 1288 02ca BD46     		mov	sp, r7
 1289              	.LCFI19:
 1290              		.cfi_def_cfa_register 13
 1291              		@ sp needed
 1292 02cc 80BD     		pop	{r7, pc}
 1293              		.cfi_endproc
 1294              	.LFE71:
 1296 02ce 00BF     		.section	.text.USBD_SetAddress,"ax",%progbits
 1297              		.align	1
 1298              		.syntax unified
 1299              		.thumb
 1300              		.thumb_func
 1302              	USBD_SetAddress:
 1303              	.LFB72:
 587:Middlewares/ST/STM32_USB_Device_Library/Core/Src/usbd_ctlreq.c **** 
 588:Middlewares/ST/STM32_USB_Device_Library/Core/Src/usbd_ctlreq.c **** /**
 589:Middlewares/ST/STM32_USB_Device_Library/Core/Src/usbd_ctlreq.c **** * @brief  USBD_SetAddress
 590:Middlewares/ST/STM32_USB_Device_Library/Core/Src/usbd_ctlreq.c **** *         Set device address
 591:Middlewares/ST/STM32_USB_Device_Library/Core/Src/usbd_ctlreq.c **** * @param  pdev: device instance
 592:Middlewares/ST/STM32_USB_Device_Library/Core/Src/usbd_ctlreq.c **** * @param  req: usb request
 593:Middlewares/ST/STM32_USB_Device_Library/Core/Src/usbd_ctlreq.c **** * @retval status
 594:Middlewares/ST/STM32_USB_Device_Library/Core/Src/usbd_ctlreq.c **** */
 595:Middlewares/ST/STM32_USB_Device_Library/Core/Src/usbd_ctlreq.c **** static void USBD_SetAddress(USBD_HandleTypeDef *pdev,
 596:Middlewares/ST/STM32_USB_Device_Library/Core/Src/usbd_ctlreq.c ****                             USBD_SetupReqTypedef *req)
 597:Middlewares/ST/STM32_USB_Device_Library/Core/Src/usbd_ctlreq.c **** {
 1304              		.loc 1 597 1
 1305              		.cfi_startproc
 1306              		@ args = 0, pretend = 0, frame = 16
 1307              		@ frame_needed = 1, uses_anonymous_args = 0
 1308 0000 80B5     		push	{r7, lr}
 1309              	.LCFI20:
 1310              		.cfi_def_cfa_offset 8
 1311              		.cfi_offset 7, -8
 1312              		.cfi_offset 14, -4
 1313 0002 84B0     		sub	sp, sp, #16
 1314              	.LCFI21:
 1315              		.cfi_def_cfa_offset 24
 1316 0004 00AF     		add	r7, sp, #0
 1317              	.LCFI22:
 1318              		.cfi_def_cfa_register 7
 1319 0006 7860     		str	r0, [r7, #4]
ARM GAS  /var/folders/xf/tcndk8390ml5xdpfw93qkhpm0000gn/T//cczv04jT.s 			page 35


 1320 0008 3960     		str	r1, [r7]
 598:Middlewares/ST/STM32_USB_Device_Library/Core/Src/usbd_ctlreq.c ****   uint8_t  dev_addr;
 599:Middlewares/ST/STM32_USB_Device_Library/Core/Src/usbd_ctlreq.c **** 
 600:Middlewares/ST/STM32_USB_Device_Library/Core/Src/usbd_ctlreq.c ****   if ((req->wIndex == 0U) && (req->wLength == 0U) && (req->wValue < 128U))
 1321              		.loc 1 600 11
 1322 000a 3B68     		ldr	r3, [r7]
 1323 000c 9B88     		ldrh	r3, [r3, #4]
 1324              		.loc 1 600 6
 1325 000e 002B     		cmp	r3, #0
 1326 0010 30D1     		bne	.L115
 1327              		.loc 1 600 34 discriminator 1
 1328 0012 3B68     		ldr	r3, [r7]
 1329 0014 DB88     		ldrh	r3, [r3, #6]
 1330              		.loc 1 600 27 discriminator 1
 1331 0016 002B     		cmp	r3, #0
 1332 0018 2CD1     		bne	.L115
 1333              		.loc 1 600 58 discriminator 2
 1334 001a 3B68     		ldr	r3, [r7]
 1335 001c 5B88     		ldrh	r3, [r3, #2]
 1336              		.loc 1 600 51 discriminator 2
 1337 001e 7F2B     		cmp	r3, #127
 1338 0020 28D8     		bhi	.L115
 601:Middlewares/ST/STM32_USB_Device_Library/Core/Src/usbd_ctlreq.c ****   {
 602:Middlewares/ST/STM32_USB_Device_Library/Core/Src/usbd_ctlreq.c ****     dev_addr = (uint8_t)(req->wValue) & 0x7FU;
 1339              		.loc 1 602 29
 1340 0022 3B68     		ldr	r3, [r7]
 1341 0024 5B88     		ldrh	r3, [r3, #2]
 1342              		.loc 1 602 16
 1343 0026 DBB2     		uxtb	r3, r3
 1344              		.loc 1 602 14
 1345 0028 03F07F03 		and	r3, r3, #127
 1346 002c FB73     		strb	r3, [r7, #15]
 603:Middlewares/ST/STM32_USB_Device_Library/Core/Src/usbd_ctlreq.c **** 
 604:Middlewares/ST/STM32_USB_Device_Library/Core/Src/usbd_ctlreq.c ****     if (pdev->dev_state == USBD_STATE_CONFIGURED)
 1347              		.loc 1 604 13
 1348 002e 7B68     		ldr	r3, [r7, #4]
 1349 0030 93F89C32 		ldrb	r3, [r3, #668]	@ zero_extendqisi2
 1350              		.loc 1 604 8
 1351 0034 032B     		cmp	r3, #3
 1352 0036 04D1     		bne	.L116
 605:Middlewares/ST/STM32_USB_Device_Library/Core/Src/usbd_ctlreq.c ****     {
 606:Middlewares/ST/STM32_USB_Device_Library/Core/Src/usbd_ctlreq.c ****       USBD_CtlError(pdev, req);
 1353              		.loc 1 606 7
 1354 0038 3968     		ldr	r1, [r7]
 1355 003a 7868     		ldr	r0, [r7, #4]
 1356 003c FFF7FEFF 		bl	USBD_CtlError
 604:Middlewares/ST/STM32_USB_Device_Library/Core/Src/usbd_ctlreq.c ****     {
 1357              		.loc 1 604 8
 1358 0040 1DE0     		b	.L119
 1359              	.L116:
 607:Middlewares/ST/STM32_USB_Device_Library/Core/Src/usbd_ctlreq.c ****     }
 608:Middlewares/ST/STM32_USB_Device_Library/Core/Src/usbd_ctlreq.c ****     else
 609:Middlewares/ST/STM32_USB_Device_Library/Core/Src/usbd_ctlreq.c ****     {
 610:Middlewares/ST/STM32_USB_Device_Library/Core/Src/usbd_ctlreq.c ****       pdev->dev_address = dev_addr;
 1360              		.loc 1 610 25
 1361 0042 7B68     		ldr	r3, [r7, #4]
 1362 0044 FA7B     		ldrb	r2, [r7, #15]
ARM GAS  /var/folders/xf/tcndk8390ml5xdpfw93qkhpm0000gn/T//cczv04jT.s 			page 36


 1363 0046 83F89E22 		strb	r2, [r3, #670]
 611:Middlewares/ST/STM32_USB_Device_Library/Core/Src/usbd_ctlreq.c ****       USBD_LL_SetUSBAddress(pdev, dev_addr);
 1364              		.loc 1 611 7
 1365 004a FB7B     		ldrb	r3, [r7, #15]	@ zero_extendqisi2
 1366 004c 1946     		mov	r1, r3
 1367 004e 7868     		ldr	r0, [r7, #4]
 1368 0050 FFF7FEFF 		bl	USBD_LL_SetUSBAddress
 612:Middlewares/ST/STM32_USB_Device_Library/Core/Src/usbd_ctlreq.c ****       USBD_CtlSendStatus(pdev);
 1369              		.loc 1 612 7
 1370 0054 7868     		ldr	r0, [r7, #4]
 1371 0056 FFF7FEFF 		bl	USBD_CtlSendStatus
 613:Middlewares/ST/STM32_USB_Device_Library/Core/Src/usbd_ctlreq.c **** 
 614:Middlewares/ST/STM32_USB_Device_Library/Core/Src/usbd_ctlreq.c ****       if (dev_addr != 0U)
 1372              		.loc 1 614 10
 1373 005a FB7B     		ldrb	r3, [r7, #15]	@ zero_extendqisi2
 1374 005c 002B     		cmp	r3, #0
 1375 005e 04D0     		beq	.L118
 615:Middlewares/ST/STM32_USB_Device_Library/Core/Src/usbd_ctlreq.c ****       {
 616:Middlewares/ST/STM32_USB_Device_Library/Core/Src/usbd_ctlreq.c ****         pdev->dev_state = USBD_STATE_ADDRESSED;
 1376              		.loc 1 616 25
 1377 0060 7B68     		ldr	r3, [r7, #4]
 1378 0062 0222     		movs	r2, #2
 1379 0064 83F89C22 		strb	r2, [r3, #668]
 604:Middlewares/ST/STM32_USB_Device_Library/Core/Src/usbd_ctlreq.c ****     {
 1380              		.loc 1 604 8
 1381 0068 09E0     		b	.L119
 1382              	.L118:
 617:Middlewares/ST/STM32_USB_Device_Library/Core/Src/usbd_ctlreq.c ****       }
 618:Middlewares/ST/STM32_USB_Device_Library/Core/Src/usbd_ctlreq.c ****       else
 619:Middlewares/ST/STM32_USB_Device_Library/Core/Src/usbd_ctlreq.c ****       {
 620:Middlewares/ST/STM32_USB_Device_Library/Core/Src/usbd_ctlreq.c ****         pdev->dev_state = USBD_STATE_DEFAULT;
 1383              		.loc 1 620 25
 1384 006a 7B68     		ldr	r3, [r7, #4]
 1385 006c 0122     		movs	r2, #1
 1386 006e 83F89C22 		strb	r2, [r3, #668]
 604:Middlewares/ST/STM32_USB_Device_Library/Core/Src/usbd_ctlreq.c ****     {
 1387              		.loc 1 604 8
 1388 0072 04E0     		b	.L119
 1389              	.L115:
 621:Middlewares/ST/STM32_USB_Device_Library/Core/Src/usbd_ctlreq.c ****       }
 622:Middlewares/ST/STM32_USB_Device_Library/Core/Src/usbd_ctlreq.c ****     }
 623:Middlewares/ST/STM32_USB_Device_Library/Core/Src/usbd_ctlreq.c ****   }
 624:Middlewares/ST/STM32_USB_Device_Library/Core/Src/usbd_ctlreq.c ****   else
 625:Middlewares/ST/STM32_USB_Device_Library/Core/Src/usbd_ctlreq.c ****   {
 626:Middlewares/ST/STM32_USB_Device_Library/Core/Src/usbd_ctlreq.c ****     USBD_CtlError(pdev, req);
 1390              		.loc 1 626 5
 1391 0074 3968     		ldr	r1, [r7]
 1392 0076 7868     		ldr	r0, [r7, #4]
 1393 0078 FFF7FEFF 		bl	USBD_CtlError
 627:Middlewares/ST/STM32_USB_Device_Library/Core/Src/usbd_ctlreq.c ****   }
 628:Middlewares/ST/STM32_USB_Device_Library/Core/Src/usbd_ctlreq.c **** }
 1394              		.loc 1 628 1
 1395 007c 00BF     		nop
 1396              	.L119:
 1397 007e 00BF     		nop
 1398 0080 1037     		adds	r7, r7, #16
 1399              	.LCFI23:
ARM GAS  /var/folders/xf/tcndk8390ml5xdpfw93qkhpm0000gn/T//cczv04jT.s 			page 37


 1400              		.cfi_def_cfa_offset 8
 1401 0082 BD46     		mov	sp, r7
 1402              	.LCFI24:
 1403              		.cfi_def_cfa_register 13
 1404              		@ sp needed
 1405 0084 80BD     		pop	{r7, pc}
 1406              		.cfi_endproc
 1407              	.LFE72:
 1409              		.section	.text.USBD_SetConfig,"ax",%progbits
 1410              		.align	1
 1411              		.syntax unified
 1412              		.thumb
 1413              		.thumb_func
 1415              	USBD_SetConfig:
 1416              	.LFB73:
 629:Middlewares/ST/STM32_USB_Device_Library/Core/Src/usbd_ctlreq.c **** 
 630:Middlewares/ST/STM32_USB_Device_Library/Core/Src/usbd_ctlreq.c **** /**
 631:Middlewares/ST/STM32_USB_Device_Library/Core/Src/usbd_ctlreq.c **** * @brief  USBD_SetConfig
 632:Middlewares/ST/STM32_USB_Device_Library/Core/Src/usbd_ctlreq.c **** *         Handle Set device configuration request
 633:Middlewares/ST/STM32_USB_Device_Library/Core/Src/usbd_ctlreq.c **** * @param  pdev: device instance
 634:Middlewares/ST/STM32_USB_Device_Library/Core/Src/usbd_ctlreq.c **** * @param  req: usb request
 635:Middlewares/ST/STM32_USB_Device_Library/Core/Src/usbd_ctlreq.c **** * @retval status
 636:Middlewares/ST/STM32_USB_Device_Library/Core/Src/usbd_ctlreq.c **** */
 637:Middlewares/ST/STM32_USB_Device_Library/Core/Src/usbd_ctlreq.c **** static void USBD_SetConfig(USBD_HandleTypeDef *pdev, USBD_SetupReqTypedef *req)
 638:Middlewares/ST/STM32_USB_Device_Library/Core/Src/usbd_ctlreq.c **** {
 1417              		.loc 1 638 1
 1418              		.cfi_startproc
 1419              		@ args = 0, pretend = 0, frame = 8
 1420              		@ frame_needed = 1, uses_anonymous_args = 0
 1421 0000 80B5     		push	{r7, lr}
 1422              	.LCFI25:
 1423              		.cfi_def_cfa_offset 8
 1424              		.cfi_offset 7, -8
 1425              		.cfi_offset 14, -4
 1426 0002 82B0     		sub	sp, sp, #8
 1427              	.LCFI26:
 1428              		.cfi_def_cfa_offset 16
 1429 0004 00AF     		add	r7, sp, #0
 1430              	.LCFI27:
 1431              		.cfi_def_cfa_register 7
 1432 0006 7860     		str	r0, [r7, #4]
 1433 0008 3960     		str	r1, [r7]
 639:Middlewares/ST/STM32_USB_Device_Library/Core/Src/usbd_ctlreq.c ****   static uint8_t cfgidx;
 640:Middlewares/ST/STM32_USB_Device_Library/Core/Src/usbd_ctlreq.c **** 
 641:Middlewares/ST/STM32_USB_Device_Library/Core/Src/usbd_ctlreq.c ****   cfgidx = (uint8_t)(req->wValue);
 1434              		.loc 1 641 25
 1435 000a 3B68     		ldr	r3, [r7]
 1436 000c 5B88     		ldrh	r3, [r3, #2]
 1437              		.loc 1 641 12
 1438 000e DAB2     		uxtb	r2, r3
 1439              		.loc 1 641 10
 1440 0010 414B     		ldr	r3, .L134
 1441 0012 1A70     		strb	r2, [r3]
 642:Middlewares/ST/STM32_USB_Device_Library/Core/Src/usbd_ctlreq.c **** 
 643:Middlewares/ST/STM32_USB_Device_Library/Core/Src/usbd_ctlreq.c ****   if (cfgidx > USBD_MAX_NUM_CONFIGURATION)
 1442              		.loc 1 643 14
 1443 0014 404B     		ldr	r3, .L134
ARM GAS  /var/folders/xf/tcndk8390ml5xdpfw93qkhpm0000gn/T//cczv04jT.s 			page 38


 1444 0016 1B78     		ldrb	r3, [r3]	@ zero_extendqisi2
 1445              		.loc 1 643 6
 1446 0018 012B     		cmp	r3, #1
 1447 001a 04D9     		bls	.L121
 644:Middlewares/ST/STM32_USB_Device_Library/Core/Src/usbd_ctlreq.c ****   {
 645:Middlewares/ST/STM32_USB_Device_Library/Core/Src/usbd_ctlreq.c ****     USBD_CtlError(pdev, req);
 1448              		.loc 1 645 5
 1449 001c 3968     		ldr	r1, [r7]
 1450 001e 7868     		ldr	r0, [r7, #4]
 1451 0020 FFF7FEFF 		bl	USBD_CtlError
 1452 0024 75E0     		b	.L120
 1453              	.L121:
 646:Middlewares/ST/STM32_USB_Device_Library/Core/Src/usbd_ctlreq.c ****   }
 647:Middlewares/ST/STM32_USB_Device_Library/Core/Src/usbd_ctlreq.c ****   else
 648:Middlewares/ST/STM32_USB_Device_Library/Core/Src/usbd_ctlreq.c ****   {
 649:Middlewares/ST/STM32_USB_Device_Library/Core/Src/usbd_ctlreq.c ****     switch (pdev->dev_state)
 1454              		.loc 1 649 17
 1455 0026 7B68     		ldr	r3, [r7, #4]
 1456 0028 93F89C32 		ldrb	r3, [r3, #668]	@ zero_extendqisi2
 1457              		.loc 1 649 5
 1458 002c 022B     		cmp	r3, #2
 1459 002e 02D0     		beq	.L123
 1460 0030 032B     		cmp	r3, #3
 1461 0032 23D0     		beq	.L124
 1462 0034 62E0     		b	.L133
 1463              	.L123:
 650:Middlewares/ST/STM32_USB_Device_Library/Core/Src/usbd_ctlreq.c ****     {
 651:Middlewares/ST/STM32_USB_Device_Library/Core/Src/usbd_ctlreq.c ****       case USBD_STATE_ADDRESSED:
 652:Middlewares/ST/STM32_USB_Device_Library/Core/Src/usbd_ctlreq.c ****         if (cfgidx)
 1464              		.loc 1 652 13
 1465 0036 384B     		ldr	r3, .L134
 1466 0038 1B78     		ldrb	r3, [r3]	@ zero_extendqisi2
 1467              		.loc 1 652 12
 1468 003a 002B     		cmp	r3, #0
 1469 003c 1AD0     		beq	.L126
 653:Middlewares/ST/STM32_USB_Device_Library/Core/Src/usbd_ctlreq.c ****         {
 654:Middlewares/ST/STM32_USB_Device_Library/Core/Src/usbd_ctlreq.c ****           pdev->dev_config = cfgidx;
 1470              		.loc 1 654 28
 1471 003e 364B     		ldr	r3, .L134
 1472 0040 1B78     		ldrb	r3, [r3]	@ zero_extendqisi2
 1473 0042 1A46     		mov	r2, r3
 1474 0044 7B68     		ldr	r3, [r7, #4]
 1475 0046 5A60     		str	r2, [r3, #4]
 655:Middlewares/ST/STM32_USB_Device_Library/Core/Src/usbd_ctlreq.c ****           pdev->dev_state = USBD_STATE_CONFIGURED;
 1476              		.loc 1 655 27
 1477 0048 7B68     		ldr	r3, [r7, #4]
 1478 004a 0322     		movs	r2, #3
 1479 004c 83F89C22 		strb	r2, [r3, #668]
 656:Middlewares/ST/STM32_USB_Device_Library/Core/Src/usbd_ctlreq.c ****           if (USBD_SetClassConfig(pdev, cfgidx) == USBD_FAIL)
 1480              		.loc 1 656 15
 1481 0050 314B     		ldr	r3, .L134
 1482 0052 1B78     		ldrb	r3, [r3]	@ zero_extendqisi2
 1483 0054 1946     		mov	r1, r3
 1484 0056 7868     		ldr	r0, [r7, #4]
 1485 0058 FFF7FEFF 		bl	USBD_SetClassConfig
 1486 005c 0346     		mov	r3, r0
 1487              		.loc 1 656 14
ARM GAS  /var/folders/xf/tcndk8390ml5xdpfw93qkhpm0000gn/T//cczv04jT.s 			page 39


 1488 005e 022B     		cmp	r3, #2
 1489 0060 04D1     		bne	.L127
 657:Middlewares/ST/STM32_USB_Device_Library/Core/Src/usbd_ctlreq.c ****           {
 658:Middlewares/ST/STM32_USB_Device_Library/Core/Src/usbd_ctlreq.c ****             USBD_CtlError(pdev, req);
 1490              		.loc 1 658 13
 1491 0062 3968     		ldr	r1, [r7]
 1492 0064 7868     		ldr	r0, [r7, #4]
 1493 0066 FFF7FEFF 		bl	USBD_CtlError
 659:Middlewares/ST/STM32_USB_Device_Library/Core/Src/usbd_ctlreq.c ****             return;
 1494              		.loc 1 659 13
 1495 006a 52E0     		b	.L120
 1496              	.L127:
 660:Middlewares/ST/STM32_USB_Device_Library/Core/Src/usbd_ctlreq.c ****           }
 661:Middlewares/ST/STM32_USB_Device_Library/Core/Src/usbd_ctlreq.c ****           USBD_CtlSendStatus(pdev);
 1497              		.loc 1 661 11
 1498 006c 7868     		ldr	r0, [r7, #4]
 1499 006e FFF7FEFF 		bl	USBD_CtlSendStatus
 662:Middlewares/ST/STM32_USB_Device_Library/Core/Src/usbd_ctlreq.c ****         }
 663:Middlewares/ST/STM32_USB_Device_Library/Core/Src/usbd_ctlreq.c ****         else
 664:Middlewares/ST/STM32_USB_Device_Library/Core/Src/usbd_ctlreq.c ****         {
 665:Middlewares/ST/STM32_USB_Device_Library/Core/Src/usbd_ctlreq.c ****           USBD_CtlSendStatus(pdev);
 666:Middlewares/ST/STM32_USB_Device_Library/Core/Src/usbd_ctlreq.c ****         }
 667:Middlewares/ST/STM32_USB_Device_Library/Core/Src/usbd_ctlreq.c ****         break;
 1500              		.loc 1 667 9
 1501 0072 4EE0     		b	.L120
 1502              	.L126:
 665:Middlewares/ST/STM32_USB_Device_Library/Core/Src/usbd_ctlreq.c ****         }
 1503              		.loc 1 665 11
 1504 0074 7868     		ldr	r0, [r7, #4]
 1505 0076 FFF7FEFF 		bl	USBD_CtlSendStatus
 1506              		.loc 1 667 9
 1507 007a 4AE0     		b	.L120
 1508              	.L124:
 668:Middlewares/ST/STM32_USB_Device_Library/Core/Src/usbd_ctlreq.c **** 
 669:Middlewares/ST/STM32_USB_Device_Library/Core/Src/usbd_ctlreq.c ****       case USBD_STATE_CONFIGURED:
 670:Middlewares/ST/STM32_USB_Device_Library/Core/Src/usbd_ctlreq.c ****         if (cfgidx == 0U)
 1509              		.loc 1 670 20
 1510 007c 264B     		ldr	r3, .L134
 1511 007e 1B78     		ldrb	r3, [r3]	@ zero_extendqisi2
 1512              		.loc 1 670 12
 1513 0080 002B     		cmp	r3, #0
 1514 0082 12D1     		bne	.L129
 671:Middlewares/ST/STM32_USB_Device_Library/Core/Src/usbd_ctlreq.c ****         {
 672:Middlewares/ST/STM32_USB_Device_Library/Core/Src/usbd_ctlreq.c ****           pdev->dev_state = USBD_STATE_ADDRESSED;
 1515              		.loc 1 672 27
 1516 0084 7B68     		ldr	r3, [r7, #4]
 1517 0086 0222     		movs	r2, #2
 1518 0088 83F89C22 		strb	r2, [r3, #668]
 673:Middlewares/ST/STM32_USB_Device_Library/Core/Src/usbd_ctlreq.c ****           pdev->dev_config = cfgidx;
 1519              		.loc 1 673 28
 1520 008c 224B     		ldr	r3, .L134
 1521 008e 1B78     		ldrb	r3, [r3]	@ zero_extendqisi2
 1522 0090 1A46     		mov	r2, r3
 1523 0092 7B68     		ldr	r3, [r7, #4]
 1524 0094 5A60     		str	r2, [r3, #4]
 674:Middlewares/ST/STM32_USB_Device_Library/Core/Src/usbd_ctlreq.c ****           USBD_ClrClassConfig(pdev, cfgidx);
 1525              		.loc 1 674 11
ARM GAS  /var/folders/xf/tcndk8390ml5xdpfw93qkhpm0000gn/T//cczv04jT.s 			page 40


 1526 0096 204B     		ldr	r3, .L134
 1527 0098 1B78     		ldrb	r3, [r3]	@ zero_extendqisi2
 1528 009a 1946     		mov	r1, r3
 1529 009c 7868     		ldr	r0, [r7, #4]
 1530 009e FFF7FEFF 		bl	USBD_ClrClassConfig
 675:Middlewares/ST/STM32_USB_Device_Library/Core/Src/usbd_ctlreq.c ****           USBD_CtlSendStatus(pdev);
 1531              		.loc 1 675 11
 1532 00a2 7868     		ldr	r0, [r7, #4]
 1533 00a4 FFF7FEFF 		bl	USBD_CtlSendStatus
 676:Middlewares/ST/STM32_USB_Device_Library/Core/Src/usbd_ctlreq.c ****         }
 677:Middlewares/ST/STM32_USB_Device_Library/Core/Src/usbd_ctlreq.c ****         else if (cfgidx != pdev->dev_config)
 678:Middlewares/ST/STM32_USB_Device_Library/Core/Src/usbd_ctlreq.c ****         {
 679:Middlewares/ST/STM32_USB_Device_Library/Core/Src/usbd_ctlreq.c ****           /* Clear old configuration */
 680:Middlewares/ST/STM32_USB_Device_Library/Core/Src/usbd_ctlreq.c ****           USBD_ClrClassConfig(pdev, (uint8_t)pdev->dev_config);
 681:Middlewares/ST/STM32_USB_Device_Library/Core/Src/usbd_ctlreq.c **** 
 682:Middlewares/ST/STM32_USB_Device_Library/Core/Src/usbd_ctlreq.c ****           /* set new configuration */
 683:Middlewares/ST/STM32_USB_Device_Library/Core/Src/usbd_ctlreq.c ****           pdev->dev_config = cfgidx;
 684:Middlewares/ST/STM32_USB_Device_Library/Core/Src/usbd_ctlreq.c ****           if (USBD_SetClassConfig(pdev, cfgidx) == USBD_FAIL)
 685:Middlewares/ST/STM32_USB_Device_Library/Core/Src/usbd_ctlreq.c ****           {
 686:Middlewares/ST/STM32_USB_Device_Library/Core/Src/usbd_ctlreq.c ****             USBD_CtlError(pdev, req);
 687:Middlewares/ST/STM32_USB_Device_Library/Core/Src/usbd_ctlreq.c ****             return;
 688:Middlewares/ST/STM32_USB_Device_Library/Core/Src/usbd_ctlreq.c ****           }
 689:Middlewares/ST/STM32_USB_Device_Library/Core/Src/usbd_ctlreq.c ****           USBD_CtlSendStatus(pdev);
 690:Middlewares/ST/STM32_USB_Device_Library/Core/Src/usbd_ctlreq.c ****         }
 691:Middlewares/ST/STM32_USB_Device_Library/Core/Src/usbd_ctlreq.c ****         else
 692:Middlewares/ST/STM32_USB_Device_Library/Core/Src/usbd_ctlreq.c ****         {
 693:Middlewares/ST/STM32_USB_Device_Library/Core/Src/usbd_ctlreq.c ****           USBD_CtlSendStatus(pdev);
 694:Middlewares/ST/STM32_USB_Device_Library/Core/Src/usbd_ctlreq.c ****         }
 695:Middlewares/ST/STM32_USB_Device_Library/Core/Src/usbd_ctlreq.c ****         break;
 1534              		.loc 1 695 9
 1535 00a8 33E0     		b	.L120
 1536              	.L129:
 677:Middlewares/ST/STM32_USB_Device_Library/Core/Src/usbd_ctlreq.c ****         {
 1537              		.loc 1 677 25
 1538 00aa 1B4B     		ldr	r3, .L134
 1539 00ac 1B78     		ldrb	r3, [r3]	@ zero_extendqisi2
 1540 00ae 1A46     		mov	r2, r3
 677:Middlewares/ST/STM32_USB_Device_Library/Core/Src/usbd_ctlreq.c ****         {
 1541              		.loc 1 677 32
 1542 00b0 7B68     		ldr	r3, [r7, #4]
 1543 00b2 5B68     		ldr	r3, [r3, #4]
 677:Middlewares/ST/STM32_USB_Device_Library/Core/Src/usbd_ctlreq.c ****         {
 1544              		.loc 1 677 17
 1545 00b4 9A42     		cmp	r2, r3
 1546 00b6 1DD0     		beq	.L131
 680:Middlewares/ST/STM32_USB_Device_Library/Core/Src/usbd_ctlreq.c **** 
 1547              		.loc 1 680 50
 1548 00b8 7B68     		ldr	r3, [r7, #4]
 1549 00ba 5B68     		ldr	r3, [r3, #4]
 680:Middlewares/ST/STM32_USB_Device_Library/Core/Src/usbd_ctlreq.c **** 
 1550              		.loc 1 680 11
 1551 00bc DBB2     		uxtb	r3, r3
 1552 00be 1946     		mov	r1, r3
 1553 00c0 7868     		ldr	r0, [r7, #4]
 1554 00c2 FFF7FEFF 		bl	USBD_ClrClassConfig
 683:Middlewares/ST/STM32_USB_Device_Library/Core/Src/usbd_ctlreq.c ****           if (USBD_SetClassConfig(pdev, cfgidx) == USBD_FAIL)
 1555              		.loc 1 683 28
ARM GAS  /var/folders/xf/tcndk8390ml5xdpfw93qkhpm0000gn/T//cczv04jT.s 			page 41


 1556 00c6 144B     		ldr	r3, .L134
 1557 00c8 1B78     		ldrb	r3, [r3]	@ zero_extendqisi2
 1558 00ca 1A46     		mov	r2, r3
 1559 00cc 7B68     		ldr	r3, [r7, #4]
 1560 00ce 5A60     		str	r2, [r3, #4]
 684:Middlewares/ST/STM32_USB_Device_Library/Core/Src/usbd_ctlreq.c ****           {
 1561              		.loc 1 684 15
 1562 00d0 114B     		ldr	r3, .L134
 1563 00d2 1B78     		ldrb	r3, [r3]	@ zero_extendqisi2
 1564 00d4 1946     		mov	r1, r3
 1565 00d6 7868     		ldr	r0, [r7, #4]
 1566 00d8 FFF7FEFF 		bl	USBD_SetClassConfig
 1567 00dc 0346     		mov	r3, r0
 684:Middlewares/ST/STM32_USB_Device_Library/Core/Src/usbd_ctlreq.c ****           {
 1568              		.loc 1 684 14
 1569 00de 022B     		cmp	r3, #2
 1570 00e0 04D1     		bne	.L132
 686:Middlewares/ST/STM32_USB_Device_Library/Core/Src/usbd_ctlreq.c ****             return;
 1571              		.loc 1 686 13
 1572 00e2 3968     		ldr	r1, [r7]
 1573 00e4 7868     		ldr	r0, [r7, #4]
 1574 00e6 FFF7FEFF 		bl	USBD_CtlError
 687:Middlewares/ST/STM32_USB_Device_Library/Core/Src/usbd_ctlreq.c ****           }
 1575              		.loc 1 687 13
 1576 00ea 12E0     		b	.L120
 1577              	.L132:
 689:Middlewares/ST/STM32_USB_Device_Library/Core/Src/usbd_ctlreq.c ****         }
 1578              		.loc 1 689 11
 1579 00ec 7868     		ldr	r0, [r7, #4]
 1580 00ee FFF7FEFF 		bl	USBD_CtlSendStatus
 1581              		.loc 1 695 9
 1582 00f2 0EE0     		b	.L120
 1583              	.L131:
 693:Middlewares/ST/STM32_USB_Device_Library/Core/Src/usbd_ctlreq.c ****         }
 1584              		.loc 1 693 11
 1585 00f4 7868     		ldr	r0, [r7, #4]
 1586 00f6 FFF7FEFF 		bl	USBD_CtlSendStatus
 1587              		.loc 1 695 9
 1588 00fa 0AE0     		b	.L120
 1589              	.L133:
 696:Middlewares/ST/STM32_USB_Device_Library/Core/Src/usbd_ctlreq.c **** 
 697:Middlewares/ST/STM32_USB_Device_Library/Core/Src/usbd_ctlreq.c ****       default:
 698:Middlewares/ST/STM32_USB_Device_Library/Core/Src/usbd_ctlreq.c ****         USBD_CtlError(pdev, req);
 1590              		.loc 1 698 9
 1591 00fc 3968     		ldr	r1, [r7]
 1592 00fe 7868     		ldr	r0, [r7, #4]
 1593 0100 FFF7FEFF 		bl	USBD_CtlError
 699:Middlewares/ST/STM32_USB_Device_Library/Core/Src/usbd_ctlreq.c ****         USBD_ClrClassConfig(pdev, cfgidx);
 1594              		.loc 1 699 9
 1595 0104 044B     		ldr	r3, .L134
 1596 0106 1B78     		ldrb	r3, [r3]	@ zero_extendqisi2
 1597 0108 1946     		mov	r1, r3
 1598 010a 7868     		ldr	r0, [r7, #4]
 1599 010c FFF7FEFF 		bl	USBD_ClrClassConfig
 700:Middlewares/ST/STM32_USB_Device_Library/Core/Src/usbd_ctlreq.c ****         break;
 1600              		.loc 1 700 9
 1601 0110 00BF     		nop
ARM GAS  /var/folders/xf/tcndk8390ml5xdpfw93qkhpm0000gn/T//cczv04jT.s 			page 42


 1602              	.L120:
 701:Middlewares/ST/STM32_USB_Device_Library/Core/Src/usbd_ctlreq.c ****     }
 702:Middlewares/ST/STM32_USB_Device_Library/Core/Src/usbd_ctlreq.c ****   }
 703:Middlewares/ST/STM32_USB_Device_Library/Core/Src/usbd_ctlreq.c **** }
 1603              		.loc 1 703 1
 1604 0112 0837     		adds	r7, r7, #8
 1605              	.LCFI28:
 1606              		.cfi_def_cfa_offset 8
 1607 0114 BD46     		mov	sp, r7
 1608              	.LCFI29:
 1609              		.cfi_def_cfa_register 13
 1610              		@ sp needed
 1611 0116 80BD     		pop	{r7, pc}
 1612              	.L135:
 1613              		.align	2
 1614              	.L134:
 1615 0118 00000000 		.word	cfgidx.0
 1616              		.cfi_endproc
 1617              	.LFE73:
 1619              		.section	.text.USBD_GetConfig,"ax",%progbits
 1620              		.align	1
 1621              		.syntax unified
 1622              		.thumb
 1623              		.thumb_func
 1625              	USBD_GetConfig:
 1626              	.LFB74:
 704:Middlewares/ST/STM32_USB_Device_Library/Core/Src/usbd_ctlreq.c **** 
 705:Middlewares/ST/STM32_USB_Device_Library/Core/Src/usbd_ctlreq.c **** /**
 706:Middlewares/ST/STM32_USB_Device_Library/Core/Src/usbd_ctlreq.c **** * @brief  USBD_GetConfig
 707:Middlewares/ST/STM32_USB_Device_Library/Core/Src/usbd_ctlreq.c **** *         Handle Get device configuration request
 708:Middlewares/ST/STM32_USB_Device_Library/Core/Src/usbd_ctlreq.c **** * @param  pdev: device instance
 709:Middlewares/ST/STM32_USB_Device_Library/Core/Src/usbd_ctlreq.c **** * @param  req: usb request
 710:Middlewares/ST/STM32_USB_Device_Library/Core/Src/usbd_ctlreq.c **** * @retval status
 711:Middlewares/ST/STM32_USB_Device_Library/Core/Src/usbd_ctlreq.c **** */
 712:Middlewares/ST/STM32_USB_Device_Library/Core/Src/usbd_ctlreq.c **** static void USBD_GetConfig(USBD_HandleTypeDef *pdev, USBD_SetupReqTypedef *req)
 713:Middlewares/ST/STM32_USB_Device_Library/Core/Src/usbd_ctlreq.c **** {
 1627              		.loc 1 713 1
 1628              		.cfi_startproc
 1629              		@ args = 0, pretend = 0, frame = 8
 1630              		@ frame_needed = 1, uses_anonymous_args = 0
 1631 0000 80B5     		push	{r7, lr}
 1632              	.LCFI30:
 1633              		.cfi_def_cfa_offset 8
 1634              		.cfi_offset 7, -8
 1635              		.cfi_offset 14, -4
 1636 0002 82B0     		sub	sp, sp, #8
 1637              	.LCFI31:
 1638              		.cfi_def_cfa_offset 16
 1639 0004 00AF     		add	r7, sp, #0
 1640              	.LCFI32:
 1641              		.cfi_def_cfa_register 7
 1642 0006 7860     		str	r0, [r7, #4]
 1643 0008 3960     		str	r1, [r7]
 714:Middlewares/ST/STM32_USB_Device_Library/Core/Src/usbd_ctlreq.c ****   if (req->wLength != 1U)
 1644              		.loc 1 714 10
 1645 000a 3B68     		ldr	r3, [r7]
 1646 000c DB88     		ldrh	r3, [r3, #6]
ARM GAS  /var/folders/xf/tcndk8390ml5xdpfw93qkhpm0000gn/T//cczv04jT.s 			page 43


 1647              		.loc 1 714 6
 1648 000e 012B     		cmp	r3, #1
 1649 0010 04D0     		beq	.L137
 715:Middlewares/ST/STM32_USB_Device_Library/Core/Src/usbd_ctlreq.c ****   {
 716:Middlewares/ST/STM32_USB_Device_Library/Core/Src/usbd_ctlreq.c ****     USBD_CtlError(pdev, req);
 1650              		.loc 1 716 5
 1651 0012 3968     		ldr	r1, [r7]
 1652 0014 7868     		ldr	r0, [r7, #4]
 1653 0016 FFF7FEFF 		bl	USBD_CtlError
 717:Middlewares/ST/STM32_USB_Device_Library/Core/Src/usbd_ctlreq.c ****   }
 718:Middlewares/ST/STM32_USB_Device_Library/Core/Src/usbd_ctlreq.c ****   else
 719:Middlewares/ST/STM32_USB_Device_Library/Core/Src/usbd_ctlreq.c ****   {
 720:Middlewares/ST/STM32_USB_Device_Library/Core/Src/usbd_ctlreq.c ****     switch (pdev->dev_state)
 721:Middlewares/ST/STM32_USB_Device_Library/Core/Src/usbd_ctlreq.c ****     {
 722:Middlewares/ST/STM32_USB_Device_Library/Core/Src/usbd_ctlreq.c ****       case USBD_STATE_DEFAULT:
 723:Middlewares/ST/STM32_USB_Device_Library/Core/Src/usbd_ctlreq.c ****       case USBD_STATE_ADDRESSED:
 724:Middlewares/ST/STM32_USB_Device_Library/Core/Src/usbd_ctlreq.c ****         pdev->dev_default_config = 0U;
 725:Middlewares/ST/STM32_USB_Device_Library/Core/Src/usbd_ctlreq.c ****         USBD_CtlSendData(pdev, (uint8_t *)(void *)&pdev->dev_default_config, 1U);
 726:Middlewares/ST/STM32_USB_Device_Library/Core/Src/usbd_ctlreq.c ****         break;
 727:Middlewares/ST/STM32_USB_Device_Library/Core/Src/usbd_ctlreq.c **** 
 728:Middlewares/ST/STM32_USB_Device_Library/Core/Src/usbd_ctlreq.c ****       case USBD_STATE_CONFIGURED:
 729:Middlewares/ST/STM32_USB_Device_Library/Core/Src/usbd_ctlreq.c ****         USBD_CtlSendData(pdev, (uint8_t *)(void *)&pdev->dev_config, 1U);
 730:Middlewares/ST/STM32_USB_Device_Library/Core/Src/usbd_ctlreq.c ****         break;
 731:Middlewares/ST/STM32_USB_Device_Library/Core/Src/usbd_ctlreq.c **** 
 732:Middlewares/ST/STM32_USB_Device_Library/Core/Src/usbd_ctlreq.c ****       default:
 733:Middlewares/ST/STM32_USB_Device_Library/Core/Src/usbd_ctlreq.c ****         USBD_CtlError(pdev, req);
 734:Middlewares/ST/STM32_USB_Device_Library/Core/Src/usbd_ctlreq.c ****         break;
 735:Middlewares/ST/STM32_USB_Device_Library/Core/Src/usbd_ctlreq.c ****     }
 736:Middlewares/ST/STM32_USB_Device_Library/Core/Src/usbd_ctlreq.c ****   }
 737:Middlewares/ST/STM32_USB_Device_Library/Core/Src/usbd_ctlreq.c **** }
 1654              		.loc 1 737 1
 1655 001a 22E0     		b	.L143
 1656              	.L137:
 720:Middlewares/ST/STM32_USB_Device_Library/Core/Src/usbd_ctlreq.c ****     {
 1657              		.loc 1 720 17
 1658 001c 7B68     		ldr	r3, [r7, #4]
 1659 001e 93F89C32 		ldrb	r3, [r3, #668]	@ zero_extendqisi2
 720:Middlewares/ST/STM32_USB_Device_Library/Core/Src/usbd_ctlreq.c ****     {
 1660              		.loc 1 720 5
 1661 0022 022B     		cmp	r3, #2
 1662 0024 02DC     		bgt	.L139
 1663 0026 002B     		cmp	r3, #0
 1664 0028 03DC     		bgt	.L140
 1665 002a 15E0     		b	.L141
 1666              	.L139:
 1667 002c 032B     		cmp	r3, #3
 1668 002e 0BD0     		beq	.L142
 1669 0030 12E0     		b	.L141
 1670              	.L140:
 724:Middlewares/ST/STM32_USB_Device_Library/Core/Src/usbd_ctlreq.c ****         USBD_CtlSendData(pdev, (uint8_t *)(void *)&pdev->dev_default_config, 1U);
 1671              		.loc 1 724 34
 1672 0032 7B68     		ldr	r3, [r7, #4]
 1673 0034 0022     		movs	r2, #0
 1674 0036 9A60     		str	r2, [r3, #8]
 725:Middlewares/ST/STM32_USB_Device_Library/Core/Src/usbd_ctlreq.c ****         break;
 1675              		.loc 1 725 51
 1676 0038 7B68     		ldr	r3, [r7, #4]
ARM GAS  /var/folders/xf/tcndk8390ml5xdpfw93qkhpm0000gn/T//cczv04jT.s 			page 44


 1677 003a 0833     		adds	r3, r3, #8
 725:Middlewares/ST/STM32_USB_Device_Library/Core/Src/usbd_ctlreq.c ****         break;
 1678              		.loc 1 725 9
 1679 003c 0122     		movs	r2, #1
 1680 003e 1946     		mov	r1, r3
 1681 0040 7868     		ldr	r0, [r7, #4]
 1682 0042 FFF7FEFF 		bl	USBD_CtlSendData
 726:Middlewares/ST/STM32_USB_Device_Library/Core/Src/usbd_ctlreq.c **** 
 1683              		.loc 1 726 9
 1684 0046 0CE0     		b	.L138
 1685              	.L142:
 729:Middlewares/ST/STM32_USB_Device_Library/Core/Src/usbd_ctlreq.c ****         break;
 1686              		.loc 1 729 51
 1687 0048 7B68     		ldr	r3, [r7, #4]
 1688 004a 0433     		adds	r3, r3, #4
 729:Middlewares/ST/STM32_USB_Device_Library/Core/Src/usbd_ctlreq.c ****         break;
 1689              		.loc 1 729 9
 1690 004c 0122     		movs	r2, #1
 1691 004e 1946     		mov	r1, r3
 1692 0050 7868     		ldr	r0, [r7, #4]
 1693 0052 FFF7FEFF 		bl	USBD_CtlSendData
 730:Middlewares/ST/STM32_USB_Device_Library/Core/Src/usbd_ctlreq.c **** 
 1694              		.loc 1 730 9
 1695 0056 04E0     		b	.L138
 1696              	.L141:
 733:Middlewares/ST/STM32_USB_Device_Library/Core/Src/usbd_ctlreq.c ****         break;
 1697              		.loc 1 733 9
 1698 0058 3968     		ldr	r1, [r7]
 1699 005a 7868     		ldr	r0, [r7, #4]
 1700 005c FFF7FEFF 		bl	USBD_CtlError
 734:Middlewares/ST/STM32_USB_Device_Library/Core/Src/usbd_ctlreq.c ****     }
 1701              		.loc 1 734 9
 1702 0060 00BF     		nop
 1703              	.L138:
 1704              	.L143:
 1705              		.loc 1 737 1
 1706 0062 00BF     		nop
 1707 0064 0837     		adds	r7, r7, #8
 1708              	.LCFI33:
 1709              		.cfi_def_cfa_offset 8
 1710 0066 BD46     		mov	sp, r7
 1711              	.LCFI34:
 1712              		.cfi_def_cfa_register 13
 1713              		@ sp needed
 1714 0068 80BD     		pop	{r7, pc}
 1715              		.cfi_endproc
 1716              	.LFE74:
 1718              		.section	.text.USBD_GetStatus,"ax",%progbits
 1719              		.align	1
 1720              		.syntax unified
 1721              		.thumb
 1722              		.thumb_func
 1724              	USBD_GetStatus:
 1725              	.LFB75:
 738:Middlewares/ST/STM32_USB_Device_Library/Core/Src/usbd_ctlreq.c **** 
 739:Middlewares/ST/STM32_USB_Device_Library/Core/Src/usbd_ctlreq.c **** /**
 740:Middlewares/ST/STM32_USB_Device_Library/Core/Src/usbd_ctlreq.c **** * @brief  USBD_GetStatus
ARM GAS  /var/folders/xf/tcndk8390ml5xdpfw93qkhpm0000gn/T//cczv04jT.s 			page 45


 741:Middlewares/ST/STM32_USB_Device_Library/Core/Src/usbd_ctlreq.c **** *         Handle Get Status request
 742:Middlewares/ST/STM32_USB_Device_Library/Core/Src/usbd_ctlreq.c **** * @param  pdev: device instance
 743:Middlewares/ST/STM32_USB_Device_Library/Core/Src/usbd_ctlreq.c **** * @param  req: usb request
 744:Middlewares/ST/STM32_USB_Device_Library/Core/Src/usbd_ctlreq.c **** * @retval status
 745:Middlewares/ST/STM32_USB_Device_Library/Core/Src/usbd_ctlreq.c **** */
 746:Middlewares/ST/STM32_USB_Device_Library/Core/Src/usbd_ctlreq.c **** static void USBD_GetStatus(USBD_HandleTypeDef *pdev, USBD_SetupReqTypedef *req)
 747:Middlewares/ST/STM32_USB_Device_Library/Core/Src/usbd_ctlreq.c **** {
 1726              		.loc 1 747 1
 1727              		.cfi_startproc
 1728              		@ args = 0, pretend = 0, frame = 8
 1729              		@ frame_needed = 1, uses_anonymous_args = 0
 1730 0000 80B5     		push	{r7, lr}
 1731              	.LCFI35:
 1732              		.cfi_def_cfa_offset 8
 1733              		.cfi_offset 7, -8
 1734              		.cfi_offset 14, -4
 1735 0002 82B0     		sub	sp, sp, #8
 1736              	.LCFI36:
 1737              		.cfi_def_cfa_offset 16
 1738 0004 00AF     		add	r7, sp, #0
 1739              	.LCFI37:
 1740              		.cfi_def_cfa_register 7
 1741 0006 7860     		str	r0, [r7, #4]
 1742 0008 3960     		str	r1, [r7]
 748:Middlewares/ST/STM32_USB_Device_Library/Core/Src/usbd_ctlreq.c ****   switch (pdev->dev_state)
 1743              		.loc 1 748 15
 1744 000a 7B68     		ldr	r3, [r7, #4]
 1745 000c 93F89C32 		ldrb	r3, [r3, #668]	@ zero_extendqisi2
 1746 0010 013B     		subs	r3, r3, #1
 1747              		.loc 1 748 3
 1748 0012 022B     		cmp	r3, #2
 1749 0014 1ED8     		bhi	.L145
 749:Middlewares/ST/STM32_USB_Device_Library/Core/Src/usbd_ctlreq.c ****   {
 750:Middlewares/ST/STM32_USB_Device_Library/Core/Src/usbd_ctlreq.c ****     case USBD_STATE_DEFAULT:
 751:Middlewares/ST/STM32_USB_Device_Library/Core/Src/usbd_ctlreq.c ****     case USBD_STATE_ADDRESSED:
 752:Middlewares/ST/STM32_USB_Device_Library/Core/Src/usbd_ctlreq.c ****     case USBD_STATE_CONFIGURED:
 753:Middlewares/ST/STM32_USB_Device_Library/Core/Src/usbd_ctlreq.c ****       if (req->wLength != 0x2U)
 1750              		.loc 1 753 14
 1751 0016 3B68     		ldr	r3, [r7]
 1752 0018 DB88     		ldrh	r3, [r3, #6]
 1753              		.loc 1 753 10
 1754 001a 022B     		cmp	r3, #2
 1755 001c 04D0     		beq	.L146
 754:Middlewares/ST/STM32_USB_Device_Library/Core/Src/usbd_ctlreq.c ****       {
 755:Middlewares/ST/STM32_USB_Device_Library/Core/Src/usbd_ctlreq.c ****         USBD_CtlError(pdev, req);
 1756              		.loc 1 755 9
 1757 001e 3968     		ldr	r1, [r7]
 1758 0020 7868     		ldr	r0, [r7, #4]
 1759 0022 FFF7FEFF 		bl	USBD_CtlError
 756:Middlewares/ST/STM32_USB_Device_Library/Core/Src/usbd_ctlreq.c ****         break;
 1760              		.loc 1 756 9
 1761 0026 1AE0     		b	.L147
 1762              	.L146:
 757:Middlewares/ST/STM32_USB_Device_Library/Core/Src/usbd_ctlreq.c ****       }
 758:Middlewares/ST/STM32_USB_Device_Library/Core/Src/usbd_ctlreq.c **** 
 759:Middlewares/ST/STM32_USB_Device_Library/Core/Src/usbd_ctlreq.c **** #if (USBD_SELF_POWERED == 1U)
 760:Middlewares/ST/STM32_USB_Device_Library/Core/Src/usbd_ctlreq.c ****       pdev->dev_config_status = USB_CONFIG_SELF_POWERED;
ARM GAS  /var/folders/xf/tcndk8390ml5xdpfw93qkhpm0000gn/T//cczv04jT.s 			page 46


 1763              		.loc 1 760 31
 1764 0028 7B68     		ldr	r3, [r7, #4]
 1765 002a 0122     		movs	r2, #1
 1766 002c DA60     		str	r2, [r3, #12]
 761:Middlewares/ST/STM32_USB_Device_Library/Core/Src/usbd_ctlreq.c **** #else
 762:Middlewares/ST/STM32_USB_Device_Library/Core/Src/usbd_ctlreq.c ****       pdev->dev_config_status = 0U;
 763:Middlewares/ST/STM32_USB_Device_Library/Core/Src/usbd_ctlreq.c **** #endif
 764:Middlewares/ST/STM32_USB_Device_Library/Core/Src/usbd_ctlreq.c **** 
 765:Middlewares/ST/STM32_USB_Device_Library/Core/Src/usbd_ctlreq.c ****       if (pdev->dev_remote_wakeup)
 1767              		.loc 1 765 15
 1768 002e 7B68     		ldr	r3, [r7, #4]
 1769 0030 D3F8A432 		ldr	r3, [r3, #676]
 1770              		.loc 1 765 10
 1771 0034 002B     		cmp	r3, #0
 1772 0036 05D0     		beq	.L148
 766:Middlewares/ST/STM32_USB_Device_Library/Core/Src/usbd_ctlreq.c ****       {
 767:Middlewares/ST/STM32_USB_Device_Library/Core/Src/usbd_ctlreq.c ****         pdev->dev_config_status |= USB_CONFIG_REMOTE_WAKEUP;
 1773              		.loc 1 767 33
 1774 0038 7B68     		ldr	r3, [r7, #4]
 1775 003a DB68     		ldr	r3, [r3, #12]
 1776 003c 43F00202 		orr	r2, r3, #2
 1777 0040 7B68     		ldr	r3, [r7, #4]
 1778 0042 DA60     		str	r2, [r3, #12]
 1779              	.L148:
 768:Middlewares/ST/STM32_USB_Device_Library/Core/Src/usbd_ctlreq.c ****       }
 769:Middlewares/ST/STM32_USB_Device_Library/Core/Src/usbd_ctlreq.c **** 
 770:Middlewares/ST/STM32_USB_Device_Library/Core/Src/usbd_ctlreq.c ****       USBD_CtlSendData(pdev, (uint8_t *)(void *)&pdev->dev_config_status, 2U);
 1780              		.loc 1 770 49
 1781 0044 7B68     		ldr	r3, [r7, #4]
 1782 0046 0C33     		adds	r3, r3, #12
 1783              		.loc 1 770 7
 1784 0048 0222     		movs	r2, #2
 1785 004a 1946     		mov	r1, r3
 1786 004c 7868     		ldr	r0, [r7, #4]
 1787 004e FFF7FEFF 		bl	USBD_CtlSendData
 771:Middlewares/ST/STM32_USB_Device_Library/Core/Src/usbd_ctlreq.c ****       break;
 1788              		.loc 1 771 7
 1789 0052 04E0     		b	.L147
 1790              	.L145:
 772:Middlewares/ST/STM32_USB_Device_Library/Core/Src/usbd_ctlreq.c **** 
 773:Middlewares/ST/STM32_USB_Device_Library/Core/Src/usbd_ctlreq.c ****     default:
 774:Middlewares/ST/STM32_USB_Device_Library/Core/Src/usbd_ctlreq.c ****       USBD_CtlError(pdev, req);
 1791              		.loc 1 774 7
 1792 0054 3968     		ldr	r1, [r7]
 1793 0056 7868     		ldr	r0, [r7, #4]
 1794 0058 FFF7FEFF 		bl	USBD_CtlError
 775:Middlewares/ST/STM32_USB_Device_Library/Core/Src/usbd_ctlreq.c ****       break;
 1795              		.loc 1 775 7
 1796 005c 00BF     		nop
 1797              	.L147:
 776:Middlewares/ST/STM32_USB_Device_Library/Core/Src/usbd_ctlreq.c ****   }
 777:Middlewares/ST/STM32_USB_Device_Library/Core/Src/usbd_ctlreq.c **** }
 1798              		.loc 1 777 1
 1799 005e 00BF     		nop
 1800 0060 0837     		adds	r7, r7, #8
 1801              	.LCFI38:
 1802              		.cfi_def_cfa_offset 8
ARM GAS  /var/folders/xf/tcndk8390ml5xdpfw93qkhpm0000gn/T//cczv04jT.s 			page 47


 1803 0062 BD46     		mov	sp, r7
 1804              	.LCFI39:
 1805              		.cfi_def_cfa_register 13
 1806              		@ sp needed
 1807 0064 80BD     		pop	{r7, pc}
 1808              		.cfi_endproc
 1809              	.LFE75:
 1811              		.section	.text.USBD_SetFeature,"ax",%progbits
 1812              		.align	1
 1813              		.syntax unified
 1814              		.thumb
 1815              		.thumb_func
 1817              	USBD_SetFeature:
 1818              	.LFB76:
 778:Middlewares/ST/STM32_USB_Device_Library/Core/Src/usbd_ctlreq.c **** 
 779:Middlewares/ST/STM32_USB_Device_Library/Core/Src/usbd_ctlreq.c **** 
 780:Middlewares/ST/STM32_USB_Device_Library/Core/Src/usbd_ctlreq.c **** /**
 781:Middlewares/ST/STM32_USB_Device_Library/Core/Src/usbd_ctlreq.c **** * @brief  USBD_SetFeature
 782:Middlewares/ST/STM32_USB_Device_Library/Core/Src/usbd_ctlreq.c **** *         Handle Set device feature request
 783:Middlewares/ST/STM32_USB_Device_Library/Core/Src/usbd_ctlreq.c **** * @param  pdev: device instance
 784:Middlewares/ST/STM32_USB_Device_Library/Core/Src/usbd_ctlreq.c **** * @param  req: usb request
 785:Middlewares/ST/STM32_USB_Device_Library/Core/Src/usbd_ctlreq.c **** * @retval status
 786:Middlewares/ST/STM32_USB_Device_Library/Core/Src/usbd_ctlreq.c **** */
 787:Middlewares/ST/STM32_USB_Device_Library/Core/Src/usbd_ctlreq.c **** static void USBD_SetFeature(USBD_HandleTypeDef *pdev,
 788:Middlewares/ST/STM32_USB_Device_Library/Core/Src/usbd_ctlreq.c ****                             USBD_SetupReqTypedef *req)
 789:Middlewares/ST/STM32_USB_Device_Library/Core/Src/usbd_ctlreq.c **** {
 1819              		.loc 1 789 1
 1820              		.cfi_startproc
 1821              		@ args = 0, pretend = 0, frame = 8
 1822              		@ frame_needed = 1, uses_anonymous_args = 0
 1823 0000 80B5     		push	{r7, lr}
 1824              	.LCFI40:
 1825              		.cfi_def_cfa_offset 8
 1826              		.cfi_offset 7, -8
 1827              		.cfi_offset 14, -4
 1828 0002 82B0     		sub	sp, sp, #8
 1829              	.LCFI41:
 1830              		.cfi_def_cfa_offset 16
 1831 0004 00AF     		add	r7, sp, #0
 1832              	.LCFI42:
 1833              		.cfi_def_cfa_register 7
 1834 0006 7860     		str	r0, [r7, #4]
 1835 0008 3960     		str	r1, [r7]
 790:Middlewares/ST/STM32_USB_Device_Library/Core/Src/usbd_ctlreq.c ****   if (req->wValue == USB_FEATURE_REMOTE_WAKEUP)
 1836              		.loc 1 790 10
 1837 000a 3B68     		ldr	r3, [r7]
 1838 000c 5B88     		ldrh	r3, [r3, #2]
 1839              		.loc 1 790 6
 1840 000e 012B     		cmp	r3, #1
 1841 0010 06D1     		bne	.L151
 791:Middlewares/ST/STM32_USB_Device_Library/Core/Src/usbd_ctlreq.c ****   {
 792:Middlewares/ST/STM32_USB_Device_Library/Core/Src/usbd_ctlreq.c ****     pdev->dev_remote_wakeup = 1U;
 1842              		.loc 1 792 29
 1843 0012 7B68     		ldr	r3, [r7, #4]
 1844 0014 0122     		movs	r2, #1
 1845 0016 C3F8A422 		str	r2, [r3, #676]
 793:Middlewares/ST/STM32_USB_Device_Library/Core/Src/usbd_ctlreq.c ****     USBD_CtlSendStatus(pdev);
ARM GAS  /var/folders/xf/tcndk8390ml5xdpfw93qkhpm0000gn/T//cczv04jT.s 			page 48


 1846              		.loc 1 793 5
 1847 001a 7868     		ldr	r0, [r7, #4]
 1848 001c FFF7FEFF 		bl	USBD_CtlSendStatus
 1849              	.L151:
 794:Middlewares/ST/STM32_USB_Device_Library/Core/Src/usbd_ctlreq.c ****   }
 795:Middlewares/ST/STM32_USB_Device_Library/Core/Src/usbd_ctlreq.c **** }
 1850              		.loc 1 795 1
 1851 0020 00BF     		nop
 1852 0022 0837     		adds	r7, r7, #8
 1853              	.LCFI43:
 1854              		.cfi_def_cfa_offset 8
 1855 0024 BD46     		mov	sp, r7
 1856              	.LCFI44:
 1857              		.cfi_def_cfa_register 13
 1858              		@ sp needed
 1859 0026 80BD     		pop	{r7, pc}
 1860              		.cfi_endproc
 1861              	.LFE76:
 1863              		.section	.text.USBD_ClrFeature,"ax",%progbits
 1864              		.align	1
 1865              		.syntax unified
 1866              		.thumb
 1867              		.thumb_func
 1869              	USBD_ClrFeature:
 1870              	.LFB77:
 796:Middlewares/ST/STM32_USB_Device_Library/Core/Src/usbd_ctlreq.c **** 
 797:Middlewares/ST/STM32_USB_Device_Library/Core/Src/usbd_ctlreq.c **** 
 798:Middlewares/ST/STM32_USB_Device_Library/Core/Src/usbd_ctlreq.c **** /**
 799:Middlewares/ST/STM32_USB_Device_Library/Core/Src/usbd_ctlreq.c **** * @brief  USBD_ClrFeature
 800:Middlewares/ST/STM32_USB_Device_Library/Core/Src/usbd_ctlreq.c **** *         Handle clear device feature request
 801:Middlewares/ST/STM32_USB_Device_Library/Core/Src/usbd_ctlreq.c **** * @param  pdev: device instance
 802:Middlewares/ST/STM32_USB_Device_Library/Core/Src/usbd_ctlreq.c **** * @param  req: usb request
 803:Middlewares/ST/STM32_USB_Device_Library/Core/Src/usbd_ctlreq.c **** * @retval status
 804:Middlewares/ST/STM32_USB_Device_Library/Core/Src/usbd_ctlreq.c **** */
 805:Middlewares/ST/STM32_USB_Device_Library/Core/Src/usbd_ctlreq.c **** static void USBD_ClrFeature(USBD_HandleTypeDef *pdev,
 806:Middlewares/ST/STM32_USB_Device_Library/Core/Src/usbd_ctlreq.c ****                             USBD_SetupReqTypedef *req)
 807:Middlewares/ST/STM32_USB_Device_Library/Core/Src/usbd_ctlreq.c **** {
 1871              		.loc 1 807 1
 1872              		.cfi_startproc
 1873              		@ args = 0, pretend = 0, frame = 8
 1874              		@ frame_needed = 1, uses_anonymous_args = 0
 1875 0000 80B5     		push	{r7, lr}
 1876              	.LCFI45:
 1877              		.cfi_def_cfa_offset 8
 1878              		.cfi_offset 7, -8
 1879              		.cfi_offset 14, -4
 1880 0002 82B0     		sub	sp, sp, #8
 1881              	.LCFI46:
 1882              		.cfi_def_cfa_offset 16
 1883 0004 00AF     		add	r7, sp, #0
 1884              	.LCFI47:
 1885              		.cfi_def_cfa_register 7
 1886 0006 7860     		str	r0, [r7, #4]
 1887 0008 3960     		str	r1, [r7]
 808:Middlewares/ST/STM32_USB_Device_Library/Core/Src/usbd_ctlreq.c ****   switch (pdev->dev_state)
 1888              		.loc 1 808 15
 1889 000a 7B68     		ldr	r3, [r7, #4]
ARM GAS  /var/folders/xf/tcndk8390ml5xdpfw93qkhpm0000gn/T//cczv04jT.s 			page 49


 1890 000c 93F89C32 		ldrb	r3, [r3, #668]	@ zero_extendqisi2
 1891 0010 013B     		subs	r3, r3, #1
 1892              		.loc 1 808 3
 1893 0012 022B     		cmp	r3, #2
 1894 0014 0BD8     		bhi	.L153
 809:Middlewares/ST/STM32_USB_Device_Library/Core/Src/usbd_ctlreq.c ****   {
 810:Middlewares/ST/STM32_USB_Device_Library/Core/Src/usbd_ctlreq.c ****     case USBD_STATE_DEFAULT:
 811:Middlewares/ST/STM32_USB_Device_Library/Core/Src/usbd_ctlreq.c ****     case USBD_STATE_ADDRESSED:
 812:Middlewares/ST/STM32_USB_Device_Library/Core/Src/usbd_ctlreq.c ****     case USBD_STATE_CONFIGURED:
 813:Middlewares/ST/STM32_USB_Device_Library/Core/Src/usbd_ctlreq.c ****       if (req->wValue == USB_FEATURE_REMOTE_WAKEUP)
 1895              		.loc 1 813 14
 1896 0016 3B68     		ldr	r3, [r7]
 1897 0018 5B88     		ldrh	r3, [r3, #2]
 1898              		.loc 1 813 10
 1899 001a 012B     		cmp	r3, #1
 1900 001c 0CD1     		bne	.L156
 814:Middlewares/ST/STM32_USB_Device_Library/Core/Src/usbd_ctlreq.c ****       {
 815:Middlewares/ST/STM32_USB_Device_Library/Core/Src/usbd_ctlreq.c ****         pdev->dev_remote_wakeup = 0U;
 1901              		.loc 1 815 33
 1902 001e 7B68     		ldr	r3, [r7, #4]
 1903 0020 0022     		movs	r2, #0
 1904 0022 C3F8A422 		str	r2, [r3, #676]
 816:Middlewares/ST/STM32_USB_Device_Library/Core/Src/usbd_ctlreq.c ****         USBD_CtlSendStatus(pdev);
 1905              		.loc 1 816 9
 1906 0026 7868     		ldr	r0, [r7, #4]
 1907 0028 FFF7FEFF 		bl	USBD_CtlSendStatus
 817:Middlewares/ST/STM32_USB_Device_Library/Core/Src/usbd_ctlreq.c ****       }
 818:Middlewares/ST/STM32_USB_Device_Library/Core/Src/usbd_ctlreq.c ****       break;
 1908              		.loc 1 818 7
 1909 002c 04E0     		b	.L156
 1910              	.L153:
 819:Middlewares/ST/STM32_USB_Device_Library/Core/Src/usbd_ctlreq.c **** 
 820:Middlewares/ST/STM32_USB_Device_Library/Core/Src/usbd_ctlreq.c ****     default:
 821:Middlewares/ST/STM32_USB_Device_Library/Core/Src/usbd_ctlreq.c ****       USBD_CtlError(pdev, req);
 1911              		.loc 1 821 7
 1912 002e 3968     		ldr	r1, [r7]
 1913 0030 7868     		ldr	r0, [r7, #4]
 1914 0032 FFF7FEFF 		bl	USBD_CtlError
 822:Middlewares/ST/STM32_USB_Device_Library/Core/Src/usbd_ctlreq.c ****       break;
 1915              		.loc 1 822 7
 1916 0036 00E0     		b	.L155
 1917              	.L156:
 818:Middlewares/ST/STM32_USB_Device_Library/Core/Src/usbd_ctlreq.c **** 
 1918              		.loc 1 818 7
 1919 0038 00BF     		nop
 1920              	.L155:
 823:Middlewares/ST/STM32_USB_Device_Library/Core/Src/usbd_ctlreq.c ****   }
 824:Middlewares/ST/STM32_USB_Device_Library/Core/Src/usbd_ctlreq.c **** }
 1921              		.loc 1 824 1
 1922 003a 00BF     		nop
 1923 003c 0837     		adds	r7, r7, #8
 1924              	.LCFI48:
 1925              		.cfi_def_cfa_offset 8
 1926 003e BD46     		mov	sp, r7
 1927              	.LCFI49:
 1928              		.cfi_def_cfa_register 13
 1929              		@ sp needed
ARM GAS  /var/folders/xf/tcndk8390ml5xdpfw93qkhpm0000gn/T//cczv04jT.s 			page 50


 1930 0040 80BD     		pop	{r7, pc}
 1931              		.cfi_endproc
 1932              	.LFE77:
 1934              		.section	.text.USBD_ParseSetupRequest,"ax",%progbits
 1935              		.align	1
 1936              		.global	USBD_ParseSetupRequest
 1937              		.syntax unified
 1938              		.thumb
 1939              		.thumb_func
 1941              	USBD_ParseSetupRequest:
 1942              	.LFB78:
 825:Middlewares/ST/STM32_USB_Device_Library/Core/Src/usbd_ctlreq.c **** 
 826:Middlewares/ST/STM32_USB_Device_Library/Core/Src/usbd_ctlreq.c **** /**
 827:Middlewares/ST/STM32_USB_Device_Library/Core/Src/usbd_ctlreq.c **** * @brief  USBD_ParseSetupRequest
 828:Middlewares/ST/STM32_USB_Device_Library/Core/Src/usbd_ctlreq.c **** *         Copy buffer into setup structure
 829:Middlewares/ST/STM32_USB_Device_Library/Core/Src/usbd_ctlreq.c **** * @param  pdev: device instance
 830:Middlewares/ST/STM32_USB_Device_Library/Core/Src/usbd_ctlreq.c **** * @param  req: usb request
 831:Middlewares/ST/STM32_USB_Device_Library/Core/Src/usbd_ctlreq.c **** * @retval None
 832:Middlewares/ST/STM32_USB_Device_Library/Core/Src/usbd_ctlreq.c **** */
 833:Middlewares/ST/STM32_USB_Device_Library/Core/Src/usbd_ctlreq.c **** 
 834:Middlewares/ST/STM32_USB_Device_Library/Core/Src/usbd_ctlreq.c **** void USBD_ParseSetupRequest(USBD_SetupReqTypedef *req, uint8_t *pdata)
 835:Middlewares/ST/STM32_USB_Device_Library/Core/Src/usbd_ctlreq.c **** {
 1943              		.loc 1 835 1
 1944              		.cfi_startproc
 1945              		@ args = 0, pretend = 0, frame = 8
 1946              		@ frame_needed = 1, uses_anonymous_args = 0
 1947              		@ link register save eliminated.
 1948 0000 80B4     		push	{r7}
 1949              	.LCFI50:
 1950              		.cfi_def_cfa_offset 4
 1951              		.cfi_offset 7, -4
 1952 0002 83B0     		sub	sp, sp, #12
 1953              	.LCFI51:
 1954              		.cfi_def_cfa_offset 16
 1955 0004 00AF     		add	r7, sp, #0
 1956              	.LCFI52:
 1957              		.cfi_def_cfa_register 7
 1958 0006 7860     		str	r0, [r7, #4]
 1959 0008 3960     		str	r1, [r7]
 836:Middlewares/ST/STM32_USB_Device_Library/Core/Src/usbd_ctlreq.c ****   req->bmRequest = *(uint8_t *)(pdata);
 1960              		.loc 1 836 20
 1961 000a 3B68     		ldr	r3, [r7]
 1962 000c 1A78     		ldrb	r2, [r3]	@ zero_extendqisi2
 1963              		.loc 1 836 18
 1964 000e 7B68     		ldr	r3, [r7, #4]
 1965 0010 1A70     		strb	r2, [r3]
 837:Middlewares/ST/STM32_USB_Device_Library/Core/Src/usbd_ctlreq.c ****   req->bRequest = *(uint8_t *)(pdata + 1U);
 1966              		.loc 1 837 17
 1967 0012 3B68     		ldr	r3, [r7]
 1968 0014 5A78     		ldrb	r2, [r3, #1]	@ zero_extendqisi2
 1969 0016 7B68     		ldr	r3, [r7, #4]
 1970 0018 5A70     		strb	r2, [r3, #1]
 838:Middlewares/ST/STM32_USB_Device_Library/Core/Src/usbd_ctlreq.c ****   req->wValue = SWAPBYTE(pdata + 2U);
 1971              		.loc 1 838 17
 1972 001a 3B68     		ldr	r3, [r7]
 1973 001c 0233     		adds	r3, r3, #2
 1974 001e 1B78     		ldrb	r3, [r3]	@ zero_extendqisi2
ARM GAS  /var/folders/xf/tcndk8390ml5xdpfw93qkhpm0000gn/T//cczv04jT.s 			page 51


 1975 0020 9AB2     		uxth	r2, r3
 1976 0022 3B68     		ldr	r3, [r7]
 1977 0024 0333     		adds	r3, r3, #3
 1978 0026 1B78     		ldrb	r3, [r3]	@ zero_extendqisi2
 1979 0028 9BB2     		uxth	r3, r3
 1980 002a 1B02     		lsls	r3, r3, #8
 1981 002c 9BB2     		uxth	r3, r3
 1982 002e 1344     		add	r3, r3, r2
 1983 0030 9AB2     		uxth	r2, r3
 1984              		.loc 1 838 15
 1985 0032 7B68     		ldr	r3, [r7, #4]
 1986 0034 5A80     		strh	r2, [r3, #2]	@ movhi
 839:Middlewares/ST/STM32_USB_Device_Library/Core/Src/usbd_ctlreq.c ****   req->wIndex = SWAPBYTE(pdata + 4U);
 1987              		.loc 1 839 17
 1988 0036 3B68     		ldr	r3, [r7]
 1989 0038 0433     		adds	r3, r3, #4
 1990 003a 1B78     		ldrb	r3, [r3]	@ zero_extendqisi2
 1991 003c 9AB2     		uxth	r2, r3
 1992 003e 3B68     		ldr	r3, [r7]
 1993 0040 0533     		adds	r3, r3, #5
 1994 0042 1B78     		ldrb	r3, [r3]	@ zero_extendqisi2
 1995 0044 9BB2     		uxth	r3, r3
 1996 0046 1B02     		lsls	r3, r3, #8
 1997 0048 9BB2     		uxth	r3, r3
 1998 004a 1344     		add	r3, r3, r2
 1999 004c 9AB2     		uxth	r2, r3
 2000              		.loc 1 839 15
 2001 004e 7B68     		ldr	r3, [r7, #4]
 2002 0050 9A80     		strh	r2, [r3, #4]	@ movhi
 840:Middlewares/ST/STM32_USB_Device_Library/Core/Src/usbd_ctlreq.c ****   req->wLength = SWAPBYTE(pdata + 6U);
 2003              		.loc 1 840 18
 2004 0052 3B68     		ldr	r3, [r7]
 2005 0054 0633     		adds	r3, r3, #6
 2006 0056 1B78     		ldrb	r3, [r3]	@ zero_extendqisi2
 2007 0058 9AB2     		uxth	r2, r3
 2008 005a 3B68     		ldr	r3, [r7]
 2009 005c 0733     		adds	r3, r3, #7
 2010 005e 1B78     		ldrb	r3, [r3]	@ zero_extendqisi2
 2011 0060 9BB2     		uxth	r3, r3
 2012 0062 1B02     		lsls	r3, r3, #8
 2013 0064 9BB2     		uxth	r3, r3
 2014 0066 1344     		add	r3, r3, r2
 2015 0068 9AB2     		uxth	r2, r3
 2016              		.loc 1 840 16
 2017 006a 7B68     		ldr	r3, [r7, #4]
 2018 006c DA80     		strh	r2, [r3, #6]	@ movhi
 841:Middlewares/ST/STM32_USB_Device_Library/Core/Src/usbd_ctlreq.c **** 
 842:Middlewares/ST/STM32_USB_Device_Library/Core/Src/usbd_ctlreq.c **** }
 2019              		.loc 1 842 1
 2020 006e 00BF     		nop
 2021 0070 0C37     		adds	r7, r7, #12
 2022              	.LCFI53:
 2023              		.cfi_def_cfa_offset 4
 2024 0072 BD46     		mov	sp, r7
 2025              	.LCFI54:
 2026              		.cfi_def_cfa_register 13
 2027              		@ sp needed
ARM GAS  /var/folders/xf/tcndk8390ml5xdpfw93qkhpm0000gn/T//cczv04jT.s 			page 52


 2028 0074 80BC     		pop	{r7}
 2029              	.LCFI55:
 2030              		.cfi_restore 7
 2031              		.cfi_def_cfa_offset 0
 2032 0076 7047     		bx	lr
 2033              		.cfi_endproc
 2034              	.LFE78:
 2036              		.section	.text.USBD_CtlError,"ax",%progbits
 2037              		.align	1
 2038              		.global	USBD_CtlError
 2039              		.syntax unified
 2040              		.thumb
 2041              		.thumb_func
 2043              	USBD_CtlError:
 2044              	.LFB79:
 843:Middlewares/ST/STM32_USB_Device_Library/Core/Src/usbd_ctlreq.c **** 
 844:Middlewares/ST/STM32_USB_Device_Library/Core/Src/usbd_ctlreq.c **** /**
 845:Middlewares/ST/STM32_USB_Device_Library/Core/Src/usbd_ctlreq.c **** * @brief  USBD_CtlError
 846:Middlewares/ST/STM32_USB_Device_Library/Core/Src/usbd_ctlreq.c **** *         Handle USB low level Error
 847:Middlewares/ST/STM32_USB_Device_Library/Core/Src/usbd_ctlreq.c **** * @param  pdev: device instance
 848:Middlewares/ST/STM32_USB_Device_Library/Core/Src/usbd_ctlreq.c **** * @param  req: usb request
 849:Middlewares/ST/STM32_USB_Device_Library/Core/Src/usbd_ctlreq.c **** * @retval None
 850:Middlewares/ST/STM32_USB_Device_Library/Core/Src/usbd_ctlreq.c **** */
 851:Middlewares/ST/STM32_USB_Device_Library/Core/Src/usbd_ctlreq.c **** 
 852:Middlewares/ST/STM32_USB_Device_Library/Core/Src/usbd_ctlreq.c **** void USBD_CtlError(USBD_HandleTypeDef *pdev,
 853:Middlewares/ST/STM32_USB_Device_Library/Core/Src/usbd_ctlreq.c ****                    USBD_SetupReqTypedef *req)
 854:Middlewares/ST/STM32_USB_Device_Library/Core/Src/usbd_ctlreq.c **** {
 2045              		.loc 1 854 1
 2046              		.cfi_startproc
 2047              		@ args = 0, pretend = 0, frame = 8
 2048              		@ frame_needed = 1, uses_anonymous_args = 0
 2049 0000 80B5     		push	{r7, lr}
 2050              	.LCFI56:
 2051              		.cfi_def_cfa_offset 8
 2052              		.cfi_offset 7, -8
 2053              		.cfi_offset 14, -4
 2054 0002 82B0     		sub	sp, sp, #8
 2055              	.LCFI57:
 2056              		.cfi_def_cfa_offset 16
 2057 0004 00AF     		add	r7, sp, #0
 2058              	.LCFI58:
 2059              		.cfi_def_cfa_register 7
 2060 0006 7860     		str	r0, [r7, #4]
 2061 0008 3960     		str	r1, [r7]
 855:Middlewares/ST/STM32_USB_Device_Library/Core/Src/usbd_ctlreq.c ****   USBD_LL_StallEP(pdev, 0x80U);
 2062              		.loc 1 855 3
 2063 000a 8021     		movs	r1, #128
 2064 000c 7868     		ldr	r0, [r7, #4]
 2065 000e FFF7FEFF 		bl	USBD_LL_StallEP
 856:Middlewares/ST/STM32_USB_Device_Library/Core/Src/usbd_ctlreq.c ****   USBD_LL_StallEP(pdev, 0U);
 2066              		.loc 1 856 3
 2067 0012 0021     		movs	r1, #0
 2068 0014 7868     		ldr	r0, [r7, #4]
 2069 0016 FFF7FEFF 		bl	USBD_LL_StallEP
 857:Middlewares/ST/STM32_USB_Device_Library/Core/Src/usbd_ctlreq.c **** }
 2070              		.loc 1 857 1
 2071 001a 00BF     		nop
ARM GAS  /var/folders/xf/tcndk8390ml5xdpfw93qkhpm0000gn/T//cczv04jT.s 			page 53


 2072 001c 0837     		adds	r7, r7, #8
 2073              	.LCFI59:
 2074              		.cfi_def_cfa_offset 8
 2075 001e BD46     		mov	sp, r7
 2076              	.LCFI60:
 2077              		.cfi_def_cfa_register 13
 2078              		@ sp needed
 2079 0020 80BD     		pop	{r7, pc}
 2080              		.cfi_endproc
 2081              	.LFE79:
 2083              		.section	.text.USBD_GetString,"ax",%progbits
 2084              		.align	1
 2085              		.global	USBD_GetString
 2086              		.syntax unified
 2087              		.thumb
 2088              		.thumb_func
 2090              	USBD_GetString:
 2091              	.LFB80:
 858:Middlewares/ST/STM32_USB_Device_Library/Core/Src/usbd_ctlreq.c **** 
 859:Middlewares/ST/STM32_USB_Device_Library/Core/Src/usbd_ctlreq.c **** 
 860:Middlewares/ST/STM32_USB_Device_Library/Core/Src/usbd_ctlreq.c **** /**
 861:Middlewares/ST/STM32_USB_Device_Library/Core/Src/usbd_ctlreq.c ****   * @brief  USBD_GetString
 862:Middlewares/ST/STM32_USB_Device_Library/Core/Src/usbd_ctlreq.c ****   *         Convert Ascii string into unicode one
 863:Middlewares/ST/STM32_USB_Device_Library/Core/Src/usbd_ctlreq.c ****   * @param  desc : descriptor buffer
 864:Middlewares/ST/STM32_USB_Device_Library/Core/Src/usbd_ctlreq.c ****   * @param  unicode : Formatted string buffer (unicode)
 865:Middlewares/ST/STM32_USB_Device_Library/Core/Src/usbd_ctlreq.c ****   * @param  len : descriptor length
 866:Middlewares/ST/STM32_USB_Device_Library/Core/Src/usbd_ctlreq.c ****   * @retval None
 867:Middlewares/ST/STM32_USB_Device_Library/Core/Src/usbd_ctlreq.c ****   */
 868:Middlewares/ST/STM32_USB_Device_Library/Core/Src/usbd_ctlreq.c **** void USBD_GetString(uint8_t *desc, uint8_t *unicode, uint16_t *len)
 869:Middlewares/ST/STM32_USB_Device_Library/Core/Src/usbd_ctlreq.c **** {
 2092              		.loc 1 869 1
 2093              		.cfi_startproc
 2094              		@ args = 0, pretend = 0, frame = 24
 2095              		@ frame_needed = 1, uses_anonymous_args = 0
 2096 0000 80B5     		push	{r7, lr}
 2097              	.LCFI61:
 2098              		.cfi_def_cfa_offset 8
 2099              		.cfi_offset 7, -8
 2100              		.cfi_offset 14, -4
 2101 0002 86B0     		sub	sp, sp, #24
 2102              	.LCFI62:
 2103              		.cfi_def_cfa_offset 32
 2104 0004 00AF     		add	r7, sp, #0
 2105              	.LCFI63:
 2106              		.cfi_def_cfa_register 7
 2107 0006 F860     		str	r0, [r7, #12]
 2108 0008 B960     		str	r1, [r7, #8]
 2109 000a 7A60     		str	r2, [r7, #4]
 870:Middlewares/ST/STM32_USB_Device_Library/Core/Src/usbd_ctlreq.c ****   uint8_t idx = 0U;
 2110              		.loc 1 870 11
 2111 000c 0023     		movs	r3, #0
 2112 000e FB75     		strb	r3, [r7, #23]
 871:Middlewares/ST/STM32_USB_Device_Library/Core/Src/usbd_ctlreq.c **** 
 872:Middlewares/ST/STM32_USB_Device_Library/Core/Src/usbd_ctlreq.c ****   if (desc != NULL)
 2113              		.loc 1 872 6
 2114 0010 FB68     		ldr	r3, [r7, #12]
 2115 0012 002B     		cmp	r3, #0
ARM GAS  /var/folders/xf/tcndk8390ml5xdpfw93qkhpm0000gn/T//cczv04jT.s 			page 54


 2116 0014 32D0     		beq	.L163
 873:Middlewares/ST/STM32_USB_Device_Library/Core/Src/usbd_ctlreq.c ****   {
 874:Middlewares/ST/STM32_USB_Device_Library/Core/Src/usbd_ctlreq.c ****     *len = (uint16_t)USBD_GetLen(desc) * 2U + 2U;
 2117              		.loc 1 874 22
 2118 0016 F868     		ldr	r0, [r7, #12]
 2119 0018 FFF7FEFF 		bl	USBD_GetLen
 2120 001c 0346     		mov	r3, r0
 2121              		.loc 1 874 45
 2122 001e 0133     		adds	r3, r3, #1
 2123              		.loc 1 874 10
 2124 0020 9BB2     		uxth	r3, r3
 2125 0022 5B00     		lsls	r3, r3, #1
 2126 0024 9AB2     		uxth	r2, r3
 2127 0026 7B68     		ldr	r3, [r7, #4]
 2128 0028 1A80     		strh	r2, [r3]	@ movhi
 875:Middlewares/ST/STM32_USB_Device_Library/Core/Src/usbd_ctlreq.c ****     unicode[idx++] = *(uint8_t *)(void *)len;
 2129              		.loc 1 875 16
 2130 002a FB7D     		ldrb	r3, [r7, #23]	@ zero_extendqisi2
 2131 002c 5A1C     		adds	r2, r3, #1
 2132 002e FA75     		strb	r2, [r7, #23]
 2133 0030 1A46     		mov	r2, r3
 2134              		.loc 1 875 12
 2135 0032 BB68     		ldr	r3, [r7, #8]
 2136 0034 1344     		add	r3, r3, r2
 2137              		.loc 1 875 22
 2138 0036 7A68     		ldr	r2, [r7, #4]
 2139 0038 1278     		ldrb	r2, [r2]	@ zero_extendqisi2
 2140              		.loc 1 875 20
 2141 003a 1A70     		strb	r2, [r3]
 876:Middlewares/ST/STM32_USB_Device_Library/Core/Src/usbd_ctlreq.c ****     unicode[idx++] = USB_DESC_TYPE_STRING;
 2142              		.loc 1 876 16
 2143 003c FB7D     		ldrb	r3, [r7, #23]	@ zero_extendqisi2
 2144 003e 5A1C     		adds	r2, r3, #1
 2145 0040 FA75     		strb	r2, [r7, #23]
 2146 0042 1A46     		mov	r2, r3
 2147              		.loc 1 876 12
 2148 0044 BB68     		ldr	r3, [r7, #8]
 2149 0046 1344     		add	r3, r3, r2
 2150              		.loc 1 876 20
 2151 0048 0322     		movs	r2, #3
 2152 004a 1A70     		strb	r2, [r3]
 877:Middlewares/ST/STM32_USB_Device_Library/Core/Src/usbd_ctlreq.c **** 
 878:Middlewares/ST/STM32_USB_Device_Library/Core/Src/usbd_ctlreq.c ****     while (*desc != '\0')
 2153              		.loc 1 878 11
 2154 004c 12E0     		b	.L161
 2155              	.L162:
 879:Middlewares/ST/STM32_USB_Device_Library/Core/Src/usbd_ctlreq.c ****     {
 880:Middlewares/ST/STM32_USB_Device_Library/Core/Src/usbd_ctlreq.c ****       unicode[idx++] = *desc++;
 2156              		.loc 1 880 29
 2157 004e FB68     		ldr	r3, [r7, #12]
 2158 0050 5A1C     		adds	r2, r3, #1
 2159 0052 FA60     		str	r2, [r7, #12]
 2160              		.loc 1 880 18
 2161 0054 FA7D     		ldrb	r2, [r7, #23]	@ zero_extendqisi2
 2162 0056 511C     		adds	r1, r2, #1
 2163 0058 F975     		strb	r1, [r7, #23]
 2164 005a 1146     		mov	r1, r2
ARM GAS  /var/folders/xf/tcndk8390ml5xdpfw93qkhpm0000gn/T//cczv04jT.s 			page 55


 2165              		.loc 1 880 14
 2166 005c BA68     		ldr	r2, [r7, #8]
 2167 005e 0A44     		add	r2, r2, r1
 2168              		.loc 1 880 24
 2169 0060 1B78     		ldrb	r3, [r3]	@ zero_extendqisi2
 2170              		.loc 1 880 22
 2171 0062 1370     		strb	r3, [r2]
 881:Middlewares/ST/STM32_USB_Device_Library/Core/Src/usbd_ctlreq.c ****       unicode[idx++] =  0U;
 2172              		.loc 1 881 18
 2173 0064 FB7D     		ldrb	r3, [r7, #23]	@ zero_extendqisi2
 2174 0066 5A1C     		adds	r2, r3, #1
 2175 0068 FA75     		strb	r2, [r7, #23]
 2176 006a 1A46     		mov	r2, r3
 2177              		.loc 1 881 14
 2178 006c BB68     		ldr	r3, [r7, #8]
 2179 006e 1344     		add	r3, r3, r2
 2180              		.loc 1 881 22
 2181 0070 0022     		movs	r2, #0
 2182 0072 1A70     		strb	r2, [r3]
 2183              	.L161:
 878:Middlewares/ST/STM32_USB_Device_Library/Core/Src/usbd_ctlreq.c ****     {
 2184              		.loc 1 878 12
 2185 0074 FB68     		ldr	r3, [r7, #12]
 2186 0076 1B78     		ldrb	r3, [r3]	@ zero_extendqisi2
 878:Middlewares/ST/STM32_USB_Device_Library/Core/Src/usbd_ctlreq.c ****     {
 2187              		.loc 1 878 11
 2188 0078 002B     		cmp	r3, #0
 2189 007a E8D1     		bne	.L162
 2190              	.L163:
 882:Middlewares/ST/STM32_USB_Device_Library/Core/Src/usbd_ctlreq.c ****     }
 883:Middlewares/ST/STM32_USB_Device_Library/Core/Src/usbd_ctlreq.c ****   }
 884:Middlewares/ST/STM32_USB_Device_Library/Core/Src/usbd_ctlreq.c **** }
 2191              		.loc 1 884 1
 2192 007c 00BF     		nop
 2193 007e 1837     		adds	r7, r7, #24
 2194              	.LCFI64:
 2195              		.cfi_def_cfa_offset 8
 2196 0080 BD46     		mov	sp, r7
 2197              	.LCFI65:
 2198              		.cfi_def_cfa_register 13
 2199              		@ sp needed
 2200 0082 80BD     		pop	{r7, pc}
 2201              		.cfi_endproc
 2202              	.LFE80:
 2204              		.section	.text.USBD_GetLen,"ax",%progbits
 2205              		.align	1
 2206              		.syntax unified
 2207              		.thumb
 2208              		.thumb_func
 2210              	USBD_GetLen:
 2211              	.LFB81:
 885:Middlewares/ST/STM32_USB_Device_Library/Core/Src/usbd_ctlreq.c **** 
 886:Middlewares/ST/STM32_USB_Device_Library/Core/Src/usbd_ctlreq.c **** /**
 887:Middlewares/ST/STM32_USB_Device_Library/Core/Src/usbd_ctlreq.c ****   * @brief  USBD_GetLen
 888:Middlewares/ST/STM32_USB_Device_Library/Core/Src/usbd_ctlreq.c ****   *         return the string length
 889:Middlewares/ST/STM32_USB_Device_Library/Core/Src/usbd_ctlreq.c ****    * @param  buf : pointer to the ascii string buffer
 890:Middlewares/ST/STM32_USB_Device_Library/Core/Src/usbd_ctlreq.c ****   * @retval string length
ARM GAS  /var/folders/xf/tcndk8390ml5xdpfw93qkhpm0000gn/T//cczv04jT.s 			page 56


 891:Middlewares/ST/STM32_USB_Device_Library/Core/Src/usbd_ctlreq.c ****   */
 892:Middlewares/ST/STM32_USB_Device_Library/Core/Src/usbd_ctlreq.c **** static uint8_t USBD_GetLen(uint8_t *buf)
 893:Middlewares/ST/STM32_USB_Device_Library/Core/Src/usbd_ctlreq.c **** {
 2212              		.loc 1 893 1
 2213              		.cfi_startproc
 2214              		@ args = 0, pretend = 0, frame = 16
 2215              		@ frame_needed = 1, uses_anonymous_args = 0
 2216              		@ link register save eliminated.
 2217 0000 80B4     		push	{r7}
 2218              	.LCFI66:
 2219              		.cfi_def_cfa_offset 4
 2220              		.cfi_offset 7, -4
 2221 0002 85B0     		sub	sp, sp, #20
 2222              	.LCFI67:
 2223              		.cfi_def_cfa_offset 24
 2224 0004 00AF     		add	r7, sp, #0
 2225              	.LCFI68:
 2226              		.cfi_def_cfa_register 7
 2227 0006 7860     		str	r0, [r7, #4]
 894:Middlewares/ST/STM32_USB_Device_Library/Core/Src/usbd_ctlreq.c ****   uint8_t  len = 0U;
 2228              		.loc 1 894 12
 2229 0008 0023     		movs	r3, #0
 2230 000a FB73     		strb	r3, [r7, #15]
 895:Middlewares/ST/STM32_USB_Device_Library/Core/Src/usbd_ctlreq.c **** 
 896:Middlewares/ST/STM32_USB_Device_Library/Core/Src/usbd_ctlreq.c ****   while (*buf != '\0')
 2231              		.loc 1 896 9
 2232 000c 05E0     		b	.L165
 2233              	.L166:
 897:Middlewares/ST/STM32_USB_Device_Library/Core/Src/usbd_ctlreq.c ****   {
 898:Middlewares/ST/STM32_USB_Device_Library/Core/Src/usbd_ctlreq.c ****     len++;
 2234              		.loc 1 898 8
 2235 000e FB7B     		ldrb	r3, [r7, #15]	@ zero_extendqisi2
 2236 0010 0133     		adds	r3, r3, #1
 2237 0012 FB73     		strb	r3, [r7, #15]
 899:Middlewares/ST/STM32_USB_Device_Library/Core/Src/usbd_ctlreq.c ****     buf++;
 2238              		.loc 1 899 8
 2239 0014 7B68     		ldr	r3, [r7, #4]
 2240 0016 0133     		adds	r3, r3, #1
 2241 0018 7B60     		str	r3, [r7, #4]
 2242              	.L165:
 896:Middlewares/ST/STM32_USB_Device_Library/Core/Src/usbd_ctlreq.c ****   {
 2243              		.loc 1 896 10
 2244 001a 7B68     		ldr	r3, [r7, #4]
 2245 001c 1B78     		ldrb	r3, [r3]	@ zero_extendqisi2
 896:Middlewares/ST/STM32_USB_Device_Library/Core/Src/usbd_ctlreq.c ****   {
 2246              		.loc 1 896 9
 2247 001e 002B     		cmp	r3, #0
 2248 0020 F5D1     		bne	.L166
 900:Middlewares/ST/STM32_USB_Device_Library/Core/Src/usbd_ctlreq.c ****   }
 901:Middlewares/ST/STM32_USB_Device_Library/Core/Src/usbd_ctlreq.c **** 
 902:Middlewares/ST/STM32_USB_Device_Library/Core/Src/usbd_ctlreq.c ****   return len;
 2249              		.loc 1 902 10
 2250 0022 FB7B     		ldrb	r3, [r7, #15]	@ zero_extendqisi2
 903:Middlewares/ST/STM32_USB_Device_Library/Core/Src/usbd_ctlreq.c **** }
 2251              		.loc 1 903 1
 2252 0024 1846     		mov	r0, r3
 2253 0026 1437     		adds	r7, r7, #20
ARM GAS  /var/folders/xf/tcndk8390ml5xdpfw93qkhpm0000gn/T//cczv04jT.s 			page 57


 2254              	.LCFI69:
 2255              		.cfi_def_cfa_offset 4
 2256 0028 BD46     		mov	sp, r7
 2257              	.LCFI70:
 2258              		.cfi_def_cfa_register 13
 2259              		@ sp needed
 2260 002a 80BC     		pop	{r7}
 2261              	.LCFI71:
 2262              		.cfi_restore 7
 2263              		.cfi_def_cfa_offset 0
 2264 002c 7047     		bx	lr
 2265              		.cfi_endproc
 2266              	.LFE81:
 2268              		.section	.bss.cfgidx.0,"aw",%nobits
 2271              	cfgidx.0:
 2272 0000 00       		.space	1
 2273              		.text
 2274              	.Letext0:
 2275              		.file 2 "/Applications/ARM/arm-none-eabi/include/machine/_default_types.h"
 2276              		.file 3 "/Applications/ARM/arm-none-eabi/include/sys/_stdint.h"
 2277              		.file 4 "Middlewares/ST/STM32_USB_Device_Library/Core/Inc/usbd_def.h"
ARM GAS  /var/folders/xf/tcndk8390ml5xdpfw93qkhpm0000gn/T//cczv04jT.s 			page 58


DEFINED SYMBOLS
                            *ABS*:0000000000000000 usbd_ctlreq.c
/var/folders/xf/tcndk8390ml5xdpfw93qkhpm0000gn/T//cczv04jT.s:18     .text.USBD_StdDevReq:0000000000000000 $t
/var/folders/xf/tcndk8390ml5xdpfw93qkhpm0000gn/T//cczv04jT.s:24     .text.USBD_StdDevReq:0000000000000000 USBD_StdDevReq
/var/folders/xf/tcndk8390ml5xdpfw93qkhpm0000gn/T//cczv04jT.s:84     .text.USBD_StdDevReq:0000000000000044 $d
/var/folders/xf/tcndk8390ml5xdpfw93qkhpm0000gn/T//cczv04jT.s:94     .text.USBD_StdDevReq:000000000000006c $t
/var/folders/xf/tcndk8390ml5xdpfw93qkhpm0000gn/T//cczv04jT.s:803    .text.USBD_GetDescriptor:0000000000000000 USBD_GetDescriptor
/var/folders/xf/tcndk8390ml5xdpfw93qkhpm0000gn/T//cczv04jT.s:1302   .text.USBD_SetAddress:0000000000000000 USBD_SetAddress
/var/folders/xf/tcndk8390ml5xdpfw93qkhpm0000gn/T//cczv04jT.s:1415   .text.USBD_SetConfig:0000000000000000 USBD_SetConfig
/var/folders/xf/tcndk8390ml5xdpfw93qkhpm0000gn/T//cczv04jT.s:1625   .text.USBD_GetConfig:0000000000000000 USBD_GetConfig
/var/folders/xf/tcndk8390ml5xdpfw93qkhpm0000gn/T//cczv04jT.s:1724   .text.USBD_GetStatus:0000000000000000 USBD_GetStatus
/var/folders/xf/tcndk8390ml5xdpfw93qkhpm0000gn/T//cczv04jT.s:1817   .text.USBD_SetFeature:0000000000000000 USBD_SetFeature
/var/folders/xf/tcndk8390ml5xdpfw93qkhpm0000gn/T//cczv04jT.s:1869   .text.USBD_ClrFeature:0000000000000000 USBD_ClrFeature
/var/folders/xf/tcndk8390ml5xdpfw93qkhpm0000gn/T//cczv04jT.s:2043   .text.USBD_CtlError:0000000000000000 USBD_CtlError
/var/folders/xf/tcndk8390ml5xdpfw93qkhpm0000gn/T//cczv04jT.s:178    .text.USBD_StdItfReq:0000000000000000 $t
/var/folders/xf/tcndk8390ml5xdpfw93qkhpm0000gn/T//cczv04jT.s:184    .text.USBD_StdItfReq:0000000000000000 USBD_StdItfReq
/var/folders/xf/tcndk8390ml5xdpfw93qkhpm0000gn/T//cczv04jT.s:305    .text.USBD_StdEPReq:0000000000000000 $t
/var/folders/xf/tcndk8390ml5xdpfw93qkhpm0000gn/T//cczv04jT.s:311    .text.USBD_StdEPReq:0000000000000000 USBD_StdEPReq
/var/folders/xf/tcndk8390ml5xdpfw93qkhpm0000gn/T//cczv04jT.s:798    .text.USBD_GetDescriptor:0000000000000000 $t
/var/folders/xf/tcndk8390ml5xdpfw93qkhpm0000gn/T//cczv04jT.s:845    .text.USBD_GetDescriptor:000000000000002c $d
/var/folders/xf/tcndk8390ml5xdpfw93qkhpm0000gn/T//cczv04jT.s:852    .text.USBD_GetDescriptor:0000000000000048 $t
/var/folders/xf/tcndk8390ml5xdpfw93qkhpm0000gn/T//cczv04jT.s:927    .text.USBD_GetDescriptor:00000000000000b4 $d
/var/folders/xf/tcndk8390ml5xdpfw93qkhpm0000gn/T//cczv04jT.s:933    .text.USBD_GetDescriptor:00000000000000cc $t
/var/folders/xf/tcndk8390ml5xdpfw93qkhpm0000gn/T//cczv04jT.s:1297   .text.USBD_SetAddress:0000000000000000 $t
/var/folders/xf/tcndk8390ml5xdpfw93qkhpm0000gn/T//cczv04jT.s:1410   .text.USBD_SetConfig:0000000000000000 $t
/var/folders/xf/tcndk8390ml5xdpfw93qkhpm0000gn/T//cczv04jT.s:1615   .text.USBD_SetConfig:0000000000000118 $d
/var/folders/xf/tcndk8390ml5xdpfw93qkhpm0000gn/T//cczv04jT.s:2271   .bss.cfgidx.0:0000000000000000 cfgidx.0
/var/folders/xf/tcndk8390ml5xdpfw93qkhpm0000gn/T//cczv04jT.s:1620   .text.USBD_GetConfig:0000000000000000 $t
/var/folders/xf/tcndk8390ml5xdpfw93qkhpm0000gn/T//cczv04jT.s:1719   .text.USBD_GetStatus:0000000000000000 $t
/var/folders/xf/tcndk8390ml5xdpfw93qkhpm0000gn/T//cczv04jT.s:1812   .text.USBD_SetFeature:0000000000000000 $t
/var/folders/xf/tcndk8390ml5xdpfw93qkhpm0000gn/T//cczv04jT.s:1864   .text.USBD_ClrFeature:0000000000000000 $t
/var/folders/xf/tcndk8390ml5xdpfw93qkhpm0000gn/T//cczv04jT.s:1935   .text.USBD_ParseSetupRequest:0000000000000000 $t
/var/folders/xf/tcndk8390ml5xdpfw93qkhpm0000gn/T//cczv04jT.s:1941   .text.USBD_ParseSetupRequest:0000000000000000 USBD_ParseSetupRequest
/var/folders/xf/tcndk8390ml5xdpfw93qkhpm0000gn/T//cczv04jT.s:2037   .text.USBD_CtlError:0000000000000000 $t
/var/folders/xf/tcndk8390ml5xdpfw93qkhpm0000gn/T//cczv04jT.s:2084   .text.USBD_GetString:0000000000000000 $t
/var/folders/xf/tcndk8390ml5xdpfw93qkhpm0000gn/T//cczv04jT.s:2090   .text.USBD_GetString:0000000000000000 USBD_GetString
/var/folders/xf/tcndk8390ml5xdpfw93qkhpm0000gn/T//cczv04jT.s:2210   .text.USBD_GetLen:0000000000000000 USBD_GetLen
/var/folders/xf/tcndk8390ml5xdpfw93qkhpm0000gn/T//cczv04jT.s:2205   .text.USBD_GetLen:0000000000000000 $t
/var/folders/xf/tcndk8390ml5xdpfw93qkhpm0000gn/T//cczv04jT.s:2272   .bss.cfgidx.0:0000000000000000 $d

UNDEFINED SYMBOLS
USBD_CtlSendStatus
USBD_LL_StallEP
USBD_LL_ClearStallEP
USBD_CtlSendData
USBD_LL_IsStallEP
USBD_LL_SetUSBAddress
USBD_SetClassConfig
USBD_ClrClassConfig
